#usda 1.0
(
    customLayerData = {
        dictionary cameraSettings = {
            dictionary Front = {
                double3 position = (5, 0, 0)
                double radius = 5
            }
            dictionary Perspective = {
                double3 position = (-12.975619535336637, -2.662531122765708, 3.1546500246018807)
                double3 target = (-11.155101065995739, 93.1722684577394, -32.48645430186945)
            }
            dictionary Right = {
                double3 position = (0, -5, 0)
                double radius = 5
            }
            dictionary Top = {
                double3 position = (0, 0, 5)
                double radius = 5
            }
            string boundCamera = "/OmniverseKit_Persp"
        }
        dictionary omni_layer = {
            string authoring_layer = "./teaser.usda"
            dictionary locked = {
            }
            dictionary muteness = {
            }
        }
        dictionary renderSettings = {
        }
    }
    defaultPrim = "World"
    endTimeCode = 1000000
    metersPerUnit = 1
    startTimeCode = 0
    timeCodesPerSecond = 60
    upAxis = "Z"
)

def Xform "World"
{
    def "full_warehouse" (
        prepend payload = @https://omniverse-content-staging.s3-us-west-2.amazonaws.com/Assets/Isaac/6.0/Isaac/Environments/Simple_Warehouse/full_warehouse.usd@
    )
    {
    }

    def Xform "robots"
    {
        quatd xformOp:orient = (0.7071067811865476, 0, 0, -0.7071067811865475)
        double3 xformOp:scale = (1, 1, 1)
        double3 xformOp:translate = (-11.13794827045576, 4.396175622892804, 0)
        uniform token[] xformOpOrder = ["xformOp:translate", "xformOp:orient", "xformOp:scale"]

        def "Agibot_G1" (
            prepend payload = @./humanoid/Agibot_G1/Agibot_G1.usd@
        )
        {
            string[] isaac:changelog (
                displayName = "Changelog"
            )
            string isaac:description (
                displayName = "Description"
            )
            token isaac:license (
                displayName = "License"
            )
            string isaac:namespace (
                displayName = "Namespace"
            )
            rel isaac:physics:robotJoints (
                displayName = "Robot Joints"
            )
            rel isaac:physics:robotLinks (
                displayName = "Robot Links"
            )
            token isaac:robotType (
                displayName = "Robot Type"
            )
            string isaac:source (
                displayName = "Source"
            )
            string isaac:version (
                displayName = "Version"
            )
            quatd xformOp:orient = (1, 0, 0, 0)
            double3 xformOp:scale = (1, 1, 1)
            double3 xformOp:translate = (-6.638151539099953e-18, -0.029895576797917656, 0.3126149829069036)
            uniform token[] xformOpOrder = ["xformOp:translate", "xformOp:orient", "xformOp:scale"]

            over "right_link5"
            {
                vector3f physics:angularVelocity = (-0.022174869, -0.023749571, 0.011919335)
                rel physics:simulationOwner
                vector3f physics:velocity = (0.00018080068, -0.000045653764, 0.000020922906)
                quatd xformOp:orient = (0.43315783857014756, -0.19258231349841007, 0.8778618393737446, -0.06815372612105607)
                double3 xformOp:translate = (0.276254653930664, -0.2953367233276367, 0.5328909405240324)
            }

            over "right_link2"
            {
                vector3f physics:angularVelocity = (-0.0014344313, -0.021349926, -0.00074559404)
                rel physics:simulationOwner
                vector3f physics:velocity = (0.000029148716, -0.0000016211675, -0.000009656738)
                quatd xformOp:orient = (0.5815972517468594, 0.4087896522299119, -0.5616407590555823, -0.42331467581188026)
                double3 xformOp:translate = (0.13099984824657435, -0.21089935302734375, 0.9445001133450773)
            }

            over "right_link6"
            {
                vector3f physics:angularVelocity = (-0.022225708, -0.023765044, 0.011935228)
                rel physics:simulationOwner
                vector3f physics:velocity = (0.00022742031, -0.000070792215, 0.00005765738)
                quatd xformOp:orient = (0.17011253382226302, -0.4424651895049075, 0.6689339929128545, 0.5725500808126929)
                double3 xformOp:translate = (0.276254653930664, -0.2953367233276367, 0.5328909405240324)
            }

            over "_20S_Right"
            {
                over "gripper_base"
                {
                    vector3f physics:angularVelocity = (-0.022225797, -0.023763526, 0.011936423)
                    rel physics:simulationOwner
                    vector3f physics:velocity = (0.00030068323, -0.00011109063, 0.000113846014)
                    quatd xformOp:orient = (0.6689340597126682, -0.5725501372253656, -0.4424650070365379, 0.1701125558790414)
                    double3 xformOp:translate = (-0.30908112392300985, 0.5397664116390313, -0.6361171137291937)
                }

                over "left_2_link"
                {
                    vector3f physics:angularVelocity = (-0.022229612, -0.02376469, 0.011937613)
                    rel physics:simulationOwner
                    vector3f physics:velocity = (0.0003373811, -0.00012780784, 0.00014889907)
                    quatd xformOp:orient = (0.19257994668702125, -0.43315761891539245, 0.8778627110766329, 0.06815058188127106)
                    double3 xformOp:translate = (-0.4144250233921828, 0.6023700800969789, -0.6486245448537709)
                }

                over "right_2_link"
                {
                    vector3f physics:angularVelocity = (-0.022233507, -0.02376588, 0.011938831)
                    rel physics:simulationOwner
                    vector3f physics:velocity = (0.0003421725, -0.0001370745, 0.00013937354)
                    quatd xformOp:orient = (0.8778617514245556, 0.06815536911378231, -0.19258159223084123, 0.43315807897418945)
                    double3 xformOp:translate = (-0.3957055820484765, 0.6273347693674269, -0.6351214776309426)
                }

                over "right_support_link"
                {
                    vector3f physics:angularVelocity = (-0.022225074, -0.023763308, 0.01193619)
                    rel physics:simulationOwner
                    vector3f physics:velocity = (0.00036000754, -0.00014596518, 0.00015499262)
                    quatd xformOp:orient = (0.8778617422668895, 0.06815537280445545, -0.192581524798185, 0.4331581269333787)
                    double3 xformOp:translate = (-0.4242922029291797, 0.6569124468492392, -0.6345788370225396)
                }

                over "left_1_link"
                {
                    vector3f physics:angularVelocity = (-0.022225777, -0.023763519, 0.011936415)
                    rel physics:simulationOwner
                    vector3f physics:velocity = (0.00032581485, -0.00011449261, 0.00015386884)
                    quatd xformOp:orient = (0.19257985514331996, -0.4331576544820131, 0.8778627114946835, 0.06815060912289063)
                    double3 xformOp:translate = (-0.4107461696520136, 0.581373686774478, -0.6540671612694915)
                }

                over "right_1_link"
                {
                    vector3f physics:angularVelocity = (-0.022337973, -0.023797676, 0.011971482)
                    rel physics:simulationOwner
                    vector3f physics:velocity = (0.0003406877, -0.00014328911, 0.00012430293)
                    quatd xformOp:orient = (0.8778617525493255, 0.06815532607229699, -0.19258150149489248, 0.433158123808129)
                    double3 xformOp:translate = (-0.37490063889079717, 0.6291781002045153, -0.6282092500689433)
                }

                over "left_support_link"
                {
                    vector3f physics:angularVelocity = (-0.022243932, -0.023769055, 0.0119420905)
                    rel physics:simulationOwner
                    vector3f physics:velocity = (0.00035643802, -0.00013909521, 0.00016192472)
                    quatd xformOp:orient = (0.19257989409398948, -0.43315769203352766, 0.8778626781259001, 0.06815069021336305)
                    double3 xformOp:translate = (-0.4498315505302447, 0.6228525659647028, -0.6530028610135972)
                }

                over "joints"
                {
                    over "right_gripper_joint"
                    {
                        float physics:lowerLimit = 0
                        float physics:upperLimit = 57.295776
                        float state:angular:physics:position = 1.1343119e-11
                        float state:angular:physics:velocity = 0
                    }

                    over "right_left_2_joint"
                    {
                        float state:angular:physics:position = 6.262103e-7
                        float state:angular:physics:velocity = 0
                    }

                    over "right_right_1_joint"
                    {
                        float state:angular:physics:position = 0.0000020938223
                        float state:angular:physics:velocity = 0
                    }

                    over "right_right_2_joint"
                    {
                        float state:angular:physics:position = 0.0000014591275
                        float state:angular:physics:velocity = 0
                    }

                    over "right_left_support_joint"
                    {
                        float state:angular:physics:position = -0.0000013788335
                        float state:angular:physics:velocity = 0
                    }

                    over "right_right_support_joint"
                    {
                        float state:angular:physics:position = -0.0000023451485
                        float state:angular:physics:velocity = 0
                    }
                }
            }

            over "_20S_Left"
            {
                over "right_support_link"
                {
                    vector3f physics:angularVelocity = (-0.0081620505, 0.011183744, 0.001382708)
                    rel physics:simulationOwner
                    vector3f physics:velocity = (-0.00014175088, -0.000074927855, 0.000022512499)
                    quatd xformOp:orient = (0.9466111462394207, 0.0780919903556597, 0.09748797674080847, -0.29719534526732666)
                    double3 xformOp:translate = (0.2497555277096437, 0.7279609593341354, -0.5917115546338589)
                }

                over "left_support_link"
                {
                    vector3f physics:angularVelocity = (-0.008162081, 0.011183746, 0.0013827013)
                    rel physics:simulationOwner
                    vector3f physics:velocity = (-0.00014406726, -0.000076168726, 0.00001947772)
                    quatd xformOp:orient = (-0.09749236732923461, 0.29719471535438874, 0.9466110865465471, 0.07808962994617816)
                    double3 xformOp:translate = (0.21244433266582868, 0.7533548582600372, -0.5809979626316419)
                }

                over "gripper_base"
                {
                    vector3f physics:angularVelocity = (-0.008162084, 0.011183747, 0.0013827014)
                    rel physics:simulationOwner
                    vector3f physics:velocity = (-0.00012309688, -0.00005997888, 0.000012112243)
                    quatd xformOp:orient = (0.7245733560019222, -0.6141371369750682, 0.2790835667932337, -0.1412139918922506)
                    double3 xformOp:translate = (0.1370963617718997, 0.6087082940172593, -0.6009785023151792)
                }

                over "right_1_link"
                {
                    vector3f physics:angularVelocity = (-0.008232273, 0.011193758, 0.001367792)
                    rel physics:simulationOwner
                    vector3f physics:velocity = (-0.0001293806, -0.000065973676, 0.000023412866)
                    quatd xformOp:orient = (0.9466111555183195, 0.07809189209220185, 0.0974879413867538, -0.2971953531297295)
                    double3 xformOp:translate = (0.2247899098248755, 0.677226983114116, -0.5989289999919674)
                }

                over "left_2_link"
                {
                    vector3f physics:angularVelocity = (-0.008116466, 0.011177243, 0.0013923906)
                    rel physics:simulationOwner
                    vector3f physics:velocity = (-0.00013814899, -0.000071450864, 0.000016121183)
                    quatd xformOp:orient = (-0.09749235155769873, 0.2971947678129186, 0.9466110810751915, 0.07808951631322229)
                    double3 xformOp:translate = (0.1939242131240385, 0.7169754665674806, -0.586083935157756)
                }

                over "left_1_link"
                {
                    vector3f physics:angularVelocity = (-0.008105884, 0.011175731, 0.0013946396)
                    rel physics:simulationOwner
                    vector3f physics:velocity = (-0.00013924555, -0.00007159403, 0.000010889128)
                    quatd xformOp:orient = (-0.09749234938087376, 0.2971948168342433, 0.9466110514464667, 0.07808969162746797)
                    double3 xformOp:translate = (0.17242243301692495, 0.7128680512168802, -0.5838904890201917)
                }

                over "right_2_link"
                {
                    vector3f physics:angularVelocity = (-0.0082078995, 0.011190283, 0.001372969)
                    rel physics:simulationOwner
                    vector3f physics:velocity = (-0.00013497607, -0.00006966024, 0.000020179174)
                    quatd xformOp:orient = (0.9466111579160519, 0.07809190423541441, 0.09748787971839759, -0.2971953625306586)
                    double3 xformOp:translate = (0.2212718066830247, 0.6983627273174927, -0.5939374539511366)
                }

                over "joints"
                {
                    over "left_gripper_joint"
                    {
                        float physics:lowerLimit = 0
                        float physics:upperLimit = 57.295776
                        float state:angular:physics:position = 2.9842387e-12
                        float state:angular:physics:velocity = 0
                    }

                    over "left_left_2_joint"
                    {
                        float state:angular:physics:position = 4.9168847e-8
                        float state:angular:physics:velocity = 0
                    }

                    over "left_right_1_joint"
                    {
                        float state:angular:physics:position = -9.1230174e-7
                        float state:angular:physics:velocity = 0
                    }

                    over "left_right_2_joint"
                    {
                        float state:angular:physics:position = -7.079467e-7
                        float state:angular:physics:velocity = 0
                    }

                    over "left_left_support_joint"
                    {
                        float state:angular:physics:position = -2.338286e-7
                        float state:angular:physics:velocity = 0
                    }

                    over "left_right_support_joint"
                    {
                        float state:angular:physics:position = 9.349338e-7
                        float state:angular:physics:velocity = 0
                    }
                }
            }

            over "right_end_link"
            {
                vector3f physics:angularVelocity = (-0.022225797, -0.023763526, 0.011936423)
                rel physics:simulationOwner
                vector3f physics:velocity = (0.0002595525, -0.000088635636, 0.00008196452)
                quatd xformOp:orient = (0.43315789246632547, -0.19258240519154782, 0.8778617888094282, -0.06815377578007334)
                double3 xformOp:translate = (0.4182640612125396, -0.2868213653564453, 0.4218006380566862)
            }

            over "right_link3"
            {
                vector3f physics:angularVelocity = (-0.0005610636, -0.021444285, 0.001956352)
                rel physics:simulationOwner
                vector3f physics:velocity = (0.000088384746, -0.000004920523, -0.000028587838)
                quatd xformOp:orient = (-0.03819360781552446, -0.1367300284626901, 0.9781649109426973, -0.151787860644688)
                double3 xformOp:translate = (0.12087035179138177, -0.3046541213989258, 0.6544440635213163)
            }

            over "right_link4"
            {
                vector3f physics:angularVelocity = (-0.021923082, -0.027949043, 0.008634169)
                rel physics:simulationOwner
                vector3f physics:velocity = (0.0001341253, -0.00002037518, -0.000015796497)
                quatd xformOp:orient = (0.6689348233316454, 0.5725480752641497, -0.17010956872803315, 0.44246766918356945)
                double3 xformOp:translate = (0.12087036669254296, -0.3046550750732422, 0.6544441231259611)
            }

            over "left_link1"
            {
                vector3f physics:angularVelocity = (-0.0025676438, 8.2324597e-10, 1.1611733e-9)
                rel physics:simulationOwner
                vector3f physics:velocity = (2.1795122e-14, -1.2361373e-10, 6.00094e-8)
                quatd xformOp:orient = (-0.6972041714580637, 0.6972042416972953, -0.11792500830405019, -0.11792489591796955)
                double3 xformOp:translate = (0.13099990785121923, 0.21090030670166016, 0.9444998749264982)
            }

            over "left_link6"
            {
                vector3f physics:angularVelocity = (-0.008162094, 0.011183833, 0.0013828193)
                rel physics:simulationOwner
                vector3f physics:velocity = (-0.00009791799, -0.000040253857, 0.000001200377)
                quatd xformOp:orient = (0.6141374520187094, 0.7245731422173958, -0.279083377895101, 0.14121409202992877)
                double3 xformOp:translate = (0.14776390790939337, 0.30193233489990234, 0.5046985991963652)
            }

            over "head_link2"
            {
                vector3f physics:angularVelocity = (0, 0, 0)
                rel physics:simulationOwner
                vector3f physics:velocity = (0, 0, 0)
                quatd xformOp:orient = (-0.7071066968928355, 0.7071068654802396, 8.429369686052304e-8, 8.429370718387613e-8)
                double3 xformOp:translate = (0.1812378466129303, 0, 1.140565062380722)
            }

            over "left_link4"
            {
                vector3f physics:angularVelocity = (-0.008196278, 0.01143024, 0.0017304445)
                rel physics:simulationOwner
                vector3f physics:velocity = (-0.0000656857, -0.000014841713, -0.000014033394)
                quatd xformOp:orient = (0.2790835869893012, -0.1412137323991062, 0.6141373659892183, 0.7245732046873689)
                double3 xformOp:translate = (0.03363214433193213, 0.2841768264770508, 0.6649015196332243)
            }

            over "base_footprint"
            {
                vector3f physics:angularVelocity = (0, -7.1583833e-19, 4.3678274e-19)
                rel physics:simulationOwner
                vector3f physics:velocity = (-1.411551e-11, 7.7680085e-12, -0.000049099053)
                quatd xformOp:orient = (0.999999999999975, -1.3817373291254495e-7, -8.936966170811764e-8, -1.512650627452378e-7)
                double3 xformOp:translate = (3.91155481338501e-8, 0, -0.3149944297304842)
            }

            over "left_end_link"
            {
                vector3f physics:angularVelocity = (-0.008162084, 0.011183747, 0.0013827014)
                rel physics:simulationOwner
                vector3f physics:velocity = (-0.0001089383, -0.000048853803, 0.000005707018)
                quatd xformOp:orient = (-0.07808984006047762, 0.9466113408404552, -0.09748831515911927, 0.2971951794343256)
                double3 xformOp:translate = (0.25207161903381353, 0.3181581497192383, 0.3582853325375822)
            }

            over "right_wheel"
            {
                vector3f physics:angularVelocity = (-0.0000013298157, 6.7257164e-13, 3.6916404e-13)
                rel physics:simulationOwner
                vector3f physics:velocity = (-1.411551e-11, 7.782219e-12, -0.00004909905)
                quatd xformOp:orient = (0.9999999999999841, -1.3908393006909704e-7, -8.875025414932368e-8, -6.73159066584132e-8)
                double3 xformOp:translate = (0.015999957919120747, -0.18649959564208984, -0.23783936866433353)
            }

            over "body_link2"
            {
                vector3f physics:angularVelocity = (0, 0, 0)
                rel physics:simulationOwner
                vector3f physics:velocity = (0, 0, 0)
                quatd xformOp:orient = (-0.7071066125991761, 0.7071069497737984, -9.000134482155641e-17, 3.3717462247023604e-7)
                double3 xformOp:translate = (0.13099990785121918, 0, 0.6394998081692961)
            }

            over "body_link1"
            {
                vector3f physics:angularVelocity = (0, -7.1583833e-19, 4.3678274e-19)
                rel physics:simulationOwner
                vector3f physics:velocity = (1.2705494e-21, -3.469447e-17, -2.8865799e-15)
                quatd xformOp:orient = (0.9999999999999561, -1.3804591499407294e-7, -1.1443615643072396e-7, -2.357017403418937e-7)
                double3 xformOp:translate = (-3.725290298461914e-8, 0, 0.6394998677739409)
            }

            over "left_wheel"
            {
                vector3f physics:angularVelocity = (-4.3020048e-8, 2.1757507e-14, 1.1943399e-14)
                rel physics:simulationOwner
                vector3f physics:velocity = (-1.411551e-11, 7.782219e-12, -0.00004909905)
                quatd xformOp:orient = (0.9999999999999841, -1.3908393006909704e-7, -8.875025414932368e-8, -6.73159066584132e-8)
                double3 xformOp:translate = (0.016000097617507023, 0.18650054931640625, -0.23783947297246189)
            }

            over "head_link1"
            {
                vector3f physics:angularVelocity = (0, 0, 0)
                rel physics:simulationOwner
                vector3f physics:velocity = (0, 0, 0)
                quatd xformOp:orient = (0.9999999999999749, -1.0310409753108066e-7, -1.287977703982509e-7, -1.5153468291383759e-7)
                double3 xformOp:translate = (0.1309998631477356, 0, 1.0805000313290862)
            }

            over "right_link1"
            {
                vector3f physics:angularVelocity = (-0.001434433, -4.796703e-11, 3.2992362e-10)
                rel physics:simulationOwner
                vector3f physics:velocity = (7.814417e-15, 9.8476285e-9, 3.2045794e-8)
                quatd xformOp:orient = (0.01234143832673398, 0.01234139801888658, -0.7069990108227219, 0.7069991354242662)
                double3 xformOp:translate = (0.13099984824657435, -0.21089935302734375, 0.9444999941357878)
            }

            over "left_link2"
            {
                vector3f physics:angularVelocity = (-0.0025676403, 0.010376467, 0.003613522)
                rel physics:simulationOwner
                vector3f physics:velocity = (-0.00001529975, -0.000002099513, -0.0000048425645)
                quatd xformOp:orient = (-0.5023967339388685, -0.45617078103105396, 0.35703339158159403, 0.6418978871727342)
                double3 xformOp:translate = (0.13099992275238043, 0.21090126037597656, 0.9444998749264982)
            }

            over "left_link5"
            {
                vector3f physics:angularVelocity = (-0.008157854, 0.011183224, 0.0013837205)
                rel physics:simulationOwner
                vector3f physics:velocity = (-0.00008179424, -0.000027541582, -0.0000064505048)
                quatd xformOp:orient = (-0.07808987687930538, 0.9466113318608858, -0.0974884450154549, 0.29719515576469946)
                double3 xformOp:translate = (0.14776389300823217, 0.30193138122558594, 0.5046985991963652)
            }

            over "left_link3"
            {
                vector3f physics:angularVelocity = (-0.0023969738, 0.010603253, 0.0029623106)
                rel physics:simulationOwner
                vector3f physics:velocity = (-0.000046346315, -0.0000064741653, -0.000014327883)
                quatd xformOp:orient = (-0.11406051115004771, 0.9776325640967413, -0.05091440442185745, -0.16921138506669253)
                double3 xformOp:translate = (0.03363214805722243, 0.2841768264770508, 0.6649015792378691)
            }

            over "joints"
            {
                over "body_joint2"
                {
                    float physics:lowerLimit = 0
                    float physics:upperLimit = 90
                    float state:angular:physics:position = 1.0541062e-8
                    float state:angular:physics:velocity = -0
                }

                over "body_joint1"
                {
                    float drive:linear:physics:targetPosition = 0.31500003
                    float physics:lowerLimit = 0
                    float physics:upperLimit = 0.5
                    float state:linear:physics:position = 0.3149944
                    float state:linear:physics:velocity = -0
                }

                over "left_wheel_joint"
                {
                    float physics:lowerLimit = -inf
                    float physics:upperLimit = inf
                }

                over "right_wheel_joint"
                {
                    float physics:lowerLimit = -inf
                    float physics:upperLimit = inf
                }

                over "head_joint1"
                {
                    float physics:lowerLimit = -90
                    float physics:upperLimit = 90
                    float state:angular:physics:position = 0
                    float state:angular:physics:velocity = 0
                }

                over "head_joint2"
                {
                    float physics:lowerLimit = -19.999998
                    float physics:upperLimit = 30
                    float state:angular:physics:position = 0
                    float state:angular:physics:velocity = 0
                }

                over "left_joint1"
                {
                    float drive:angular:physics:targetPosition = 19.2
                    float physics:lowerLimit = -179.90874
                    float physics:upperLimit = 179.90874
                    float state:angular:physics:position = 19.200296
                    float state:angular:physics:velocity = 0
                }

                over "left_joint2"
                {
                    float drive:angular:physics:targetPosition = 76.1
                    float physics:lowerLimit = -119.74817
                    float physics:upperLimit = 84.79775
                    float state:angular:physics:position = 76.09873
                    float state:angular:physics:velocity = 0
                }

                over "left_joint3"
                {
                    float drive:angular:physics:targetPosition = 3.6000001
                    float physics:lowerLimit = -177.6169
                    float physics:upperLimit = 177.6169
                    float state:angular:physics:position = 3.5999184
                    float state:angular:physics:velocity = 0
                }

                over "left_joint4"
                {
                    float drive:angular:physics:targetPosition = -54.5
                    float physics:lowerLimit = -84.79775
                    float physics:upperLimit = 84.79775
                    float state:angular:physics:position = -54.499348
                    float state:angular:physics:velocity = 0
                }

                over "left_joint5"
                {
                    float physics:lowerLimit = -177.6169
                    float physics:upperLimit = 177.6169
                    float state:angular:physics:position = -0.000040207477
                    float state:angular:physics:velocity = 0
                }

                over "left_joint6"
                {
                    float physics:lowerLimit = -99.69465
                    float physics:upperLimit = 99.69465
                    float state:angular:physics:position = -2.0440938e-8
                    float state:angular:physics:velocity = 0
                }

                over "left_joint7"
                {
                    float physics:lowerLimit = -177.6169
                    float physics:upperLimit = 177.6169
                    float state:angular:physics:position = 9.777922e-9
                    float state:angular:physics:velocity = 0
                }

                over "right_joint1"
                {
                    float drive:angular:physics:targetPosition = 2
                    float physics:lowerLimit = -179.90874
                    float physics:upperLimit = 179.90874
                    float state:angular:physics:position = 2.0001378
                    float state:angular:physics:velocity = 0
                }

                over "right_joint2"
                {
                    float drive:angular:physics:targetPosition = 72.1
                    float physics:lowerLimit = -119.74817
                    float physics:upperLimit = 84.79775
                    float state:angular:physics:position = 72.097946
                    float state:angular:physics:velocity = 0
                }

                over "right_joint3"
                {
                    float drive:angular:physics:targetPosition = 15.6
                    float physics:lowerLimit = -177.6169
                    float physics:upperLimit = 177.6169
                    float state:angular:physics:position = 15.599672
                    float state:angular:physics:velocity = 0
                }

                over "right_joint4"
                {
                    float drive:angular:physics:targetPosition = -57
                    float physics:lowerLimit = -84.79775
                    float physics:upperLimit = 84.79775
                    float state:angular:physics:position = -56.997757
                    float state:angular:physics:velocity = 0
                }

                over "right_joint5"
                {
                    float physics:lowerLimit = -177.6169
                    float physics:upperLimit = 177.6169
                    float state:angular:physics:position = -0.0005200912
                    float state:angular:physics:velocity = 0
                }

                over "right_joint6"
                {
                    float physics:lowerLimit = -99.69465
                    float physics:upperLimit = 99.69465
                    float state:angular:physics:position = -0.0000041445805
                    float state:angular:physics:velocity = 0
                }

                over "right_joint7"
                {
                    float physics:lowerLimit = -177.6169
                    float physics:upperLimit = 177.6169
                    float state:angular:physics:position = -1.0632083e-7
                    float state:angular:physics:velocity = 0
                }
            }
        }

        def "Agibot_G2" (
            prepend payload = @./humanoid/Agibot_G2/Agibot_G2.usd@
        )
        {
            string[] isaac:changelog (
                displayName = "Changelog"
            )
            string isaac:description (
                displayName = "Description"
            )
            token isaac:license (
                displayName = "License"
            )
            string isaac:namespace (
                displayName = "Namespace"
            )
            rel isaac:physics:robotJoints (
                displayName = "Robot Joints"
            )
            rel isaac:physics:robotLinks (
                displayName = "Robot Links"
            )
            token isaac:robotType (
                displayName = "Robot Type"
            )
            string isaac:source (
                displayName = "Source"
            )
            string isaac:version (
                displayName = "Version"
            )
            quatd xformOp:orient = (1, 0, 0, 0)
            double3 xformOp:scale = (1, 1, 1)
            double3 xformOp:translate = (-6.638151539099953e-18, -0.8642457849719403, -0.21283936860039102)
            uniform token[] xformOpOrder = ["xformOp:translate", "xformOp:orient", "xformOp:scale"]

            over "Graph"
            {
                over "ROS_JointStates"
                {
                    over "PublisherJointState"
                    {
                        custom uchar[] inputs:jointDofTypes
                        custom double[] inputs:jointEfforts
                        custom token[] inputs:jointNames
                        custom double[] inputs:jointPositions
                        custom double[] inputs:jointVelocities
                        custom float inputs:sensorTime
                        custom float inputs:stageMetersPerUnit
                    }
                }
            }

            over "head_link3"
            {
                vector3f physics:angularVelocity = (0, 0, 0)
                rel physics:simulationOwner
                vector3f physics:velocity = (0, 0, 0)
                quatd xformOp:orient = (0.9999999999999369, -1.3637589561694536e-8, 2.0880961426503086e-8, 3.5425885620301075e-7)
                double3 xformOp:translate = (0.09199961274862271, -0.000002285112111977128, 1.5989996230788457)
            }

            over "head_link2"
            {
                vector3f physics:angularVelocity = (0, 0, 0)
                rel physics:simulationOwner
                vector3f physics:velocity = (0, 0, 0)
                quatd xformOp:orient = (0.999999999999963, -1.0266092836372972e-8, 3.133318514989186e-8, 2.699142313518715e-7)
                double3 xformOp:translate = (0.1223496198654173, -0.0000013314377955708778, 1.5989997422881352)
            }

            over "head_link1"
            {
                vector3f physics:angularVelocity = (0, 0, 0)
                rel physics:simulationOwner
                vector3f physics:velocity = (0, 0, 0)
                quatd xformOp:orient = (0.9999999999999372, -4.781219148806053e-9, 4.7812191488060544e-9, 3.5444537840754256e-7)
                double3 xformOp:translate = (0.08899964392185193, -0.0000013314377955708778, 1.5289998090453374)
            }

            over "body_link4"
            {
                vector3f physics:angularVelocity = (-4.5718607e-14, 3.0296528e-13, -0.000001477128)
                rel physics:simulationOwner
                vector3f physics:velocity = (1.8420337e-9, 1.6885469e-12, -2.8607012e-17)
                quatd xformOp:orient = (0.9999999999999635, -4.584916591184142e-9, -1.6468691432908055e-8, 2.697414238908691e-7)
                double3 xformOp:translate = (0.10199962556362134, -3.777634791646278e-7, 0.8840000069327579)
            }

            over "LinkHou_S2"
            {
                over "rr_wheel"
                {
                    vector3f physics:angularVelocity = (0.020879023, 0.0000017153453, -0.000007412651)
                    rel physics:simulationOwner
                    vector3f physics:velocity = (-7.951653e-10, 0.000118820295, 0.00009460451)
                    quatd xformOp:orient = (0.9989349569566324, -7.112280685708239e-8, 0.04614056534021764, 3.6205461164529113e-7)
                    double3 xformOp:translate = (-0.29963967204093955, -0.22156753169414323, 0.37079655827953684)
                }

                over "fl_wheel"
                {
                    vector3f physics:angularVelocity = (0.020879114, 7.9302004e-7, 0.000002550117)
                    rel physics:simulationOwner
                    vector3f physics:velocity = (-1.35357405e-8, 0.00013430837, -0.00007283941)
                    quatd xformOp:orient = (0.998934959146938, -2.634178024461475e-9, 0.04614051792109551, 2.800360786937224e-7)
                    double3 xformOp:translate = (0.15982848405838, 0.21443233860614974, 0.3282604038901554)
                }

                over "base_footprint"
                {
                    vector3f physics:angularVelocity = (0.020879108, 0.0000011658994, -0.0000014776409)
                    rel physics:simulationOwner
                    vector3f physics:velocity = (-5.143653e-9, 0.00008966402, 0.000011222703)
                    quatd xformOp:orient = (0.9989349593900892, -2.8975958349514475e-8, 0.04614051265689834, 2.801891993186565e-7)
                    double3 xformOp:translate = (-0.07642752677202243, -0.0000013314377955708778, 0.279079642910503)
                }

                over "rr_steer"
                {
                    vector3f physics:angularVelocity = (0.020879108, 0.0000017153458, -0.000007412651)
                    rel physics:simulationOwner
                    vector3f physics:velocity = (5.2563714e-10, 0.00009187868, 0.000092090275)
                    quatd xformOp:orient = (0.9989349568345773, -8.956205310099996e-8, 0.04614056798265737, 3.6175380082553587e-7)
                    double3 xformOp:translate = (-0.2863893210887911, -0.21800078975078385, 0.5061514198966252)
                }

                over "rl_steer"
                {
                    vector3f physics:angularVelocity = (0.020879108, 4.6250562e-7, 0.000006120275)
                    rel physics:simulationOwner
                    vector3f physics:velocity = (5.0825577e-10, 0.000091912, 0.00009159414)
                    quatd xformOp:orient = (0.9989349620666388, -7.90253409490373e-9, 0.046140454709377623, 3.6706425986712864e-7)
                    double3 xformOp:translate = (-0.28638947010040294, 0.2179981268751927, 0.506151330489658)
                }

                over "rl_wheel"
                {
                    vector3f physics:angularVelocity = (0.02087906, 4.6250477e-7, 0.0000061202636)
                    rel physics:simulationOwner
                    vector3f physics:velocity = (-8.15652e-10, 0.00011885615, 0.000094074436)
                    quatd xformOp:orient = (0.9989349603634597, -1.8439246221206965e-8, 0.04614049158357242, 2.8116050274720893e-7)
                    double3 xformOp:translate = (-0.29821285605430614, 0.22156486881855209, 0.3706644147820698)
                }

                over "fr_steer"
                {
                    vector3f physics:angularVelocity = (0.020879108, 0.000001950572, -0.000009953495)
                    rel physics:simulationOwner
                    vector3f physics:velocity = (-1.2120111e-8, 0.00010733221, -0.000074824144)
                    quatd xformOp:orient = (0.9989349576866879, -7.112280685924918e-8, 0.0461405495352229, 2.7848941559467737e-7)
                    double3 xformOp:translate = (0.17165207862853982, -0.21800078975078385, 0.4637473344989048)
                }

                over "fl_steer"
                {
                    vector3f physics:angularVelocity = (0.020879108, 7.9302004e-7, 0.0000025501179)
                    rel physics:simulationOwner
                    vector3f physics:velocity = (-1.22093065e-8, 0.000107362976, -0.00007532046)
                    quatd xformOp:orient = (0.9989349602419998, 1.580506819667397e-8, 0.046140494213600496, 1.96835120025299e-7)
                    double3 xformOp:translate = (0.171651855111122, 0.2179981268751927, 0.4637473643012272)
                }

                over "fr_wheel"
                {
                    vector3f physics:angularVelocity = (0.020879094, 0.000001950572, -0.000009953495)
                    rel physics:simulationOwner
                    vector3f physics:velocity = (-1.3438896e-8, 0.00013427189, -0.00007231116)
                    quatd xformOp:orient = (0.9989349571995595, -6.5854450807874e-8, 0.04614056008015752, 4.464117234175387e-7)
                    double3 xformOp:translate = (0.15840172767639138, -0.22156753169414323, 0.3283924952335583)
                }

                over "joints"
                {
                    over "fl_steer_joint"
                    {
                        float physics:lowerLimit = -180
                        float physics:upperLimit = 180
                        float state:angular:physics:position = -3.90091e-7
                        float state:angular:physics:velocity = 0
                    }

                    over "fl_wheel_joint"
                    {
                        float physics:lowerLimit = -inf
                        float physics:upperLimit = inf
                    }

                    over "fr_steer_joint"
                    {
                        float physics:lowerLimit = -180
                        float physics:upperLimit = 180
                        float state:angular:physics:position = 8.218532e-7
                        float state:angular:physics:velocity = 0
                    }

                    over "fr_wheel_joint"
                    {
                        float physics:lowerLimit = -inf
                        float physics:upperLimit = inf
                    }

                    over "rl_steer_joint"
                    {
                        float physics:lowerLimit = -180
                        float physics:upperLimit = 180
                        float state:angular:physics:position = -7.361743e-7
                        float state:angular:physics:velocity = 0
                    }

                    over "rl_wheel_joint"
                    {
                        float physics:lowerLimit = -inf
                        float physics:upperLimit = inf
                    }

                    over "rr_steer_joint"
                    {
                        float physics:lowerLimit = -180
                        float physics:upperLimit = 180
                        float state:angular:physics:position = 5.752241e-7
                        float state:angular:physics:velocity = 0
                    }

                    over "rr_wheel_joint"
                    {
                        float physics:lowerLimit = -inf
                        float physics:upperLimit = inf
                    }
                }
            }

            over "M6_CCS"
            {
                string[] isaac:changelog (
                    displayName = "Changelog"
                )
                string isaac:description (
                    displayName = "Description"
                )
                token isaac:license (
                    displayName = "License"
                )
                string isaac:namespace (
                    displayName = "Namespace"
                )
                rel isaac:physics:robotJoints (
                    displayName = "Robot Joints"
                )
                rel isaac:physics:robotLinks (
                    displayName = "Robot Links"
                )
                token isaac:robotType (
                    displayName = "Robot Type"
                )
                string isaac:source (
                    displayName = "Source"
                )
                string isaac:version (
                    displayName = "Version"
                )

                over "right_link5"
                {
                    vector3f physics:angularVelocity = (-0.033962388, -0.0048324303, -0.002620677)
                    rel physics:simulationOwner
                    vector3f physics:velocity = (0.00003487055, -0.0001835601, 0.000025072532)
                    quatd xformOp:orient = (0.05395637296973852, 0.9120630918326614, 0.037867887117037195, 0.4047167521339935)
                    double3 xformOp:translate = (0.08848994742393469, -0.30309714900371354, -0.47512222550437566)
                }

                over "right_link1"
                {
                    vector3f physics:angularVelocity = (-0.022495963, -1.8040867e-8, -8.412463e-8)
                    rel physics:simulationOwner
                    vector3f physics:velocity = (-5.087421e-12, -0.0000011444273, 0.0000018643135)
                    quatd xformOp:orient = (0.3465691339616667, 0.34656972918872636, 0.6163530486973913, -0.616350693644896)
                    double3 xformOp:translate = (-1.9599437736661507e-7, -0.24350013362285416, -7.870011102806274e-7)
                }

                over "left_link5"
                {
                    vector3f physics:angularVelocity = (0.030770827, -0.012867998, 0.0030798756)
                    rel physics:simulationOwner
                    vector3f physics:velocity = (0.00010298207, 0.00017371439, 0.000005745027)
                    quatd xformOp:orient = (-0.0387899343116659, 0.9338479975905601, 0.11686603819247754, 0.3358058777171604)
                    double3 xformOp:translate = (0.013758046135902285, 0.2878194846022435, -0.48811550162360784)
                }

                over "right_link3"
                {
                    vector3f physics:angularVelocity = (-0.022634545, -0.0044387127, -0.0040012957)
                    rel physics:simulationOwner
                    vector3f physics:velocity = (0.000024257293, -0.000080194965, -0.000048256872)
                    quatd xformOp:orient = (0.06572107865891078, 0.9612050207312485, -0.005099895055402776, -0.2678425638530464)
                    double3 xformOp:translate = (-0.14796980325818088, -0.27897681819316666, -0.24334300778434392)
                }

                over "left_link1"
                {
                    vector3f physics:angularVelocity = (0.019948548, 5.06919e-9, -7.0815204e-8)
                    rel physics:simulationOwner
                    vector3f physics:velocity = (5.7165444e-12, -0.0000012117097, 0.0000015148323)
                    quatd xformOp:orient = (0.30498664541784676, -0.3049877356818639, 0.6379530868305092, 0.6379510061155506)
                    double3 xformOp:translate = (-4.5676469814792675e-7, 0.24349937809589584, -6.677918207298461e-7)
                }

                over "left_link4"
                {
                    vector3f physics:angularVelocity = (0.030981332, -0.013730084, 0.0020039314)
                    rel physics:simulationOwner
                    vector3f physics:velocity = (0.00006970647, 0.00010506025, 0.000050186914)
                    quatd xformOp:orient = (0.2002086847353122, -0.26947767739159534, 0.6200388950374666, 0.7091191949065441)
                    double3 xformOp:translate = (-0.1663879476928712, 0.24132976902607162, -0.23452897093818303)
                }

                over "left_link2"
                {
                    vector3f physics:angularVelocity = (0.019948522, -0.008689723, -0.0070112166)
                    rel physics:simulationOwner
                    vector3f physics:velocity = (0.000012022366, 0.000018943569, 0.000010727676)
                    quatd xformOp:orient = (-0.3023095837131694, 0.6435026869235119, -0.6323527706211999, 0.3076413187546223)
                    double3 xformOp:translate = (-4.642152787448506e-7, 0.24349937809589584, -6.677918207298461e-7)
                }

                over "arm_base"
                {
                    vector3f physics:angularVelocity = (0, 0, 0)
                    rel physics:simulationOwner
                    vector3f physics:velocity = (0, 0, 0)
                    quatd xformOp:orient = (0.9999999999999373, 9.099895243438379e-11, 3.3720017529645335e-10, 3.5419638591870363e-7)
                    double3 xformOp:translate = (-3.5990715044342814e-7, -3.777634791646278e-7, -7.174537297593986e-8)
                }

                over "left_link3"
                {
                    vector3f physics:angularVelocity = (0.020129813, -0.015201938, 0.001060126)
                    rel physics:simulationOwner
                    vector3f physics:velocity = (0.00004870307, 0.00006790909, 0.00004901804)
                    quatd xformOp:orient = (-0.01819430390953428, 0.939701624675359, 0.07768982679929232, -0.33255693452344987)
                    double3 xformOp:translate = (-0.180189291431904, 0.23848305119159896, -0.22332967541740056)
                }

                over "left_link7"
                {
                    vector3f physics:angularVelocity = (0.03110794, -0.012801243, 0.0030935158)
                    rel physics:simulationOwner
                    vector3f physics:velocity = (0.00013160154, 0.0002310243, -0.000041490614)
                    quatd xformOp:orient = (0.5618872425901034, 0.24924199467698444, 0.32431559586801373, 0.719013594433863)
                    double3 xformOp:translate = (0.013758031234741092, 0.2878194846022435, -0.48811550162360784)
                }

                over "left_link6"
                {
                    vector3f physics:angularVelocity = (0.031103518, -0.012784165, 0.0030778013)
                    rel physics:simulationOwner
                    vector3f physics:velocity = (0.00012569579, 0.00021938967, -0.000030249517)
                    quatd xformOp:orient = (-0.6029136692156796, 0.6779871889664972, -0.20821563197684806, -0.36534193527526404)
                    double3 xformOp:translate = (0.013758031234741092, 0.2878194846022435, -0.48811550162360784)
                }

                over "right_link2"
                {
                    vector3f physics:angularVelocity = (-0.022495948, -0.0050167823, -0.003050641)
                    rel physics:simulationOwner
                    vector3f physics:velocity = (0.000006276528, -0.000018208972, -0.000016339487)
                    quatd xformOp:orient = (0.5770012306174007, -0.3673646810551448, -0.3244441676476524, 0.6533366307338653)
                    double3 xformOp:translate = (-2.034449579635389e-7, -0.24350013362285416, -7.870011102806274e-7)
                }

                over "right_link4"
                {
                    vector3f physics:angularVelocity = (-0.033952933, -0.0047287405, -0.0025275666)
                    rel physics:simulationOwner
                    vector3f physics:velocity = (0.000030753705, -0.00012054006, -0.000037508875)
                    quatd xformOp:orient = (0.2594014536645744, -0.3129547207337752, 0.6830789016470247, 0.6067729746221769)
                    double3 xformOp:translate = (-0.13255336736083054, -0.279787441362112, -0.25259919188544866)
                }

                over "right_link6"
                {
                    vector3f physics:angularVelocity = (-0.039530165, -0.004975102, -0.0018957166)
                    rel physics:simulationOwner
                    vector3f physics:velocity = (0.000037881928, -0.0002305776, 0.00007119739)
                    quatd xformOp:orient = (-0.5963388254165137, 0.6870095265293915, -0.3042289787796225, -0.282564407223242)
                    double3 xformOp:translate = (0.08848996232509589, -0.30309714900371354, -0.4751221658997309)
                }

                over "right_link7"
                {
                    vector3f physics:angularVelocity = (-0.039532393, -0.0049588103, -0.001909687)
                    rel physics:simulationOwner
                    vector3f physics:velocity = (0.00003807782, -0.00024039358, 0.00009262896)
                    quatd xformOp:orient = (0.6525065034715926, 0.24806129881759598, 0.33873217425721275, 0.6308417940174742)
                    double3 xformOp:translate = (0.08848996232509589, -0.30309714900371354, -0.4751221658997309)
                }

                over "joints"
                {
                    over "left_joint1"
                    {
                        float drive:angular:physics:targetPosition = 128.90001
                        float physics:lowerLimit = -178.00078
                        float physics:upperLimit = 178.00078
                        float state:angular:physics:position = 128.89767
                        float state:angular:physics:velocity = 0
                    }

                    over "left_joint2"
                    {
                        float drive:angular:physics:targetPosition = -91
                        float physics:lowerLimit = -120.00027
                        float physics:upperLimit = 120.00027
                        float state:angular:physics:position = -91.00129
                        float state:angular:physics:velocity = 0
                    }

                    over "left_joint3"
                    {
                        float drive:angular:physics:targetPosition = -99.1
                        float physics:lowerLimit = -178.00078
                        float physics:upperLimit = 178.00078
                        float state:angular:physics:position = -99.09879
                        float state:angular:physics:velocity = 0
                    }

                    over "left_joint4"
                    {
                        float drive:angular:physics:targetPosition = -77.9
                        float physics:lowerLimit = -144.99841
                        float physics:upperLimit = 60.000134
                        float state:angular:physics:position = -77.90128
                        float state:angular:physics:velocity = 0
                    }

                    over "left_joint5"
                    {
                        float drive:angular:physics:targetPosition = -8.3
                        float physics:lowerLimit = -178.00078
                        float physics:upperLimit = 178.00078
                        float state:angular:physics:position = -8.299836
                        float state:angular:physics:velocity = 0
                    }

                    over "left_joint6"
                    {
                        float drive:angular:physics:targetPosition = -2.2
                        float physics:lowerLimit = -60.000134
                        float physics:upperLimit = 60.000134
                        float state:angular:physics:position = -2.2000396
                        float state:angular:physics:velocity = 0
                    }

                    over "left_joint7"
                    {
                        float physics:lowerLimit = -90
                        float physics:upperLimit = 90
                        float state:angular:physics:position = -0.0000021168462
                        float state:angular:physics:velocity = 0
                    }

                    over "right_joint1"
                    {
                        float drive:angular:physics:targetPosition = -121.3
                        float physics:lowerLimit = -178.00078
                        float physics:upperLimit = 178.00078
                        float state:angular:physics:position = -121.30264
                        float state:angular:physics:velocity = 0
                    }

                    over "right_joint2"
                    {
                        float drive:angular:physics:targetPosition = -82.9
                        float physics:lowerLimit = -120.00027
                        float physics:upperLimit = 120.00027
                        float state:angular:physics:position = -82.899315
                        float state:angular:physics:velocity = 0
                    }

                    over "right_joint3"
                    {
                        float drive:angular:physics:targetPosition = 92.6
                        float physics:lowerLimit = -178.00078
                        float physics:upperLimit = 178.00078
                        float state:angular:physics:position = 92.59986
                        float state:angular:physics:velocity = 0
                    }

                    over "right_joint4"
                    {
                        float drive:angular:physics:targetPosition = -79
                        float physics:lowerLimit = -144.99841
                        float physics:upperLimit = 60.000134
                        float state:angular:physics:position = -78.998665
                        float state:angular:physics:velocity = 0
                    }

                    over "right_joint5"
                    {
                        float physics:lowerLimit = -178.00078
                        float physics:upperLimit = 178.00078
                        float state:angular:physics:position = -0.000012106762
                        float state:angular:physics:velocity = 0
                    }

                    over "right_joint6"
                    {
                        float drive:angular:physics:targetPosition = 7
                        float physics:lowerLimit = -60.000134
                        float physics:upperLimit = 60.000134
                        float state:angular:physics:position = 7.000558
                        float state:angular:physics:velocity = 0
                    }

                    over "right_joint7"
                    {
                        float physics:lowerLimit = -90
                        float physics:upperLimit = 90
                        float state:angular:physics:position = 0.0000018446533
                        float state:angular:physics:velocity = 0
                    }
                }

                over "AG2F90_Left"
                {
                    string isaac:namespace (
                        displayName = "Namespace"
                        doc = "Namespace of the prim in Isaac Sim"
                    )
                }

                over "AG2F90_Right"
                {
                    string isaac:namespace (
                        displayName = "Namespace"
                        doc = "Namespace of the prim in Isaac Sim"
                    )
                }

                over "AG2F90_Default_Right"
                {
                    over "right_up_link"
                    {
                        vector3f physics:angularVelocity = (-0.039533246, -0.0049525965, -0.0019150184)
                        rel physics:simulationOwner
                        vector3f physics:velocity = (0.000049567563, -0.00037279027, 0.00019813498)
                        quatd xformOp:orient = (0.034503682417995576, -0.3482775015280173, 0.9350707333037249, 0.056169400458204684)
                        double3 xformOp:translate = (-0.2607840993442363, 0.6766654716975589, -0.6447952748287289)

                        over "right_Pad_link"
                        {
                            over "pad_default"
                            {
                                over "pad_link"
                                {
                                    over "pad_link"
                                    {
                                        rel physics:simulationOwner
                                    }
                                }
                            }
                        }
                    }

                    over "left_1_link"
                    {
                        vector3f physics:angularVelocity = (-0.039532386, -0.004958849, -0.001909655)
                        rel physics:simulationOwner
                        vector3f physics:velocity = (0.00004722276, -0.00034552393, 0.0001763078)
                        quatd xformOp:orient = (0.9350707106786748, 0.05616948291838853, -0.034503712289342986, 0.3482775460144011)
                        double3 xformOp:translate = (-0.22628963521444576, 0.6283203581610336, -0.5940780895389715)
                    }

                    over "right_in_link"
                    {
                        vector3f physics:angularVelocity = (-0.039534207, -0.004945621, -0.0019209995)
                        rel physics:simulationOwner
                        vector3f physics:velocity = (0.000047314785, -0.00034556864, 0.00017441607)
                        quatd xformOp:orient = (0.034503694013884985, -0.34827750093788334, 0.9350707304792277, 0.056169444014537634)
                        double3 xformOp:translate = (-0.2404783712223821, 0.6538017780720042, -0.6498908359867563)
                    }

                    over "right_1_link"
                    {
                        vector3f physics:angularVelocity = (-0.03953458, -0.0049430355, -0.001923215)
                        rel physics:simulationOwner
                        vector3f physics:velocity = (0.000047886675, -0.00035236136, 0.00018013272)
                        quatd xformOp:orient = (0.03450369333229083, -0.34827751533396684, 0.9350707217499304, 0.05616950048997986)
                        double3 xformOp:translate = (-0.22475835741614145, 0.6361015105887899, -0.6538362480137465)
                    }

                    over "left_up_link"
                    {
                        vector3f physics:angularVelocity = (-0.03953207, -0.0049611293, -0.0019076985)
                        rel physics:simulationOwner
                        vector3f physics:velocity = (0.000049151076, -0.00036833517, 0.00019563896)
                        quatd xformOp:orient = (0.9350707172897094, 0.056169435493533086, -0.03450375913969474, 0.34827753127193867)
                        double3 xformOp:translate = (-0.2620795804484276, 0.6700825246518005, -0.5942391155419902)

                        over "left_Pad_link"
                        {
                            over "pad_default"
                            {
                                over "pad_link"
                                {
                                    over "pad_link"
                                    {
                                        rel physics:simulationOwner
                                    }
                                }
                            }
                        }
                    }

                    over "left_in_link"
                    {
                        vector3f physics:angularVelocity = (-0.039532576, -0.004957458, -0.0019108474)
                        rel physics:simulationOwner
                        vector3f physics:velocity = (0.00004674199, -0.00033969397, 0.0001711284)
                        quatd xformOp:orient = (0.9350707245365114, 0.056169467448210574, -0.03450367118043041, 0.34827751537591517)
                        double3 xformOp:translate = (-0.2419067412875259, 0.6465435217106126, -0.5941485981857912)
                    }

                    over "left_2_link"
                    {
                        vector3f physics:angularVelocity = (-0.039532173, -0.004960402, -0.0019083234)
                        rel physics:simulationOwner
                        vector3f physics:velocity = (0.000048450187, -0.00035984901, 0.0001881215)
                        quatd xformOp:orient = (0.9350707225238261, 0.056169447221349686, -0.03450374674194873, 0.3482775165559577)
                        double3 xformOp:translate = (-0.23697260711396093, 0.6428039124960787, -0.6067313899158595)
                    }

                    over "right_2_link"
                    {
                        vector3f physics:angularVelocity = (-0.03953413, -0.0049461587, -0.0019205378)
                        rel physics:simulationOwner
                        vector3f physics:velocity = (0.00004875766, -0.0003630837, 0.00018993793)
                        quatd xformOp:orient = (0.03450366945891098, -0.3482775309103305, 0.9350707186696268, 0.056169469852773865)
                        double3 xformOp:translate = (-0.23615971648867576, 0.6469344188746751, -0.6384524902361512)
                    }

                    over "flange"
                    {
                        vector3f physics:angularVelocity = (-0.039532393, -0.0049588103, -0.001909687)
                        rel physics:simulationOwner
                        vector3f physics:velocity = (0.000043662636, -0.00030243697, 0.00013812359)
                        quatd xformOp:orient = (0.7009126730598034, -0.6214770139645076, -0.2706671908715326, 0.22187162424166268)
                        double3 xformOp:translate = (-0.15368281326023844, 0.5498555856119351, -0.6328395002455292)
                    }

                    over "joints"
                    {
                        over "left_2_Joint"
                        {
                            float state:angular:physics:position = 4.1050985e-9
                            float state:angular:physics:velocity = 0
                        }

                        over "right_1_Joint"
                        {
                            float state:angular:physics:position = 4.9076573e-7
                            float state:angular:physics:velocity = 0
                        }

                        over "right_2_Joint"
                        {
                            float state:angular:physics:position = 4.059087e-7
                            float state:angular:physics:velocity = 0
                        }

                        over "right_gripper_joint"
                        {
                            float physics:lowerLimit = 0
                            float physics:upperLimit = 57.295776
                            float state:angular:physics:position = 1.5703947e-11
                            float state:angular:physics:velocity = 0
                        }

                        over "right_in_Joint"
                        {
                            float state:angular:physics:position = -3.535116e-8
                            float state:angular:physics:velocity = 0
                        }

                        over "right_up_Joint"
                        {
                            float state:angular:physics:position = 1.8385867e-8
                            float state:angular:physics:velocity = 0
                        }

                        over "left_in_Joint"
                        {
                            float state:angular:physics:position = -3.6072436e-7
                            float state:angular:physics:velocity = 0
                        }

                        over "left_up_Joint"
                        {
                            float state:angular:physics:position = -3.0752514e-7
                            float state:angular:physics:velocity = 0
                        }
                    }
                }

                over "AG2F90_Default_Left"
                {
                    over "left_2_link"
                    {
                        vector3f physics:angularVelocity = (0.031109821, -0.012808581, 0.0031002762)
                        rel physics:simulationOwner
                        vector3f physics:velocity = (0.0001785535, 0.00032743008, -0.00011464771)
                        quatd xformOp:orient = (0.04102797102593801, 0.9272290673423973, -0.35367205613297253, -0.11609926347535021)
                        double3 xformOp:translate = (-0.1637407085084936, -0.6567196444860857, -0.6359384195330602)
                    }

                    over "left_up_link"
                    {
                        vector3f physics:angularVelocity = (0.031091426, -0.012737156, 0.003034544)
                        rel physics:simulationOwner
                        vector3f physics:velocity = (0.00018220299, 0.00033445752, -0.00012197858)
                        quatd xformOp:orient = (0.04102794656609138, 0.9272290817025424, -0.35367204765785615, -0.11609918324919154)
                        double3 xformOp:translate = (-0.1905910854921039, -0.6849913858264262, -0.6391464844596246)

                        over "left_Pad_link"
                        {
                            over "pad_default"
                            {
                                over "pad_link"
                                {
                                    over "pad_link"
                                    {
                                        rel physics:simulationOwner
                                    }
                                }
                            }
                        }
                    }

                    over "left_1_link"
                    {
                        vector3f physics:angularVelocity = (0.031118652, -0.012842834, 0.003131803)
                        rel physics:simulationOwner
                        vector3f physics:velocity = (0.00017384898, 0.0003165628, -0.00011214409)
                        quatd xformOp:orient = (0.041027923663812485, 0.9272290688691996, -0.35367207282142477, -0.1160992171807812)
                        double3 xformOp:translate = (-0.156302819852704, -0.6440540732899773, -0.652316865494976)
                    }

                    over "right_in_link"
                    {
                        vector3f physics:angularVelocity = (0.031096375, -0.012756402, 0.0030522451)
                        rel physics:simulationOwner
                        vector3f physics:velocity = (0.00017072413, 0.00031438665, -0.00009009179)
                        quatd xformOp:orient = (0.3536719691664778, 0.11609919880228228, 0.04102801437912402, 0.9272291066934215)
                        double3 xformOp:translate = (-0.15752609534998047, -0.6622567644372398, -0.5920426781984194)
                    }

                    over "flange"
                    {
                        vector3f physics:angularVelocity = (0.03110794, -0.012801243, 0.0030935158)
                        rel physics:simulationOwner
                        vector3f physics:velocity = (0.0001552738, 0.0002807604, -0.000073723066)
                        quatd xformOp:orient = (0.6846611101775026, 0.6266388082065263, -0.16798935889983027, -0.33217848147710927)
                        double3 xformOp:translate = (-0.07806908845537093, -0.5623883504642092, -0.6404362665762999)
                    }

                    over "right_1_link"
                    {
                        vector3f physics:angularVelocity = (0.03109614, -0.012755465, 0.003051375)
                        rel physics:simulationOwner
                        vector3f physics:velocity = (0.00017313407, 0.0003196656, -0.000092582384)
                        quatd xformOp:orient = (0.3536720500919169, 0.11609917715905106, 0.04102794032683733, 0.9272290818127469)
                        double3 xformOp:translate = (-0.14157459280936668, -0.6444180271428597, -0.5938623491392399)
                    }

                    over "left_in_link"
                    {
                        vector3f physics:angularVelocity = (0.031115225, -0.012829574, 0.003119603)
                        rel physics:simulationOwner
                        vector3f physics:velocity = (0.0001713245, 0.00031171564, -0.00010690316)
                        quatd xformOp:orient = (0.04102794656609138, 0.9272290817025424, -0.35367204765785615, -0.11609918324919154)
                        double3 xformOp:translate = (-0.1712646621875874, -0.6619172946045262, -0.6465690098562344)
                    }

                    over "right_2_link"
                    {
                        vector3f physics:angularVelocity = (0.031097205, -0.012759635, 0.0030552237)
                        rel physics:simulationOwner
                        vector3f physics:velocity = (0.00017820427, 0.00032889738, -0.000105409235)
                        quatd xformOp:orient = (0.3536720567165714, 0.11609915831421157, 0.041027921053563225, 0.9272290824982921)
                        double3 xformOp:translate = (-0.15592237053113372, -0.6569128357975846, -0.6049087168106855)
                    }

                    over "right_up_link"
                    {
                        vector3f physics:angularVelocity = (0.03110288, -0.0127816545, 0.0030754881)
                        rel physics:simulationOwner
                        vector3f physics:velocity = (0.0001816692, 0.0003364727, -0.00010921917)
                        quatd xformOp:orient = (0.35367201600265724, 0.11609916555996512, 0.04102798610842401, 0.9272290942419694)
                        double3 xformOp:translate = (-0.17813076952818974, -0.68529931241826, -0.589692746734146)

                        over "right_Pad_link"
                        {
                            over "pad_default"
                            {
                                over "pad_link"
                                {
                                    over "pad_link"
                                    {
                                        rel physics:simulationOwner
                                    }
                                }
                            }
                        }
                    }

                    over "joints"
                    {
                        over "left_2_Joint"
                        {
                            float state:angular:physics:position = -0.0000013296753
                            float state:angular:physics:velocity = 0
                        }

                        over "right_1_Joint"
                        {
                            float state:angular:physics:position = 0.0000032178386
                            float state:angular:physics:velocity = 0
                        }

                        over "right_2_Joint"
                        {
                            float state:angular:physics:position = 0.0000036867432
                            float state:angular:physics:velocity = 0
                        }

                        over "left_gripper_joint"
                        {
                            float physics:lowerLimit = 0
                            float physics:upperLimit = 57.295776
                            float state:angular:physics:position = 8.6407124e-7
                            float state:angular:physics:velocity = 0
                        }

                        over "right_in_Joint"
                        {
                            float state:angular:physics:position = 0.000002708994
                            float state:angular:physics:velocity = 0
                        }

                        over "right_up_Joint"
                        {
                            float state:angular:physics:position = 0.0000035554249
                            float state:angular:physics:velocity = 0
                        }

                        over "left_in_Joint"
                        {
                            float state:angular:physics:position = -0.0000014071032
                            float state:angular:physics:velocity = 0
                        }

                        over "left_up_Joint"
                        {
                            float state:angular:physics:position = 0.000003468289
                            float state:angular:physics:velocity = 0
                        }
                    }
                }
            }

            over "body_link1"
            {
                vector3f physics:angularVelocity = (0.0145896245, 0.0000011639017, -0.0000014774389)
                rel physics:simulationOwner
                vector3f physics:velocity = (-2.2749487e-9, 0.000058004738, 0.0000023984658)
                quatd xformOp:orient = (0.9248532119405938, 2.1073424429353486e-8, -0.38032425161049443, 2.8986113490131417e-7)
                double3 xformOp:translate = (0.042099796235561183, -3.777634791646278e-7, 0.4128934776969181)
            }

            over "base_link"
            {
                vector3f physics:angularVelocity = (0.020879108, 0.0000011658994, -0.0000014776409)
                rel physics:simulationOwner
                vector3f physics:velocity = (-7.778584e-9, 0.00013772493, 0.0000119124525)
                quatd xformOp:orient = (0.9989349596332138, -2.3707602284485136e-8, 0.046140507392702715, 3.646360021514978e-7)
                double3 xformOp:translate = (-0.07274021953344363, -0.0000013314377955708778, 0.27890932919456823)
            }

            over "body_link2"
            {
                vector3f physics:angularVelocity = (0.006321726, 0.0000011612817, -0.0000014772043)
                rel physics:simulationOwner
                vector3f physics:velocity = (1.8223946e-9, 0.000012393996, 0.0000175356)
                quatd xformOp:orient = (0.8850009647778394, -6.322027439755327e-8, 0.46558918838627167, 3.201990579925616e-7)
                double3 xformOp:translate = (-0.211155951023102, -3.777634791646278e-7, 0.668747845906757)
            }

            over "body_link5"
            {
                vector3f physics:angularVelocity = (0, 0, 0)
                rel physics:simulationOwner
                vector3f physics:velocity = (0, 0, 0)
                quatd xformOp:orient = (0.9999999999999039, 3.5831296246033957e-10, 3.001212655511233e-10, 4.3850930366882165e-7)
                double3 xformOp:translate = (0.10199964046478253, -3.777634791646278e-7, 1.0329999959655034)
            }

            over "body_link3"
            {
                vector3f physics:angularVelocity = (-5.3912094e-13, 0.0000011596261, -0.000001477128)
                rel physics:simulationOwner
                vector3f physics:velocity = (1.1919635e-11, 1.6541071e-10, 1.2986005e-10)
                quatd xformOp:orient = (0.9999999999999372, -1.564668333254256e-9, 7.32923587682257e-9, 3.544306427244019e-7)
                double3 xformOp:translate = (0.10199960321187955, -3.777634791646278e-7, 0.8840000665374027)
            }

            over "joints"
            {
                over "body_joint5"
                {
                    float physics:lowerLimit = -174.49998
                    float physics:upperLimit = 174.49998
                    float state:angular:physics:position = -7.14292e-7
                    float state:angular:physics:velocity = -0
                }

                over "body_joint4"
                {
                    float physics:lowerLimit = -24.999998
                    float physics:upperLimit = 24.999998
                    float state:angular:physics:position = -5.6076675e-7
                    float state:angular:physics:velocity = -0
                }

                over "body_joint3"
                {
                    float drive:angular:physics:targetPosition = -55.5
                    float physics:lowerLimit = -109.9506
                    float physics:upperLimit = 63.999382
                    float state:angular:physics:position = -55.496742
                    float state:angular:physics:velocity = -0
                }

                over "body_joint2"
                {
                    float drive:angular:physics:targetPosition = 100.200005
                    float physics:lowerLimit = 0
                    float physics:upperLimit = 151.99997
                    float state:angular:physics:position = 100.20428
                    float state:angular:physics:velocity = -0
                }

                over "body_joint1"
                {
                    float drive:angular:physics:targetPosition = -50
                    float physics:lowerLimit = -61.99976
                    float physics:upperLimit = 0
                    float state:angular:physics:position = -49.99675
                    float state:angular:physics:velocity = -0
                }

                over "head_joint1"
                {
                    float physics:lowerLimit = -89.99448
                    float physics:upperLimit = 89.99448
                    float state:angular:physics:position = 0
                    float state:angular:physics:velocity = 0
                }

                over "head_joint2"
                {
                    float physics:lowerLimit = -19.996227
                    float physics:upperLimit = 19.996227
                    float state:angular:physics:position = 0
                    float state:angular:physics:velocity = 0
                }

                over "head_joint3"
                {
                    float physics:lowerLimit = -30.000067
                    float physics:upperLimit = 30.000067
                    float state:angular:physics:position = 0
                    float state:angular:physics:velocity = 0
                }
            }
        }

        def "Ai2_Bot2" (
            prepend payload = @./humanoid/Ai2_Bot2/Ai2_Bot2.usda@
        )
        {
            string[] isaac:changelog (
                displayName = "Changelog"
            )
            string isaac:description (
                displayName = "Description"
            )
            token isaac:license (
                displayName = "License"
            )
            string isaac:namespace (
                displayName = "Namespace"
            )
            rel isaac:physics:robotJoints (
                displayName = "Robot Joints"
            )
            rel isaac:physics:robotLinks (
                displayName = "Robot Links"
            )
            token isaac:robotType (
                displayName = "Robot Type"
            )
            string isaac:source (
                displayName = "Source"
            )
            string isaac:version (
                displayName = "Version"
            )
            quatd xformOp:orient = (1, 0, 0, 0)
            double3 xformOp:scale = (1, 1, 1)
            double3 xformOp:translate = (-1.9718289973402905, 1.5468342160752542, 0)
            uniform token[] xformOpOrder = ["xformOp:translate", "xformOp:orient", "xformOp:scale"]

            over "Ai2_Bot2_Chassis"
            {
                over "Graphs"
                {
                    over "differential_controller"
                    {
                        over "ArrayNames"
                        {
                            custom token inputs:input0 (
                                customData = {
                                    dictionary omni = {
                                        dictionary graph = {
                                            string resolvedType = "token"
                                        }
                                    }
                                }
                            )
                        }
                    }
                }

                over "base_footprint"
                {
                    vector3f physics:angularVelocity = (0, 0, 0)
                    rel physics:simulationOwner
                    vector3f physics:velocity = (0, 0, 0)
                    quatd xformOp:orient = (0.9999999999999886, -6.677491257832784e-10, 6.677491257832786e-10, -1.5122732071119997e-7)
                    double3 xformOp:translate = (-1.854242537291384e-7, -2.0990094640183088e-7, -8.940696716308594e-8)
                }

                over "driven_fl_link_v"
                {
                    vector3f physics:angularVelocity = (0, 0, 0)
                    rel physics:simulationOwner
                    vector3f physics:velocity = (0, 0, 0)
                    quatd xformOp:orient = (0.999999999999994, -5.49376150024052e-10, -3.994104370227689e-8, 1.0195498947952593e-7)
                    double3 xformOp:translate = (0.2149999671636369, 0.14999940862932704, 0.0854000449180603)
                }

                over "driven_fl_link_h"
                {
                    vector3f physics:angularVelocity = (0, 0, 0)
                    rel physics:simulationOwner
                    vector3f physics:velocity = (0, 0, 0)
                    quatd xformOp:orient = (-0.7071055694629589, 0.7071079929080518, 8.429370068354444e-8, -6.321907998086433e-8)
                    double3 xformOp:translate = (0.19899921948297283, 0.14999940862932704, 0.03700004890561104)
                }

                over "driven_fr_link_v"
                {
                    vector3f physics:angularVelocity = (0, 0, 0)
                    rel physics:simulationOwner
                    vector3f physics:velocity = (0, 0, 0)
                    quatd xformOp:orient = (0.999999999999994, -5.49376150024052e-10, -3.994104370227689e-8, 1.0195498947952593e-7)
                    double3 xformOp:translate = (0.2149999671636369, -0.14999982843121984, 0.0854000598192215)
                }

                over "driven_fr_link_h"
                {
                    vector3f physics:angularVelocity = (0, 0, 0)
                    rel physics:simulationOwner
                    vector3f physics:velocity = (0, 0, 0)
                    quatd xformOp:orient = (-0.7071055694629589, 0.7071079929080518, 8.429370068354444e-8, -6.321907998086433e-8)
                    double3 xformOp:translate = (0.19899921948297283, -0.14999982843121984, 0.03700006380677223)
                }

                over "driven_rl_link_v"
                {
                    vector3f physics:angularVelocity = (0, 0, 0)
                    rel physics:simulationOwner
                    vector3f physics:velocity = (0, 0, 0)
                    quatd xformOp:orient = (0.999999999999994, -5.49376150024052e-10, -3.994104370227689e-8, 1.0195498947952593e-7)
                    double3 xformOp:translate = (-0.21500033801214435, 0.14999940862932704, 0.0854000449180603)
                }

                over "driven_rl_link_h"
                {
                    vector3f physics:angularVelocity = (0, 0, 0)
                    rel physics:simulationOwner
                    vector3f physics:velocity = (0, 0, 0)
                    quatd xformOp:orient = (-0.7071055694629589, 0.7071079929080518, 8.429370068354444e-8, -6.321907998086433e-8)
                    double3 xformOp:translate = (-0.23100108569280842, 0.14999940862932704, 0.03700004890561104)
                }

                over "driven_rr_link_v"
                {
                    vector3f physics:angularVelocity = (0, 0, 0)
                    rel physics:simulationOwner
                    vector3f physics:velocity = (0, 0, 0)
                    quatd xformOp:orient = (0.999999999999994, -5.49376150024052e-10, -3.994104370227689e-8, 1.0195498947952593e-7)
                    double3 xformOp:translate = (-0.21500033801214435, -0.14999982843121984, 0.0854000523686409)
                }

                over "driven_rr_link_h"
                {
                    vector3f physics:angularVelocity = (0, 0, 0)
                    rel physics:simulationOwner
                    vector3f physics:velocity = (0, 0, 0)
                    quatd xformOp:orient = (-0.7071055694629589, 0.7071079929080518, 8.429370068354444e-8, -6.321907998086433e-8)
                    double3 xformOp:translate = (-0.23100108569280842, -0.14999982843121984, 0.037000056356191635)
                }

                over "driving_left_link"
                {
                    vector3f physics:angularVelocity = (0, 0, 0)
                    rel physics:simulationOwner
                    vector3f physics:velocity = (0, 0, 0)
                    quatd xformOp:orient = (-0.7071055074850915, 1.1049296710536469e-10, 4.467420254829686e-10, 0.7071080548857093)
                    double3 xformOp:translate = (-1.854242537291384e-7, 0.20799997320452235, 0.08450005203485489)
                }

                over "driving_right_link"
                {
                    vector3f physics:angularVelocity = (0, 0, 0)
                    rel physics:simulationOwner
                    vector3f physics:velocity = (0, 0, 0)
                    quatd xformOp:orient = (-0.7071055074850915, 1.1049296710536469e-10, 4.467420254829686e-10, 0.7071080548857093)
                    double3 xformOp:translate = (-1.854242537291384e-7, -0.20800039300641515, 0.08450004458427429)
                }
            }

            over "Ai2_Bot2_Arms"
            {
                over "EG2_4C2_right"
                {
                    over "right_inner_link"
                    {
                        vector3f physics:angularVelocity = (0, 0, 0)
                        rel physics:simulationOwner
                        vector3f physics:velocity = (0, 0, 0)
                        quatd xformOp:orient = (0.9999983948329311, -4.87644448642647e-7, -0.0017896989563172003, -0.00008549250995530756)
                        double3 xformOp:translate = (-0.08434183063894007, -0.009000053840713562, 0.23962981499228964)

                        over "collisions"
                        {
                            over "inner_link"
                            {
                                over "mesh"
                                {
                                    rel physics:simulationOwner
                                }
                            }
                        }
                    }

                    over "right_outer_link"
                    {
                        vector3f physics:angularVelocity = (0, 0, 0)
                        rel physics:simulationOwner
                        vector3f physics:velocity = (0, 0, 0)
                        quatd xformOp:orient = (0.9999983948706558, -4.665709209000467e-7, -0.0017896778830469456, -0.00008549250984292805)
                        double3 xformOp:translate = (-0.07433491215049237, -0.009001986860358357, 0.23766567430065266)

                        over "collisions"
                        {
                            over "outer_link"
                            {
                                over "mesh"
                                {
                                    rel physics:simulationOwner
                                }
                            }
                        }
                    }

                    over "right_pad"
                    {
                        vector3f physics:angularVelocity = (0, 0, 0)
                        rel physics:simulationOwner
                        vector3f physics:velocity = (0, 0, 0)
                        quatd xformOp:orient = (0.9999983948856344, -4.770323634033585e-7, -0.0017896674968359459, -0.00008553466025160596)
                        double3 xformOp:translate = (-0.09676175857978198, -0.00599797452156281, 0.27317660364425983)

                        over "collisions"
                        {
                            over "pad"
                            {
                                over "mesh"
                                {
                                    rel physics:simulationOwner
                                }
                            }
                        }
                    }

                    over "gripper_base"
                    {
                        vector3f physics:angularVelocity = (0, 0, 0)
                        rel physics:simulationOwner
                        vector3f physics:velocity = (0, 0, 0)
                        quatd xformOp:orient = (0.9999983949057482, -4.90682934252092e-7, -0.001789660281352189, -0.00008545035951636477)
                        double3 xformOp:translate = (-0.11405008939156236, 0.000004948636883383983, 0.1585229766406422)
                    }

                    over "left_outer_link"
                    {
                        vector3f physics:angularVelocity = (0, 0, 0)
                        rel physics:simulationOwner
                        vector3f physics:velocity = (0, 0, 0)
                        quatd xformOp:orient = (0.999998394968797, -4.98256026476306e-7, -0.0017896250494362801, -0.00008545035948119304)
                        double3 xformOp:translate = (-0.1543343569511304, -0.00898836888592669, 0.237379304238435)
                    }

                    over "left_pad"
                    {
                        vector3f physics:angularVelocity = (0, 0, 0)
                        rel physics:simulationOwner
                        vector3f physics:velocity = (0, 0, 0)
                        quatd xformOp:orient = (0.9999983953043277, -4.981799026337949e-7, -0.0017894355401260691, -0.00008549250952689901)
                        double3 xformOp:translate = (-0.13216119461262554, -0.00599118086105932, 0.2730498722309366)
                    }

                    over "left_inner_link"
                    {
                        vector3f physics:angularVelocity = (0, 0, 0)
                        rel physics:simulationOwner
                        vector3f physics:velocity = (0, 0, 0)
                        quatd xformOp:orient = (0.9999983952893498, -4.877184498921699e-7, -0.001789445926441538, -0.00008545035912583488)
                        double3 xformOp:translate = (-0.1443412950318157, -0.008990317197497433, 0.2394150523458023)
                    }

                    over "joints"
                    {
                        over "left_inner_joint"
                        {
                            float state:angular:physics:position = -0.000028742688
                            float state:angular:physics:velocity = 0
                        }

                        over "right_inner_joint"
                        {
                            float state:angular:physics:position = 0.000005567253
                            float state:angular:physics:velocity = 0
                        }

                        over "right_outer_joint"
                        {
                            float state:angular:physics:position = -0.0000034935965
                            float state:angular:physics:velocity = 0
                        }

                        over "right_pad_joint"
                        {
                            float state:angular:physics:position = 0.000011429093
                            float state:angular:physics:velocity = 0
                        }

                        over "right_gripper_joint"
                        {
                            float state:angular:physics:position = -4.911479e-9
                            float state:angular:physics:velocity = 0
                        }

                        over "left_pad_joint"
                        {
                            float state:angular:physics:position = 0.000028955514
                            float state:angular:physics:velocity = 0
                        }
                    }
                }

                over "EG2_4C2_left"
                {
                    over "right_inner_link"
                    {
                        vector3f physics:angularVelocity = (0, 0, 0)
                        rel physics:simulationOwner
                        vector3f physics:velocity = (0, 0, 0)
                        quatd xformOp:orient = (0.9999983806841765, -4.884270792458026e-7, 0.001798476360495682, 0.00006412150246170768)
                        double3 xformOp:translate = (0.1443543927436206, -0.008996636353625576, 0.23941555173045037)

                        over "collisions"
                        {
                            over "inner_link"
                            {
                                over "mesh"
                                {
                                    rel physics:simulationOwner
                                }
                            }
                        }
                    }

                    over "right_outer_link"
                    {
                        vector3f physics:angularVelocity = (0, 0, 0)
                        rel physics:simulationOwner
                        vector3f physics:velocity = (0, 0, 0)
                        quatd xformOp:orient = (0.9999983799829578, -4.778894776085744e-7, 0.0017988662163614904, 0.00006412150311428158)
                        double3 xformOp:translate = (0.15434651516083786, -0.00899578379332766, 0.2373796048885023)

                        over "collisions"
                        {
                            over "outer_link"
                            {
                                over "mesh"
                                {
                                    rel physics:simulationOwner
                                }
                            }
                        }
                    }

                    over "right_pad"
                    {
                        vector3f physics:angularVelocity = (0, 0, 0)
                        rel physics:simulationOwner
                        vector3f physics:velocity = (0, 0, 0)
                        quatd xformOp:orient = (0.9999983803241075, -4.884266232922599e-7, 0.0017986765568056208, 0.00006412150279800231)
                        double3 xformOp:translate = (0.13217410090046755, -0.005999226132441748, 0.2730506139604743)

                        over "collisions"
                        {
                            over "pad"
                            {
                                over "mesh"
                                {
                                    rel physics:simulationOwner
                                }
                            }
                        }
                    }

                    over "gripper_base"
                    {
                        vector3f physics:angularVelocity = (0, 0, 0)
                        rel physics:simulationOwner
                        vector3f physics:velocity = (0, 0, 0)
                        quatd xformOp:orient = (0.9999983806509662, -4.900599743785763e-7, 0.0017984948258833193, 0.00006412149662992207)
                        double3 xformOp:translate = (0.11406196969561311, -9.622970100764405e-7, 0.1585240081221857)
                    }

                    over "left_outer_link"
                    {
                        vector3f physics:angularVelocity = (0, 0, 0)
                        rel physics:simulationOwner
                        vector3f physics:velocity = (0, 0, 0)
                        quatd xformOp:orient = (0.9999983806059555, -4.674291672824363e-7, 0.0017985183553698267, 0.00006416364644947896)
                        double3 xformOp:translate = (0.07434754504396413, -0.009006361080963643, 0.23766738561159095)
                    }

                    over "left_pad"
                    {
                        vector3f physics:angularVelocity = (0, 0, 0)
                        rel physics:simulationOwner
                        vector3f physics:velocity = (0, 0, 0)
                        quatd xformOp:orient = (0.9999983805894305, -4.778902453213863e-7, 0.0017985290437196367, 0.00006412150255103993)
                        double3 xformOp:translate = (0.09677514076281923, -0.006002657275120171, 0.27317793368902776)
                    }

                    over "left_inner_link"
                    {
                        vector3f physics:angularVelocity = (0, 0, 0)
                        rel physics:simulationOwner
                        vector3f physics:velocity = (0, 0, 0)
                        quatd xformOp:orient = (0.9999983809280908, -4.779662808797032e-7, 0.001798339232482324, 0.00006416364615116739)
                        double3 xformOp:translate = (0.08435444990022756, -0.009004569311594324, 0.2396313872728521)
                    }

                    over "joints"
                    {
                        over "left_inner_joint"
                        {
                            float state:angular:physics:position = 0.000041452662
                            float state:angular:physics:velocity = 0
                        }

                        over "right_inner_joint"
                        {
                            float state:angular:physics:position = 0.000014831006
                            float state:angular:physics:velocity = 0
                        }

                        over "right_outer_joint"
                        {
                            float state:angular:physics:position = 0.000049898383
                            float state:angular:physics:velocity = 0
                        }

                        over "right_pad_joint"
                        {
                            float state:angular:physics:position = 0.00002382079
                            float state:angular:physics:velocity = 0
                        }

                        over "left_gripper_joint"
                        {
                            float state:angular:physics:position = 0.000020516069
                            float state:angular:physics:velocity = 0
                        }

                        over "left_pad_joint"
                        {
                            float state:angular:physics:position = -6.286605e-8
                            float state:angular:physics:velocity = 0
                        }
                    }
                }

                over "right_link1"
                {
                    vector3f physics:angularVelocity = (0, 0, 0)
                    rel physics:simulationOwner
                    vector3f physics:velocity = (0, 0, 0)
                    quatd xformOp:orient = (0.5008921123871026, 0.5008945920529437, -0.4991037049589038, 0.4991063925625446)
                    double3 xformOp:translate = (-0.17245810394899586, -0.2270014806959182, 0.16697144508361816)

                    over "collisions"
                    {
                        over "link1"
                        {
                            over "mesh"
                            {
                                rel physics:simulationOwner
                            }
                        }
                    }
                }

                over "right_link2"
                {
                    vector3f physics:angularVelocity = (0, 0, 0)
                    rel physics:simulationOwner
                    vector3f physics:velocity = (0, 0, 0)
                    quatd xformOp:orient = (0.5008958514920026, 0.49910518251144875, -0.49910306990063275, -0.5008926914660259)
                    double3 xformOp:translate = (-0.17245810394899586, -0.2270014806959182, 0.16697144508361816)

                    over "collisions"
                    {
                        over "link2"
                        {
                            over "mesh"
                            {
                                rel physics:simulationOwner
                            }
                        }
                    }
                }

                over "right_link3"
                {
                    vector3f physics:angularVelocity = (0, 0, 0)
                    rel physics:simulationOwner
                    vector3f physics:velocity = (0, 0, 0)
                    quatd xformOp:orient = (-0.0017901793971883827, -0.00008151199920850698, 0.9999983943033055, -0.0000020810373515916247)
                    double3 xformOp:translate = (-0.17349665527956226, -0.2270014806959182, -0.12300670146942139)

                    over "collisions"
                    {
                        over "link3"
                        {
                            over "mesh"
                            {
                                rel physics:simulationOwner
                            }
                        }
                    }
                }

                over "right_link4"
                {
                    vector3f physics:angularVelocity = (0, 0, 0)
                    rel physics:simulationOwner
                    vector3f physics:velocity = (0, 0, 0)
                    quatd xformOp:orient = (0.0012083634977068892, 0.0013234322074970677, -0.7071028468397819, 0.70710844456556)
                    double3 xformOp:translate = (-0.16349642639772632, -0.22700052702160178, -0.12304246425628662)

                    over "collisions"
                    {
                        over "link4"
                        {
                            over "mesh"
                            {
                                rel physics:simulationOwner
                            }
                        }
                    }
                }

                over "right_link5"
                {
                    vector3f physics:angularVelocity = (0, 0, 0)
                    rel physics:simulationOwner
                    vector3f physics:velocity = (0, 0, 0)
                    quatd xformOp:orient = (-0.0017901641949694999, -0.00008555811077448617, 0.9999983939922963, -0.0000021893406171866782)
                    double3 xformOp:translate = (-0.1746019638122771, -0.22700529539318381, -0.4318046569824219)

                    over "collisions"
                    {
                        over "link5"
                        {
                            over "mesh"
                            {
                                rel physics:simulationOwner
                            }
                        }
                    }
                }

                over "right_link6"
                {
                    vector3f physics:angularVelocity = (0, 0, 0)
                    rel physics:simulationOwner
                    vector3f physics:velocity = (0, 0, 0)
                    quatd xformOp:orient = (0.4991482082701292, 0.4990622522975909, 0.5009338699073239, -0.5008524657941177)
                    double3 xformOp:translate = (-0.1746024406494353, -0.22700529539318381, -0.4318045973777771)

                    over "collisions"
                    {
                        over "link6"
                        {
                            over "mesh"
                            {
                                rel physics:simulationOwner
                            }
                        }
                    }
                }

                over "right_link7"
                {
                    vector3f physics:angularVelocity = (0, 0, 0)
                    rel physics:simulationOwner
                    vector3f physics:velocity = (0, 0, 0)
                    quatd xformOp:orient = (0.5009352847841324, 0.4991467912904143, -0.49906551109827757, -0.5008492156676886)
                    double3 xformOp:translate = (-0.17463820343630054, -0.22700529539318381, -0.44180458784103394)

                    over "collisions"
                    {
                        over "link7"
                        {
                            over "mesh"
                            {
                                rel physics:simulationOwner
                            }
                        }
                    }
                }

                over "base_link"
                {
                    vector3f physics:angularVelocity = (0, 0, 0)
                    rel physics:simulationOwner
                    vector3f physics:velocity = (0, 0, 0)
                    quatd xformOp:orient = (0.9999983226246542, -3.5396767301133536e-9, 0.0018315969160894454, 7.842560176394154e-7)
                    double3 xformOp:translate = (-0.11265175705568531, -0.0000012441846877209173, -0.15874969959259033)
                }

                over "left_link1"
                {
                    vector3f physics:angularVelocity = (0, 0, 0)
                    rel physics:simulationOwner
                    vector3f physics:velocity = (0, 0, 0)
                    quatd xformOp:orient = (-0.5008976047682302, 0.500898553067478, 0.49909974664160517, 0.4991008635282475)
                    double3 xformOp:translate = (-0.17245858078615406, 0.22699899232654275, 0.1669713258743286)
                }

                over "left_link2"
                {
                    vector3f physics:angularVelocity = (0, 0, 0)
                    rel physics:simulationOwner
                    vector3f physics:velocity = (0, 0, 0)
                    quatd xformOp:orient = (0.49910228928540645, 0.5008970431596589, 0.5008972998273812, 0.49910014226567395)
                    double3 xformOp:translate = (-0.17245858078615406, 0.22699899232654275, 0.1669713258743286)
                }

                over "left_link3"
                {
                    vector3f physics:angularVelocity = (0, 0, 0)
                    rel physics:simulationOwner
                    vector3f physics:velocity = (0, 0, 0)
                    quatd xformOp:orient = (-4.006420641298604e-7, 0.9999983850013008, -0.00006815145716650376, -0.0017959259473856169)
                    double3 xformOp:translate = (-0.17349999313966968, 0.22699899232654275, -0.12300676107406616)
                }

                over "left_link4"
                {
                    vector3f physics:angularVelocity = (0, 0, 0)
                    rel physics:simulationOwner
                    vector3f physics:velocity = (0, 0, 0)
                    quatd xformOp:orient = (0.7071071671968274, -0.707104114156587, 0.0013172997282652837, 0.001220886207676568)
                    double3 xformOp:translate = (-0.16349976425783375, 0.22699803865222634, -0.12304270267486572)
                }

                over "left_link5"
                {
                    vector3f physics:angularVelocity = (0, 0, 0)
                    rel physics:simulationOwner
                    vector3f physics:velocity = (0, 0, 0)
                    quatd xformOp:orient = (-4.2601281074454177e-7, 0.9999983869839579, -0.00006798286416896833, -0.0017948280227230945)
                    double3 xformOp:translate = (-0.17460816269533375, 0.22700089967517556, -0.4318047761917114)
                }

                over "left_link6"
                {
                    vector3f physics:angularVelocity = (0, 0, 0)
                    rel physics:simulationOwner
                    vector3f physics:velocity = (0, 0, 0)
                    quatd xformOp:orient = (0.4991359147868698, -0.49906578481360414, 0.5009321750233012, 0.5008628924413155)
                    double3 xformOp:translate = (-0.17460816269533375, 0.22700089967517556, -0.4318047761917114)
                }

                over "left_link7"
                {
                    vector3f physics:angularVelocity = (0, 0, 0)
                    rel physics:simulationOwner
                    vector3f physics:velocity = (0, 0, 0)
                    quatd xformOp:orient = (0.4991335856381201, 0.5009344497358146, 0.5008625057239838, 0.4990662191691624)
                    double3 xformOp:translate = (-0.17464440231935718, 0.22700089967517556, -0.4418047070503235)
                }

                over "joints"
                {
                    over "left_joint1"
                    {
                        float physics:lowerLimit = -177.6169
                        float physics:upperLimit = 177.6169
                        float state:angular:physics:position = -0.0036834013
                        float state:angular:physics:velocity = 0
                    }

                    over "left_joint2"
                    {
                        float state:angular:physics:position = 0.000070073605
                        float state:angular:physics:velocity = 0
                    }

                    over "left_joint3"
                    {
                        float state:angular:physics:position = 0.0075042862
                        float state:angular:physics:velocity = 0
                    }

                    over "left_joint4"
                    {
                        float state:angular:physics:position = -0.00014495123
                        float state:angular:physics:velocity = 0
                    }

                    over "left_joint5"
                    {
                        float state:angular:physics:position = -0.000022814253
                        float state:angular:physics:velocity = 0
                    }

                    over "left_joint6"
                    {
                        float state:angular:physics:position = -1.5967127e-7
                        float state:angular:physics:velocity = 0
                    }

                    over "left_joint7"
                    {
                        float state:angular:physics:position = 1.682793e-10
                        float state:angular:physics:velocity = 0
                    }

                    over "right_joint1"
                    {
                        float state:angular:physics:position = 0.0047449437
                        float state:angular:physics:velocity = 0
                    }

                    over "right_joint2"
                    {
                        float state:angular:physics:position = 0.00026135644
                        float state:angular:physics:velocity = 0
                    }

                    over "right_joint3"
                    {
                        float state:angular:physics:position = 0.009258799
                        float state:angular:physics:velocity = 0
                    }

                    over "right_joint4"
                    {
                        float state:angular:physics:position = 4.3307034e-7
                        float state:angular:physics:velocity = 0
                    }

                    over "right_joint5"
                    {
                        float state:angular:physics:position = 0.0004761403
                        float state:angular:physics:velocity = 0
                    }

                    over "right_joint6"
                    {
                        float state:angular:physics:position = -0.00005296573
                        float state:angular:physics:velocity = 0
                    }

                    over "right_joint7"
                    {
                        float state:angular:physics:position = -0.00019972875
                        float state:angular:physics:velocity = 0
                    }
                }
            }

            over "base_link"
            {
                vector3f physics:angularVelocity = (0, 0, 0)
                rel physics:simulationOwner
                vector3f physics:velocity = (0, 0, 0)
                quatd xformOp:orient = (0.9999999999999948, -1.1816417771861497e-9, 1.9226527832327854e-9, 1.0213228461393577e-7)
                double3 xformOp:translate = (-1.854242537291384e-7, -2.0990094640183088e-7, 7.450580596923828e-8)
            }

            over "body_link1"
            {
                vector3f physics:angularVelocity = (0, 0, 0)
                rel physics:simulationOwner
                vector3f physics:velocity = (0, 0, 0)
                quatd xformOp:orient = (-0.655396268942371, 0.6553987712941128, 0.2654323713508999, 0.26543141766118133)
                double3 xformOp:translate = (0.1915495925603654, -2.0990094640183088e-7, 0.29399994015693665)
            }

            over "body_link2"
            {
                vector3f physics:angularVelocity = (0, 0, 0)
                rel physics:simulationOwner
                vector3f physics:velocity = (0, 0, 0)
                quatd xformOp:orient = (-0.6737979982516552, 0.6738004416856178, -0.2144639426013956, -0.21446314289451696)
                double3 xformOp:translate = (-0.07777327960149982, 7.437733700044191e-7, 0.5719658136367798)
            }

            over "body_link3"
            {
                vector3f physics:angularVelocity = (0, 0, 0)
                rel physics:simulationOwner
                vector3f physics:velocity = (0, 0, 0)
                quatd xformOp:orient = (-0.7071043278374484, 0.7071068625470488, -0.0012950883556705917, -0.0012950824569698453)
                double3 xformOp:translate = (0.07829218441827557, 7.437733700044191e-7, 0.792291522026062)
            }

            over "body_link4"
            {
                vector3f physics:angularVelocity = (0, 0, 0)
                rel physics:simulationOwner
                vector3f physics:velocity = (0, 0, 0)
                quatd xformOp:orient = (0.9999983226260111, -4.774447682628921e-9, 0.0018315961752502223, 7.842574498749763e-7)
                double3 xformOp:translate = (0.07889824444635174, 0.0000016974476864106691, 0.9577903151512146)
            }

            over "head_link1"
            {
                vector3f physics:angularVelocity = (0, 0, 0)
                rel physics:simulationOwner
                vector3f physics:velocity = (0, 0, 0)
                quatd xformOp:orient = (0.9999983226928598, 1.5805068191991826e-8, 0.001831559790672461, 4.47149389417209e-7)
                double3 xformOp:translate = (0.0396159225164201, 0.0000016974476864106691, 1.4266773462295532)
            }

            over "head_link2"
            {
                vector3f physics:angularVelocity = (0, 0, 0)
                rel physics:simulationOwner
                vector3f physics:velocity = (0, 0, 0)
                quatd xformOp:orient = (-0.7071043704435587, 0.7071067995567647, -0.0013004409670760945, -0.0013008356926250326)
                double3 xformOp:translate = (0.03983574444635174, 0.0000016974476864106691, 1.4866769313812256)
            }

            over "joints"
            {
                over "body_joint1"
                {
                    float drive:angular:physics:targetPosition = -44.100002
                    float physics:lowerLimit = -67.99863
                    float physics:upperLimit = 0
                    float state:angular:physics:position = -44.095284
                    float state:angular:physics:velocity = 0
                }

                over "body_joint2"
                {
                    float drive:angular:physics:targetPosition = 79.4
                    float physics:lowerLimit = -21.999859
                    float physics:upperLimit = 157.99884
                    float state:angular:physics:position = 79.4068
                    float state:angular:physics:velocity = 0
                }

                over "body_joint3"
                {
                    float drive:angular:physics:targetPosition = -35.100002
                    float physics:lowerLimit = -90.000206
                    float physics:upperLimit = 30.000067
                    float state:angular:physics:position = -35.101635
                    float state:angular:physics:velocity = 0
                }

                over "body_joint4"
                {
                    float physics:lowerLimit = -90.000206
                    float physics:upperLimit = 90.000206
                    float state:angular:physics:position = 0.00009141342
                    float state:angular:physics:velocity = 0
                }

                over "head_joint1"
                {
                    float state:angular:physics:position = -0.00005742566
                    float state:angular:physics:velocity = 0
                }

                over "head_joint2"
                {
                    float state:angular:physics:position = 0.0009030081
                    float state:angular:physics:velocity = 0
                }
            }
        }

        def "ARX_Lift" (
            prepend payload = @./humanoid/ARX_Lift/ARX_Lift.usd@
        )
        {
            string[] isaac:changelog (
                displayName = "Changelog"
            )
            string isaac:description (
                displayName = "Description"
            )
            token isaac:license (
                displayName = "License"
            )
            string isaac:namespace (
                displayName = "Namespace"
            )
            rel isaac:physics:robotJoints (
                displayName = "Robot Joints"
            )
            rel isaac:physics:robotLinks (
                displayName = "Robot Links"
            )
            token isaac:robotType (
                displayName = "Robot Type"
            )
            string isaac:source (
                displayName = "Source"
            )
            string isaac:version (
                displayName = "Version"
            )
            quatd xformOp:orient = (1, 0, 0, 0)
            double3 xformOp:scale = (1, 1, 1)
            double3 xformOp:translate = (-1.9291353156176938, -4.098556061066944, 0.5711590935341919)
            uniform token[] xformOpOrder = ["xformOp:translate", "xformOp:orient", "xformOp:scale"]

            over "base_link"
            {
                vector3f physics:angularVelocity = (0, 0, 0)
                rel physics:simulationOwner
                vector3f physics:velocity = (7.4553047e-10, -1.194322e-8, 0.04864641)
                quatd xformOp:orient = (0.9999999999999998, 3.693109429827033e-9, -9.38850710474101e-9, 1.8501515800971898e-8)
                double3 xformOp:translate = (2.0762184504974357e-7, -2.685996047802064e-7, -0.5176990565952524)
            }

            over "Angellun_OW_02"
            {
                over "wheel_passive_9"
                {
                    vector3f physics:angularVelocity = (3.3658945e-17, 2.6890093e-10, 3.0283684e-17)
                    rel physics:simulationOwner
                    vector3f physics:velocity = (7.454753e-10, -1.194322e-8, 0.04864641)
                    quatd xformOp:orient = (0.9510565053393283, -0.30901702809350357, -2.107342434069977e-8, 5.1163392288282276e-8)
                    double3 xformOp:translate = (3.268311346005248e-7, 0.016179769852543657, -0.5294547000077232)
                }

                over "wheel_passive_4"
                {
                    vector3f physics:angularVelocity = (-1.17950115e-17, 2.6890093e-10, -3.227827e-17)
                    rel physics:simulationOwner
                    vector3f physics:velocity = (7.4558554e-10, -1.194322e-8, 0.04864641)
                    quatd xformOp:orient = (0.30901699147381667, 0.951056517237787, 4.2146849553739393e-8, 1.980489050362762e-8)
                    double3 xformOp:translate = (3.268311346005248e-7, -0.016180307051753218, -0.5059433200505241)
                }

                over "wheel_passive_2"
                {
                    vector3f physics:angularVelocity = (-5.573701e-17, 2.6890093e-10, 1.7725096e-17)
                    rel physics:simulationOwner
                    vector3f physics:velocity = (7.4561957e-10, -1.194322e-8, 0.04864641)
                    quatd xformOp:orient = (0.8090170008147967, 0.5877852434287775, 2.1073424378827703e-8, 6.073687985716987e-8)
                    double3 xformOp:translate = (3.268311346005248e-7, 0.006180494645024126, -0.49867790128259504)
                }

                over "wheel_passive_0"
                {
                    vector3f physics:angularVelocity = (9.2041065e-18, 2.6890093e-10, 3.6827275e-17)
                    rel physics:simulationOwner
                    vector3f physics:velocity = (7.4553047e-10, -1.194322e-8, 0.04864641)
                    quatd xformOp:orient = (0.9999999999999948, 1.6546032110239008e-9, 1.3075649910331443e-9, 1.0213544435446854e-7)
                    double3 xformOp:translate = (3.268311346005248e-7, 0.020000189164067095, -0.5176990249302849)
                }

                over "wheel_passive_1"
                {
                    vector3f physics:angularVelocity = (-4.043839e-18, 2.6890093e-10, 1.4858647e-17)
                    rel physics:simulationOwner
                    vector3f physics:velocity = (7.4558554e-10, -1.194322e-8, 0.04864641)
                    quatd xformOp:orient = (0.9510565155164298, 0.30901699677160704, 1.0536712156042108e-8, 6.045338176729588e-8)
                    double3 xformOp:translate = (3.268311346005248e-7, 0.016179769852543657, -0.5059433200505241)
                }

                over "wheel_passive_3"
                {
                    vector3f physics:angularVelocity = (-3.2587296e-17, 2.6890093e-10, -1.6954369e-17)
                    rel physics:simulationOwner
                    vector3f physics:velocity = (7.456196e-10, -1.194322e-8, 0.04864641)
                    quatd xformOp:orient = (0.5877852611089477, 0.8090169879694017, 4.214684906602285e-8, 3.4579872702025646e-8)
                    double3 xformOp:translate = (3.268311346005248e-7, -0.00618007816991728, -0.49867787148027265)
                }

                over "wheel_passive_6"
                {
                    vector3f physics:angularVelocity = (3.0564516e-17, 2.6890093e-10, -3.277578e-17)
                    rel physics:simulationOwner
                    vector3f physics:velocity = (7.454753e-10, -1.194322e-8, 0.04864641)
                    quatd xformOp:orient = (-0.30901704954613796, 0.951056498368945, -1.0542773615731622e-16, -2.8166878149663007e-8)
                    double3 xformOp:translate = (3.268311346005248e-7, -0.016180307051753218, -0.5294547298100456)
                }

                over "wheel_passive_7"
                {
                    vector3f physics:angularVelocity = (3.1894086e-17, 2.6890093e-10, -1.0747912e-17)
                    rel physics:simulationOwner
                    vector3f physics:velocity = (7.45441e-10, -1.194322e-8, 0.04864641)
                    quatd xformOp:orient = (-0.5877852611089478, 0.8090169879694016, 4.214684910260999e-8, -3.457987267544353e-8)
                    double3 xformOp:translate = (3.268311346005248e-7, -0.00618007816991728, -0.5367201485779747)
                }

                over "wheel"
                {
                    vector3f physics:angularVelocity = (9.2041065e-18, 2.6890093e-10, -3.3755448e-18)
                    rel physics:simulationOwner
                    vector3f physics:velocity = (7.4553047e-10, -1.194322e-8, 0.04864641)
                    quatd xformOp:orient = (0.9999999999999947, 1.6690568746178408e-9, -6.376776711018468e-9, 1.0302762738376818e-7)
                    double3 xformOp:translate = (3.268311346005248e-7, -2.685996047802064e-7, -0.5176990249302849)
                }

                over "wheel_passive_5"
                {
                    vector3f physics:angularVelocity = (9.20403e-18, 2.6890093e-10, -4.357857e-17)
                    rel physics:simulationOwner
                    vector3f physics:velocity = (7.4553047e-10, -1.194322e-8, 0.04864641)
                    quatd xformOp:orient = (-4.535421276857443e-8, 0.999999999999998, 4.214685089754123e-8, 1.3851309405792217e-8)
                    double3 xformOp:translate = (3.268311346005248e-7, -0.01999977268896025, -0.5176990249302849)
                }

                over "wheel_passive_8"
                {
                    vector3f physics:angularVelocity = (2.4941011e-17, 2.6890093e-10, 1.7376928e-18)
                    rel physics:simulationOwner
                    vector3f physics:velocity = (7.45441e-10, -1.194322e-8, 0.04864641)
                    quatd xformOp:orient = (0.8090170008147967, -0.5877852434287775, -2.1073424380861362e-8, 6.073687985437077e-8)
                    double3 xformOp:translate = (3.268311346005248e-7, 0.006180494645024126, -0.5367201485779747)
                }

                over "joints"
                {
                    over "wheel_passive_0_joint"
                    {
                        float physics:lowerLimit = -inf
                        float physics:upperLimit = inf
                    }

                    over "wheel_passive_1_joint"
                    {
                        float physics:lowerLimit = -inf
                        float physics:upperLimit = inf
                    }

                    over "wheel_passive_2_joint"
                    {
                        float physics:lowerLimit = -inf
                        float physics:upperLimit = inf
                    }

                    over "wheel_passive_3_joint"
                    {
                        float physics:lowerLimit = -inf
                        float physics:upperLimit = inf
                    }

                    over "wheel_passive_4_joint"
                    {
                        float physics:lowerLimit = -inf
                        float physics:upperLimit = inf
                    }

                    over "wheel_passive_5_joint"
                    {
                        float physics:lowerLimit = -inf
                        float physics:upperLimit = inf
                    }

                    over "wheel_passive_6_joint"
                    {
                        float physics:lowerLimit = -inf
                        float physics:upperLimit = inf
                    }

                    over "wheel_passive_7_joint"
                    {
                        float physics:lowerLimit = -inf
                        float physics:upperLimit = inf
                    }

                    over "wheel_passive_8_joint"
                    {
                        float physics:lowerLimit = -inf
                        float physics:upperLimit = inf
                    }

                    over "wheel_passive_9_joint"
                    {
                        float physics:lowerLimit = -inf
                        float physics:upperLimit = inf
                    }
                }
            }

            over "wheel_2"
            {
                vector3f physics:angularVelocity = (2.2690184e-10, 1.3100247e-10, -1.6055836e-18)
                rel physics:simulationOwner
                vector3f physics:velocity = (7.4553047e-10, -1.194322e-8, 0.04864641)
                quatd xformOp:orient = (0.5000000322946572, -5.923839881862856e-9, -4.132317002601813e-9, 0.8660253851391089)
                double3 xformOp:translate = (0.1823494126389349, -0.31583812870702666, -0.48769896599619234)
            }

            over "Angellun_OW_01"
            {
                over "wheel_passive_7"
                {
                    vector3f physics:angularVelocity = (2.2690187e-10, 1.3100193e-10, 1.4870782e-16)
                    rel physics:simulationOwner
                    vector3f physics:velocity = (7.4548684e-10, -1.1943146e-8, 0.04864641)
                    quatd xformOp:orient = (-0.5877852126514542, 0.8090170231758294, -5.7673300637275435e-8, 3.6594882587541816e-8)
                    double3 xformOp:translate = (-6.246218715588725e-7, -0.006180651534309689, -0.5367200889733299)
                }

                over "wheel_passive_5"
                {
                    vector3f physics:angularVelocity = (2.2690184e-10, 1.3100247e-10, 3.7566272e-17)
                    rel physics:simulationOwner
                    vector3f physics:velocity = (7.4553047e-10, -1.194322e-8, 0.04864641)
                    quatd xformOp:orient = (-3.717078483328118e-8, 0.9999999999999967, -7.446423956076356e-8, 4.510748917889279e-9)
                    double3 xformOp:translate = (-1.7727379297838297e-7, -0.020000523250642388, -0.5176989653256401)
                }

                over "wheel_passive_9"
                {
                    vector3f physics:angularVelocity = (2.2690184e-10, 1.3100224e-10, -1.4718513e-16)
                    rel physics:simulationOwner
                    vector3f physics:velocity = (7.455036e-10, -1.1943176e-8, 0.04864641)
                    quatd xformOp:orient = (0.9510565165571799, -0.3090169935684923, 1.940778050593484e-8, -1.1191399195408518e-7)
                    double3 xformOp:translate = (-3.043731178209441e-7, 0.01617974850967485, -0.5294546404030784)
                }

                over "wheel_passive_4"
                {
                    vector3f physics:angularVelocity = (2.2690223e-10, 1.310021e-10, -4.0273065e-17)
                    rel physics:simulationOwner
                    vector3f physics:velocity = (7.455573e-10, -1.1943268e-8, 0.04864641)
                    quatd xformOp:orient = (0.30901698196690486, 0.9510565203267686, -5.8863094519722634e-8, -3.1898853993124163e-8)
                    double3 xformOp:translate = (-5.574161123789168e-7, -0.016180762820255268, -0.5059432604458793)
                }

                over "wheel_passive_8"
                {
                    vector3f physics:angularVelocity = (2.2690207e-10, 1.3100221e-10, -1.3600277e-16)
                    rel physics:simulationOwner
                    vector3f physics:velocity = (7.4548684e-10, -1.1943146e-8, 0.04864641)
                    quatd xformOp:orient = (0.8090169996456059, -0.5877852450380322, 4.305807702061651e-8, -1.7466398962858787e-8)
                    double3 xformOp:translate = (-0.0000010630735109984357, 0.0061801140609443195, -0.5367200889733299)
                }

                over "wheel"
                {
                    vector3f physics:angularVelocity = (2.2690184e-10, 1.3100247e-10, -1.6055836e-18)
                    rel physics:simulationOwner
                    vector3f physics:velocity = (7.4553047e-10, -1.194322e-8, 0.04864641)
                    quatd xformOp:orient = (0.9999999999999974, -6.485900874818233e-9, 3.0384076962646887e-9, -7.110363620651918e-8)
                    double3 xformOp:translate = (-3.1168531133829447e-7, -3.006787512305209e-7, -0.5176989653256401)
                }

                over "wheel_passive_3"
                {
                    vector3f physics:angularVelocity = (2.2690223e-10, 1.3100213e-10, -1.2069776e-16)
                    rel physics:simulationOwner
                    vector3f physics:velocity = (7.4557377e-10, -1.1943296e-8, 0.04864641)
                    quatd xformOp:orient = (0.587785209474475, 0.8090170254840411, -4.327988435367404e-8, -2.0618251332320165e-8)
                    double3 xformOp:translate = (-6.246218715588725e-7, -0.006180651534309689, -0.4986778118756279)
                }

                over "wheel_passive_0"
                {
                    vector3f physics:angularVelocity = (2.2690184e-10, 1.3100247e-10, -4.077756e-17)
                    rel physics:simulationOwner
                    vector3f physics:velocity = (7.4553047e-10, -1.194322e-8, 0.04864641)
                    quatd xformOp:orient = (0.9999999999999929, -6.5871174764856126e-9, 1.0714466893294362e-8, -1.1854393614919927e-7)
                    double3 xformOp:translate = (-6.845154372214779e-7, 0.019999508940061972, -0.5176989653256401)
                }

                over "wheel_passive_6"
                {
                    vector3f physics:angularVelocity = (2.2690207e-10, 1.3100226e-10, 9.591054e-17)
                    rel physics:simulationOwner
                    vector3f physics:velocity = (7.455036e-10, -1.1943176e-8, 0.04864641)
                    quatd xformOp:orient = (-0.30901698501758224, 0.9510565193355429, -7.428990969158619e-8, 6.9614197890905e-9)
                    double3 xformOp:translate = (-5.574161123789168e-7, -0.016180762820255268, -0.5294546702054008)
                }

                over "wheel_passive_1"
                {
                    vector3f physics:angularVelocity = (2.2690223e-10, 1.310025e-10, 4.7774256e-17)
                    rel physics:simulationOwner
                    vector3f physics:velocity = (7.455573e-10, -1.1943268e-8, 0.04864641)
                    quatd xformOp:orient = (0.9510565271926563, 0.3090169608358581, -1.8891078956516696e-8, -1.1642747616034146e-7)
                    double3 xformOp:translate = (-3.043731178209441e-7, 0.01617974850967485, -0.5059432604458793)
                }

                over "wheel_passive_2"
                {
                    vector3f physics:angularVelocity = (2.2690223e-10, 1.310021e-10, 6.214021e-17)
                    rel physics:simulationOwner
                    vector3f physics:velocity = (7.4557377e-10, -1.1943296e-8, 0.04864641)
                    quatd xformOp:orient = (0.8090169969241922, 0.5877852487837371, -2.866466060200137e-8, -3.2204952375004396e-8)
                    double3 xformOp:translate = (-0.0000010630735109984357, 0.0061801140609443195, -0.4986778118756279)
                }

                over "joints"
                {
                    over "wheel_passive_0_joint"
                    {
                        float physics:lowerLimit = -inf
                        float physics:upperLimit = inf
                    }

                    over "wheel_passive_1_joint"
                    {
                        float physics:lowerLimit = -inf
                        float physics:upperLimit = inf
                    }

                    over "wheel_passive_2_joint"
                    {
                        float physics:lowerLimit = -inf
                        float physics:upperLimit = inf
                    }

                    over "wheel_passive_3_joint"
                    {
                        float physics:lowerLimit = -inf
                        float physics:upperLimit = inf
                    }

                    over "wheel_passive_4_joint"
                    {
                        float physics:lowerLimit = -inf
                        float physics:upperLimit = inf
                    }

                    over "wheel_passive_5_joint"
                    {
                        float physics:lowerLimit = -inf
                        float physics:upperLimit = inf
                    }

                    over "wheel_passive_6_joint"
                    {
                        float physics:lowerLimit = -inf
                        float physics:upperLimit = inf
                    }

                    over "wheel_passive_7_joint"
                    {
                        float physics:lowerLimit = -inf
                        float physics:upperLimit = inf
                    }

                    over "wheel_passive_8_joint"
                    {
                        float physics:lowerLimit = -inf
                        float physics:upperLimit = inf
                    }

                    over "wheel_passive_9_joint"
                    {
                        float physics:lowerLimit = -inf
                        float physics:upperLimit = inf
                    }
                }
            }

            over "X5_Left"
            {
                over "Gripper_2023_Left"
                {
                    over "gripper_base"
                    {
                        vector3f physics:angularVelocity = (3.1136264e-31, 7.699397e-30, -4.7284102e-29)
                        rel physics:simulationOwner
                        vector3f physics:velocity = (-6.676683e-32, -2.8626614e-34, -2.1854747e-33)
                        quatd xformOp:orient = (0.9999999999999941, -3.63523865572991e-8, 9.242690868598829e-9, 1.017911622790645e-7)
                        double3 xformOp:translate = (-3.175040852454458e-8, -0.0000014958499274797532, -3.5494254424506266e-8)
                    }

                    over "link7"
                    {
                        vector3f physics:angularVelocity = (3.1136264e-31, 7.699397e-30, -4.7284102e-29)
                        rel physics:simulationOwner
                        vector3f physics:velocity = (-2.4359537e-31, -1.433452e-32, -4.717897e-33)
                        quatd xformOp:orient = (0.999999999999982, -3.626080247095565e-8, 9.219405072945812e-9, 1.859338128800623e-7)
                        double3 xformOp:translate = (0.08657023115852702, 0.024895125854174083, -0.000243639677451446)
                    }

                    over "link8"
                    {
                        vector3f physics:angularVelocity = (3.1136264e-31, 7.699397e-30, -4.7284102e-29)
                        rel physics:simulationOwner
                        vector3f physics:velocity = (3.640298e-32, 1.3811824e-32, -1.2998147e-34)
                        quatd xformOp:orient = (0.999999999999982, -3.626080247095565e-8, 9.219405072945812e-9, 1.859338128800623e-7)
                        double3 xformOp:translate = (0.08657023115852702, -0.02490097857697826, -0.00024369928209622138)
                    }

                    over "joints"
                    {
                        over "left_gripper_joint"
                        {
                            float physics:lowerLimit = 0
                            float physics:upperLimit = 0.044
                            float state:linear:physics:position = 1.396869e-32
                            float state:linear:physics:velocity = 0
                        }

                        over "left_joint8"
                        {
                            float state:linear:physics:position = 1.396778e-32
                            float state:linear:physics:velocity = 0
                        }
                    }
                }

                over "link5"
                {
                    vector3f physics:angularVelocity = (3.1136363e-31, -5.0402732e-36, -4.7284102e-29)
                    rel physics:simulationOwner
                    vector3f physics:velocity = (-1.1464606e-32, -4.476367e-34, -1.8178636e-33)
                    quatd xformOp:orient = (-0.0000035824822461205038, 0.9999999999935792, 8.429369829733854e-8, -1.0536773776816823e-8)
                    double3 xformOp:translate = (0.06874975367287028, -0.000502854964350874, 0.24299996522100126)
                }

                over "link3"
                {
                    vector3f physics:angularVelocity = (3.3451555e-31, 1.0359984e-36, -7.0703724e-30)
                    rel physics:simulationOwner
                    vector3f physics:velocity = (7.242437e-33, -2.1699146e-34, -1.0819086e-33)
                    quatd xformOp:orient = (-0.000003579354764735546, 0.999999999993594, -1.1102219716774564e-16, -1.7945704434156192e-8)
                    double3 xformOp:translate = (-0.24399963216086995, -0.0000012222739211864564, 0.10050001171262418)
                }

                over "ee"
                {
                    vector3f physics:angularVelocity = (3.1136264e-31, 7.699397e-30, -4.7284102e-29)
                    rel physics:simulationOwner
                    vector3f physics:velocity = (-3.2375248e-32, -2.65026e-34, -1.955559e-33)
                    quatd xformOp:orient = (0.9999999999999941, -3.63523865572991e-8, 9.242690868598829e-9, 1.017911622790645e-7)
                    double3 xformOp:translate = (0.09769996805885661, -0.0005019012900344677, 0.1564999761882559)
                }

                over "link1"
                {
                    vector3f physics:angularVelocity = (0, 1.03237465e-36, -7.070373e-30)
                    rel physics:simulationOwner
                    vector3f physics:velocity = (-6.6921725e-34, 9.907769e-34, 0)
                    quatd xformOp:orient = (0.9999999999999978, 0, 0, -6.664001874625051e-8)
                    double3 xformOp:translate = (3.2587746012779917e-7, -2.685996047802064e-7, 0.06049999025495206)
                }

                over "base_link"
                {
                    vector3f physics:angularVelocity = (0, 0, 0)
                    rel physics:simulationOwner
                    vector3f physics:velocity = (0, 0, 0)
                    quatd xformOp:orient = (0.9999999999999948, -1.2396538849242385e-9, 1.3002536982630035e-9, 1.0214141682022133e-7)
                    double3 xformOp:translate = (3.2587746012779917e-7, -2.685996047802064e-7, -5.691932092322105e-9)
                }

                over "link2"
                {
                    vector3f physics:angularVelocity = (1.0237463e-36, 1.0238517e-36, -7.070373e-30)
                    rel physics:simulationOwner
                    vector3f physics:velocity = (1.38666e-32, -2.5726892e-34, 0)
                    quatd xformOp:orient = (0.9999999999999948, 2.670558757637989e-9, 1.0359743270175228e-8, 1.0159547365298568e-7)
                    double3 xformOp:translate = (0.0200003068039738, -2.685996047802064e-7, 0.1004999819103018)
                }

                over "link4"
                {
                    vector3f physics:angularVelocity = (3.110757e-31, 1.02372e-36, -7.0703724e-30)
                    rel physics:simulationOwner
                    vector3f physics:velocity = (-5.0879084e-33, 3.431783e-35, -1.6488268e-33)
                    quatd xformOp:orient = (-0.000003598287315817853, 0.9999999999935203, 8.429369832508913e-8, -6.848869273233184e-8)
                    double3 xformOp:translate = (0.0009997765610538778, -0.0000012222739211864564, 0.1564999761882559)
                }

                over "joints"
                {
                    over "left_joint1"
                    {
                        float physics:lowerLimit = -164.43887
                        float physics:upperLimit = 179.90874
                        float state:angular:physics:position = 6.996123e-31
                        float state:angular:physics:velocity = 0
                    }

                    over "left_joint2"
                    {
                        float physics:lowerLimit = 0
                        float physics:upperLimit = 209.70255
                        float state:angular:physics:position = 7.8550946e-36
                        float state:angular:physics:velocity = 0
                    }

                    over "left_joint3"
                    {
                        float physics:lowerLimit = 0
                        float physics:upperLimit = 179.90874
                        float state:angular:physics:position = 3.268755e-32
                        float state:angular:physics:velocity = 0
                    }

                    over "left_joint4"
                    {
                        float physics:lowerLimit = -89.95437
                        float physics:upperLimit = 89.95437
                        float state:angular:physics:position = -2.4807095e-33
                        float state:angular:physics:velocity = 0
                    }

                    over "left_joint5"
                    {
                        float physics:lowerLimit = -89.95437
                        float physics:upperLimit = 89.95437
                        float state:angular:physics:position = -4.0029777e-30
                        float state:angular:physics:velocity = 0
                    }

                    over "left_joint6"
                    {
                        float physics:lowerLimit = -89.95437
                        float physics:upperLimit = 89.95437
                        float state:angular:physics:position = 7.663121e-31
                        float state:angular:physics:velocity = 0
                    }
                }
            }

            over "Angellun_OW"
            {
                over "wheel_passive_2"
                {
                    vector3f physics:angularVelocity = (-2.108261e-10, 1.2172069e-10, -3.701375e-17)
                    rel physics:simulationOwner
                    vector3f physics:velocity = (7.4557077e-10, -1.1943151e-8, 0.04864641)
                    quatd xformOp:orient = (0.8090170023391462, 0.5877852413306901, -1.554899275935695e-8, -6.543015780818211e-8)
                    double3 xformOp:translate = (-1.5939372843831734e-7, 0.006180920133947332, -0.4986779310849174)
                }

                over "wheel_passive_8"
                {
                    vector3f physics:angularVelocity = (-2.1082633e-10, 1.2172073e-10, 4.0272635e-17)
                    rel physics:simulationOwner
                    vector3f physics:velocity = (7.4549e-10, -1.1943291e-8, 0.04864641)
                    quatd xformOp:orient = (0.8090169999079092, -0.587785244677003, 1.554899286216151e-8, -3.9167566330946636e-8)
                    double3 xformOp:translate = (-1.5939372843831734e-7, 0.006180920133947332, -0.5367201783802971)
                }

                over "wheel"
                {
                    vector3f physics:angularVelocity = (-2.1082633e-10, 1.2172066e-10, -3.9830897e-18)
                    rel physics:simulationOwner
                    vector3f physics:velocity = (7.4553047e-10, -1.194322e-8, 0.04864641)
                    quatd xformOp:orient = (0.9999999999999997, 5.744043319258659e-9, 8.03268488076812e-9, -2.38456653236569e-8)
                    double3 xformOp:translate = (1.535428317822607e-7, 5.692783888733288e-7, -0.5176990547326072)
                }

                over "wheel_passive_0"
                {
                    vector3f physics:angularVelocity = (-2.1082633e-10, 1.2172066e-10, -4.0379616e-17)
                    rel physics:simulationOwner
                    vector3f physics:velocity = (7.4553047e-10, -1.194322e-8, 0.04864641)
                    quatd xformOp:orient = (0.9999999999999989, 5.9030172511574446e-9, 1.589848397819149e-8, -4.39640608199247e-8)
                    double3 xformOp:translate = (2.879543501421722e-7, 0.02000079185028003, -0.5176990547326072)
                }

                over "wheel_passive_6"
                {
                    vector3f physics:angularVelocity = (-2.1082633e-10, 1.2172056e-10, -5.3567512e-17)
                    rel physics:simulationOwner
                    vector3f physics:velocity = (7.4550555e-10, -1.1943263e-8, 0.04864641)
                    quatd xformOp:orient = (-0.3090170360468626, 0.9510565027551267, -1.4137392989114752e-8, 4.297476241637142e-9)
                    double3 xformOp:translate = (3.9927363282288297e-7, -0.016179892863114276, -0.529454759612368)
                }

                over "wheel_passive_3"
                {
                    vector3f physics:angularVelocity = (-2.108261e-10, 1.2172074e-10, 3.7768438e-17)
                    rel physics:simulationOwner
                    vector3f physics:velocity = (7.4557077e-10, -1.1943151e-8, 0.04864641)
                    quatd xformOp:orient = (0.5877852249662427, 0.8090170142286148, -2.868719559797606e-8, 1.1443877963282938e-10)
                    double3 xformOp:translate = (4.664793920028387e-7, -0.006179781577168697, -0.49867790128259504)
                }

                over "wheel_passive_9"
                {
                    vector3f physics:angularVelocity = (-2.1082633e-10, 1.2172013e-10, 1.01392286e-16)
                    rel physics:simulationOwner
                    vector3f physics:velocity = (7.455055e-10, -1.1943263e-8, 0.04864641)
                    quatd xformOp:orient = (0.9510565116422255, -0.3090170086951833, 1.7092461717783048e-8, -4.6459687019306e-8)
                    double3 xformOp:translate = (1.4623063826491034e-7, 0.016180618466816732, -0.5294547298100456)
                }

                over "wheel_passive_5"
                {
                    vector3f physics:angularVelocity = (-2.1082633e-10, 1.2172066e-10, 3.2413506e-17)
                    rel physics:simulationOwner
                    vector3f physics:velocity = (7.4553047e-10, -1.194322e-8, 0.04864641)
                    quatd xformOp:orient = (-4.956135140604311e-8, 0.9999999999999988, -1.1896265730853276e-8, -6.060169268198712e-10)
                    double3 xformOp:translate = (1.9131313422349194e-8, -0.019999653293501396, -0.5176990547326072)
                }

                over "wheel_passive_1"
                {
                    vector3f physics:angularVelocity = (-2.108261e-10, 1.2172037e-10, -9.389994e-17)
                    rel physics:simulationOwner
                    vector3f physics:velocity = (7.455554e-10, -1.1943179e-8, 0.04864641)
                    quatd xformOp:orient = (0.9510565133641626, 0.3090170033956062, 4.497664032511669e-9, -4.7309780580016327e-8)
                    double3 xformOp:translate = (1.4623063826491034e-7, 0.016180618466816732, -0.5059433498528465)
                }

                over "wheel_passive_4"
                {
                    vector3f physics:angularVelocity = (-2.1082533e-10, 1.2172076e-10, -5.4729234e-17)
                    rel physics:simulationOwner
                    vector3f physics:velocity = (7.455554e-10, -1.1943179e-8, 0.04864641)
                    quatd xformOp:orient = (0.3090169643954895, 0.9510565260360694, -1.3103989502078537e-8, -1.3446224491879463e-8)
                    double3 xformOp:translate = (3.9927363282288297e-7, -0.016179892863114276, -0.5059433498528465)
                }

                over "wheel_passive_7"
                {
                    vector3f physics:angularVelocity = (-2.1082577e-10, 1.2172016e-10, -2.4309334e-17)
                    rel physics:simulationOwner
                    vector3f physics:velocity = (7.4549e-10, -1.1943291e-8, 0.04864641)
                    quatd xformOp:orient = (-0.5877852225588369, 0.8090170159776973, -2.8687195648787166e-8, -1.38416238026754e-8)
                    double3 xformOp:translate = (4.664793920028387e-7, -0.006179781577168697, -0.5367201783802971)
                }

                over "joints"
                {
                    over "wheel_passive_4_joint"
                    {
                        float physics:lowerLimit = -inf
                        float physics:upperLimit = inf
                    }

                    over "wheel_passive_5_joint"
                    {
                        float physics:lowerLimit = -inf
                        float physics:upperLimit = inf
                    }

                    over "wheel_passive_6_joint"
                    {
                        float physics:lowerLimit = -inf
                        float physics:upperLimit = inf
                    }

                    over "wheel_passive_7_joint"
                    {
                        float physics:lowerLimit = -inf
                        float physics:upperLimit = inf
                    }

                    over "wheel_passive_8_joint"
                    {
                        float physics:lowerLimit = -inf
                        float physics:upperLimit = inf
                    }

                    over "wheel_passive_9_joint"
                    {
                        float physics:lowerLimit = -inf
                        float physics:upperLimit = inf
                    }

                    over "wheel_passive_2_joint"
                    {
                        float physics:lowerLimit = -inf
                        float physics:upperLimit = inf
                    }

                    over "wheel_passive_3_joint"
                    {
                        float physics:lowerLimit = -inf
                        float physics:upperLimit = inf
                    }

                    over "wheel_passive_0_joint"
                    {
                        float physics:lowerLimit = -inf
                        float physics:upperLimit = inf
                    }

                    over "wheel_passive_1_joint"
                    {
                        float physics:lowerLimit = -inf
                        float physics:upperLimit = inf
                    }
                }
            }

            over "head_link2"
            {
                vector3f physics:angularVelocity = (0, 0, 0)
                rel physics:simulationOwner
                vector3f physics:velocity = (0, 0, 0)
                quatd xformOp:orient = (0.9999999999999996, 3.275670774778507e-9, -2.4239963733360966e-8, 1.7025644154648958e-8)
                double3 xformOp:translate = (0.22678634424904232, -0.024999887129878218, 0.5480080309215323)
            }

            over "X5_Right"
            {
                over "link1"
                {
                    vector3f physics:angularVelocity = (0, 1.03237465e-36, -7.070373e-30)
                    rel physics:simulationOwner
                    vector3f physics:velocity = (-6.6921725e-34, 9.907769e-34, 0)
                    quatd xformOp:orient = (0.9999999999999978, 0, 0, -6.664001874625051e-8)
                    double3 xformOp:translate = (3.2587746012779917e-7, -2.685996047802064e-7, 0.06049999025495206)
                }

                over "ee"
                {
                    vector3f physics:angularVelocity = (3.1136264e-31, 7.699397e-30, -4.7284102e-29)
                    rel physics:simulationOwner
                    vector3f physics:velocity = (-3.2375248e-32, -2.65026e-34, -1.955559e-33)
                    quatd xformOp:orient = (0.9999999999999941, -3.63523865572991e-8, 9.242690868598829e-9, 1.017911622790645e-7)
                    double3 xformOp:translate = (0.09769996805885661, -0.0005019012900344677, 0.1564999761882559)
                }

                over "link5"
                {
                    vector3f physics:angularVelocity = (3.1136363e-31, -5.0402732e-36, -4.7284102e-29)
                    rel physics:simulationOwner
                    vector3f physics:velocity = (-1.1464606e-32, -4.476367e-34, -1.8178636e-33)
                    quatd xformOp:orient = (-0.0000035824822461205038, 0.9999999999935792, 8.429369829733854e-8, -1.0536773776816823e-8)
                    double3 xformOp:translate = (0.06874975367287028, -0.000502854964350874, 0.24299996522100126)
                }

                over "Gripper_2023_Right"
                {
                    over "link8"
                    {
                        vector3f physics:angularVelocity = (3.1136264e-31, 7.699397e-30, -4.7284102e-29)
                        rel physics:simulationOwner
                        vector3f physics:velocity = (3.640298e-32, 1.3811824e-32, -1.2998147e-34)
                        quatd xformOp:orient = (0.999999999999982, -3.626080247095565e-8, 9.219405072945812e-9, 1.859338128800623e-7)
                        double3 xformOp:translate = (0.08657023115852702, -0.02490097857697826, -0.00024369928209622138)
                    }

                    over "gripper_base"
                    {
                        vector3f physics:angularVelocity = (3.1136264e-31, 7.699397e-30, -4.7284102e-29)
                        rel physics:simulationOwner
                        vector3f physics:velocity = (-6.676683e-32, -2.8626614e-34, -2.1854747e-33)
                        quatd xformOp:orient = (0.9999999999999941, -3.63523865572991e-8, 9.242690868598829e-9, 1.017911622790645e-7)
                        double3 xformOp:translate = (-3.175040852454458e-8, -0.0000014958499274797532, -3.5494254424506266e-8)
                    }

                    over "link7"
                    {
                        vector3f physics:angularVelocity = (3.1136264e-31, 7.699397e-30, -4.7284102e-29)
                        rel physics:simulationOwner
                        vector3f physics:velocity = (-2.4359537e-31, -1.433452e-32, -4.717897e-33)
                        quatd xformOp:orient = (0.999999999999982, -3.626080247095565e-8, 9.219405072945812e-9, 1.859338128800623e-7)
                        double3 xformOp:translate = (0.08657023115852702, 0.024895125854174083, -0.000243639677451446)
                    }

                    over "joints"
                    {
                        over "right_gripper_joint"
                        {
                            float physics:lowerLimit = 0
                            float physics:upperLimit = 0.044
                            float state:linear:physics:position = 1.396869e-32
                            float state:linear:physics:velocity = 0
                        }

                        over "right_joint8"
                        {
                            float state:linear:physics:position = 1.396778e-32
                            float state:linear:physics:velocity = 0
                        }
                    }
                }

                over "link3"
                {
                    vector3f physics:angularVelocity = (3.3451555e-31, 1.0359984e-36, -7.0703724e-30)
                    rel physics:simulationOwner
                    vector3f physics:velocity = (7.242437e-33, -2.1699146e-34, -1.0819086e-33)
                    quatd xformOp:orient = (-0.000003579354764735546, 0.999999999993594, -1.1102219716774564e-16, -1.7945704434156192e-8)
                    double3 xformOp:translate = (-0.24399963216086995, -0.0000012222739211864564, 0.10050001171262418)
                }

                over "base_link"
                {
                    vector3f physics:angularVelocity = (0, 0, 0)
                    rel physics:simulationOwner
                    vector3f physics:velocity = (0, 0, 0)
                    quatd xformOp:orient = (0.9999999999999948, -1.2396538849242385e-9, 1.3002536982630035e-9, 1.0214141682022133e-7)
                    double3 xformOp:translate = (3.2587746012779917e-7, -2.685996047802064e-7, -5.691932092322105e-9)
                }

                over "link2"
                {
                    vector3f physics:angularVelocity = (1.0237463e-36, 1.0238517e-36, -7.070373e-30)
                    rel physics:simulationOwner
                    vector3f physics:velocity = (1.38666e-32, -2.5726892e-34, 0)
                    quatd xformOp:orient = (0.9999999999999948, 2.670558757637989e-9, 1.0359743270175228e-8, 1.0159547365298568e-7)
                    double3 xformOp:translate = (0.0200003068039738, -2.685996047802064e-7, 0.1004999819103018)
                }

                over "link4"
                {
                    vector3f physics:angularVelocity = (3.110757e-31, 1.02372e-36, -7.0703724e-30)
                    rel physics:simulationOwner
                    vector3f physics:velocity = (-5.0879084e-33, 3.431783e-35, -1.6488268e-33)
                    quatd xformOp:orient = (-0.000003598287315817853, 0.9999999999935203, 8.429369832508913e-8, -6.848869273233184e-8)
                    double3 xformOp:translate = (0.0009997765610538778, -0.0000012222739211864564, 0.1564999761882559)
                }

                over "joints"
                {
                    over "right_joint1"
                    {
                        float physics:lowerLimit = -164.43887
                        float physics:upperLimit = 179.90874
                        float state:angular:physics:position = 6.996123e-31
                        float state:angular:physics:velocity = 0
                    }

                    over "right_joint2"
                    {
                        float physics:lowerLimit = 0
                        float physics:upperLimit = 209.70255
                        float state:angular:physics:position = 7.8550946e-36
                        float state:angular:physics:velocity = 0
                    }

                    over "right_joint3"
                    {
                        float physics:lowerLimit = 0
                        float physics:upperLimit = 179.90874
                        float state:angular:physics:position = 3.268755e-32
                        float state:angular:physics:velocity = 0
                    }

                    over "right_joint4"
                    {
                        float physics:lowerLimit = -89.95437
                        float physics:upperLimit = 89.95437
                        float state:angular:physics:position = -2.4807095e-33
                        float state:angular:physics:velocity = 0
                    }

                    over "right_joint5"
                    {
                        float physics:lowerLimit = -89.95437
                        float physics:upperLimit = 89.95437
                        float state:angular:physics:position = -4.0029777e-30
                        float state:angular:physics:velocity = 0
                    }

                    over "right_joint6"
                    {
                        float physics:lowerLimit = -89.95437
                        float physics:upperLimit = 89.95437
                        float state:angular:physics:position = 7.663121e-31
                        float state:angular:physics:velocity = 0
                    }
                }
            }

            over "wheel_3"
            {
                vector3f physics:angularVelocity = (9.2041065e-18, 2.6890093e-10, -3.3755448e-18)
                rel physics:simulationOwner
                vector3f physics:velocity = (7.4553047e-10, -1.194322e-8, 0.04864641)
                quatd xformOp:orient = (0.9999999999999947, 1.6690568746178408e-9, -6.376776711018468e-9, 1.0302762738376818e-7)
                double3 xformOp:translate = (-0.36469867924949284, -2.685996047802064e-7, -0.4876990256008371)
            }

            over "lift_link"
            {
                vector3f physics:angularVelocity = (0, 0, 0)
                rel physics:simulationOwner
                vector3f physics:velocity = (0, 0, 0)
                quatd xformOp:orient = (0.9999999999999722, -2.0565650180734405e-10, 2.0565650180734413e-10, -2.3560786625676064e-7)
                double3 xformOp:translate = (-0.031999857228008466, -2.685996047802064e-7, 0.2329999270740286)
            }

            over "wheel_1"
            {
                vector3f physics:angularVelocity = (-2.1082633e-10, 1.2172066e-10, -3.9830897e-18)
                rel physics:simulationOwner
                vector3f physics:velocity = (7.4553047e-10, -1.194322e-8, 0.04864641)
                quatd xformOp:orient = (-0.49999994916593804, -1.0009761134110268e-8, 9.758127754494569e-10, 0.866025433133496)
                double3 xformOp:translate = (0.1823494126389349, 0.3158375915078171, -0.4876990554031595)
            }

            over "head_link1"
            {
                vector3f physics:angularVelocity = (0, 0, 0)
                rel physics:simulationOwner
                vector3f physics:velocity = (0, 0, 0)
                quatd xformOp:orient = (0.9999999999999973, -3.795439738859178e-24, -2.664885060242101e-8, -6.796255792545326e-8)
                double3 xformOp:translate = (0.22678634424904232, -2.685996047802064e-7, 0.49900800612600005)
            }

            over "joints"
            {
                over "lift_joint"
                {
                    float drive:linear:physics:targetPosition = 0.50100005
                    float physics:lowerLimit = 0
                    float physics:upperLimit = 0.86
                    float state:linear:physics:position = 0.5176992
                    float state:linear:physics:velocity = -0
                }

                over "wheel1_joint"
                {
                    float physics:lowerLimit = -inf
                    float physics:upperLimit = inf
                }

                over "wheel2_joint"
                {
                    float physics:lowerLimit = -inf
                    float physics:upperLimit = inf
                }

                over "wheel3_joint"
                {
                    float physics:lowerLimit = -inf
                    float physics:upperLimit = inf
                }

                over "head_joint1"
                {
                    float physics:lowerLimit = -90
                    float physics:upperLimit = 90
                }

                over "head_joint2"
                {
                    float physics:lowerLimit = -45
                    float physics:upperLimit = 45
                }
            }
        }

        def "ARX_X7S" (
            prepend payload = @./humanoid/ARX_X7S/ARX_X7S.usd@
        )
        {
            string[] isaac:changelog (
                displayName = "Changelog"
            )
            string isaac:description (
                displayName = "Description"
            )
            token isaac:license (
                displayName = "License"
            )
            string isaac:namespace (
                displayName = "Namespace"
            )
            rel isaac:physics:robotJoints (
                displayName = "Robot Joints"
            )
            rel isaac:physics:robotLinks (
                displayName = "Robot Links"
            )
            token isaac:robotType (
                displayName = "Robot Type"
            )
            string isaac:source (
                displayName = "Source"
            )
            string isaac:version (
                displayName = "Version"
            )
            quatd xformOp:orient = (1, 0, 0, 0)
            double3 xformOp:scale = (1, 1, 1)
            double3 xformOp:translate = (-1.9291353156176738, -4.852179311702557, 0.5419280265750812)
            uniform token[] xformOpOrder = ["xformOp:translate", "xformOp:orient", "xformOp:scale"]

            over "right_gripper_base"
            {
                vector3f physics:angularVelocity = (0.0050706277, 0.0030172716, -0.0029319308)
                rel physics:simulationOwner
                vector3f physics:velocity = (-0.00001839779, 0.000022342123, -0.000014490435)
                quatd xformOp:orient = (0.912813889565505, -0.10158033457588671, 0.39311384331078475, -0.04374636946271947)
                double3 xformOp:translate = (0.2797506749629968, -0.24097636031018688, 0.13162573824501766)
            }

            over "right_gripper_left"
            {
                vector3f physics:angularVelocity = (0.0050706277, 0.0030172716, -0.0029319308)
                rel physics:simulationOwner
                vector3f physics:velocity = (-0.000022097971, 0.000025390034, -0.000017811295)
                quatd xformOp:orient = (0.9128138862097029, -0.10158032396281266, 0.393113853551979, -0.04374637209944043)
                double3 xformOp:translate = (0.38307318091392456, -0.2337484626661439, 0.05045643101311459)
            }

            over "right_wrist"
            {
                vector3f physics:angularVelocity = (0.005426264, 0.0013066574, -0.0013538246)
                rel physics:simulationOwner
                vector3f physics:velocity = (-0.000012460501, 0.000015992597, -0.000010099284)
                quatd xformOp:orient = (0.9128138688960238, -0.10158034368320625, 0.39311386938920057, -0.04374654525931142)
                double3 xformOp:translate = (0.25038683414459173, -0.2005281715284486, 0.1871615911541058)
            }

            over "right_shoulder"
            {
                vector3f physics:angularVelocity = (0.0001942984, 0.0014981863, 2.5671536e-11)
                rel physics:simulationOwner
                vector3f physics:velocity = (-6.1716287e-7, 8.003933e-8, 2.4756227e-7)
                quatd xformOp:orient = (0.9938650149298242, -0.11059987386310585, 1.0536712149535505e-8, -7.333625635338641e-8)
                double3 xformOp:translate = (0.18925008177757205, -0.15120032118665172, 0.529999997716911)
            }

            over "right_elbow"
            {
                vector3f physics:angularVelocity = (0.005469078, 0.0014981879, -0.001155861)
                rel physics:simulationOwner
                vector3f physics:velocity = (-0.000007837556, 0.0000058160063, -0.0000014495826)
                quatd xformOp:orient = (0.9128138922486345, -0.10158035571036766, 0.3931138224736463, -0.043746451648241806)
                double3 xformOp:translate = (0.16200007498264254, -0.17518046187268688, 0.2996362711010052)
            }

            over "right_forearm"
            {
                vector3f physics:angularVelocity = (0.005424555, 0.0013066574, -0.0013534395)
                rel physics:simulationOwner
                vector3f physics:velocity = (-0.000010460661, 0.000011722768, -0.000006204868)
                quatd xformOp:orient = (0.9128138888928328, -0.1015803450972936, 0.39311383271484057, -0.043746454284962155)
                double3 xformOp:translate = (0.21603208780288638, -0.21912386702405406, 0.2285918856678082)
            }

            over "right_upper_arm"
            {
                vector3f physics:angularVelocity = (0.00020134187, 0.0014981863, 0.000031255157)
                rel physics:simulationOwner
                vector3f physics:velocity = (-0.0000049004993, 6.364291e-7, 0.0000010617754)
                quatd xformOp:orient = (0.9938650149361166, -0.11059987380643513, 3.161013640104713e-8, 1.8006038708836755e-7)
                double3 xformOp:translate = (0.16200008988380374, -0.17021658705579235, 0.44561627159691586)
            }

            over "head"
            {
                vector3f physics:angularVelocity = (0, 0, 0)
                rel physics:simulationOwner
                vector3f physics:velocity = (0, 0, 0)
                quatd xformOp:orient = (0.9999999999999996, 1.1212384042247942e-8, 2.1282374238681932e-8, 1.75932205850423e-8)
                double3 xformOp:translate = (0.16200010478496496, -0.025199916828741564, 0.654999997716911)
            }

            over "base_link"
            {
                vector3f physics:angularVelocity = (0, 8.129012e-19, -1.7440977e-20)
                rel physics:simulationOwner
                vector3f physics:velocity = (-1.1841314e-12, 7.2395423e-12, -0.00005590783)
                quatd xformOp:orient = (0.9999999999999979, 8.772837558302897e-9, -6.199194691672815e-8, 1.7288242600819177e-8)
                double3 xformOp:translate = (5.587935393958795e-8, -9.803663392204953e-7, -0.48297104586982)
            }

            over "left_shoulder"
            {
                vector3f physics:angularVelocity = (0.0006046057, 0.0007884645, -5.909813e-10)
                rel physics:simulationOwner
                vector3f physics:velocity = (-3.3645034e-7, 2.5799494e-7, -1.324688e-7)
                quatd xformOp:orient = (0.9980811034638526, 0.06192019790208944, -3.6615074641737595e-7, -1.0192895036982086e-7)
                double3 xformOp:translate = (0.1892501413822169, 0.15080067826403187, 0.529999997716911)
            }

            over "wheel_2"
            {
                vector3f physics:angularVelocity = (-1.6339598e-7, -1.6339942e-7, 2.0415903e-14)
                rel physics:simulationOwner
                vector3f physics:velocity = (-1.1841318e-12, 7.208456e-12, -0.000055907833)
                quatd xformOp:orient = (0.9238795049249423, 3.272012464692785e-8, -6.136679489223664e-8, -0.3826834989644037)
                double3 xformOp:translate = (-0.209999948740006, 0.1699990959276061, -0.4579710548105167)
            }

            over "Angellun_OW"
            {
                over "wheel_passive_2"
                {
                    vector3f physics:angularVelocity = (-1.6338662e-7, 1.6338079e-7, 1.0877497e-12)
                    rel physics:simulationOwner
                    vector3f physics:velocity = (5.3056077e-11, 6.156853e-11, -0.000055907803)
                    quatd xformOp:orient = (0.8090169692044943, 0.5877852869366207, 4.8373340629878576e-8, -8.094394996501003e-8)
                    double3 xformOp:translate = (3.3489220641058637e-7, 0.006180685620842397, -0.46394984212838875)
                }

                over "wheel"
                {
                    vector3f physics:angularVelocity = (-1.6338284e-7, 1.6337968e-7, -2.121317e-14)
                    rel physics:simulationOwner
                    vector3f physics:velocity = (-1.1833234e-12, 7.2266637e-12, -0.000055907814)
                    quatd xformOp:orient = (0.9999999999999964, 3.628034496920292e-8, 4.584534652714407e-8, -6.072370318354025e-8)
                    double3 xformOp:translate = (6.300034023354328e-7, 6.510768475465056e-7, -0.48297096577607856)
                }

                over "wheel_passive_9"
                {
                    vector3f physics:angularVelocity = (-1.6338014e-7, 1.6338385e-7, 7.6333314e-13)
                    rel physics:simulationOwner
                    vector3f physics:velocity = (-3.4706155e-11, -2.633982e-11, -0.000055907756)
                    quatd xformOp:orient = (0.9510565143566176, -0.3090170003411416, 4.200097792229367e-8, -4.314399784443757e-8)
                    double3 xformOp:translate = (6.297854202585995e-7, 0.016180994807573512, -0.4947266632052587)
                }

                over "wheel_passive_7"
                {
                    vector3f physics:angularVelocity = (-1.6337562e-7, 1.633834e-7, 2.2200271e-12)
                    rel physics:simulationOwner
                    vector3f physics:velocity = (-5.5423305e-11, -4.697398e-11, -0.000055907843)
                    quatd xformOp:orient = (-0.5877853044644052, 0.8090169564698165, -3.6450470187595666e-8, -1.604694137968929e-8)
                    double3 xformOp:translate = (2.5076503540333306e-7, -0.0061800578167350295, -0.501992096874349)
                }

                over "wheel_passive_1"
                {
                    vector3f physics:angularVelocity = (-1.6338821e-7, 1.6338055e-7, -3.5367768e-12)
                    rel physics:simulationOwner
                    vector3f physics:velocity = (3.233746e-11, 4.0689674e-11, -0.000055907756)
                    quatd xformOp:orient = (0.9510565054725205, 0.30901702768357986, 4.2759687680546725e-8, -3.703290929726736e-8)
                    double3 xformOp:translate = (6.297854202585995e-7, 0.016180994807573512, -0.4712152683468984)
                }

                over "wheel_passive_4"
                {
                    vector3f physics:angularVelocity = (-1.6338248e-7, 1.6338257e-7, -5.0888875e-14)
                    rel physics:simulationOwner
                    vector3f physics:velocity = (3.2337417e-11, 4.0689674e-11, -0.000055907887)
                    quatd xformOp:orient = (0.3090168892051949, 0.951056550466869, 3.3228827528925066e-8, -5.5401265913004164e-8)
                    double3 xformOp:translate = (6.302213879649798e-7, -0.016179692653880196, -0.4712152683468984)
                }

                over "wheel_passive_6"
                {
                    vector3f physics:angularVelocity = (-1.6338295e-7, 1.6338103e-7, 2.557166e-12)
                    rel physics:simulationOwner
                    vector3f physics:velocity = (-3.4706002e-11, -2.638556e-11, -0.000055907887)
                    quatd xformOp:orient = (-0.3090170696084182, 0.9510564918503135, 1.5143163335008056e-8, -2.5688829529172582e-8)
                    double3 xformOp:translate = (6.302213879649798e-7, -0.016179692653880196, -0.4947266781064199)
                }

                over "wheel_passive_0"
                {
                    vector3f physics:angularVelocity = (-1.6338284e-7, 1.6337968e-7, -5.5758797e-14)
                    rel physics:simulationOwner
                    vector3f physics:velocity = (-1.1841369e-12, 7.1600503e-12, -0.00005590775)
                    quatd xformOp:orient = (0.9999999999999978, 3.599667926505279e-8, 5.2992658397797364e-8, -1.8355090202009252e-8)
                    double3 xformOp:translate = (5.665136875165899e-7, 0.02000057402729638, -0.48297096577607856)
                }

                over "wheel_passive_3"
                {
                    vector3f physics:angularVelocity = (-1.633785e-7, 1.6338751e-7, -1.9019716e-12)
                    rel physics:simulationOwner
                    vector3f physics:velocity = (5.3055983e-11, 6.156853e-11, -0.000055907843)
                    quatd xformOp:orient = (0.5877852314581922, 0.8090170095119331, 4.142675789497532e-8, -8.275309420922422e-8)
                    double3 xformOp:translate = (2.5076503540333306e-7, -0.0061800578167350295, -0.46394984212838875)
                }

                over "wheel_passive_8"
                {
                    vector3f physics:angularVelocity = (-1.6338385e-7, 1.6338102e-7, -2.544444e-13)
                    rel physics:simulationOwner
                    vector3f physics:velocity = (-5.5422875e-11, -4.692602e-11, -0.000055907803)
                    quatd xformOp:orient = (0.8090170425036453, -0.5877851860489955, 5.2313596489641515e-8, 8.53922295008787e-9)
                    double3 xformOp:translate = (3.243554935750126e-7, 0.006180696157555232, -0.5019920894237684)
                }

                over "wheel_passive_5"
                {
                    vector3f physics:angularVelocity = (-1.6338284e-7, 1.6337968e-7, 1.3333623e-14)
                    rel physics:simulationOwner
                    vector3f physics:velocity = (-1.1841477e-12, 7.1600503e-12, -0.000055907894)
                    quatd xformOp:orient = (-8.00390475506582e-8, 0.9999999999999961, 1.652924877487641e-9, -3.833035175340945e-8)
                    double3 xformOp:translate = (7.040298335425632e-7, -0.019999282410314123, -0.48297097322665916)
                }

                over "joints"
                {
                    over "wheel_passive_0_joint"
                    {
                        float physics:lowerLimit = -inf
                        float physics:upperLimit = inf
                    }

                    over "wheel_passive_1_joint"
                    {
                        float physics:lowerLimit = -inf
                        float physics:upperLimit = inf
                    }

                    over "wheel_passive_2_joint"
                    {
                        float physics:lowerLimit = -inf
                        float physics:upperLimit = inf
                    }

                    over "wheel_passive_3_joint"
                    {
                        float physics:lowerLimit = -inf
                        float physics:upperLimit = inf
                    }

                    over "wheel_passive_4_joint"
                    {
                        float physics:lowerLimit = -inf
                        float physics:upperLimit = inf
                    }

                    over "wheel_passive_5_joint"
                    {
                        float physics:lowerLimit = -inf
                        float physics:upperLimit = inf
                    }

                    over "wheel_passive_6_joint"
                    {
                        float physics:lowerLimit = -inf
                        float physics:upperLimit = inf
                    }

                    over "wheel_passive_7_joint"
                    {
                        float physics:lowerLimit = -inf
                        float physics:upperLimit = inf
                    }

                    over "wheel_passive_8_joint"
                    {
                        float physics:lowerLimit = -inf
                        float physics:upperLimit = inf
                    }

                    over "wheel_passive_9_joint"
                    {
                        float physics:lowerLimit = -inf
                        float physics:upperLimit = inf
                    }
                }
            }

            over "Angellun_OW_01"
            {
                over "wheel"
                {
                    vector3f physics:angularVelocity = (-1.6339598e-7, -1.6339942e-7, 2.0415903e-14)
                    rel physics:simulationOwner
                    vector3f physics:velocity = (-1.1849597e-12, 7.0756734e-12, -0.00005590783)
                    quatd xformOp:orient = (0.9999999999999976, 5.3962302904575086e-8, -4.437867784882361e-8, 1.893178801883901e-9)
                    double3 xformOp:translate = (6.72150353153711e-7, -6.089298896228001e-7, -0.4829710551830457)
                }

                over "wheel_passive_8"
                {
                    vector3f physics:angularVelocity = (-1.6339885e-7, -1.6339449e-7, -9.859719e-13)
                    rel physics:simulationOwner
                    vector3f physics:velocity = (5.3061392e-11, -4.711609e-11, -0.000055907803)
                    quatd xformOp:orient = (0.8090170220292703, -0.5877852142295611, 5.658924077229764e-9, -1.7024090514530273e-8)
                    double3 xformOp:translate = (9.76800714980186e-7, 0.006179436150867801, -0.5019921788307355)
                }

                over "wheel_passive_4"
                {
                    vector3f physics:angularVelocity = (-1.633977e-7, -1.6339912e-7, -3.4477213e-12)
                    rel physics:simulationOwner
                    vector3f physics:velocity = (-3.4709822e-11, 4.0597303e-11, -0.00005590788)
                    quatd xformOp:orient = (0.30901689485990913, 0.9510565486295395, -8.941650759718972e-8, 2.496818063861841e-8)
                    double3 xformOp:translate = (6.745441059052837e-7, -0.01618095266061559, -0.471215350303285)
                }

                over "wheel_passive_3"
                {
                    vector3f physics:angularVelocity = (-1.6339949e-7, -1.6340044e-7, 9.541664e-14)
                    rel physics:simulationOwner
                    vector3f physics:velocity = (-5.542989e-11, 6.133627e-11, -0.00005590786)
                    quatd xformOp:orient = (0.5877851964050379, 0.8090170349795391, -5.401053770273474e-8, 5.747597487566218e-8)
                    double3 xformOp:translate = (0.0000010523863753775231, -0.006181317823411803, -0.4639499240847753)
                }

                over "wheel_passive_0"
                {
                    vector3f physics:angularVelocity = (-1.6339598e-7, -1.6339942e-7, -1.4132566e-14)
                    rel physics:simulationOwner
                    vector3f physics:velocity = (-1.1841475e-12, 7.2013506e-12, -0.000055907756)
                    quatd xformOp:orient = (0.9999999999999971, 5.33305550173387e-8, -3.6338350280805176e-8, -4.010655717539117e-8)
                    double3 xformOp:translate = (7.324117952123288e-7, 0.01999931402056987, -0.48297104773246513)
                }

                over "wheel_passive_5"
                {
                    vector3f physics:angularVelocity = (-1.6339598e-7, -1.6339942e-7, 5.496373e-14)
                    rel physics:simulationOwner
                    vector3f physics:velocity = (-1.1841371e-12, 7.208456e-12, -0.000055907913)
                    quatd xformOp:orient = (-9.74249065253637e-8, 0.9999999999999926, -5.3890523699525554e-8, 5.174885859811245e-8)
                    double3 xformOp:translate = (0.0000012757018748033033, -0.02000121676654132, -0.4829710551830457)
                }

                over "wheel_passive_9"
                {
                    vector3f physics:angularVelocity = (-1.6340088e-7, -1.63398e-7, -1.2340553e-12)
                    rel physics:simulationOwner
                    vector3f physics:velocity = (3.234151e-11, -2.6333602e-11, -0.000055907763)
                    quatd xformOp:orient = (0.9510565201881365, -0.30901698239357667, -2.5640217677076464e-8, -1.5531445444534595e-8)
                    double3 xformOp:translate = (6.697565986257814e-7, 0.016179734800834566, -0.4947267451616453)
                }

                over "wheel_passive_2"
                {
                    vector3f physics:angularVelocity = (-1.6339763e-7, -1.6339844e-7, 7.6333315e-14)
                    rel physics:simulationOwner
                    vector3f physics:velocity = (-5.5430036e-11, 6.133627e-11, -0.000055907803)
                    quatd xformOp:orient = (0.8090169837872286, 0.5877852668652146, -5.600238999938684e-8, 1.6589734227980542e-8)
                    double3 xformOp:translate = (9.66264005697326e-7, 0.006179425614153189, -0.4639499315353559)
                }

                over "wheel_passive_6"
                {
                    vector3f physics:angularVelocity = (-1.6339669e-7, -1.6340225e-7, -2.0864439e-12)
                    rel physics:simulationOwner
                    vector3f physics:velocity = (3.2341838e-11, -2.6329605e-11, -0.00005590788)
                    quatd xformOp:orient = (-0.30901708027676766, 0.9510564883839524, -7.13308569805895e-8, 4.274007249698751e-8)
                    double3 xformOp:translate = (6.745441059052837e-7, -0.01618095266061559, -0.49472676006280647)
                }

                over "wheel_passive_1"
                {
                    vector3f physics:angularVelocity = (-1.6339881e-7, -1.6340148e-7, -5.1397766e-12)
                    rel physics:simulationOwner
                    vector3f physics:velocity = (-3.471003e-11, 4.0597303e-11, -0.000055907763)
                    quatd xformOp:orient = (0.9510565012629698, 0.30901704063924157, -5.675841939768467e-8, -2.8549461206092302e-8)
                    double3 xformOp:translate = (6.697565986257814e-7, 0.016179734800834566, -0.471215350303285)
                }

                over "wheel_passive_7"
                {
                    vector3f physics:angularVelocity = (-1.6340252e-7, -1.6339752e-7, 1.1449997e-12)
                    rel physics:simulationOwner
                    vector3f physics:velocity = (5.3061083e-11, -4.711609e-11, -0.00005590786)
                    quatd xformOp:orient = (-0.5877852856918495, 0.8090169701088781, -3.1200829361361154e-8, 2.1280515854585068e-8)
                    double3 xformOp:translate = (0.0000010523863753775231, -0.006181317823411803, -0.5019921788307355)
                }

                over "joints"
                {
                    over "wheel_passive_0_joint"
                    {
                        float physics:lowerLimit = -inf
                        float physics:upperLimit = inf
                    }

                    over "wheel_passive_1_joint"
                    {
                        float physics:lowerLimit = -inf
                        float physics:upperLimit = inf
                    }

                    over "wheel_passive_2_joint"
                    {
                        float physics:lowerLimit = -inf
                        float physics:upperLimit = inf
                    }

                    over "wheel_passive_3_joint"
                    {
                        float physics:lowerLimit = -inf
                        float physics:upperLimit = inf
                    }

                    over "wheel_passive_4_joint"
                    {
                        float physics:lowerLimit = -inf
                        float physics:upperLimit = inf
                    }

                    over "wheel_passive_5_joint"
                    {
                        float physics:lowerLimit = -inf
                        float physics:upperLimit = inf
                    }

                    over "wheel_passive_6_joint"
                    {
                        float physics:lowerLimit = -inf
                        float physics:upperLimit = inf
                    }

                    over "wheel_passive_7_joint"
                    {
                        float physics:lowerLimit = -inf
                        float physics:upperLimit = inf
                    }

                    over "wheel_passive_8_joint"
                    {
                        float physics:lowerLimit = -inf
                        float physics:upperLimit = inf
                    }
                }
            }

            over "wheel_4"
            {
                vector3f physics:angularVelocity = (-2.5287036e-7, -2.528673e-7, 3.0138425e-14)
                rel physics:simulationOwner
                vector3f physics:velocity = (-1.1841319e-12, 7.208456e-12, -0.000055907833)
                quatd xformOp:orient = (0.38268346429705224, -5.7459464725885505e-8, -2.860496590643424e-8, 0.9238795192846319)
                double3 xformOp:translate = (0.21000006794929446, -0.17000105666028453, -0.4579710548105167)
            }

            over "right_gripper_right"
            {
                vector3f physics:angularVelocity = (0.0050706277, 0.0030172716, -0.0029319308)
                rel physics:simulationOwner
                vector3f physics:velocity = (-0.000021772523, 0.000026067233, -0.000016435139)
                quatd xformOp:orient = (0.9128138862097029, -0.10158032396281266, 0.393113853551979, -0.04374637209944043)
                double3 xformOp:translate = (0.38307321071624695, -0.2823181419263978, 0.061402049165733)
            }

            over "Angellun_OW_03"
            {
                over "wheel_passive_9"
                {
                    vector3f physics:angularVelocity = (-2.5286198e-7, -2.5286687e-7, -7.506109e-13)
                    rel physics:simulationOwner
                    vector3f physics:velocity = (5.0698105e-11, -4.4864112e-11, -0.000055907916)
                    quatd xformOp:orient = (0.9510564962331151, -0.3090170561195275, 5.8685954664957444e-8, -9.011104945126886e-8)
                    double3 xformOp:translate = (-8.089095242524991e-7, 0.01618102641771202, -0.49472676006280647)
                }

                over "wheel_passive_1"
                {
                    vector3f physics:angularVelocity = (-2.5286576e-7, -2.5286693e-7, 1.0177776e-12)
                    rel physics:simulationOwner
                    vector3f physics:velocity = (-5.3066315e-11, 5.896661e-11, -0.000055907916)
                    quatd xformOp:orient = (0.9510565375037356, 0.30901692910161765, 1.898863523012905e-8, -1.0453232452742708e-7)
                    double3 xformOp:translate = (-8.089095242524991e-7, 0.01618102641771202, -0.4712153652044462)
                }

                over "wheel_passive_3"
                {
                    vector3f physics:angularVelocity = (-2.5286087e-7, -2.5286815e-7, -7.6969426e-13)
                    rel physics:simulationOwner
                    vector3f physics:velocity = (-8.513133e-11, 9.098455e-11, -0.000055907785)
                    quatd xformOp:orient = (0.5877853567321021, 0.8090169184950988, 8.916712034221271e-9, -9.969459931582728e-8)
                    double3 xformOp:translate = (-4.2988914117358945e-7, -0.006180026206596523, -0.4639499315353559)
                }

                over "wheel"
                {
                    vector3f physics:angularVelocity = (-2.5287036e-7, -2.528673e-7, 3.0138425e-14)
                    rel physics:simulationOwner
                    vector3f physics:velocity = (-1.1853818e-12, 7.1396222e-12, -0.000055907814)
                    quatd xformOp:orient = (0.999999999999997, -4.9116721193283247e-8, 4.274856240480854e-8, -4.1896449068140705e-8)
                    double3 xformOp:translate = (-7.985907970464723e-7, 6.932236971124439e-7, -0.4829710551830457)
                }

                over "wheel_passive_7"
                {
                    vector3f physics:angularVelocity = (-2.5286744e-7, -2.5286752e-7, -1.685694e-12)
                    rel physics:simulationOwner
                    vector3f physics:velocity = (8.2763116e-11, -7.681367e-11, -0.000055907785)
                    quatd xformOp:orient = (-0.587785229287633, 0.8090170110889386, -6.423646662928115e-8, 3.262315982866639e-8)
                    double3 xformOp:translate = (-4.2988914117358945e-7, -0.006180026206596523, -0.5019921862813161)
                }

                over "wheel_passive_4"
                {
                    vector3f physics:angularVelocity = (-2.5286175e-7, -2.5286897e-7, -1.0813886e-12)
                    rel physics:simulationOwner
                    vector3f physics:velocity = (-5.306637e-11, 5.903411e-11, -0.00005590772)
                    quatd xformOp:orient = (0.3090170234060789, 0.9510565068623634, -3.795287406653441e-8, -6.94968295121304e-8)
                    double3 xformOp:translate = (-7.988087808996625e-7, -0.016179650507028853, -0.471215350303285)
                }

                over "wheel_passive_5"
                {
                    vector3f physics:angularVelocity = (-2.5287036e-7, -2.528673e-7, -2.3327026e-14)
                    rel physics:simulationOwner
                    vector3f physics:velocity = (-1.1841243e-12, 7.208456e-12, -0.000055907694)
                    quatd xformOp:orient = (4.704934503278123e-9, 0.9999999999999978, -5.672043939669584e-8, -3.4564191112381415e-8)
                    double3 xformOp:translate = (-1.982676600675859e-7, -0.01999991461304873, -0.4829710551830457)
                }

                over "wheel_passive_0"
                {
                    vector3f physics:angularVelocity = (-2.5287036e-7, -2.528673e-7, 8.3603284e-14)
                    rel physics:simulationOwner
                    vector3f physics:velocity = (-1.1841062e-12, 7.2102324e-12, -0.00005590795)
                    quatd xformOp:orient = (0.9999999999999932, -4.855140149502077e-8, 4.985245542130329e-8, -9.328566343100704e-8)
                    double3 xformOp:translate = (-7.351010822276294e-7, 0.020000616174145947, -0.4829710626336263)
                }

                over "wheel_passive_2"
                {
                    vector3f physics:angularVelocity = (-2.528614e-7, -2.5287008e-7, 2.4044993e-12)
                    rel physics:simulationOwner
                    vector3f physics:velocity = (-8.513133e-11, 9.098455e-11, -0.00005590786)
                    quatd xformOp:orient = (0.8090170753593291, 0.587785140827009, 1.1012960694987378e-8, -1.034305180176305e-7)
                    double3 xformOp:translate = (-5.03479599345269e-7, 0.006180727767693739, -0.4639499315353559)
                }

                over "wheel_passive_6"
                {
                    vector3f physics:angularVelocity = (-2.5286178e-7, -2.5286784e-7, 3.0533326e-13)
                    rel physics:simulationOwner
                    vector3f physics:velocity = (5.0698147e-11, -4.463674e-11, -0.00005590772)
                    quatd xformOp:orient = (-0.30901698513188436, 0.9510565192984045, -6.076258229641557e-8, -2.9328210456928043e-8)
                    double3 xformOp:translate = (-7.988087808996625e-7, -0.016179650507028853, -0.49472676751338707)
                }

                over "wheel_passive_8"
                {
                    vector3f physics:angularVelocity = (-2.528663e-7, -2.528648e-7, -2.671666e-13)
                    rel physics:simulationOwner
                    vector3f physics:velocity = (8.276311e-11, -7.681367e-11, -0.00005590786)
                    quatd xformOp:orient = (0.8090170068009679, -0.5877852351895164, 7.590709306030816e-8, -4.201394013184355e-8)
                    double3 xformOp:translate = (-5.03479599345269e-7, 0.006180727767693739, -0.5019921862813161)
                }

                over "joints"
                {
                    over "wheel_passive_8_joint"
                    {
                        float physics:lowerLimit = -inf
                        float physics:upperLimit = inf
                    }

                    over "wheel_passive_9_joint"
                    {
                        float physics:lowerLimit = -inf
                        float physics:upperLimit = inf
                    }

                    over "wheel_passive_0_joint"
                    {
                        float physics:lowerLimit = -inf
                        float physics:upperLimit = inf
                    }

                    over "wheel_passive_1_joint"
                    {
                        float physics:lowerLimit = -inf
                        float physics:upperLimit = inf
                    }

                    over "wheel_passive_2_joint"
                    {
                        float physics:lowerLimit = -inf
                        float physics:upperLimit = inf
                    }

                    over "wheel_passive_3_joint"
                    {
                        float physics:lowerLimit = -inf
                        float physics:upperLimit = inf
                    }

                    over "wheel_passive_4_joint"
                    {
                        float physics:lowerLimit = -inf
                        float physics:upperLimit = inf
                    }

                    over "wheel_passive_5_joint"
                    {
                        float physics:lowerLimit = -inf
                        float physics:upperLimit = inf
                    }

                    over "wheel_passive_6_joint"
                    {
                        float physics:lowerLimit = -inf
                        float physics:upperLimit = inf
                    }

                    over "wheel_passive_7_joint"
                    {
                        float physics:lowerLimit = -inf
                        float physics:upperLimit = inf
                    }
                }
            }

            over "left_gripper_base"
            {
                vector3f physics:angularVelocity = (0.013413511, -0.0022752704, 0.00463834)
                rel physics:simulationOwner
                vector3f physics:velocity = (-0.0000074521267, 0.00006033351, -0.00003374414)
                quatd xformOp:orient = (0.8737769619616784, 0.0108868049428412, 0.47400611306664014, 0.10822893789838109)
                double3 xformOp:translate = (0.24224254488944957, 0.21811768723619984, 0.10752650747872128)
            }

            over "left_wrist"
            {
                vector3f physics:angularVelocity = (0.012815722, 0.0036663793, 0.00070159935)
                rel physics:simulationOwner
                vector3f physics:velocity = (-0.000012832379, 0.00004199864, -0.00002414924)
                quatd xformOp:orient = (0.8737781377497491, 0.010881663025665624, 0.47400623943536546, 0.10821940850290772)
                double3 xformOp:translate = (0.23059441149234722, 0.18018815232409047, 0.17083724985695614)
            }

            over "Angellun_OW_02"
            {
                over "wheel_passive_4"
                {
                    vector3f physics:angularVelocity = (-1.6337738e-7, 1.6338593e-7, -1.7174995e-12)
                    rel physics:simulationOwner
                    vector3f physics:velocity = (3.2339117e-11, 4.0760284e-11, -0.000055907763)
                    quatd xformOp:orient = (0.30901699619260026, 0.9510565157045598, -6.633793084131907e-8, 2.5565206436265915e-8)
                    double3 xformOp:translate = (-4.234130379643375e-8, -0.01618044689852738, -0.4712152981492208)
                }

                over "wheel_passive_1"
                {
                    vector3f physics:angularVelocity = (-1.6337539e-7, 1.6338923e-7, -2.0228329e-12)
                    rel physics:simulationOwner
                    vector3f physics:velocity = (3.2338583e-11, 4.0724757e-11, -0.00005590788)
                    quatd xformOp:orient = (0.9510565433986128, 0.30901691095905537, -7.598367645488769e-8, -3.1085226004779805e-9)
                    double3 xformOp:translate = (-2.701708545771453e-8, 0.016180230026211717, -0.471215313050382)
                }

                over "wheel_passive_0"
                {
                    vector3f physics:angularVelocity = (-1.6338227e-7, 1.6338673e-7, 1.3352084e-14)
                    rel physics:simulationOwner
                    vector3f physics:velocity = (-1.1841264e-12, 7.263967e-12, -0.000055907913)
                    quatd xformOp:orient = (0.9999999999999968, -3.746345379770625e-8, -3.868637252602839e-8, -5.9490736700350076e-8)
                    double3 xformOp:translate = (-1.002089948798357e-7, 0.01999981978265808, -0.48297101047956215)
                }

                over "wheel_passive_8"
                {
                    vector3f physics:angularVelocity = (-1.6338595e-7, 1.6338235e-7, -8.5874976e-13)
                    rel physics:simulationOwner
                    vector3f physics:velocity = (-5.542538e-11, -4.6950444e-11, -0.00005590786)
                    quatd xformOp:orient = (0.8090169999487256, -0.5877852446208228, -9.348730931812068e-10, -5.7250445003377464e-8)
                    double3 xformOp:translate = (-3.34061203588476e-7, 0.0061799313762449515, -0.501992134127252)
                }

                over "wheel_passive_3"
                {
                    vector3f physics:angularVelocity = (-1.6338458e-7, 1.633859e-7, -3.371388e-13)
                    rel physics:simulationOwner
                    vector3f physics:velocity = (5.30575e-11, 6.152767e-11, -0.000055907803)
                    quatd xformOp:orient = (0.5877853452492, 0.8090169268379163, -1.0174390855074797e-7, 4.8421250094967906e-8)
                    double3 xformOp:translate = (-4.2018357326867317e-7, -0.0061808120613218165, -0.46394987938129173)
                }

                over "wheel_passive_7"
                {
                    vector3f physics:angularVelocity = (-1.6338348e-7, 1.633894e-7, -6.424721e-13)
                    rel physics:simulationOwner
                    vector3f physics:velocity = (-5.5425345e-11, -4.6950444e-11, -0.000055907803)
                    quatd xformOp:orient = (-0.5877852239287962, 0.8090170149823598, -2.859073726641573e-8, 7.929008915884251e-8)
                    double3 xformOp:translate = (-4.0964686398581307e-7, -0.006180822598036428, -0.501992134127252)
                }

                over "wheel_passive_2"
                {
                    vector3f physics:angularVelocity = (-1.6338427e-7, 1.6338605e-7, -2.2899995e-13)
                    rel physics:simulationOwner
                    vector3f physics:velocity = (5.3057128e-11, 6.152723e-11, -0.00005590786)
                    quatd xformOp:orient = (0.8090170689693552, 0.5877851496220577, -8.598517255601585e-8, 3.6978139824418785e-8)
                    double3 xformOp:translate = (-3.34061203588476e-7, 0.0061799313762449515, -0.4639498868318723)
                }

                over "wheel_passive_6"
                {
                    vector3f physics:angularVelocity = (-1.6337502e-7, 1.6338603e-7, -1.5012218e-12)
                    rel physics:simulationOwner
                    vector3f physics:velocity = (-3.4707258e-11, -2.6225688e-11, -0.000055907763)
                    quatd xformOp:orient = (-0.3090170487925686, 0.9510564986137917, -6.161388339780117e-8, 4.800221193003966e-8)
                    double3 xformOp:translate = (-4.234130379643375e-8, -0.01618044689852738, -0.4947267079087423)
                }

                over "wheel_passive_9"
                {
                    vector3f physics:angularVelocity = (-1.6338154e-7, 1.6338686e-7, -1.2722219e-12)
                    rel physics:simulationOwner
                    vector3f physics:velocity = (-3.470696e-11, -2.6225688e-11, -0.00005590788)
                    quatd xformOp:orient = (0.9510565050516412, -0.30901702897891703, -2.2341220242979956e-8, -1.5752229050324005e-8)
                    double3 xformOp:translate = (-2.701708545771453e-8, 0.016180230026211717, -0.4947267079087423)
                }

                over "wheel_passive_5"
                {
                    vector3f physics:angularVelocity = (-1.6338227e-7, 1.6338673e-7, -5.5739887e-14)
                    rel physics:simulationOwner
                    vector3f physics:velocity = (-1.1841154e-12, 7.2568618e-12, -0.000055907756)
                    quatd xformOp:orient = (-6.634157606429726e-9, 0.9999999999999954, -7.90542117752398e-8, 5.343711402009432e-8)
                    double3 xformOp:translate = (3.085060384933058e-8, -0.02000003665497374, -0.48297100302898155)
                }

                over "wheel"
                {
                    vector3f physics:angularVelocity = (-1.6338227e-7, 1.6338673e-7, -2.1194587e-14)
                    rel physics:simulationOwner
                    vector3f physics:velocity = (-1.1833037e-12, 7.284839e-12, -0.00005590783)
                    quatd xformOp:orient = (0.9999999999999982, -3.72005365447872e-8, -4.60148459733439e-8, -7.174099917751859e-9)
                    double3 xformOp:translate = (-3.994755104486103e-8, -1.0316780141295112e-7, -0.48297101047956215)
                }
            }

            over "body"
            {
                vector3f physics:angularVelocity = (0, 0, 0)
                rel physics:simulationOwner
                vector3f physics:velocity = (0, 0, 0)
                quatd xformOp:orient = (0.9999999999999977, -4.4662919884679653e-10, -6.828840954332152e-10, -6.828082377283239e-8)
                double3 xformOp:translate = (0.16200010478496496, -0.05459978865491344, 0.25000014553643)
            }

            over "right_mount"
            {
                vector3f physics:angularVelocity = (0.00019429802, -2.645163e-11, -1.1496243e-13)
                rel physics:simulationOwner
                vector3f physics:velocity = (5.728422e-17, 5.860012e-10, -6.888042e-8)
                quatd xformOp:orient = (0.9999999999999977, -3.0070418593925897e-10, -3.9373171839958455e-10, -6.828390187849648e-8)
                double3 xformOp:translate = (0.16200010478496496, -0.08819964217053844, 0.5300001169262005)
            }

            over "wheel_1"
            {
                vector3f physics:angularVelocity = (-1.6338284e-7, 1.6337968e-7, -2.121317e-14)
                rel physics:simulationOwner
                vector3f physics:velocity = (-1.1841317e-12, 7.1600503e-12, -0.000055907833)
                quatd xformOp:orient = (-0.38268336996718877, -5.6312806762397e-8, 1.5995246401182906e-8, 0.9238795583573394)
                double3 xformOp:translate = (0.21000000834464977, 0.1699990959276061, -0.45797096540354953)
            }

            over "left_mount"
            {
                vector3f physics:angularVelocity = (0.0006046056, -3.3829127e-11, 2.9595484e-14)
                rel physics:simulationOwner
                vector3f physics:velocity = (1.2520155e-16, 1.8233248e-9, -2.1433821e-7)
                quatd xformOp:orient = (0.9999999999999274, 2.450104634911283e-11, -3.7510416574432955e-7, -6.718657501253111e-8)
                double3 xformOp:translate = (0.16200013458728738, 0.08779999924791859, 0.529999997716911)
            }

            over "left_elbow"
            {
                vector3f physics:angularVelocity = (0.013075689, 0.0030307847, -0.00029716647)
                rel physics:simulationOwner
                vector3f physics:velocity = (-0.0000062239924, 0.000015189943, -0.0000056964004)
                quatd xformOp:orient = (0.8737781436415647, 0.010882505948742505, 0.47400632312385976, 0.10821890960999267)
                double3 xformOp:translate = (0.16687266528606365, 0.15262314988268422, 0.29844990025139584)
            }

            over "wheel_3"
            {
                vector3f physics:angularVelocity = (-1.6338227e-7, 1.6338673e-7, -2.1194587e-14)
                rel physics:simulationOwner
                vector3f physics:velocity = (-1.1841317e-12, 7.263967e-12, -0.00005590784)
                quatd xformOp:orient = (0.9238795069401042, -1.670413718131707e-8, -5.6560100046520615e-8, 0.38268349409937535)
                double3 xformOp:translate = (-0.20999994874000608, -0.17000010298596813, -0.4579710101070331)
            }

            over "lift"
            {
                vector3f physics:angularVelocity = (0, 8.129012e-19, -1.7440977e-20)
                rel physics:simulationOwner
                vector3f physics:velocity = (1.2738581e-22, -5.421011e-18, -1.3211654e-14)
                quatd xformOp:orient = (0.9999999999999886, -6.915043755805723e-10, 6.915043755805723e-10, -1.5122710719535438e-7)
                double3 xformOp:translate = (0.09600010514259284, -2.669202281424532e-8, 0.3100001479206158)
            }

            over "neck"
            {
                vector3f physics:angularVelocity = (0, 0, 0)
                rel physics:simulationOwner
                vector3f physics:velocity = (0, 0, 0)
                quatd xformOp:orient = (0.9999999999999994, 8.6934550992471e-9, 2.608036529774129e-8, 1.8827145535075223e-8)
                double3 xformOp:translate = (0.16200011968612618, -0.00020029829846812675, 0.6059998537120892)
            }

            over "left_forearm"
            {
                vector3f physics:angularVelocity = (0.012833988, 0.0036697234, 0.00070387375)
                rel physics:simulationOwner
                vector3f physics:velocity = (-0.000010038562, 0.000030639236, -0.000015823978)
                quatd xformOp:orient = (0.8737781381820792, 0.010881684115406916, 0.4740062190727091, 0.10821949208098677)
                double3 xformOp:translate = (0.19936135411262462, 0.19682213975084828, 0.21545102844811215)
            }

            over "left_upper_arm"
            {
                vector3f physics:angularVelocity = (0.00083158293, 0.0007884627, -0.0018222638)
                rel physics:simulationOwner
                vector3f physics:velocity = (-0.0000026556831, 0.000002052124, -3.2398864e-7)
                quatd xformOp:orient = (0.9940519642911886, 0.06167016439061441, -0.0055585213133998316, 0.08959121582874414)
                double3 xformOp:translate = (0.16200020909309337, 0.16149232102526234, 0.44416334877587094)
            }

            over "left_gripper_right"
            {
                vector3f physics:angularVelocity = (0.013413511, -0.0022752704, 0.00463834)
                rel physics:simulationOwner
                vector3f physics:velocity = (0.00277463, 0.0005767368, 0.00030264555)
                quatd xformOp:orient = (0.8737769714181955, 0.01088680493031347, 0.4740061125211887, 0.10822886394213702)
                double3 xformOp:translate = (0.3360765874385829, 0.19832703782213734, 0.008437302213676112)
            }

            over "left_gripper_left"
            {
                vector3f physics:angularVelocity = (0.013413511, -0.0022752704, 0.00463834)
                rel physics:simulationOwner
                vector3f physics:velocity = (-0.0027820547, -0.00043593982, -0.0003818877)
                quatd xformOp:orient = (0.8737769714181955, 0.01088680493031347, 0.4740061125211887, 0.10822886394213702)
                double3 xformOp:translate = (0.31901025772094677, 0.2915096016038756, 0.020045604806907313)
            }

            over "joints"
            {
                over "waist_joint"
                {
                    float physics:lowerLimit = 0
                    float physics:upperLimit = 89.95437
                    float state:angular:physics:position = 1.0644366e-9
                    float state:angular:physics:velocity = -0
                }

                over "lift_joint"
                {
                    float drive:linear:physics:targetPosition = 0.483
                    float physics:lowerLimit = 0
                    float physics:upperLimit = 0.54
                    float state:linear:physics:position = 0.48297134
                    float state:linear:physics:velocity = -0
                }

                over "wheel1_joint"
                {
                    float physics:lowerLimit = -inf
                    float physics:upperLimit = inf
                }

                over "head_joint1"
                {
                    float physics:lowerLimit = -89.99998
                    float physics:upperLimit = 89.99998
                    float state:angular:physics:position = 0
                    float state:angular:physics:velocity = 0
                }

                over "left_joint1"
                {
                    float physics:lowerLimit = -30.000013
                    float physics:upperLimit = 180.00002
                    float state:angular:physics:position = 0.00005372161
                    float state:angular:physics:velocity = 0
                }

                over "right_joint1"
                {
                    float physics:lowerLimit = -30.000013
                    float physics:upperLimit = 180.00002
                    float state:angular:physics:position = 0.000016527918
                    float state:angular:physics:velocity = 0
                }

                over "head_joint2"
                {
                    float physics:lowerLimit = -44.99999
                    float physics:upperLimit = 44.99999
                    float state:angular:physics:position = 0
                    float state:angular:physics:velocity = 0
                }

                over "left_joint2"
                {
                    float drive:angular:physics:targetPosition = 7.1
                    float physics:lowerLimit = -24.999979
                    float physics:upperLimit = 89.99998
                    float state:angular:physics:position = 7.100087
                    float state:angular:physics:velocity = 0
                }

                over "right_joint2"
                {
                    float drive:angular:physics:targetPosition = 12.7
                    float physics:lowerLimit = -24.999979
                    float physics:upperLimit = 89.99998
                    float state:angular:physics:position = 12.699825
                    float state:angular:physics:velocity = 0
                }

                over "left_joint3"
                {
                    float drive:angular:physics:targetPosition = -10.3
                    float physics:lowerLimit = -89.99998
                    float physics:upperLimit = 89.99998
                    float state:angular:physics:position = -10.300015
                    float state:angular:physics:velocity = 0
                }

                over "right_joint3"
                {
                    float physics:lowerLimit = -89.99998
                    float physics:upperLimit = 89.99998
                    float state:angular:physics:position = 0.000021861897
                    float state:angular:physics:velocity = 0
                }

                over "left_joint4"
                {
                    float drive:angular:physics:targetPosition = 57.600002
                    float physics:lowerLimit = -44.99999
                    float physics:upperLimit = 89.99998
                    float state:angular:physics:position = 57.598576
                    float state:angular:physics:velocity = 0
                }

                over "right_joint4"
                {
                    float drive:angular:physics:targetPosition = 46.600002
                    float physics:lowerLimit = -44.99999
                    float physics:upperLimit = 89.99998
                    float state:angular:physics:position = 46.599384
                    float state:angular:physics:velocity = 0
                }

                over "left_joint5"
                {
                    float physics:lowerLimit = -160
                    float physics:upperLimit = 160
                    float state:angular:physics:position = -0.00011368336
                    float state:angular:physics:velocity = 0
                }

                over "right_joint5"
                {
                    float physics:lowerLimit = -160
                    float physics:upperLimit = 160
                    float state:angular:physics:position = 0.000018013972
                    float state:angular:physics:velocity = 0
                }

                over "left_joint6"
                {
                    float physics:lowerLimit = -44.99999
                    float physics:upperLimit = 89.99998
                    float state:angular:physics:position = 0.0000030914025
                    float state:angular:physics:velocity = 0
                }

                over "right_joint6"
                {
                    float physics:lowerLimit = -44.99999
                    float physics:upperLimit = 89.99998
                    float state:angular:physics:position = -7.363262e-8
                    float state:angular:physics:velocity = 0
                }

                over "left_joint7"
                {
                    float physics:lowerLimit = -89.99998
                    float physics:upperLimit = 89.99998
                    float state:angular:physics:position = -0.001254426
                    float state:angular:physics:velocity = 0
                }

                over "right_joint7"
                {
                    float physics:lowerLimit = -89.99998
                    float physics:upperLimit = 89.99998
                    float state:angular:physics:position = 4.2011092e-9
                    float state:angular:physics:velocity = 0
                }

                over "left_gripper_1"
                {
                    float state:linear:physics:position = 0.023253215
                    float state:linear:physics:velocity = 0
                }

                over "left_gripper_joint"
                {
                    float physics:lowerLimit = 0
                    float physics:upperLimit = 0.044
                    float state:linear:physics:position = 0.022392046
                    float state:linear:physics:velocity = 0
                }

                over "right_gripper_1"
                {
                    float state:linear:physics:position = -0.0000076611395
                    float state:linear:physics:velocity = 0
                }

                over "right_gripper_joint"
                {
                    float physics:lowerLimit = 0
                    float physics:upperLimit = 0.044
                    float state:linear:physics:position = 2.9773187e-8
                    float state:linear:physics:velocity = 0
                }

                over "wheel2_joint"
                {
                    float physics:lowerLimit = -inf
                    float physics:upperLimit = inf
                }
            }
        }

        def "ARX_Lift2S" (
            prepend payload = @./mobile_manipulator/ARX_Lift2S/ARX_Lift2S.usd@
        )
        {
            string[] isaac:changelog (
                displayName = "Changelog"
            )
            string isaac:description (
                displayName = "Description"
            )
            token isaac:license (
                displayName = "License"
            )
            string isaac:namespace (
                displayName = "Namespace"
            )
            rel isaac:physics:robotJoints (
                displayName = "Robot Joints"
            )
            rel isaac:physics:robotLinks (
                displayName = "Robot Links"
            )
            token isaac:robotType (
                displayName = "Robot Type"
            )
            string isaac:source (
                displayName = "Source"
            )
            string isaac:version (
                displayName = "Version"
            )
            quatd xformOp:orient = (1, 0, 0, 0)
            double3 xformOp:scale = (1, 1, 1)
            double3 xformOp:translate = (-1.9291353156176925, -5.637473388161407, 0.5397969765993105)
            uniform token[] xformOpOrder = ["xformOp:translate", "xformOp:orient", "xformOp:scale"]

            over "wheel_02"
            {
                over "wheel_passive_7"
                {
                    vector3f physics:angularVelocity = (-1.4884185e-14, -1.6064788e-10, -1.5299374e-17)
                    rel physics:simulationOwner
                    vector3f physics:velocity = (1.1655329e-9, 2.6661157e-8, -0.15000008)
                    quatd xformOp:orient = (0.7660444521805924, -0.6427875988873216, -8.706093007969688e-8, -1.405975214840833e-8)
                    double3 xformOp:translate = (0.038499987308626804, 0.0034735174960207615, -0.39581518806204025)
                }

                over "wheel_passive_6"
                {
                    vector3f physics:angularVelocity = (-1.4865227e-14, -1.6064788e-10, -3.789615e-17)
                    rel physics:simulationOwner
                    vector3f physics:velocity = (1.1655258e-9, 2.6661155e-8, -0.15000008)
                    quatd xformOp:orient = (-0.5000000347825146, 0.8660253837027386, 8.232551456484035e-8, 4.087288354822353e-8)
                    double3 xformOp:translate = (0.03849998403165428, -0.009999993304306898, -0.3934395555375499)
                }

                over "wheel_passive_3"
                {
                    vector3f physics:angularVelocity = (-1.4832597e-14, -1.6064788e-10, -2.9967916e-17)
                    rel physics:simulationOwner
                    vector3f physics:velocity = (1.1654289e-9, 2.6661157e-8, -0.15000008)
                    quatd xformOp:orient = (0.5000000028387533, 0.8660254021454766, 4.018061610587149e-8, 1.0381717307928035e-7)
                    double3 xformOp:translate = (0.03849998403165428, -0.009999993304306898, -0.35879852808698837)
                }

                over "wheel_passive_8"
                {
                    vector3f physics:angularVelocity = (-1.4868708e-14, -1.6064788e-10, 6.6158352e-18)
                    rel physics:simulationOwner
                    vector3f physics:velocity = (1.1655137e-9, 2.6661155e-8, -0.15000008)
                    quatd xformOp:orient = (0.939692592357119, -0.34202022143309274, -8.243204948039474e-8, 9.379056387499815e-8)
                    double3 xformOp:translate = (0.038499962433971746, 0.015321013577288767, -0.3889748100160045)
                }

                over "wheel_passive_0"
                {
                    vector3f physics:angularVelocity = (-1.484835e-14, -1.6064788e-10, -3.9454257e-18)
                    rel physics:simulationOwner
                    vector3f physics:velocity = (1.1654775e-9, 2.6661155e-8, -0.15000008)
                    quatd xformOp:orient = (0.999999999999996, -1.7219390505053095e-8, -8.013376861249993e-8, 3.5716627722867656e-8)
                    double3 xformOp:translate = (0.03849997595017046, 0.019999739794915428, -0.37611904181226913)
                }

                over "wheel_passive_4"
                {
                    vector3f physics:angularVelocity = (-1.4832284e-14, -1.6064788e-10, -4.5175245e-17)
                    rel physics:simulationOwner
                    vector3f physics:velocity = (1.1654583e-9, 2.6661155e-8, -0.15000008)
                    quatd xformOp:orient = (0.17364825753236487, 0.9848077389297714, 2.19712009619768e-8, 6.763073278723913e-8)
                    double3 xformOp:translate = (0.0384999643801931, -0.018793824215459054, -0.369278633963911)
                }

                over "wheel_passive_2"
                {
                    vector3f physics:angularVelocity = (-1.485147e-14, -1.6064788e-10, -2.5205108e-17)
                    rel physics:simulationOwner
                    vector3f physics:velocity = (1.1654222e-9, 2.6661159e-8, -0.15000008)
                    quatd xformOp:orient = (0.766044474035397, 0.6427875728417827, -1.830716812162462e-8, 4.2446456583834375e-8)
                    double3 xformOp:translate = (0.038499987308626804, 0.0034735174960207615, -0.356422895562498)
                }

                over "wheel_passive_1"
                {
                    vector3f physics:angularVelocity = (-1.4817676e-14, -1.6064788e-10, 3.0948255e-20)
                    rel physics:simulationOwner
                    vector3f physics:velocity = (1.1654416e-9, 2.6661157e-8, -0.15000008)
                    quatd xformOp:orient = (0.9396926328112413, 0.3420201102863343, -3.347715375208552e-8, -1.7895608901396628e-8)
                    double3 xformOp:translate = (0.038499962433971746, 0.015321013577288767, -0.36326330341085616)
                }

                over "wheel_passive_5"
                {
                    vector3f physics:angularVelocity = (-1.4848062e-14, -1.6064788e-10, -4.9041083e-17)
                    rel physics:simulationOwner
                    vector3f physics:velocity = (1.1654963e-9, 2.6661157e-8, -0.15000008)
                    quatd xformOp:orient = (-0.17364822351988052, 0.9848077449270892, 6.412000360363717e-8, 8.384896147416091e-8)
                    double3 xformOp:translate = (0.0384999643801931, -0.018793824215459054, -0.3829594496606273)
                }

                over "wheel"
                {
                    vector3f physics:angularVelocity = (-1.484835e-14, -1.6064788e-10, -2.2504878e-17)
                    rel physics:simulationOwner
                    vector3f physics:velocity = (1.1654773e-9, 2.6661155e-8, -0.15000008)
                    quatd xformOp:orient = (0.999999999999997, -1.3034154638398203e-8, -6.779454030752396e-8, 3.506016900030101e-8)
                    double3 xformOp:translate = (-2.984707436759493e-8, 4.830062856342465e-7, -0.37611904181226913)
                }
            }

            over "wheel_01"
            {
                over "wheel_passive_5"
                {
                    vector3f physics:angularVelocity = (1.39855e-10, 8.07071e-11, 4.1718613e-15)
                    rel physics:simulationOwner
                    vector3f physics:velocity = (1.1654679e-9, 2.6661173e-8, -0.15000008)
                    quatd xformOp:orient = (-0.17364816932472407, 0.9848077544831635, -1.873344259597941e-8, -2.874411998312166e-8)
                    double3 xformOp:translate = (0.03850031815490773, -0.018794154086029025, -0.38295950926527206)
                }

                over "wheel_passive_4"
                {
                    vector3f physics:angularVelocity = (1.39855e-10, 8.0707906e-11, -3.092334e-15)
                    rel physics:simulationOwner
                    vector3f physics:velocity = (1.1654873e-9, 2.6661139e-8, -0.15000008)
                    quatd xformOp:orient = (0.17364829255424016, 0.9848077327544681, 1.2120052012596002e-8, -3.342179579844867e-8)
                    double3 xformOp:translate = (0.038500325605456354, -0.018794141181226465, -0.36927869356855575)
                }

                over "wheel_passive_1"
                {
                    vector3f physics:angularVelocity = (1.398538e-10, 8.0708704e-11, 3.9648393e-15)
                    rel physics:simulationOwner
                    vector3f physics:velocity = (1.1654956e-9, 2.6661125e-8, -0.15000008)
                    quatd xformOp:orient = (0.9396926307736091, 0.34202011588468245, 3.69406349029999e-8, 2.5076008325428607e-8)
                    double3 xformOp:translate = (0.03850021616362298, 0.015320651458015533, -0.36326336301550094)
                }

                over "wheel_passive_2"
                {
                    vector3f physics:angularVelocity = (1.39855e-10, 8.0733135e-11, 4.272237e-15)
                    rel physics:simulationOwner
                    vector3f physics:velocity = (1.165505e-9, 2.6661109e-8, -0.15000008)
                    quatd xformOp:orient = (0.7660445000645385, 0.6427875418214566, 4.999587291418517e-9, -2.4651805262630766e-8)
                    double3 xformOp:translate = (0.038500468482830286, 0.003472588578452118, -0.3564229551671428)
                }

                over "wheel"
                {
                    vector3f physics:angularVelocity = (1.39855e-10, 8.07077e-11, 1.4135676e-17)
                    rel physics:simulationOwner
                    vector3f physics:velocity = (1.1654773e-9, 2.6661157e-8, -0.15000008)
                    quatd xformOp:orient = (0.9999999999999972, -5.313956319778782e-8, 4.2734275320802746e-8, -3.001805555128311e-8)
                    double3 xformOp:translate = (3.145256446401845e-7, -3.020349241822373e-7, -0.3761191014169139)
                }

                over "wheel_passive_8"
                {
                    vector3f physics:angularVelocity = (1.398546e-10, 8.07071e-11, -2.7686597e-15)
                    rel physics:simulationOwner
                    vector3f physics:velocity = (1.1654594e-9, 2.6661182e-8, -0.15000008)
                    quatd xformOp:orient = (0.9396925846709346, -0.3420202425507243, 4.5323160363824235e-8, -3.9043209119214985e-9)
                    double3 xformOp:translate = (0.03850021616362298, 0.015320651458015533, -0.38897486962064926)
                }

                over "wheel_passive_3"
                {
                    vector3f physics:angularVelocity = (1.3980331e-10, 8.07093e-11, -3.5564986e-15)
                    rel physics:simulationOwner
                    vector3f physics:velocity = (1.1655024e-9, 2.666112e-8, -0.15000008)
                    quatd xformOp:orient = (0.5000000327982791, 0.8660253848483417, 2.370971749415074e-8, -3.323264438229243e-8)
                    double3 xformOp:translate = (0.038499900855253344, -0.010000055062832303, -0.35879858769163314)
                }

                over "wheel_passive_6"
                {
                    vector3f physics:angularVelocity = (1.398562e-10, 8.070689e-11, 1.4614969e-14)
                    rel physics:simulationOwner
                    vector3f physics:velocity = (1.1654528e-9, 2.6661201e-8, -0.15000008)
                    quatd xformOp:orient = (-0.4999999868931876, 0.866025411351658, -1.9470546544134902e-8, -5.885283208798664e-8)
                    double3 xformOp:translate = (0.038499900855253344, -0.010000055062832303, -0.39343961514219467)
                }

                over "wheel_passive_0"
                {
                    vector3f physics:angularVelocity = (1.39855e-10, 8.07077e-11, 3.196972e-17)
                    rel physics:simulationOwner
                    vector3f physics:velocity = (1.1654775e-9, 2.6661155e-8, -0.15000008)
                    quatd xformOp:orient = (0.999999999999998, -5.283217246326646e-8, 3.188034887048175e-8, 1.3755282525582733e-8)
                    double3 xformOp:translate = (0.038500375183501134, 0.01999967291123994, -0.3761191014169139)
                }

                over "wheel_passive_7"
                {
                    vector3f physics:angularVelocity = (1.398558e-10, 8.073154e-11, -6.9790085e-15)
                    rel physics:simulationOwner
                    vector3f physics:velocity = (1.1654497e-9, 2.6661205e-8, -0.15000008)
                    quatd xformOp:orient = (0.7660444311267122, -0.6427876239783598, 5.464075000311126e-8, 6.078830833298442e-8)
                    double3 xformOp:translate = (0.03850046103227989, 0.0034725756736495583, -0.395815247666685)
                }
            }

            over "wheel"
            {
                over "wheel"
                {
                    vector3f physics:angularVelocity = (-9.384148e-11, 5.4188775e-11, 5.134214e-18)
                    rel physics:simulationOwner
                    vector3f physics:velocity = (1.1654774e-9, 2.6661153e-8, -0.15000008)
                    quatd xformOp:orient = (0.999999999999994, 6.336819299533568e-8, 2.3759105919385848e-8, 8.608359697624714e-8)
                    double3 xformOp:translate = (-9.820957025397092e-8, 9.815619250730379e-8, -0.3761191610215587)
                }

                over "wheel_passive_8"
                {
                    vector3f physics:angularVelocity = (-9.3840685e-11, 5.4190367e-11, 1.2849047e-15)
                    rel physics:simulationOwner
                    vector3f physics:velocity = (1.1654657e-9, 2.6661134e-8, -0.15000008)
                    quatd xformOp:orient = (0.9396926354210666, -0.34202010311589304, 7.637126640946534e-9, 6.480865496273258e-8)
                    double3 xformOp:translate = (0.03849975439888631, 0.015320915207015062, -0.38897492922529403)
                }

                over "wheel_passive_7"
                {
                    vector3f physics:angularVelocity = (-9.383869e-11, 5.4166723e-11, 3.4617707e-15)
                    rel physics:simulationOwner
                    vector3f physics:velocity = (1.1654588e-9, 2.6661123e-8, -0.15000008)
                    quatd xformOp:orient = (0.7660445352436996, -0.6427874998965512, 4.999587125477881e-9, 7.380904283942665e-8)
                    double3 xformOp:translate = (0.0385003279870304, 0.003473329162589245, -0.3958153072713298)
                }

                over "wheel_passive_6"
                {
                    vector3f physics:angularVelocity = (-9.3840685e-11, 5.4190565e-11, -6.476822e-15)
                    rel physics:simulationOwner
                    vector3f physics:velocity = (1.1654613e-9, 2.6661127e-8, -0.15000008)
                    quatd xformOp:orient = (-0.5000001180937066, 0.8660253356029917, 3.283064196413247e-8, -6.537144132866617e-8)
                    double3 xformOp:translate = (0.038500069707255946, -0.009999791313831885, -0.39343967474683944)
                }

                over "wheel_passive_5"
                {
                    vector3f physics:angularVelocity = (-9.384108e-11, 5.4189372e-11, -7.607755e-15)
                    rel physics:simulationOwner
                    vector3f physics:velocity = (1.1654709e-9, 2.666114e-8, -0.15000008)
                    quatd xformOp:orient = (-0.17364830033571285, 0.9848077313823829, 4.752028378704703e-8, -1.808694080179449e-8)
                    double3 xformOp:translate = (0.03849965240760156, -0.01879389033702772, -0.38295956886991683)
                }

                over "wheel_passive_4"
                {
                    vector3f physics:angularVelocity = (-9.384148e-11, 5.416233e-11, 1.3117494e-15)
                    rel physics:simulationOwner
                    vector3f physics:velocity = (1.1654836e-9, 2.6661175e-8, -0.15000008)
                    quatd xformOp:orient = (0.17364818043887933, 0.9848077525234382, 3.209353987951398e-8, -6.188044651404132e-9)
                    double3 xformOp:translate = (0.03849965240760156, -0.01879389033702772, -0.3692787531732005)
                }

                over "wheel_passive_3"
                {
                    vector3f physics:angularVelocity = (-9.37902e-11, 5.418857e-11, 4.972931e-15)
                    rel physics:simulationOwner
                    vector3f physics:velocity = (1.1654938e-9, 2.6661187e-8, -0.15000008)
                    quatd xformOp:orient = (0.49999998515700717, 0.8660254123540433, 3.386396825786583e-8, 2.7381229190922373e-8)
                    double3 xformOp:translate = (0.038500069707255946, -0.009999791313831885, -0.3587986472962779)
                }

                over "wheel_passive_0"
                {
                    vector3f physics:angularVelocity = (-9.384148e-11, 5.4188775e-11, 1.7282973e-17)
                    rel physics:simulationOwner
                    vector3f physics:velocity = (1.1654774e-9, 2.6661155e-8, -0.15000008)
                    quatd xformOp:orient = (0.9999999999999972, 6.211930937663657e-8, 1.2392748500577139e-8, 3.922660207431853e-8)
                    double3 xformOp:translate = (0.038499595379008156, 0.019999936660241246, -0.3761191610215587)
                }

                over "wheel_passive_1"
                {
                    vector3f physics:angularVelocity = (-9.384109e-11, 5.4187776e-11, -2.0629767e-15)
                    rel physics:simulationOwner
                    vector3f physics:velocity = (1.16549e-9, 2.666118e-8, -0.15000008)
                    quatd xformOp:orient = (0.9396926035795992, 0.3420201905996072, 3.7093125072050896e-8, 3.576429305438761e-8)
                    double3 xformOp:translate = (0.03849975439888631, 0.015320915207015062, -0.3632634226201457)
                }

                over "wheel_passive_2"
                {
                    vector3f physics:angularVelocity = (-9.3840685e-11, 5.418957e-11, -1.9920595e-15)
                    rel physics:simulationOwner
                    vector3f physics:velocity = (1.1654959e-9, 2.6661194e-8, -0.15000008)
                    quatd xformOp:orient = (0.7660444902062981, 0.6427875535700517, 2.4820580663866648e-8, 1.5474819964754612e-8)
                    double3 xformOp:translate = (0.038500335437579025, 0.003473316257787573, -0.35642301477178756)
                }

                over "joints"
                {
                    over "wheel_passive_0_joint"
                    {
                        float physics:lowerLimit = -inf
                        float physics:upperLimit = inf
                    }

                    over "wheel_passive_1_joint"
                    {
                        float physics:lowerLimit = -inf
                        float physics:upperLimit = inf
                    }

                    over "wheel_passive_2_joint"
                    {
                        float physics:lowerLimit = -inf
                        float physics:upperLimit = inf
                    }

                    over "wheel_passive_3_joint"
                    {
                        float physics:lowerLimit = -inf
                        float physics:upperLimit = inf
                    }

                    over "wheel_passive_4_joint"
                    {
                        float physics:lowerLimit = -inf
                        float physics:upperLimit = inf
                    }

                    over "wheel_passive_5_joint"
                    {
                        float physics:lowerLimit = -inf
                        float physics:upperLimit = inf
                    }
                }
            }

            over "AC_One"
            {
                over "X5_Left"
                {
                    over "ee"
                    {
                        vector3f physics:angularVelocity = (0, 0, 0)
                        rel physics:simulationOwner
                        vector3f physics:velocity = (0, 0, 0)
                        quatd xformOp:orient = (0.9999999999999941, -3.63523865572991e-8, 9.242690868598829e-9, 1.017911622790645e-7)
                        double3 xformOp:translate = (0.09770000330924772, -0.0005012928112950732, 0.15649994997039618)
                    }

                    over "link3"
                    {
                        vector3f physics:angularVelocity = (0, 0, 0)
                        rel physics:simulationOwner
                        vector3f physics:velocity = (0, 0, 0)
                        quatd xformOp:orient = (-0.000003579354764735546, 0.999999999993594, -1.1102219716774564e-16, -1.7945704434156192e-8)
                        double3 xformOp:translate = (-0.2439999247360251, -6.137951817919429e-7, 0.10049995569244208)
                    }

                    over "base_link"
                    {
                        vector3f physics:angularVelocity = (0, 0, 0)
                        rel physics:simulationOwner
                        vector3f physics:velocity = (0, 0, 0)
                        quatd xformOp:orient = (0.9999999999999948, 6.937123204487106e-10, -2.4961237724294265e-9, 1.021243583128218e-7)
                        double3 xformOp:translate = (4.8203466163077024e-8, 3.398791346143071e-7, -2.1074694211975498e-9)
                    }

                    over "link5"
                    {
                        vector3f physics:angularVelocity = (0, 0, 0)
                        rel physics:simulationOwner
                        vector3f physics:velocity = (0, 0, 0)
                        quatd xformOp:orient = (-0.0000035824822461205038, 0.9999999999935792, 8.429369829733854e-8, -1.0536773776816823e-8)
                        double3 xformOp:translate = (0.0687500124406793, -0.0005022464856114794, 0.24299993900314154)
                    }

                    over "link1"
                    {
                        vector3f physics:angularVelocity = (0, 0, 0)
                        rel physics:simulationOwner
                        vector3f physics:velocity = (0, 0, 0)
                        quatd xformOp:orient = (0.9999999999999978, 0, 0, -6.664001874625051e-8)
                        double3 xformOp:translate = (4.8203466163077024e-8, 3.398791346143071e-7, 0.060499993839414734)
                    }

                    over "link4"
                    {
                        vector3f physics:angularVelocity = (0, 0, 0)
                        rel physics:simulationOwner
                        vector3f physics:velocity = (0, 0, 0)
                        quatd xformOp:orient = (-0.000003598287315817853, 0.9999999999935203, 8.429369832508913e-8, -6.848869273233184e-8)
                        double3 xformOp:translate = (0.00099999062537931, -6.137951817919429e-7, 0.15649994997039618)
                    }

                    over "link2"
                    {
                        vector3f physics:angularVelocity = (0, 0, 0)
                        rel physics:simulationOwner
                        vector3f physics:velocity = (0, 0, 0)
                        quatd xformOp:orient = (0.9999999999999948, 2.670558757637989e-9, 1.0359743270175228e-8, 1.0159547365298568e-7)
                        double3 xformOp:translate = (0.02000004403114103, 3.398791346143071e-7, 0.10049995569244208)
                    }

                    over "Gripper_2025_Left"
                    {
                        over "link8"
                        {
                            vector3f physics:angularVelocity = (0, 0, 0)
                            rel physics:simulationOwner
                            vector3f physics:velocity = (0, 0, 0)
                            quatd xformOp:orient = (0.9999999999999928, 2.363940282830923e-8, 6.041180722790132e-8, 1.0111622768629572e-7)
                            double3 xformOp:translate = (0.0839700435829141, -0.023638658977633398, -0.0062703511331957396)
                        }

                        over "link7"
                        {
                            vector3f physics:angularVelocity = (0, 0, 0)
                            rel physics:simulationOwner
                            vector3f physics:velocity = (0, 0, 0)
                            quatd xformOp:orient = (0.9999999999999825, -2.171191081685153e-8, 1.1174945567346337e-8, 1.8570611486540387e-7)
                            double3 xformOp:translate = (0.08397001378059171, 0.02720934822451504, -0.006270291528550964)
                        }

                        over "gripper_base"
                        {
                            vector3f physics:angularVelocity = (0, 0, 0)
                            rel physics:simulationOwner
                            vector3f physics:velocity = (0, 0, 0)
                            quatd xformOp:orient = (0.999999999999994, -3.905732737873781e-8, 1.2689511426847303e-8, 1.0150817771849548e-7)
                            double3 xformOp:translate = (3.4999825815340557e-9, -8.873711880852397e-7, -6.171211419658817e-8)
                        }

                        over "joints"
                        {
                            over "left_gripper_joint"
                            {
                                float physics:lowerLimit = 0
                                float physics:upperLimit = 0.044
                                float state:linear:physics:position = 0
                                float state:linear:physics:velocity = 0
                            }

                            over "left_joint8"
                            {
                                float state:linear:physics:position = 0
                                float state:linear:physics:velocity = 0
                            }
                        }
                    }

                    over "joints"
                    {
                        over "left_joint1"
                        {
                            float physics:lowerLimit = -164.43887
                            float physics:upperLimit = 179.90874
                            float state:angular:physics:position = 0
                            float state:angular:physics:velocity = 0
                        }

                        over "left_joint2"
                        {
                            float physics:lowerLimit = 0
                            float physics:upperLimit = 209.70255
                            float state:angular:physics:position = 0
                            float state:angular:physics:velocity = 0
                        }

                        over "left_joint3"
                        {
                            float physics:lowerLimit = 0
                            float physics:upperLimit = 179.90874
                            float state:angular:physics:position = 0
                            float state:angular:physics:velocity = 0
                        }

                        over "left_joint4"
                        {
                            float physics:lowerLimit = -89.95437
                            float physics:upperLimit = 89.95437
                            float state:angular:physics:position = 0
                            float state:angular:physics:velocity = 0
                        }

                        over "left_joint5"
                        {
                            float physics:lowerLimit = -89.95437
                            float physics:upperLimit = 89.95437
                            float state:angular:physics:position = 0
                            float state:angular:physics:velocity = 0
                        }

                        over "left_joint6"
                        {
                            float physics:lowerLimit = -89.95437
                            float physics:upperLimit = 89.95437
                            float state:angular:physics:position = 0
                            float state:angular:physics:velocity = 0
                        }
                    }
                }

                over "X5_Right"
                {
                    over "base_link"
                    {
                        vector3f physics:angularVelocity = (0, 0, 0)
                        rel physics:simulationOwner
                        vector3f physics:velocity = (0, 0, 0)
                        quatd xformOp:orient = (0.9999999999999948, 6.937123204487106e-10, -2.4961237724294265e-9, 1.021243583128218e-7)
                        double3 xformOp:translate = (-5.610466230487887e-8, 3.398791346143071e-7, -2.1074694211975498e-9)
                    }

                    over "Gripper_2025_Right"
                    {
                        over "link7"
                        {
                            vector3f physics:angularVelocity = (0, 0, 0)
                            rel physics:simulationOwner
                            vector3f physics:velocity = (0, 0, 0)
                            quatd xformOp:orient = (0.9999999999999825, -2.171191081685153e-8, 1.1174945567346337e-8, 1.8570611486540387e-7)
                            double3 xformOp:translate = (0.08396992437362444, 0.02720934822451504, -0.006270291528550964)
                        }

                        over "link8"
                        {
                            vector3f physics:angularVelocity = (0, 0, 0)
                            rel physics:simulationOwner
                            vector3f physics:velocity = (0, 0, 0)
                            quatd xformOp:orient = (0.9999999999999928, 2.363940282830923e-8, 6.041180722790132e-8, 1.0111622768629572e-7)
                            double3 xformOp:translate = (0.08396995417594683, -0.023638658977633398, -0.0062703511331957396)
                        }

                        over "gripper_base"
                        {
                            vector3f physics:angularVelocity = (0, 0, 0)
                            rel physics:simulationOwner
                            vector3f physics:velocity = (0, 0, 0)
                            quatd xformOp:orient = (0.999999999999994, -3.905732737873781e-8, 1.2689511426847303e-8, 1.0150817771849548e-7)
                            double3 xformOp:translate = (-8.590698469257418e-8, -8.873711880852397e-7, -6.171211419658817e-8)
                        }

                        over "joints"
                        {
                            over "right_gripper_joint"
                            {
                                float physics:lowerLimit = 0
                                float physics:upperLimit = 0.044
                                float state:linear:physics:position = 0
                                float state:linear:physics:velocity = 0
                            }

                            over "right_joint8"
                            {
                                float state:linear:physics:position = 0
                                float state:linear:physics:velocity = 0
                            }
                        }
                    }

                    over "ee"
                    {
                        vector3f physics:angularVelocity = (0, 0, 0)
                        rel physics:simulationOwner
                        vector3f physics:velocity = (0, 0, 0)
                        quatd xformOp:orient = (0.9999999999999941, -3.63523865572991e-8, 9.242690868598829e-9, 1.017911622790645e-7)
                        double3 xformOp:translate = (0.09769991390228044, -0.0005012928112950732, 0.15649994997039618)
                    }

                    over "link3"
                    {
                        vector3f physics:angularVelocity = (0, 0, 0)
                        rel physics:simulationOwner
                        vector3f physics:velocity = (0, 0, 0)
                        quatd xformOp:orient = (-0.000003579354764735546, 0.999999999993594, -1.1102219716774564e-16, -1.7945704434156192e-8)
                        double3 xformOp:translate = (-0.24400002904415358, -6.137951817919429e-7, 0.10049995569244208)
                    }

                    over "link1"
                    {
                        vector3f physics:angularVelocity = (0, 0, 0)
                        rel physics:simulationOwner
                        vector3f physics:velocity = (0, 0, 0)
                        quatd xformOp:orient = (0.9999999999999978, 0, 0, -6.664001874625051e-8)
                        double3 xformOp:translate = (-5.610466230487887e-8, 3.398791346143071e-7, 0.060499993839414734)
                    }

                    over "link5"
                    {
                        vector3f physics:angularVelocity = (0, 0, 0)
                        rel physics:simulationOwner
                        vector3f physics:velocity = (0, 0, 0)
                        quatd xformOp:orient = (-0.0000035824822461205038, 0.9999999999935792, 8.429369829733854e-8, -1.0536773776816823e-8)
                        double3 xformOp:translate = (0.06874992303371202, -0.0005022464856114794, 0.24299993900314154)
                    }

                    over "link2"
                    {
                        vector3f physics:angularVelocity = (0, 0, 0)
                        rel physics:simulationOwner
                        vector3f physics:velocity = (0, 0, 0)
                        quatd xformOp:orient = (0.9999999999999948, 2.670558757637989e-9, 1.0359743270175228e-8, 1.0159547365298568e-7)
                        double3 xformOp:translate = (0.019999924821851367, 3.398791346143071e-7, 0.10049995569244208)
                    }

                    over "link4"
                    {
                        vector3f physics:angularVelocity = (0, 0, 0)
                        rel physics:simulationOwner
                        vector3f physics:velocity = (0, 0, 0)
                        quatd xformOp:orient = (-0.000003598287315817853, 0.9999999999935203, 8.429369832508913e-8, -6.848869273233184e-8)
                        double3 xformOp:translate = (0.000999901218412036, -6.137951817919429e-7, 0.15649994997039618)
                    }

                    over "joints"
                    {
                        over "right_joint1"
                        {
                            float physics:lowerLimit = -164.43887
                            float physics:upperLimit = 179.90874
                            float state:angular:physics:position = 0
                            float state:angular:physics:velocity = 0
                        }

                        over "right_joint2"
                        {
                            float physics:lowerLimit = 0
                            float physics:upperLimit = 209.70255
                            float state:angular:physics:position = 0
                            float state:angular:physics:velocity = 0
                        }

                        over "right_joint3"
                        {
                            float physics:lowerLimit = 0
                            float physics:upperLimit = 179.90874
                            float state:angular:physics:position = 0
                            float state:angular:physics:velocity = 0
                        }

                        over "right_joint4"
                        {
                            float physics:lowerLimit = -89.95437
                            float physics:upperLimit = 89.95437
                            float state:angular:physics:position = 0
                            float state:angular:physics:velocity = 0
                        }

                        over "right_joint5"
                        {
                            float physics:lowerLimit = -89.95437
                            float physics:upperLimit = 89.95437
                            float state:angular:physics:position = 0
                            float state:angular:physics:velocity = 0
                        }

                        over "right_joint6"
                        {
                            float physics:lowerLimit = -89.95437
                            float physics:upperLimit = 89.95437
                            float state:angular:physics:position = 0
                            float state:angular:physics:velocity = 0
                        }
                    }
                }

                over "base_link"
                {
                    vector3f physics:angularVelocity = (0, 0, 0)
                    rel physics:simulationOwner
                    vector3f physics:velocity = (0, 0, 0)
                    quatd xformOp:orient = (0.9999999999999886, 2.598849254670459e-9, -2.598849254670459e-9, -1.5118560206706553e-7)
                    double3 xformOp:translate = (3.4809090332377224e-9, 3.398791346143071e-7, 2.411857424888808e-8)
                }
            }

            over "wheel_3"
            {
                vector3f physics:angularVelocity = (-1.484835e-14, -1.6064788e-10, -2.2504878e-17)
                rel physics:simulationOwner
                vector3f physics:velocity = (1.1654774e-9, 2.6661155e-8, -0.15000008)
                quatd xformOp:orient = (0.00004637758149703718, 6.998965229294073e-8, -1.0862256354079884e-8, 0.9999999989245576)
                double3 xformOp:translate = (-0.3529299795627616, -4.830090496454886e-7, -0.469119044017641)
            }

            over "base_link"
            {
                vector3f physics:angularVelocity = (0, 0, 0)
                rel physics:simulationOwner
                vector3f physics:velocity = (1.1654774e-9, 2.6661155e-8, -0.15000008)
                quatd xformOp:orient = (0.9999999999999803, 1.0517828568291668e-8, 6.852025695468285e-8, 1.8573164711702316e-7)
                double3 xformOp:translate = (-1.061707757266107e-7, -4.830090496454886e-7, -0.3761191386698169)
            }

            over "lift_link"
            {
                vector3f physics:angularVelocity = (0, 0, 0)
                rel physics:simulationOwner
                vector3f physics:velocity = (0, 0, 0)
                quatd xformOp:orient = (0.9999999999999946, 2.0180421591046618e-8, -9.593970920333638e-9, 1.0188666226603911e-7)
                double3 xformOp:translate = (0.04010299965739028, 0.000760549095442542, 0.22160798125282105)
            }

            over "wheel_1"
            {
                vector3f physics:angularVelocity = (-9.384148e-11, 5.4188775e-11, 5.134214e-18)
                rel physics:simulationOwner
                vector3f physics:velocity = (1.1654774e-9, 2.6661155e-8, -0.15000008)
                quatd xformOp:orient = (0.8660247723479149, 4.4536122242860256e-8, 5.305616376996471e-8, 0.5000010936785413)
                double3 xformOp:translate = (0.1536098718643167, 0.2924599585803058, -0.46911916322693054)
            }

            over "wheel_2"
            {
                vector3f physics:angularVelocity = (1.39855e-10, 8.07077e-11, 1.4135676e-17)
                rel physics:simulationOwner
                vector3f physics:velocity = (1.1654774e-9, 2.6661155e-8, -0.15000008)
                quatd xformOp:orient = (0.8660247990657925, -2.5888664962174956e-8, 6.550392268585733e-8, -0.5000010474019518)
                double3 xformOp:translate = (0.15360990166663896, -0.29245043418092465, -0.46911910362228576)
            }

            over "joints"
            {
                over "lift_joint"
                {
                    float drive:linear:physics:targetPosition = 0.43400002
                    float physics:lowerLimit = 0
                    float physics:upperLimit = 0.46
                    float state:linear:physics:position = 0.37611935
                    float state:linear:physics:velocity = -0
                }

                over "wheel1_joint"
                {
                    float physics:lowerLimit = -inf
                    float physics:upperLimit = inf
                }
            }
        }

        def "Realman_AIDAL" (
            prepend payload = @./humanoid/Realman_AIDAL/Realman_AIDAL.usd@
        )
        {
            string[] isaac:changelog (
                displayName = "Changelog"
            )
            string isaac:description (
                displayName = "Description"
            )
            token isaac:license (
                displayName = "License"
            )
            string isaac:namespace (
                displayName = "Namespace"
            )
            rel isaac:physics:robotJoints (
                displayName = "Robot Joints"
            )
            rel isaac:physics:robotLinks (
                displayName = "Robot Links"
            )
            token isaac:robotType (
                displayName = "Robot Type"
            )
            string isaac:source (
                displayName = "Source"
            )
            string isaac:version (
                displayName = "Version"
            )
            quatd xformOp:orient = (0.7071067811865476, 0, 0, 0.7071067811865475)
            double3 xformOp:scale = (1, 1, 1)
            double3 xformOp:translate = (-1.9664199783389704, -0.3161057786766879, 0.9193566407208398)
            uniform token[] xformOpOrder = ["xformOp:translate", "xformOp:orient", "xformOp:scale"]

            over "Woosh_AGV"
            {
                over "Graphs"
                {
                    over "differential_controller"
                    {
                        over "ArrayNames"
                        {
                            custom token inputs:input0 (
                                customData = {
                                    dictionary omni = {
                                        dictionary graph = {
                                            string resolvedType = "token"
                                        }
                                    }
                                }
                            )
                        }
                    }
                }

                over "caster_wheel_4_link"
                {
                    vector3f physics:angularVelocity = (0, 0, 0)
                    rel physics:simulationOwner
                    vector3f physics:velocity = (0, 0, 0)
                    quatd xformOp:orient = (-0.7071055757515492, 8.866481432945098e-8, -1.670230694763053e-8, 0.7071079866194852)
                    double3 xformOp:translate = (0.1720041103353478, -0.12399962619721805, -0.655469661766763)
                }

                over "caster_wheel_1_link"
                {
                    vector3f physics:angularVelocity = (0, 0, 0)
                    rel physics:simulationOwner
                    vector3f physics:velocity = (0, 0, 0)
                    quatd xformOp:orient = (-0.7071055758849936, 9.924764949322533e-8, -2.7192896039272425e-8, 0.7071079864860396)
                    double3 xformOp:translate = (0.17200406563186427, 0.12400051876127804, -0.6554696803932145)
                }

                over "base_footprint"
                {
                    vector3f physics:angularVelocity = (0, 0, 0)
                    rel physics:simulationOwner
                    vector3f physics:velocity = (0, 0, 0)
                    quatd xformOp:orient = (0.9999999999999999, 2.0305565967947324e-9, 1.6388616366311108e-9, 1.467090922091141e-8)
                    double3 xformOp:translate = (4.7652957602464796e-8, -3.0555128205378423e-8, -0.6930096467976525)
                }

                over "right_wheel_link"
                {
                    vector3f physics:angularVelocity = (0, 0, 0)
                    rel physics:simulationOwner
                    vector3f physics:velocity = (0, 0, 0)
                    quatd xformOp:orient = (0.7071067257296537, 1.631601119011885e-9, -1.6316011705305363e-9, 0.707106836643437)
                    double3 xformOp:translate = (8.863115084564721e-8, -0.1829996414560071, -0.6080095862989381)
                }

                over "left_wheel_link"
                {
                    vector3f physics:angularVelocity = (0, 0, 0)
                    rel physics:simulationOwner
                    vector3f physics:velocity = (0, 0, 0)
                    quatd xformOp:orient = (0.7071067231895705, 2.933893315013691e-9, -4.934507824465015e-10, 0.7071068391835198)
                    double3 xformOp:translate = (1.0400054659479019e-8, 0.1830005340200671, -0.6080096310024217)
                }

                over "caster_4_link"
                {
                    vector3f physics:angularVelocity = (0, 0, 0)
                    rel physics:simulationOwner
                    vector3f physics:velocity = (0, 0, 0)
                    quatd xformOp:orient = (-0.7071055757197953, 9.026256051258872e-8, -1.823425495208383e-8, 0.7071079866512388)
                    double3 xformOp:translate = (0.1940041251172997, -0.12399962619721805, -0.6103096773867562)
                }

                over "caster_3_link"
                {
                    vector3f physics:angularVelocity = (0, 0, 0)
                    rel physics:simulationOwner
                    vector3f physics:velocity = (0, 0, 0)
                    quatd xformOp:orient = (-0.7071055757197953, 9.026256051258872e-8, -1.823425495208383e-8, 0.7071079866512388)
                    double3 xformOp:translate = (-0.17843002903557043, 0.12400051876127804, -0.610309662485595)
                }

                over "caster_2_link"
                {
                    vector3f physics:angularVelocity = (0, 0, 0)
                    rel physics:simulationOwner
                    vector3f physics:velocity = (0, 0, 0)
                    quatd xformOp:orient = (-0.7071055757197953, 9.026256051258872e-8, -1.823425495208383e-8, 0.7071079866512388)
                    double3 xformOp:translate = (-0.1784299545297645, -0.12399962619721805, -0.6103096475844338)
                }

                over "caster_1_link"
                {
                    vector3f physics:angularVelocity = (0, 0, 0)
                    rel physics:simulationOwner
                    vector3f physics:velocity = (0, 0, 0)
                    quatd xformOp:orient = (-0.7071055757197953, 9.026256051258872e-8, -1.823425495208383e-8, 0.7071079866512388)
                    double3 xformOp:translate = (0.19400406551265498, 0.12400051876127804, -0.6103096848373368)
                }

                over "caster_wheel_2_link"
                {
                    vector3f physics:angularVelocity = (0, 0, 0)
                    rel physics:simulationOwner
                    vector3f physics:velocity = (0, 0, 0)
                    quatd xformOp:orient = (-0.7071055759229093, 7.815265017928314e-8, -6.141056890975162e-9, 0.707107986448127)
                    double3 xformOp:translate = (-0.20042995441055522, -0.12399962619721805, -0.6554696356897309)
                }

                over "caster_wheel_3_link"
                {
                    vector3f physics:angularVelocity = (0, 0, 0)
                    rel physics:simulationOwner
                    vector3f physics:velocity = (0, 0, 0)
                    quatd xformOp:orient = (-0.707105575869399, 8.869550272861145e-8, -1.6671618548470125e-8, 0.7071079865016359)
                    double3 xformOp:translate = (-0.20043004381752233, 0.12400051876127804, -0.6554696580414727)
                }

                over "joints"
                {
                    over "caster_1_joint"
                    {
                        float physics:lowerLimit = -inf
                        float physics:upperLimit = inf
                    }

                    over "caster_wheel_1_joint"
                    {
                        float physics:lowerLimit = -inf
                        float physics:upperLimit = inf
                    }

                    over "caster_2_joint"
                    {
                        float physics:lowerLimit = -inf
                        float physics:upperLimit = inf
                    }

                    over "caster_wheel_2_joint"
                    {
                        float physics:lowerLimit = -inf
                        float physics:upperLimit = inf
                    }

                    over "caster_3_joint"
                    {
                        float physics:lowerLimit = -inf
                        float physics:upperLimit = inf
                    }

                    over "caster_wheel_3_joint"
                    {
                        float physics:lowerLimit = -inf
                        float physics:upperLimit = inf
                    }

                    over "caster_4_joint"
                    {
                        float physics:lowerLimit = -inf
                        float physics:upperLimit = inf
                    }

                    over "caster_wheel_4_joint"
                    {
                        float physics:lowerLimit = -inf
                        float physics:upperLimit = inf
                    }

                    over "left_wheel_joint"
                    {
                        float physics:lowerLimit = -inf
                        float physics:upperLimit = inf
                    }

                    over "right_wheel_joint"
                    {
                        float physics:lowerLimit = -inf
                        float physics:upperLimit = inf
                    }
                }
            }

            over "head_link2"
            {
                vector3f physics:angularVelocity = (0, 0, 0)
                rel physics:simulationOwner
                vector3f physics:velocity = (0, 0, 0)
                quatd xformOp:orient = (0.9999999999999991, -3.448710934606617e-8, 2.4120666605954854e-8, -2.278062957229069e-9)
                double3 xformOp:translate = (-3.0555128205378423e-8, -0.23842997848987357, 0.4410000477786109)
            }

            over "RM75_aidal_right"
            {
                over "link6"
                {
                    vector3f physics:angularVelocity = (0, 0, 0)
                    rel physics:simulationOwner
                    vector3f physics:velocity = (0, 0, 0)
                    quatd xformOp:orient = (0.29003418530053654, -0.029883014510205384, 0.9515734058970051, -0.09744347074283927)
                    double3 xformOp:translate = (0.37313812516149003, -0.035304255895616726, 0.06937689400019753)
                }

                over "link5"
                {
                    vector3f physics:angularVelocity = (0, 0, 0)
                    rel physics:simulationOwner
                    vector3f physics:velocity = (0, 0, 0)
                    quatd xformOp:orient = (0.18395423667669267, -0.22621599484531543, 0.7417658239429739, 0.6039624366755276)
                    double3 xformOp:translate = (0.37313812516149003, -0.035304255895616726, 0.06937689400019753)
                }

                over "link7"
                {
                    vector3f physics:angularVelocity = (0, 0, 0)
                    rel physics:simulationOwner
                    vector3f physics:velocity = (0, 0, 0)
                    quatd xformOp:orient = (0.2900341643621742, -0.029882964686742817, 0.9515734135055917, -0.09744347404306934)
                    double3 xformOp:translate = (0.43728495424549507, -0.05463749926567288, -0.02409200335501893)
                }

                over "EG2_4C2_right"
                {
                    over "left_pad"
                    {
                        vector3f physics:angularVelocity = (0, 0, 0)
                        rel physics:simulationOwner
                        vector3f physics:velocity = (0, 0, 0)
                        quatd xformOp:orient = (0.2900341164799267, 0.9515734359721689, 0.02988285596221471, -0.09744343050904306)
                        double3 xformOp:translate = (-0.09964790206205171, -0.5218901586173521, -1.0218021208716666)
                    }

                    over "left_outer_link"
                    {
                        vector3f physics:angularVelocity = (0, 0, 0)
                        rel physics:simulationOwner
                        vector3f physics:velocity = (0, 0, 0)
                        quatd xformOp:orient = (0.29003413533885597, 0.9515734228622994, 0.029882925968353496, -0.09744348093094723)
                        double3 xformOp:translate = (-0.11584139626275819, -0.49955527918597387, -0.9899912811958869)
                    }

                    over "left_inner_link"
                    {
                        vector3f physics:angularVelocity = (0, 0, 0)
                        rel physics:simulationOwner
                        vector3f physics:velocity = (0, 0, 0)
                        quatd xformOp:orient = (0.2900341428724516, 0.9515734231170122, 0.029882931191065214, -0.09744345441867323)
                        double3 xformOp:translate = (-0.10638538013946336, -0.5006668601686002, -0.9936451600806908)
                    }

                    over "gripper_base"
                    {
                        vector3f physics:angularVelocity = (0, 0, 0)
                        rel physics:simulationOwner
                        vector3f physics:velocity = (0, 0, 0)
                        quatd xformOp:orient = (0.29003416943482657, 0.951573410987821, 0.029882961251091092, -0.09744348458526918)
                        double3 xformOp:translate = (-0.062370799591653786, -0.46294391346480346, -0.9289792504104266)
                    }

                    over "right_inner_link"
                    {
                        vector3f physics:angularVelocity = (0, 0, 0)
                        rel physics:simulationOwner
                        vector3f physics:velocity = (0, 0, 0)
                        quatd xformOp:orient = (0.2900341357939081, 0.9515734167394542, 0.029882946627303373, -0.09744353303299155)
                        double3 xformOp:translate = (-0.0476319865490131, -0.5006458288911935, -1.0058123230430587)

                        over "collisions"
                        {
                            over "inner_link"
                            {
                                over "mesh"
                                {
                                    rel physics:simulationOwner
                                }
                            }
                        }
                    }

                    over "right_pad"
                    {
                        vector3f physics:angularVelocity = (0, 0, 0)
                        rel physics:simulationOwner
                        vector3f physics:velocity = (0, 0, 0)
                        quatd xformOp:orient = (0.2900341434902925, 0.9515734156274789, 0.02988295935066602, -0.09744351708221802)
                        double3 xformOp:translate = (-0.06498339038144868, -0.5218769666537684, -1.0289815414875578)

                        over "collisions"
                        {
                            over "pad"
                            {
                                over "mesh"
                                {
                                    rel physics:simulationOwner
                                }
                            }
                        }
                    }

                    over "right_outer_link"
                    {
                        vector3f physics:angularVelocity = (0, 0, 0)
                        rel physics:simulationOwner
                        vector3f physics:velocity = (0, 0, 0)
                        quatd xformOp:orient = (0.290034133436084, 0.9515734170182851, 0.029882951387442572, -0.09744353586821636)
                        double3 xformOp:translate = (-0.03750351827394291, -0.4995267879163805, -1.0062146147120945)

                        over "collisions"
                        {
                            over "outer_link"
                            {
                                over "mesh"
                                {
                                    rel physics:simulationOwner
                                }
                            }
                        }
                    }

                    over "joints"
                    {
                        over "right_gripper_joint"
                        {
                            float physics:lowerLimit = 0
                            float physics:upperLimit = 46.982536
                            float state:angular:physics:position = -5.213357e-12
                            float state:angular:physics:velocity = 0
                        }

                        over "left_inner_joint"
                        {
                            float state:angular:physics:position = 2.0575182e-7
                            float state:angular:physics:velocity = 0
                        }

                        over "right_inner_joint"
                        {
                            float state:angular:physics:position = 3.59513e-7
                            float state:angular:physics:velocity = 0
                        }

                        over "right_outer_joint"
                        {
                            float state:angular:physics:position = 0.0000017854095
                            float state:angular:physics:velocity = 0
                        }

                        over "right_pad_joint"
                        {
                            float state:angular:physics:position = 8.4910005e-7
                            float state:angular:physics:velocity = 0
                        }

                        over "left_pad_joint"
                        {
                            float state:angular:physics:position = -3.1133268e-7
                            float state:angular:physics:velocity = 0
                        }
                    }
                }

                over "base_link"
                {
                    vector3f physics:angularVelocity = (0, 0, 0)
                    rel physics:simulationOwner
                    vector3f physics:velocity = (0, 0, 0)
                    quatd xformOp:orient = (0.9999999999999994, 2.0332187843502447e-9, 3.2893684041076276e-8, 4.908624675605735e-9)
                    double3 xformOp:translate = (2.1295871732718297e-8, 7.3385217069787956e-9, 6.248447625978315e-8)
                }

                over "link4"
                {
                    vector3f physics:angularVelocity = (0, 0, 0)
                    rel physics:simulationOwner
                    vector3f physics:velocity = (0, 0, 0)
                    quatd xformOp:orient = (0.2900341940691137, -0.029883917764836333, 0.9515733526943515, -0.09744368718257437)
                    double3 xformOp:translate = (0.25599972626995005, -6.716728423450391e-8, 0.24005864923997766)
                }

                over "link1"
                {
                    vector3f physics:angularVelocity = (0, 0, 0)
                    rel physics:simulationOwner
                    vector3f physics:velocity = (0, 0, 0)
                    quatd xformOp:orient = (-0.7071054834869547, 0.7071080788837556, -2.6805021025169747e-8, -6.246875298708218e-8)
                    double3 xformOp:translate = (1.055895682000596e-7, -5.226612306841183e-8, 0.24050001103758323)
                }

                over "link3"
                {
                    vector3f physics:angularVelocity = (0, 0, 0)
                    rel physics:simulationOwner
                    vector3f physics:velocity = (0, 0, 0)
                    quatd xformOp:orient = (0.445960708893716, -0.5479733757018426, 0.5487414956237455, 0.44690826421711716)
                    double3 xformOp:translate = (0.2559998105636474, -6.716728423450391e-8, 0.2400585649462803)
                }

                over "link2"
                {
                    vector3f physics:angularVelocity = (0, 0, 0)
                    rel physics:simulationOwner
                    vector3f physics:velocity = (0, 0, 0)
                    quatd xformOp:orient = (0.7064966095435289, 2.324846162136555e-8, 0.7077164267582725, 2.563863004204442e-8)
                    double3 xformOp:translate = (2.1295871732718297e-8, -3.736496187456417e-8, 0.2405000953312797)
                }

                over "joints"
                {
                    over "right_joint1"
                    {
                        float physics:lowerLimit = -177.6169
                        float physics:upperLimit = 177.6169
                        float state:angular:physics:position = 0.000007150956
                        float state:angular:physics:velocity = 0
                    }

                    over "right_joint2"
                    {
                        float drive:angular:physics:targetPosition = 90.1
                        float physics:lowerLimit = -129.94681
                        float physics:upperLimit = 129.94681
                        float state:angular:physics:position = 90.09885
                        float state:angular:physics:velocity = 0
                    }

                    over "right_joint3"
                    {
                        float drive:angular:physics:targetPosition = -11.7
                        float physics:lowerLimit = -177.6169
                        float physics:upperLimit = 177.6169
                        float state:angular:physics:position = -11.699845
                        float state:angular:physics:velocity = 0
                    }

                    over "right_joint4"
                    {
                        float drive:angular:physics:targetPosition = 56
                        float physics:lowerLimit = -134.93155
                        float physics:upperLimit = 134.93155
                        float state:angular:physics:position = 55.999367
                        float state:angular:physics:velocity = 0
                    }

                    over "right_joint5"
                    {
                        float physics:lowerLimit = -177.6169
                        float physics:upperLimit = 177.6169
                        float state:angular:physics:position = 0.0001132997
                        float state:angular:physics:velocity = 0
                    }

                    over "right_joint6"
                    {
                        float physics:lowerLimit = -127.94147
                        float physics:upperLimit = 127.94147
                        float state:angular:physics:position = -9.160287e-9
                        float state:angular:physics:velocity = 0
                    }

                    over "right_joint7"
                    {
                        float physics:lowerLimit = -359.81747
                        float physics:upperLimit = 359.81747
                        float state:angular:physics:position = -5.4894173e-8
                        float state:angular:physics:velocity = 0
                    }
                }
            }

            over "RM75_aidal_left"
            {
                over "EG2_4C2_left"
                {
                    over "right_outer_link"
                    {
                        vector3f physics:angularVelocity = (0, 0, 0)
                        rel physics:simulationOwner
                        vector3f physics:velocity = (0, 0, 0)
                        quatd xformOp:orient = (-0.22420509538421932, 0.9633994051327474, -0.14312304494783143, 0.03330848838483502)
                        double3 xformOp:translate = (0.16991870839118722, 0.4216634766613945, -1.0973447423612201)

                        over "collisions"
                        {
                            over "outer_link"
                            {
                                over "mesh"
                                {
                                    rel physics:simulationOwner
                                }
                            }
                        }
                    }

                    over "right_pad"
                    {
                        vector3f physics:angularVelocity = (0, 0, 0)
                        rel physics:simulationOwner
                        vector3f physics:velocity = (0, 0, 0)
                        quatd xformOp:orient = (-0.2242050739932109, 0.9633994004737705, -0.14312310832532474, 0.03330849479901627)
                        double3 xformOp:translate = (0.15236761409759286, 0.4406067570462531, -1.130603115549106)

                        over "collisions"
                        {
                            over "pad"
                            {
                                over "mesh"
                                {
                                    rel physics:simulationOwner
                                }
                            }
                        }
                    }

                    over "gripper_base"
                    {
                        vector3f physics:angularVelocity = (0, 0, 0)
                        rel physics:simulationOwner
                        vector3f physics:velocity = (0, 0, 0)
                        quatd xformOp:orient = (-0.2242051461115262, 0.9633994002982816, -0.14312299719683788, 0.033308491941466616)
                        double3 xformOp:translate = (0.11915852863311538, 0.39219069125990824, -1.0304361145879932)
                    }

                    over "left_pad"
                    {
                        vector3f physics:angularVelocity = (0, 0, 0)
                        rel physics:simulationOwner
                        vector3f physics:velocity = (0, 0, 0)
                        quatd xformOp:orient = (-0.22420510297567472, 0.9633994008401162, -0.14312304540051476, 0.0333085594983423)
                        double3 xformOp:translate = (0.11849644023895028, 0.4508981745156424, -1.1306026097869237)
                    }

                    over "right_inner_link"
                    {
                        vector3f physics:angularVelocity = (0, 0, 0)
                        rel physics:simulationOwner
                        vector3f physics:velocity = (0, 0, 0)
                        quatd xformOp:orient = (-0.2242051075328477, 0.9633994062255171, -0.14312301392146898, 0.033308508320551655)
                        double3 xformOp:translate = (0.1606073005866981, 0.42541585273116755, -1.0991388072617836)

                        over "collisions"
                        {
                            over "inner_link"
                            {
                                over "mesh"
                                {
                                    rel physics:simulationOwner
                                }
                            }
                        }
                    }

                    over "left_inner_link"
                    {
                        vector3f physics:angularVelocity = (0, 0, 0)
                        rel physics:simulationOwner
                        vector3f physics:velocity = (0, 0, 0)
                        quatd xformOp:orient = (-0.2242051123930651, 0.9633994046094264, -0.14312301602924143, 0.033308513291793095)
                        double3 xformOp:translate = (0.10319852072715524, 0.442857735931522, -1.099139313023966)
                    }

                    over "left_outer_link"
                    {
                        vector3f physics:angularVelocity = (0, 0, 0)
                        rel physics:simulationOwner
                        vector3f physics:velocity = (0, 0, 0)
                        quatd xformOp:orient = (-0.2242050859988417, 0.9633993995622869, -0.143123081970845, 0.033308553592793305)
                        double3 xformOp:translate = (0.09337367851257089, 0.44492023411025183, -1.0973445316269776)
                    }

                    over "joints"
                    {
                        over "left_gripper_joint"
                        {
                            float physics:lowerLimit = 0
                            float physics:upperLimit = 46.982536
                            float state:angular:physics:position = -1.7231242e-11
                            float state:angular:physics:velocity = 0
                        }

                        over "left_inner_joint"
                        {
                            float state:angular:physics:position = 4.939702e-7
                            float state:angular:physics:velocity = 0
                        }

                        over "right_inner_joint"
                        {
                            float state:angular:physics:position = 2.8815148e-7
                            float state:angular:physics:velocity = 0
                        }

                        over "right_outer_joint"
                        {
                            float state:angular:physics:position = 7.386124e-7
                            float state:angular:physics:velocity = 0
                        }

                        over "right_pad_joint"
                        {
                            float state:angular:physics:position = 2.658975e-7
                            float state:angular:physics:velocity = 0
                        }

                        over "left_pad_joint"
                        {
                            float state:angular:physics:position = -5.9481835e-7
                            float state:angular:physics:velocity = 0
                        }
                    }
                }

                over "link2"
                {
                    vector3f physics:angularVelocity = (0, 0, 0)
                    rel physics:simulationOwner
                    vector3f physics:velocity = (0, 0, 0)
                    quatd xformOp:orient = (-0.5952893920448574, 0.11735746605917241, 0.7899599074252364, 0.08843703714929792)
                    double3 xformOp:translate = (2.1915605330491417e-8, -3.736496190231975e-8, 0.24050005211980263)
                }

                over "link5"
                {
                    vector3f physics:angularVelocity = (0, 0, 0)
                    rel physics:simulationOwner
                    vector3f physics:velocity = (0, 0, 0)
                    quatd xformOp:orient = (-0.05733323957565547, 0.2597402748033426, 0.6576722310058594, 0.7047801968334667)
                    double3 xformOp:translate = (-0.3241742335735731, 0.09849312145232936, -0.018479435043997405)
                }

                over "base_link"
                {
                    vector3f physics:angularVelocity = (0, 0, 0)
                    rel physics:simulationOwner
                    vector3f physics:velocity = (0, 0, 0)
                    quatd xformOp:orient = (0.9999999999999962, 8.4784508925066e-9, -8.640196219752995e-8, -3.51188928228248e-9)
                    double3 xformOp:translate = (2.1915605330491417e-8, -7.562639514624436e-9, 1.9272999196573437e-8)
                }

                over "link1"
                {
                    vector3f physics:angularVelocity = (0, 0, 0)
                    rel physics:simulationOwner
                    vector3f physics:velocity = (0, 0, 0)
                    quatd xformOp:orient = (-0.6994292179548242, 0.699431826713179, -0.10390805609011565, 0.10390863646175988)
                    double3 xformOp:translate = (-6.524339708491311e-7, -3.736496190231975e-8, 0.2405007264693788)
                }

                over "link3"
                {
                    vector3f physics:angularVelocity = (0, 0, 0)
                    rel physics:simulationOwner
                    vector3f physics:velocity = (0, 0, 0)
                    quatd xformOp:orient = (-0.33794794373277176, 0.5039180170368838, 0.4960504344180153, 0.6211213938885898)
                    double3 xformOp:translate = (-0.23545680333208185, 0.07153829175948878, 0.16994192873401825)
                }

                over "link6"
                {
                    vector3f physics:angularVelocity = (0, 0, 0)
                    rel physics:simulationOwner
                    vector3f physics:velocity = (0, 0, 0)
                    quatd xformOp:orient = (-0.2242051112123168, 0.1431229659822265, 0.9633994110429211, 0.03330855020675446)
                    double3 xformOp:translate = (-0.3241742335735731, 0.09849309165000697, -0.018479435043997405)
                }

                over "link7"
                {
                    vector3f physics:angularVelocity = (0, 0, 0)
                    rel physics:simulationOwner
                    vector3f physics:velocity = (0, 0, 0)
                    quatd xformOp:orient = (-0.2242051345161669, 0.14312299320643299, 0.9633994033756468, 0.033308498129861155)
                    double3 xformOp:translate = (-0.3727577909358999, 0.11325412232398763, -0.12166238019085185)
                }

                over "link4"
                {
                    vector3f physics:angularVelocity = (0, 0, 0)
                    rel physics:simulationOwner
                    vector3f physics:velocity = (0, 0, 0)
                    quatd xformOp:orient = (-0.22420505424492387, 0.14312389366067682, 0.9633992950909692, 0.033308301257518595)
                    double3 xformOp:translate = (-0.2354567190383845, 0.0715382619571664, 0.1699420130277156)
                }

                over "joints"
                {
                    over "left_joint1"
                    {
                        float drive:angular:physics:targetPosition = -16.9
                        float physics:lowerLimit = -177.6169
                        float physics:upperLimit = 177.6169
                        float state:angular:physics:position = -16.900293
                        float state:angular:physics:velocity = 0
                    }

                    over "left_joint2"
                    {
                        float drive:angular:physics:targetPosition = -106
                        float physics:lowerLimit = -129.94681
                        float physics:upperLimit = 129.94681
                        float state:angular:physics:position = -105.99883
                        float state:angular:physics:velocity = 0
                    }

                    over "left_joint3"
                    {
                        float physics:lowerLimit = -177.6169
                        float physics:upperLimit = 177.6169
                        float state:angular:physics:position = -0.000008004923
                        float state:angular:physics:velocity = 0
                    }

                    over "left_joint4"
                    {
                        float drive:angular:physics:targetPosition = -47.8
                        float physics:lowerLimit = -134.93155
                        float physics:upperLimit = 134.93155
                        float state:angular:physics:position = -47.799404
                        float state:angular:physics:velocity = 0
                    }

                    over "left_joint5"
                    {
                        float physics:lowerLimit = -177.6169
                        float physics:upperLimit = 177.6169
                        float state:angular:physics:position = -0.000119239856
                        float state:angular:physics:velocity = 0
                    }

                    over "left_joint6"
                    {
                        float physics:lowerLimit = -127.94147
                        float physics:upperLimit = 127.94147
                        float state:angular:physics:position = 1.3693077e-7
                        float state:angular:physics:velocity = 0
                    }

                    over "left_joint7"
                    {
                        float physics:lowerLimit = -359.81747
                        float physics:upperLimit = 359.81747
                        float state:angular:physics:position = -6.0047235e-8
                        float state:angular:physics:velocity = 0
                    }
                }
            }

            over "platform_base_link"
            {
                vector3f physics:angularVelocity = (0, 0, 0)
                rel physics:simulationOwner
                vector3f physics:velocity = (0, 0, 0)
                quatd xformOp:orient = (1, 0, 0, 0)
                double3 xformOp:translate = (-3.0555128205378423e-8, -0.11663000285625236, 0.2709999714846656)
            }

            over "head_link1"
            {
                vector3f physics:angularVelocity = (0, 0, 0)
                rel physics:simulationOwner
                vector3f physics:velocity = (0, 0, 0)
                quatd xformOp:orient = (0.9999999999999998, -1.823998783379794e-9, 2.0894208285636178e-8, -2.047998633970295e-9)
                double3 xformOp:translate = (-3.0555128205378423e-8, -0.2184299826621987, 0.3970000182147071)
            }

            over "base_link"
            {
                vector3f physics:angularVelocity = (0, 0, 0)
                rel physics:simulationOwner
                vector3f physics:velocity = (0, 0, 0)
                quatd xformOp:orient = (0.9999999999999999, 1.0928302658118761e-8, -5.615031598174045e-9, -8.431383403042039e-9)
                double3 xformOp:translate = (-3.0555128205378423e-8, -3.911554591340405e-8, -0.6930098797326043)
            }

            over "joints"
            {
                over "head_joint1"
                {
                    float physics:lowerLimit = -71.9635
                    float physics:upperLimit = 71.9635
                    float state:angular:physics:position = 0
                    float state:angular:physics:velocity = 0
                }

                over "head_joint2"
                {
                    float physics:lowerLimit = -24.00693
                    float physics:upperLimit = 24.00693
                    float state:angular:physics:position = 0
                    float state:angular:physics:velocity = 0
                }

                over "lift_joint"
                {
                    float drive:linear:physics:targetPosition = 0.693
                    float physics:lowerLimit = 0
                    float physics:upperLimit = 1
                    float state:linear:physics:position = 0.6930102
                    float state:linear:physics:velocity = -0
                }
            }
        }

        def "Ubtech_CruzrS2" (
            prepend payload = @./humanoid/Ubtech/Ubtech_CruzrS2/Ubtech_CruzrS2.usd@
        )
        {
            string[] isaac:changelog (
                displayName = "Changelog"
            )
            string isaac:description (
                displayName = "Description"
            )
            token isaac:license (
                displayName = "License"
            )
            string isaac:namespace (
                displayName = "Namespace"
            )
            rel isaac:physics:robotJoints (
                displayName = "Robot Joints"
            )
            rel isaac:physics:robotLinks (
                displayName = "Robot Links"
            )
            token isaac:robotType (
                displayName = "Robot Type"
            )
            string isaac:source (
                displayName = "Source"
            )
            string isaac:version (
                displayName = "Version"
            )
            quatd xformOp:orient = (1, 0, 0, 0)
            double3 xformOp:scale = (1, 1, 1)
            double3 xformOp:translate = (-2.046711089859952, 0.6406953307193248, 0.04017752729437679)
            uniform token[] xformOpOrder = ["xformOp:translate", "xformOp:orient", "xformOp:scale"]

            over "Ubtech_CruzrS2_Chassis"
            {
                over "Graphs"
                {
                    over "differential_controller"
                    {
                        over "ArrayNames"
                        {
                            custom token inputs:input0 (
                                customData = {
                                    dictionary omni = {
                                        dictionary graph = {
                                            string resolvedType = "token"
                                        }
                                    }
                                }
                            )
                        }
                    }
                }

                over "driven_wheel_right_front_roll_right_link"
                {
                    vector3f physics:angularVelocity = (-0.010986084, -6.034894e-8, -0.000002522358)
                    rel physics:simulationOwner
                    vector3f physics:velocity = (-4.434398e-9, -0.00019824899, 0.00010768969)
                    quatd xformOp:orient = (0.005756314954476751, -0.0057537614996636555, 0.707083411990514, 0.7070833101937869)
                    double3 xformOp:translate = (0.2736729383468606, -0.15599984193697303, -0.023425790891865195)
                }

                over "driving_wheel_left_link"
                {
                    vector3f physics:angularVelocity = (-0.01963309, -5.085187e-9, -0.000001061026)
                    rel physics:simulationOwner
                    vector3f physics:velocity = (-1.0772224e-9, -0.00016680083, 0.00003363014)
                    quatd xformOp:orient = (0.0061568650641433955, -0.006156874898409353, 0.7070800023383768, 0.7070799503572621)
                    double3 xformOp:translate = (0.05754158273339056, 0.269999799481484, 0.06837433256127506)
                }

                over "driven_wheel_right_rear_roll_left_link"
                {
                    vector3f physics:angularVelocity = (-0.010986096, 4.6630465e-8, 0.0000036200945)
                    rel physics:simulationOwner
                    vector3f physics:velocity = (1.7547681e-9, -0.00020110678, -0.00005641963)
                    quatd xformOp:orient = (0.005756314954476751, -0.0057537614996636555, 0.707083411990514, 0.7070833101937869)
                    double3 xformOp:translate = (-0.20525440573692547, -0.12400025392427771, -0.03176693938753933)
                }

                over "driven_wheel_right_front_roll_left_link"
                {
                    vector3f physics:angularVelocity = (-0.010986072, -6.034898e-8, -0.000002522358)
                    rel physics:simulationOwner
                    vector3f physics:velocity = (-4.4344004e-9, -0.00019825043, 0.00010768977)
                    quatd xformOp:orient = (0.005756314954476751, -0.0057537614996636555, 0.707083411990514, 0.7070833101937869)
                    double3 xformOp:translate = (0.2736730575561501, -0.12399977708711951, -0.02342579834244579)
                }

                over "driven_wheel_left_rear_roll_right_link"
                {
                    vector3f physics:angularVelocity = (-0.010986062, 4.6631026e-8, 0.000003620136)
                    rel physics:simulationOwner
                    vector3f physics:velocity = (1.7547236e-9, -0.00020111403, -0.00005641963)
                    quatd xformOp:orient = (0.005756314954476751, -0.0057537614996636555, 0.707083411990514, 0.7070833101937869)
                    double3 xformOp:translate = (-0.20525458455085974, 0.12399989103421838, -0.0317669989921841)
                }

                over "driven_wheel_left_rear_roll_left_link"
                {
                    vector3f physics:angularVelocity = (-0.010986051, 4.6630987e-8, 0.000003620136)
                    rel physics:simulationOwner
                    vector3f physics:velocity = (1.7547358e-9, -0.00020111208, -0.000056419634)
                    quatd xformOp:orient = (0.005756314954476751, -0.0057537614996636555, 0.707083411990514, 0.7070833101937869)
                    double3 xformOp:translate = (-0.20525446534157019, 0.1559999558840719, -0.0317670064427647)
                }

                over "base_link"
                {
                    vector3f physics:angularVelocity = (-0.01963298, -5.0851705e-9, -0.000001061026)
                    rel physics:simulationOwner
                    vector3f physics:velocity = (-7.766583e-10, -0.00014552998, 0.000027966564)
                    quatd xformOp:orient = (0.9999620919216303, -7.770825194325841e-8, -0.008707164849088862, 4.119644108612125e-8)
                    double3 xformOp:translate = (0.057541582733390495, -1.8144502966777054e-7, 0.06837443686940342)
                }

                over "driven_wheel_left_front_yaw_link"
                {
                    vector3f physics:angularVelocity = (-0.01963298, -3.0509945e-8, -0.0000025208503)
                    rel physics:simulationOwner
                    vector3f physics:velocity = (-5.505969e-9, -0.0001767532, 0.000115775176)
                    quatd xformOp:orient = (-0.7070787233426599, -0.006156860314400713, 0.006156956562475265, 0.7070812286810272)
                    double3 xformOp:translate = (0.2974580526351907, 0.13999968504056604, 0.046548937036773264)
                }

                over "driven_wheel_right_rear_roll_right_link"
                {
                    vector3f physics:angularVelocity = (-0.010986106, 4.663052e-8, 0.0000036200945)
                    rel physics:simulationOwner
                    vector3f physics:velocity = (1.754752e-9, -0.00020110892, -0.00005641963)
                    quatd xformOp:orient = (0.005756314954476751, -0.0057537614996636555, 0.707083411990514, 0.7070833101937869)
                    double3 xformOp:translate = (-0.20525452494621502, -0.15600031877413123, -0.03176693193695873)
                }

                over "protection_right_rear_link"
                {
                    vector3f physics:angularVelocity = (0.0000058068003, -3.3589413e-9, -0.000001064402)
                    rel physics:simulationOwner
                    vector3f physics:velocity = (4.7887596e-9, -0.000201926, -0.00007474051)
                    quatd xformOp:orient = (0.005555029829450662, -0.005554975752924929, 0.7070850181646499, 0.7070849036537801)
                    double3 xformOp:translate = (-0.25872114300728066, -0.030250253924277715, -0.034148452748427094)
                }

                over "driven_wheel_right_front_yaw_link"
                {
                    vector3f physics:angularVelocity = (-0.01963298, -3.051139e-8, -0.000002520924)
                    rel physics:simulationOwner
                    vector3f physics:velocity = (-5.5059997e-9, -0.00017674801, 0.00011577514)
                    quatd xformOp:orient = (-0.7070787233426599, -0.006156860314400713, 0.006156956562475265, 0.7070812286810272)
                    double3 xformOp:translate = (0.29745808243751304, -0.14000004793062537, 0.04654898919083744)
                }

                over "driven_wheel_left_rear_yaw_link"
                {
                    vector3f physics:angularVelocity = (-0.01963298, 7.646863e-8, 0.000003621573)
                    rel physics:simulationOwner
                    vector3f physics:velocity = (3.3299565e-9, -0.00017961141, -0.000048334186)
                    quatd xformOp:orient = (-0.7070787233426599, -0.006156860314400713, 0.006156956562475265, 0.7070812286810272)
                    double3 xformOp:translate = (-0.18146942555904608, 0.13999968504056604, 0.03820778109051853)
                }

                over "protection_right_front_link"
                {
                    vector3f physics:angularVelocity = (-0.00034533895, -1.6765302e-9, -0.0000010677574)
                    rel physics:simulationOwner
                    vector3f physics:velocity = (-6.9881403e-9, -0.00019813092, 0.00014315834)
                    quatd xformOp:orient = (0.0055657040833100085, -0.005565723322570277, 0.7070849073740487, 0.7070848459879386)
                    double3 xformOp:translate = (0.37718254327773826, -0.030750456103232793, -0.023073283434728087)
                }

                over "driven_wheel_left_front_roll_left_link"
                {
                    vector3f physics:angularVelocity = (-0.010986029, -6.034769e-8, -0.0000025222887)
                    rel physics:simulationOwner
                    vector3f physics:velocity = (-4.4344053e-9, -0.00019825558, 0.00010768978)
                    quatd xformOp:orient = (0.005756314954476751, -0.0057537614996636555, 0.707083411990514, 0.7070833101937869)
                    double3 xformOp:translate = (0.2736730277538278, 0.1559999558840719, -0.02342585049650997)
                }

                over "driven_wheel_left_front_roll_right_link"
                {
                    vector3f physics:angularVelocity = (-0.0109860385, -6.034763e-8, -0.0000025222887)
                    rel physics:simulationOwner
                    vector3f physics:velocity = (-4.43438e-9, -0.0001982542, 0.00010768969)
                    quatd xformOp:orient = (0.005756314954476751, -0.0057537614996636555, 0.707083411990514, 0.7070833101937869)
                    double3 xformOp:translate = (0.27367290854453824, 0.12399989103421838, -0.023425843045929373)
                }

                over "driving_wheel_right_link"
                {
                    vector3f physics:angularVelocity = (-0.019632649, -5.085182e-9, -0.0000010610322)
                    rel physics:simulationOwner
                    vector3f physics:velocity = (-1.077226e-9, -0.00016679116, 0.000033630084)
                    quatd xformOp:orient = (0.006157138075804522, -0.006156980439541834, 0.707080001248667, 0.7070799481506796)
                    double3 xformOp:translate = (0.05754157155751954, -0.27000063920870154, 0.06837460078217655)
                }

                over "protection_left_rear_link"
                {
                    vector3f physics:angularVelocity = (0.000005807042, -1.5939341e-9, -0.0000010620852)
                    rel physics:simulationOwner
                    vector3f physics:velocity = (4.7887343e-9, -0.00020192713, -0.00007474051)
                    quatd xformOp:orient = (0.0055549142214741925, -0.005554975713788879, 0.707085013183068, 0.7070849095439047)
                    double3 xformOp:translate = (-0.2587211430072806, 0.030249414197060176, -0.034148422946104706)
                }

                over "protection_left_front_link"
                {
                    vector3f physics:angularVelocity = (-0.00034533945, -3.984812e-9, -0.0000010677408)
                    rel physics:simulationOwner
                    vector3f physics:velocity = (-6.988113e-9, -0.00019813207, 0.00014315834)
                    quatd xformOp:orient = (0.005565766889581272, -0.005565681093450794, 0.707084939069063, 0.7070848141309474)
                    double3 xformOp:translate = (0.3771825730800607, 0.030749616376015254, -0.023073343039372862)
                }

                over "driven_wheel_right_rear_yaw_link"
                {
                    vector3f physics:angularVelocity = (-0.01963298, 7.646802e-8, 0.0000036215333)
                    rel physics:simulationOwner
                    vector3f physics:velocity = (3.3299539e-9, -0.00017960618, -0.000048334194)
                    quatd xformOp:orient = (-0.7070787233426599, -0.006156860314400713, 0.006156956562475265, 0.7070812286810272)
                    double3 xformOp:translate = (-0.18146936595440136, -0.14000052476778357, 0.038207848145743906)
                }

                over "joints"
                {
                    over "driven_wheel_left_front_yaw_joint"
                    {
                        float physics:lowerLimit = -inf
                        float physics:upperLimit = inf
                    }

                    over "driven_wheel_left_front_roll_left_joint"
                    {
                        float physics:lowerLimit = -inf
                        float physics:upperLimit = inf
                    }

                    over "driven_wheel_left_front_roll_right_joint"
                    {
                        float physics:lowerLimit = -inf
                        float physics:upperLimit = inf
                    }

                    over "driven_wheel_left_rear_yaw_joint"
                    {
                        float physics:lowerLimit = -inf
                        float physics:upperLimit = inf
                    }

                    over "driven_wheel_left_rear_roll_left_joint"
                    {
                        float physics:lowerLimit = -inf
                        float physics:upperLimit = inf
                    }

                    over "driven_wheel_left_rear_roll_right_joint"
                    {
                        float physics:lowerLimit = -inf
                        float physics:upperLimit = inf
                    }

                    over "driven_wheel_right_front_yaw_joint"
                    {
                        float physics:lowerLimit = -inf
                        float physics:upperLimit = inf
                    }

                    over "driven_wheel_right_front_roll_left_joint"
                    {
                        float physics:lowerLimit = -inf
                        float physics:upperLimit = inf
                    }

                    over "driven_wheel_right_front_roll_right_joint"
                    {
                        float physics:lowerLimit = -inf
                        float physics:upperLimit = inf
                    }

                    over "protection_right_front_joint"
                    {
                        float physics:lowerLimit = -inf
                        float physics:upperLimit = inf
                    }

                    over "protection_right_rear_joint"
                    {
                        float physics:lowerLimit = -inf
                        float physics:upperLimit = inf
                    }
                }
            }

            over "Graph"
            {
                over "ROS_JointStates"
                {
                    over "PublisherJointState"
                    {
                        custom uchar[] inputs:jointDofTypes
                        custom double[] inputs:jointEfforts
                        custom token[] inputs:jointNames
                        custom double[] inputs:jointPositions
                        custom double[] inputs:jointVelocities
                        custom float inputs:sensorTime
                        custom float inputs:stageMetersPerUnit
                    }
                }
            }

            over "right_link6"
            {
                vector3f physics:angularVelocity = (-0.000010279208, -0.003059613, -0.000053721415)
                rel physics:simulationOwner
                vector3f physics:velocity = (0.000015974007, -5.664676e-8, -2.3215796e-7)
                quatd xformOp:orient = (0.5163087575555465, -0.48314344838971035, -0.48314768941686864, -0.5163002860358382)
                double3 xformOp:translate = (-0.000001274049284352761, -0.26274079347505896, 0.7656403747937885)
            }

            over "right_link5"
            {
                vector3f physics:angularVelocity = (-0.0000064145897, -0.0030596124, -0.000053464675)
                rel physics:simulationOwner
                vector3f physics:velocity = (0.000010078074, -3.1276453e-8, -8.282382e-7)
                quatd xformOp:orient = (-0.02344658914875966, 0.7067198300914709, -0.7067159597593733, -0.02344976405339402)
                double3 xformOp:translate = (-7.157796085334364e-7, -0.27058381105318396, 0.8837001291654316)
            }

            over "right_link4"
            {
                vector3f physics:angularVelocity = (-0.000007956721, -0.003059613, -0.000030250732)
                rel physics:simulationOwner
                vector3f physics:velocity = (0.000005136117, -2.0333937e-8, -5.9509426e-7)
                quatd xformOp:orient = (-0.48314799500435945, -0.516304831324366, 0.4831412799055503, 0.5163059555395544)
                double3 xformOp:translate = (2.5378537880647694e-8, -0.25750702882662146, 0.9884774056813923)
            }

            over "right_link3"
            {
                vector3f physics:angularVelocity = (-0.000007973202, -0.00040095122, -0.000030230594)
                rel physics:simulationOwner
                vector3f physics:velocity = (0.0000014535649, -7.6768885e-9, -2.8155458e-7)
                quatd xformOp:orient = (0.08249390130422457, 0.7022809010293537, -0.7022758937864784, 0.08249158322769111)
                double3 xformOp:translate = (6.766058481871624e-7, -0.22759741807833045, 1.2003124324224201)
            }

            over "left_link1"
            {
                vector3f physics:angularVelocity = (0.0011558984, 4.3169477e-9, 0.0002038256)
                rel physics:simulationOwner
                vector3f physics:velocity = (1.8118723e-8, -4.5276143e-9, -1.02751486e-7)
                quatd xformOp:orient = (0.4545160651973493, 0.5416774719235504, -0.5416765207383102, 0.4545186572285778)
                double3 xformOp:translate = (-1.396983883775815e-7, 0.15846520399198205, 1.2706372109792439)
            }

            over "left_hand_V3"
            {
                over "ring_mpp"
                {
                    vector3f physics:angularVelocity = (0.011505431, -0.733532, -0.04537472)
                    rel physics:simulationOwner
                    vector3f physics:velocity = (0.009184384, 0.00012613172, 0.0005030253)
                    quatd xformOp:orient = (-0.1414022703859218, 0.6998980379929666, -0.1411638893373335, 0.6857265422093999)
                    double3 xformOp:translate = (0.010401234545954504, -0.082311949612202, 0.13315176954206165)
                }

                over "little_ip"
                {
                    vector3f physics:angularVelocity = (0.011571409, -0.696721, -0.043908678)
                    rel physics:simulationOwner
                    vector3f physics:velocity = (0.009646649, 0.00013990328, 0.00040042406)
                    quatd xformOp:orient = (-0.13659590024544127, 0.7078921749535367, -0.13586805736440255, 0.6795366801459009)
                    double3 xformOp:translate = (0.03233644138390665, -0.09736537423429414, 0.16822459039563964)
                }

                over "index_mpp"
                {
                    vector3f physics:angularVelocity = (0.011515951, -0.7430062, -0.045164764)
                    rel physics:simulationOwner
                    vector3f physics:velocity = (0.009160632, 0.00012623837, 0.0004943042)
                    quatd xformOp:orient = (-0.14112779580978155, 0.6857067635204712, -0.14145649225608709, 0.6999137379068628)
                    double3 xformOp:translate = (-0.03042476293330546, -0.08230896644309205, 0.13315132721968848)
                }

                over "thumb_ip"
                {
                    vector3f physics:angularVelocity = (-0.1571131, -0.5740184, -0.012808756)
                    rel physics:simulationOwner
                    vector3f physics:velocity = (0.007903092, 0.00013423224, -0.00019563301)
                    quatd xformOp:orient = (-0.24465162235152935, -0.27402690804141616, 0.5424799665270102, 0.7554934303267499)
                    double3 xformOp:translate = (-0.0914139621395385, -0.127665447389405, 0.04063434597790194)
                }

                over "middle_mpp"
                {
                    vector3f physics:angularVelocity = (0.011505957, -0.7344121, -0.045364823)
                    rel physics:simulationOwner
                    vector3f physics:velocity = (0.009170908, 0.00012618062, 0.00049873075)
                    quatd xformOp:orient = (-0.14126702786226247, 0.6928383949600738, -0.14131221662340313, 0.6928560043335786)
                    double3 xformOp:translate = (-0.01001176745330449, -0.08235540644381967, 0.13335152302279374)
                }

                over "little_mpp"
                {
                    vector3f physics:angularVelocity = (0.011505861, -0.733039, -0.045364868)
                    rel physics:simulationOwner
                    vector3f physics:velocity = (0.00919265, 0.00012598377, 0.0005075567)
                    quatd xformOp:orient = (-0.14152294684751784, 0.7068876555697535, -0.14100092795132202, 0.6785276974711927)
                    double3 xformOp:translate = (0.03080625604207162, -0.08217874086591248, 0.1325528885625913)
                }

                over "thumb_cmp"
                {
                    vector3f physics:angularVelocity = (0.011514189, -0.733039, -0.045186974)
                    rel physics:simulationOwner
                    vector3f physics:velocity = (0.007856582, 0.000108207605, 0.00045570647)
                    quatd xformOp:orient = (0.040543524371125066, -0.36503869176375514, 0.9244289067957271, 0.10263611658393601)
                    double3 xformOp:translate = (-0.028609743757895205, -0.0667061305554455, 0.04400781271593446)
                }

                over "hand_base"
                {
                    vector3f physics:angularVelocity = (0.011505857, -0.73303914, -0.045364868)
                    rel physics:simulationOwner
                    vector3f physics:velocity = (0.008229497, 0.00010746774, 0.00056246796)
                    quatd xformOp:orient = (0.9938925132625444, 0.11035248392480156, -0.000007051344447880264, -0.00003636712877917027)
                    double3 xformOp:translate = (-0.000008063108450752866, -0.049787873402567406, -0.004665707505966621)
                }

                over "index_ip"
                {
                    vector3f physics:angularVelocity = (0.011520158, -0.747155, -0.045081474)
                    rel physics:simulationOwner
                    vector3f physics:velocity = (0.009669326, 0.00014160572, 0.00037068158)
                    quatd xformOp:orient = (-0.13605468923936126, 0.6867133536786223, -0.1364863136250365, 0.700917525539552)
                    double3 xformOp:translate = (-0.031192163421562863, -0.09750095759254851, 0.16884517426638346)
                }

                over "middle_ip"
                {
                    vector3f physics:angularVelocity = (0.011505716, -0.7310881, -0.04536491)
                    rel physics:simulationOwner
                    vector3f physics:velocity = (0.00968979, 0.00014210789, 0.00037290444)
                    quatd xformOp:orient = (-0.13708271384614187, 0.6936786934464749, -0.1371279091458041, 0.6936959970738396)
                    double3 xformOp:translate = (-0.01001320727800484, -0.0975483150709584, 0.16905331853696315)
                }

                over "ring_ip"
                {
                    vector3f physics:angularVelocity = (0.011557532, -0.6733153, -0.04416885)
                    rel physics:simulationOwner
                    vector3f physics:velocity = (0.009668475, 0.00014127821, 0.00038696057)
                    quatd xformOp:orient = (-0.13642267295556082, 0.7009039779249906, -0.13608147292608408, 0.6867345198538165)
                    double3 xformOp:translate = (0.011165740483650015, -0.09750352292648579, 0.1688459928935342)
                }

                over "thumb_mpp"
                {
                    vector3f physics:angularVelocity = (-0.0711697, -0.65506566, -0.029310808)
                    rel physics:simulationOwner
                    vector3f physics:velocity = (0.00787431, 0.00012947913, 0.00014559088)
                    quatd xformOp:orient = (-0.2443935954215382, -0.2742122357349502, 0.542386294292786, 0.75557695045145)
                    double3 xformOp:translate = (-0.03665120009963867, -0.07766039297603022, 0.05184047352490184)
                }

                over "joints"
                {
                    over "left_hand_index_joint"
                    {
                        float physics:lowerLimit = 0
                        float physics:upperLimit = 83.65183
                        float state:angular:physics:position = 0.0016651708
                        float state:angular:physics:velocity = 0
                    }

                    over "left_hand_middle_joint"
                    {
                        float physics:lowerLimit = 0
                        float physics:upperLimit = 83.65183
                        float state:angular:physics:position = 0.000031648935
                        float state:angular:physics:velocity = 0
                    }

                    over "left_hand_pinky_joint"
                    {
                        float physics:lowerLimit = 0
                        float physics:upperLimit = 83.65183
                        float state:angular:physics:position = 0.000066191424
                        float state:angular:physics:velocity = 0
                    }

                    over "left_hand_ring_joint"
                    {
                        float physics:lowerLimit = 0
                        float physics:upperLimit = 83.65183
                        float state:angular:physics:position = 0.00008332875
                        float state:angular:physics:velocity = 0
                    }

                    over "left_hand_thumb_joint2"
                    {
                        float physics:lowerLimit = 0
                        float physics:upperLimit = 55.003944
                        float state:angular:physics:position = 0.000023223782
                        float state:angular:physics:velocity = 0
                    }

                    over "left_hand_index_joint2"
                    {
                        float state:angular:physics:position = 0.0013483417
                        float state:angular:physics:velocity = 0
                    }

                    over "left_hand_middle_joint2"
                    {
                        float state:angular:physics:position = -0.00031920784
                        float state:angular:physics:velocity = 0
                    }

                    over "left_hand_pinky_joint2"
                    {
                        float state:angular:physics:position = -0.00019211067
                        float state:angular:physics:velocity = 0
                    }

                    over "left_hand_ring_joint2"
                    {
                        float state:angular:physics:position = -0.0002263676
                        float state:angular:physics:velocity = 0
                    }

                    over "left_hand_thumb_joint1"
                    {
                        float physics:lowerLimit = 0
                        float physics:upperLimit = 59.587605
                        float state:angular:physics:position = 0.03762532
                        float state:angular:physics:velocity = 0
                    }

                    over "left_hand_thumb_joint3"
                    {
                        float state:angular:physics:position = 0.03914257
                        float state:angular:physics:velocity = 0
                    }
                }
            }

            over "body_link4"
            {
                vector3f physics:angularVelocity = (0, 0, 0)
                rel physics:simulationOwner
                vector3f physics:velocity = (0, 0, 0)
                quatd xformOp:orient = (-0.0000036947634686615715, 0.9999999999931698, 8.429369126126601e-8, 4.478126876277005e-8)
                double3 xformOp:translate = (-4.586763902025883e-8, -0.0000020887936624802705, 0.8974998561284748)
            }

            over "body_link3"
            {
                vector3f physics:angularVelocity = (7.186026e-12, -2.3442053e-13, -9.883036e-7)
                rel physics:simulationOwner
                vector3f physics:velocity = (3.622632e-13, -1.4473243e-10, 3.051746e-17)
                quatd xformOp:orient = (0.707105464095833, 0.7071080982748061, -1.0551760498686335e-16, 6.321921069085714e-8)
                double3 xformOp:translate = (-3.678724391775781e-8, -0.0000016119565042771455, 0.811999913825771)
            }

            over "left_link2"
            {
                vector3f physics:angularVelocity = (0.0011557712, -0.5270364, 0.00020449472)
                rel physics:simulationOwner
                vector3f physics:velocity = (0.00031494614, 7.347391e-7, 0.00011359058)
                quatd xformOp:orient = (-0.6995668677760601, -0.10298329217170948, 0.6995677830239163, 0.10298328018892879)
                double3 xformOp:translate = (-3.63215806272176e-7, 0.2175539109621969, 1.28105669893243)
            }

            over "right_hand_V3"
            {
                over "hand_base"
                {
                    vector3f physics:angularVelocity = (-0.000010277983, -0.0031551595, -0.000053722128)
                    rel physics:simulationOwner
                    vector3f physics:velocity = (0.000027241791, -1.0296023e-7, 3.238414e-7)
                    quatd xformOp:orient = (0.9927577238503383, 0.12013368276073214, -0.0000010830335006778818, -8.162006500736061e-7)
                    double3 xformOp:translate = (-8.008787133547302e-7, -0.07461138121896482, -0.00565500600266311)

                    over "collisions"
                    {
                        over "base"
                        {
                            over "mesh"
                            {
                                rel physics:simulationOwner
                            }
                        }

                        over "palm"
                        {
                            over "mesh"
                            {
                                rel physics:simulationOwner
                            }
                        }
                    }
                }

                over "middle_ip"
                {
                    vector3f physics:angularVelocity = (-0.000010284337, -0.002873086, -0.000053723255)
                    rel physics:simulationOwner
                    vector3f physics:velocity = (0.00003336048, -1.3932234e-7, 0.0000012157807)
                    quatd xformOp:orient = (-0.14393318505379948, 0.6923008065929259, -0.14392928977227626, 0.6923057063008372)
                    double3 xformOp:translate = (-0.010001832325994088, -0.1257843037137345, 0.1670898664864514)

                    over "collisions"
                    {
                        over "middle_distal"
                        {
                            over "mesh"
                            {
                                rel physics:simulationOwner
                            }
                        }
                    }
                }

                over "little_mpp"
                {
                    vector3f physics:angularVelocity = (-0.000011044929, -0.0028694782, -0.0000422744)
                    rel physics:simulationOwner
                    vector3f physics:velocity = (0.000031235875, -1.2172481e-7, 6.493021e-7)
                    quatd xformOp:orient = (-0.1485008281511653, 0.7054660615823084, -0.14765020924183622, 0.6771001075947388)
                    double3 xformOp:translate = (0.030816402124653874, -0.10969573221407103, 0.13089910092776436)

                    over "collisions"
                    {
                        over "index_proximal"
                        {
                            over "mesh"
                            {
                                rel physics:simulationOwner
                            }
                        }
                    }
                }

                over "thumb_cmp"
                {
                    vector3f physics:angularVelocity = (-0.0000026384253, -0.0031551588, -0.00016871712)
                    rel physics:simulationOwner
                    vector3f physics:velocity = (0.000025706668, -1.1375187e-7, 7.3026115e-7)
                    quatd xformOp:orient = (0.04413070199897121, -0.3646550058375178, 0.9233603495475561, 0.11173572724125992)
                    double3 xformOp:translate = (-0.028601066842820922, -0.09248667263398946, 0.042676098119867056)

                    over "collisions"
                    {
                        over "thumb_metacarpals_base"
                        {
                            over "mesh"
                            {
                                rel physics:simulationOwner
                            }
                        }
                    }
                }

                over "little_ip"
                {
                    vector3f physics:angularVelocity = (-0.000011809699, -0.0025846164, -0.000030859377)
                    rel physics:simulationOwner
                    vector3f physics:velocity = (0.000032968834, -1.3525474e-7, 0.0000011000028)
                    quatd xformOp:orient = (-0.1435852543826205, 0.7065184861638361, -0.14252902217086047, 0.678159554435133)
                    double3 xformOp:translate = (0.03234782082165836, -0.125581019896857, 0.1662649750752292)

                    over "collisions"
                    {
                        over "little_distal"
                        {
                            over "mesh"
                            {
                                rel physics:simulationOwner
                            }
                        }
                    }
                }

                over "ring_ip"
                {
                    vector3f physics:angularVelocity = (-0.000011465981, -0.0022771389, -0.00003613922)
                    rel physics:simulationOwner
                    vector3f physics:velocity = (0.000032933483, -1.3694647e-7, 0.0000011059243)
                    quatd xformOp:orient = (-0.1433442192882121, 0.6995322285791117, -0.14281418698251663, 0.6853548015242303)
                    double3 xformOp:translate = (0.011177128436737708, -0.12573327273040924, 0.1668834635943267)

                    over "collisions"
                    {
                        over "index_distal"
                        {
                            over "mesh"
                            {
                                rel physics:simulationOwner
                            }
                        }
                    }
                }

                over "thumb_ip"
                {
                    vector3f physics:angularVelocity = (0.000029932371, -0.0031243162, -0.00016179931)
                    rel physics:simulationOwner
                    vector3f physics:velocity = (0.000025804382, -3.0485268e-7, 0.0000043511727)
                    quatd xformOp:orient = (-0.24145993938862742, -0.27679921668304064, 0.5348189503037666, 0.7609520232643271)
                    double3 xformOp:translate = (-0.09140444586137025, -0.1533570877116821, 0.038056339165559394)

                    over "collisions"
                    {
                        over "thumb_distal"
                        {
                            over "mesh"
                            {
                                rel physics:simulationOwner
                            }
                        }
                    }
                }

                over "thumb_mpp"
                {
                    vector3f physics:angularVelocity = (-0.0000026153955, -0.0031551376, -0.00016871218)
                    rel physics:simulationOwner
                    vector3f physics:velocity = (0.000025714364, -2.0037868e-7, 0.0000023501311)
                    quatd xformOp:orient = (-0.24145997076305398, -0.2767992430832147, 0.5348190028430982, 0.760951966779493)
                    double3 xformOp:translate = (-0.03664170562661887, -0.10359388065297193, 0.05029145220642084)

                    over "collisions"
                    {
                        over "thumb_metacarpals"
                        {
                            over "mesh"
                            {
                                rel physics:simulationOwner
                            }
                        }
                    }
                }

                over "ring_mpp"
                {
                    vector3f physics:angularVelocity = (-0.00001087171, -0.0027163525, -0.000044934877)
                    rel physics:simulationOwner
                    vector3f physics:velocity = (0.000031211548, -1.2192281e-7, 6.501333e-7)
                    quatd xformOp:orient = (-0.14831173396976266, 0.6984779674778249, -0.14788443190910713, 0.6842969774256276)
                    double3 xformOp:translate = (0.010411383658236482, -0.10984213041185154, 0.13149529204272714)

                    over "collisions"
                    {
                        over "index_proximal"
                        {
                            over "mesh"
                            {
                                rel physics:simulationOwner
                            }
                        }
                    }
                }

                over "index_mpp"
                {
                    vector3f physics:angularVelocity = (-0.000010277979, -0.0031551593, -0.000053722135)
                    rel physics:simulationOwner
                    vector3f physics:velocity = (0.000031313575, -1.2218293e-7, 6.7380915e-7)
                    quatd xformOp:orient = (-0.1478877678389833, 0.6842922414812027, -0.14830716223105936, 0.698482871660576)
                    double3 xformOp:translate = (-0.030414604517610265, -0.10984233635501361, 0.13149500905671796)

                    over "collisions"
                    {
                        over "index_proximal"
                        {
                            over "mesh"
                            {
                                rel physics:simulationOwner
                            }
                        }
                    }
                }

                over "middle_mpp"
                {
                    vector3f physics:angularVelocity = (-0.000010281165, -0.003013721, -0.000053722742)
                    rel physics:simulationOwner
                    vector3f physics:velocity = (0.000031280197, -1.2212215e-7, 6.648012e-7)
                    quatd xformOp:orient = (-0.14810713206760825, 0.6914200123073326, -0.148103074028676, 0.691424705571686)
                    double3 xformOp:translate = (-0.010001623860138592, -0.10989137012065786, 0.1316942055192556)

                    over "collisions"
                    {
                        over "index_proximal"
                        {
                            over "mesh"
                            {
                                rel physics:simulationOwner
                            }
                        }
                    }
                }

                over "index_ip"
                {
                    vector3f physics:angularVelocity = (-0.000010302655, -0.0031740186, -0.000053344236)
                    rel physics:simulationOwner
                    vector3f physics:velocity = (0.000033465727, -1.3879469e-7, 0.0000012402769)
                    quatd xformOp:orient = (-0.14281672542022866, 0.6853501244329676, -0.14333909149438642, 0.6995373433416708)
                    double3 xformOp:translate = (-0.031180779203434986, -0.1257334571111679, 0.16688320995796602)

                    over "collisions"
                    {
                        over "index_distal"
                        {
                            over "mesh"
                            {
                                rel physics:simulationOwner
                            }
                        }
                    }
                }

                over "joints"
                {
                    over "right_hand_index_joint"
                    {
                        float physics:lowerLimit = 0
                        float physics:upperLimit = 83.65183
                        float state:angular:physics:position = 1.8189722e-12
                        float state:angular:physics:velocity = 0
                    }

                    over "right_hand_middle_joint"
                    {
                        float physics:lowerLimit = 0
                        float physics:upperLimit = 83.65183
                        float state:angular:physics:position = 0.00004243188
                        float state:angular:physics:velocity = 0
                    }

                    over "right_hand_pinky_joint"
                    {
                        float physics:lowerLimit = 0
                        float physics:upperLimit = 83.65183
                        float state:angular:physics:position = 0.00008127421
                        float state:angular:physics:velocity = 0
                    }

                    over "right_hand_ring_joint"
                    {
                        float physics:lowerLimit = 0
                        float physics:upperLimit = 83.65183
                        float state:angular:physics:position = 0.0001192007
                        float state:angular:physics:velocity = 0
                    }

                    over "right_hand_thumb_joint2"
                    {
                        float physics:lowerLimit = 0
                        float physics:upperLimit = 55.003944
                        float state:angular:physics:position = 0.000032880005
                        float state:angular:physics:velocity = 0
                    }

                    over "right_hand_index_joint2"
                    {
                        float state:angular:physics:position = 0.0000011051634
                        float state:angular:physics:velocity = 0
                    }

                    over "right_hand_middle_joint2"
                    {
                        float state:angular:physics:position = 0.000043718323
                        float state:angular:physics:velocity = 0
                    }

                    over "right_hand_pinky_joint2"
                    {
                        float state:angular:physics:position = 0.00008217615
                        float state:angular:physics:velocity = 0
                    }

                    over "right_hand_ring_joint2"
                    {
                        float state:angular:physics:position = 0.000120329976
                        float state:angular:physics:velocity = 0
                    }

                    over "right_hand_thumb_joint1"
                    {
                        float physics:lowerLimit = 0
                        float physics:upperLimit = 59.587605
                        float state:angular:physics:position = 4.771079e-8
                        float state:angular:physics:velocity = 0
                    }

                    over "right_hand_thumb_joint3"
                    {
                        float state:angular:physics:position = -2.7578103e-8
                        float state:angular:physics:velocity = 0
                    }
                }
            }

            over "body_link1"
            {
                vector3f physics:angularVelocity = (-0.014134748, -3.957212e-9, -0.00000104146)
                rel physics:simulationOwner
                vector3f physics:velocity = (3.8318684e-10, -0.000042298852, 0.000012916789)
                quatd xformOp:orient = (0.6762112190064437, 0.6762136795824482, -0.20672892569482687, 0.2067283195801886)
                double3 xformOp:translate = (0.05264831706881301, -1.8144502966777054e-7, 0.3493316439531055)
            }

            over "left_link7"
            {
                vector3f physics:angularVelocity = (0.011505857, -0.73303914, -0.045364868)
                rel physics:simulationOwner
                vector3f physics:velocity = (0.0066256644, 0.00007676579, 0.0006517942)
                quatd xformOp:orient = (0.48818629766682625, -0.5115028239645312, -0.4882387988166954, 0.5115289582972768)
                double3 xformOp:translate = (0.00000770905171305399, 0.28983002637967736, 0.6932448116681782)
            }

            over "right_link1"
            {
                vector3f physics:angularVelocity = (-7.436579e-7, -8.3928845e-12, 1.3111614e-7)
                rel physics:simulationOwner
                vector3f physics:velocity = (1.1655297e-11, 2.9127811e-12, 6.6106114e-11)
                quatd xformOp:orient = (-0.4545261382269495, 0.541669294938114, 0.5416747424183356, 0.45452044840223915)
                double3 xformOp:translate = (-9.126961456590855e-8, -0.14927453065767615, 1.2706349460027424)
            }

            over "body_link2"
            {
                vector3f physics:angularVelocity = (-0.0034483133, -1.1736387e-9, -0.000001001547)
                rel physics:simulationOwner
                vector3f physics:velocity = (8.972744e-10, -0.0000071039076, -0.000003089254)
                quatd xformOp:orient = (0.6922880855120175, 0.6922904688584065, 0.14399882849105883, -0.14399809297041416)
                double3 xformOp:translate = (-0.10168246179819329, -6.582821878708955e-7, 0.5781502691648213)
            }

            over "head_link2"
            {
                vector3f physics:angularVelocity = (0, 0, 0)
                rel physics:simulationOwner
                vector3f physics:velocity = (0, 0, 0)
                quatd xformOp:orient = (0.7071030353700151, 0.7071105269832302, -8.429370155155133e-8, 5.267306148921379e-8)
                double3 xformOp:translate = (-1.1548400147174539e-7, 0.0045936677370992385, 1.4310961333654133)
            }

            over "left_link5"
            {
                vector3f physics:angularVelocity = (0.008683899, -0.65568304, -0.045235492)
                rel physics:simulationOwner
                vector3f physics:velocity = (0.0043798895, 0.000034106462, 0.00076800486)
                quatd xformOp:orient = (0.01644196798472127, 0.7068906221564466, 0.7069408822779059, -0.016428601894175596)
                double3 xformOp:translate = (0.0000033637625143742823, 0.29886084531888635, 0.8873548475644795)
            }

            over "right_link7"
            {
                vector3f physics:angularVelocity = (-0.000010277983, -0.0031551595, -0.000053722128)
                rel physics:simulationOwner
                vector3f physics:velocity = (0.000020354202, -7.164133e-8, -1.9783256e-7)
                quatd xformOp:orient = (0.516304921788512, -0.4831516608034409, 0.5163023675945487, -0.48314135158988303)
                double3 xformOp:translate = (-0.000001628417523992832, -0.25770300889864295, 0.689807531013271)
            }

            over "base_link"
            {
                vector3f physics:angularVelocity = (-0.01963298, -5.0851705e-9, -0.000001061026)
                rel physics:simulationOwner
                vector3f physics:velocity = (-1.0210766e-9, -0.00008449255, 0.000032196705)
                quatd xformOp:orient = (0.9999620918929519, -7.375698489543222e-8, -0.008707168141845899, 1.2545828431717541e-7)
                double3 xformOp:translate = (0.057541582733390495, -1.8144502966777054e-7, 0.06837434746243626)
            }

            over "head_link1"
            {
                vector3f physics:angularVelocity = (0, 0, 0)
                rel physics:simulationOwner
                vector3f physics:velocity = (0, 0, 0)
                quatd xformOp:orient = (0.9999999999934628, 0.000003610958345995578, -3.0457634341366655e-8, 1.8569486570221576e-7)
                double3 xformOp:translate = (-1.0430813057635954e-7, 0.004594144574257442, 1.4060961572072712)
            }

            over "right_link2"
            {
                vector3f physics:angularVelocity = (-7.40601e-7, -0.00040095137, 1.3095075e-7)
                rel physics:simulationOwner
                vector3f physics:velocity = (2.44232e-7, -4.747378e-10, -7.231797e-8)
                quatd xformOp:orient = (0.08249139344747634, 0.7022780942409388, 0.08249674673816793, 0.7022783886280621)
                double3 xformOp:translate = (5.778856552821925e-7, -0.208363237627891, 1.2810530034444538)
            }

            over "left_link3"
            {
                vector3f physics:angularVelocity = (0.0095035685, -0.52703655, -0.02754942)
                rel physics:simulationOwner
                vector3f physics:velocity = (0.0018863998, 0.000008873929, 0.0004809787)
                quatd xformOp:orient = (-0.10297778950358936, 0.6995509711683281, 0.6995840669815135, 0.10298614873859877)
                double3 xformOp:translate = (-2.605374924155086e-7, 0.24147206281766564, 1.2015777198217121)
            }

            over "left_link4"
            {
                vector3f physics:angularVelocity = (0.0095099, -0.6556826, -0.027546382)
                rel physics:simulationOwner
                vector3f physics:velocity = (0.003320741, 0.000022958493, 0.0006748507)
                quatd xformOp:orient = (0.5114813918112144, 0.48822691205666185, 0.5114914455993488, 0.48825994025023994)
                double3 xformOp:translate = (0.0000017221318536283964, 0.28370791410550744, 0.9918519822499958)
            }

            over "left_link6"
            {
                vector3f physics:angularVelocity = (0.011499036, -0.65568274, -0.045366924)
                rel physics:simulationOwner
                vector3f physics:velocity = (0.005646954, 0.000053918968, 0.0007512379)
                quatd xformOp:orient = (0.5114601228097275, 0.4882581068529338, -0.488230502642986, 0.5115110362023725)
                double3 xformOp:translate = (0.000005797483024826048, 0.2933619592104879, 0.7691627112767903)
            }

            over "joints"
            {
                over "body_joint4"
                {
                    float physics:lowerLimit = -169.99998
                    float physics:upperLimit = 169.99998
                    float state:angular:physics:position = 1.04680815e-7
                    float state:angular:physics:velocity = -0
                }

                over "body_joint3"
                {
                    float drive:angular:physics:targetPosition = 23.5
                    float physics:lowerLimit = -90.000206
                    float physics:upperLimit = 90.000206
                    float state:angular:physics:position = 23.50034
                    float state:angular:physics:velocity = -0
                }

                over "body_joint2"
                {
                    float drive:angular:physics:targetPosition = -57.5
                    float physics:lowerLimit = -149.99998
                    float physics:upperLimit = 149.99998
                    float state:angular:physics:position = -57.49876
                    float state:angular:physics:velocity = -0
                }

                over "body_joint1"
                {
                    float drive:angular:physics:targetPosition = 33
                    float physics:lowerLimit = -90.000206
                    float physics:upperLimit = 90.000206
                    float state:angular:physics:position = 33.00065
                    float state:angular:physics:velocity = -0
                }

                over "head_joint1"
                {
                    float physics:lowerLimit = -94.9964
                    float physics:upperLimit = 94.9964
                    float state:angular:physics:position = 0
                    float state:angular:physics:velocity = 0
                }

                over "left_joint1"
                {
                    float physics:lowerLimit = -163.9977
                    float physics:upperLimit = 163.9977
                    float state:angular:physics:position = 0.00011205236
                    float state:angular:physics:velocity = 0
                }

                over "right_joint1"
                {
                    float physics:lowerLimit = -163.9977
                    float physics:upperLimit = 163.9977
                    float state:angular:physics:position = 7.61165e-8
                    float state:angular:physics:velocity = 0
                }

                over "head_joint2"
                {
                    float physics:lowerLimit = -45.000103
                    float physics:upperLimit = 30.000067
                    float state:angular:physics:position = 0
                    float state:angular:physics:velocity = 0
                }

                over "left_joint2"
                {
                    float drive:angular:physics:targetPosition = -6.8
                    float physics:lowerLimit = -108.00254
                    float physics:upperLimit = 7.0015435
                    float state:angular:physics:position = -6.7482786
                    float state:angular:physics:velocity = 0
                }

                over "right_joint2"
                {
                    float drive:angular:physics:targetPosition = -3.4
                    float physics:lowerLimit = -108.00254
                    float physics:upperLimit = 7.0015435
                    float state:angular:physics:position = -3.4000418
                    float state:angular:physics:velocity = 0
                }

                over "left_joint3"
                {
                    float physics:lowerLimit = -168.00267
                    float physics:upperLimit = 168.00267
                    float state:angular:physics:position = -0.0027510223
                    float state:angular:physics:velocity = 0
                }

                over "right_joint3"
                {
                    float physics:lowerLimit = -168.00267
                    float physics:upperLimit = 168.00267
                    float state:angular:physics:position = -0.0000027122874
                    float state:angular:physics:velocity = 0
                }

                over "left_joint4"
                {
                    float drive:angular:physics:targetPosition = -19.4
                    float physics:lowerLimit = -151.99997
                    float physics:upperLimit = 1.9996225
                    float state:angular:physics:position = -19.412209
                    float state:angular:physics:velocity = 0
                }

                over "right_joint4"
                {
                    float drive:angular:physics:targetPosition = -17.2
                    float physics:lowerLimit = -151.99997
                    float physics:upperLimit = 1.9996225
                    float state:angular:physics:position = -17.199692
                    float state:angular:physics:velocity = 0
                }

                over "left_joint5"
                {
                    float physics:lowerLimit = -168.00267
                    float physics:upperLimit = 168.00267
                    float state:angular:physics:position = -0.0016275657
                    float state:angular:physics:velocity = 0
                }

                over "right_joint5"
                {
                    float physics:lowerLimit = -168.00267
                    float physics:upperLimit = 168.00267
                    float state:angular:physics:position = -0.000001970815
                    float state:angular:physics:velocity = 0
                }

                over "left_joint6"
                {
                    float physics:lowerLimit = -94.9964
                    float physics:upperLimit = 94.9964
                    float state:angular:physics:position = 0.00026369872
                    float state:angular:physics:velocity = 0
                }

                over "right_joint6"
                {
                    float physics:lowerLimit = -94.9964
                    float physics:upperLimit = 94.9964
                    float state:angular:physics:position = 3.3651003e-7
                    float state:angular:physics:velocity = 0
                }

                over "left_joint7"
                {
                    float physics:lowerLimit = -115.99529
                    float physics:upperLimit = 115.99529
                    float state:angular:physics:position = 0.007352731
                    float state:angular:physics:velocity = 0
                }

                over "right_joint7"
                {
                    float physics:lowerLimit = -115.99529
                    float physics:upperLimit = 115.99529
                    float state:angular:physics:position = -0.00000806817
                    float state:angular:physics:velocity = 0
                }
            }
        }

        def "Agilex_Aloha_Spilt" (
            prepend payload = @./mobile_manipulator/Agilex_Aloha_Spilt/Agilex_Aloha_Spilt.usd@
        )
        {
            string[] isaac:changelog (
                displayName = "Changelog"
            )
            string isaac:description (
                displayName = "Description"
            )
            token isaac:license (
                displayName = "License"
            )
            string isaac:namespace (
                displayName = "Namespace"
            )
            rel isaac:physics:robotJoints (
                displayName = "Robot Joints"
            )
            rel isaac:physics:robotLinks (
                displayName = "Robot Links"
            )
            token isaac:robotType (
                displayName = "Robot Type"
            )
            string isaac:source (
                displayName = "Source"
            )
            string isaac:version (
                displayName = "Version"
            )
            quatd xformOp:orient = (1, 0, 0, 0)
            double3 xformOp:scale = (1, 1, 1)
            double3 xformOp:translate = (-2, -3.2125207303253873, 0.31795464452358185)
            uniform token[] xformOpOrder = ["xformOp:translate", "xformOp:orient", "xformOp:scale"]
        }

        def "Agilex_Aloha_V1" (
            prepend payload = @./mobile_manipulator/Agilex_Aloha_V1/Agilex_Aloha_V1.usd@
        )
        {
            string[] isaac:changelog (
                displayName = "Changelog"
            )
            string isaac:description (
                displayName = "Description"
            )
            token isaac:license (
                displayName = "License"
            )
            string isaac:namespace (
                displayName = "Namespace"
            )
            rel isaac:physics:robotJoints (
                displayName = "Robot Joints"
            )
            rel isaac:physics:robotLinks (
                displayName = "Robot Links"
            )
            token isaac:robotType (
                displayName = "Robot Type"
            )
            string isaac:source (
                displayName = "Source"
            )
            string isaac:version (
                displayName = "Version"
            )
            quatd xformOp:orient = (1, 0, 0, 0)
            double3 xformOp:scale = (1, 1, 1)
            double3 xformOp:translate = (-2, -2.2859693615710093, 0)
            uniform token[] xformOpOrder = ["xformOp:translate", "xformOp:orient", "xformOp:scale"]

            over "Agilex_Tracer"
            {
                over "differential_controller"
                {
                    over "ArrayNames"
                    {
                        custom token inputs:input0 (
                            customData = {
                                dictionary omni = {
                                    dictionary graph = {
                                        string resolvedType = "token"
                                    }
                                }
                            }
                        )
                    }
                }
            }
        }

        def "Agilex_Aloha_V2" (
            prepend payload = @./mobile_manipulator/Agilex_Aloha_V2/Agilex_Aloha_V2.usd@
        )
        {
            string[] isaac:changelog (
                displayName = "Changelog"
            )
            string isaac:description (
                displayName = "Description"
            )
            token isaac:license (
                displayName = "License"
            )
            string isaac:namespace (
                displayName = "Namespace"
            )
            rel isaac:physics:robotJoints (
                displayName = "Robot Joints"
            )
            rel isaac:physics:robotLinks (
                displayName = "Robot Links"
            )
            token isaac:robotType (
                displayName = "Robot Type"
            )
            string isaac:source (
                displayName = "Source"
            )
            string isaac:version (
                displayName = "Version"
            )
            quatd xformOp:orient = (1, 0, 0, 0)
            double3 xformOp:scale = (1, 1, 1)
            double3 xformOp:translate = (-2, -1.3573773230776922, 0)
            uniform token[] xformOpOrder = ["xformOp:translate", "xformOp:orient", "xformOp:scale"]

            over "Agilex_Tracer_V2"
            {
                over "differential_controller"
                {
                    over "ArrayNames"
                    {
                        custom token inputs:input0 (
                            customData = {
                                dictionary omni = {
                                    dictionary graph = {
                                        string resolvedType = "token"
                                    }
                                }
                            }
                        )
                    }
                }
            }
        }

        def "Galaxea_R1_Lite" (
            prepend payload = @./mobile_manipulator/Galaxea_R1_Lite/Galaxea_R1_Lite.usd@
        )
        {
            string[] isaac:changelog (
                displayName = "Changelog"
            )
            string isaac:description (
                displayName = "Description"
            )
            token isaac:license (
                displayName = "License"
            )
            string isaac:namespace (
                displayName = "Namespace"
            )
            rel isaac:physics:robotJoints (
                displayName = "Robot Joints"
            )
            rel isaac:physics:robotLinks (
                displayName = "Robot Links"
            )
            token isaac:robotType (
                displayName = "Robot Type"
            )
            string isaac:source (
                displayName = "Source"
            )
            string isaac:version (
                displayName = "Version"
            )
            quatd xformOp:orient = (1, 0, 0, 0)
            double3 xformOp:scale = (1, 1, 1)
            double3 xformOp:translate = (0.023783637402408565, -4.523148984474474, -0.11449163442686408)
            uniform token[] xformOpOrder = ["xformOp:translate", "xformOp:orient", "xformOp:scale"]

            over "ROS_JointStates"
            {
                over "PublisherJointState"
                {
                    custom uchar[] inputs:jointDofTypes
                    custom double[] inputs:jointEfforts
                    custom token[] inputs:jointNames
                    custom double[] inputs:jointPositions
                    custom double[] inputs:jointVelocities
                    custom float inputs:sensorTime
                    custom float inputs:stageMetersPerUnit
                }
            }

            over "wheel_motor_link2"
            {
                vector3f physics:angularVelocity = (0, 0, 0)
                rel physics:simulationOwner
                vector3f physics:velocity = (0, 0, 0)
                quatd xformOp:orient = (0.9991597163626537, -1.172209224271267e-7, 0.040986109818869965, 5.724637541962497e-8)
                double3 xformOp:translate = (-0.27208913291068404, 0.23999977111816406, 0.21423892676830292)
            }

            over "wheel_motor_link1"
            {
                vector3f physics:angularVelocity = (0, 0, 0)
                rel physics:simulationOwner
                vector3f physics:velocity = (0, 0, 0)
                quatd xformOp:orient = (0.9991598995068226, -1.1722092242398968e-7, 0.04098164488520753, 7.184942865794925e-8)
                double3 xformOp:translate = (0.18655382668404252, 0, 0.1789349764585495)
            }

            over "base_link"
            {
                vector3f physics:angularVelocity = (0, 0, 0)
                rel physics:simulationOwner
                vector3f physics:velocity = (0, 0, 0)
                quatd xformOp:orient = (0.9992623605353084, -1.1722092243218924e-7, 0.038402276200110406, 2.0020871364723278e-7)
                double3 xformOp:translate = (-0.10978759253592818, 0, 0.1315387785434723)
            }

            over "torso_link1"
            {
                vector3f physics:angularVelocity = (0, 0, 0)
                rel physics:simulationOwner
                vector3f physics:velocity = (0, 0, 0)
                quatd xformOp:orient = (0.9787289104656508, -1.0536712101507042e-7, -0.20515779248836116, 1.0742296227060085e-7)
                double3 xformOp:translate = (-0.0068188997563871645, 0, 0.2727024555206299)
            }

            over "steer_motor_link3"
            {
                vector3f physics:angularVelocity = (0, 0, 0)
                rel physics:simulationOwner
                vector3f physics:velocity = (0, 0, 0)
                quatd xformOp:orient = (0.9992623600799632, -1.185380114382325e-7, 0.038402288049112526, 3.129072808782506e-8)
                double3 xformOp:translate = (-0.2635203691777739, -0.23999977111816406, 0.32555973529815674)
            }

            over "steer_motor_link1"
            {
                vector3f physics:angularVelocity = (0, 0, 0)
                rel physics:simulationOwner
                vector3f physics:velocity = (0, 0, 0)
                quatd xformOp:orient = (0.9992623590675422, -1.1590383341354301e-7, 0.03840231439322296, 3.021773640410943e-8)
                double3 xformOp:translate = (0.19512282883553178, 0, 0.2902556359767914)
            }

            over "A1X_Right"
            {
                over "finger2"
                {
                    vector3f physics:angularVelocity = (0, 0, 0)
                    rel physics:simulationOwner
                    vector3f physics:velocity = (0, 0, 0)
                    quatd xformOp:orient = (0.9999999999999878, 5.091276875810316e-9, 3.9580571840976954e-8, -1.5110381786794272e-7)
                    double3 xformOp:translate = (0.0957432885370697, -0.013453521728514772, 0.21066434459686278)
                }

                over "link5"
                {
                    vector3f physics:angularVelocity = (0, 0, 0)
                    rel physics:simulationOwner
                    vector3f physics:velocity = (0, 0, 0)
                    quatd xformOp:orient = (0.9999999999999938, 4.1985037418018906e-9, 4.478428636258281e-8, 1.0203547489538123e-7)
                    double3 xformOp:translate = (-0.045299659232095335, -9.918212882098487e-7, 0.2512849100112915)
                }

                over "link3"
                {
                    vector3f physics:angularVelocity = (0, 0, 0)
                    rel physics:simulationOwner
                    vector3f physics:velocity = (0, 0, 0)
                    quatd xformOp:orient = (0.999999999999997, -1.1507942670681104e-8, 7.463722817841753e-8, 1.7089638916811273e-8)
                    double3 xformOp:translate = (-0.29999984310050354, 0.03100009918212976, 0.13529999332427978)
                }

                over "link2"
                {
                    vector3f physics:angularVelocity = (0, 0, 0)
                    rel physics:simulationOwner
                    vector3f physics:velocity = (0, 0, 0)
                    quatd xformOp:orient = (0.9999999999999948, -4.259178893558583e-10, 7.711166413675526e-8, -6.700527053514689e-8)
                    double3 xformOp:translate = (1.0921578064149173e-7, 0.030749282836914915, 0.13529999332427978)
                }

                over "link6"
                {
                    vector3f physics:angularVelocity = (0, 0, 0)
                    rel physics:simulationOwner
                    vector3f physics:velocity = (0, 0, 0)
                    quatd xformOp:orient = (0.9999999999999989, 4.6901156806792e-9, 4.3699591694791784e-8, 1.69939562745302e-8)
                    double3 xformOp:translate = (-0.02279676006217346, -3.814697180359872e-8, 0.21078498439788818)
                }

                over "finger1"
                {
                    vector3f physics:angularVelocity = (0, 0, 0)
                    rel physics:simulationOwner
                    vector3f physics:velocity = (0, 0, 0)
                    quatd xformOp:orient = (0.9999999999999988, 4.008479595182336e-9, 4.609751534459683e-8, 1.7362080075987712e-8)
                    double3 xformOp:translate = (0.0957432885370697, 0.013452491760254759, 0.21090550498962402)
                }

                over "link4"
                {
                    vector3f physics:angularVelocity = (0, 0, 0)
                    rel physics:simulationOwner
                    vector3f physics:velocity = (0, 0, 0)
                    quatd xformOp:orient = (0.9999999999999856, -1.6454959765628408e-9, 7.709148650196954e-8, -1.5139350610961368e-7)
                    double3 xformOp:translate = (-0.12529982135672912, 0.031496963500977415, 0.21078498439788818)
                }

                over "base_link"
                {
                    vector3f physics:angularVelocity = (0, 0, 0)
                    rel physics:simulationOwner
                    vector3f physics:velocity = (0, 0, 0)
                    quatd xformOp:orient = (0.9999999999999998, 3.169344823684911e-9, -3.1693448236849123e-9, 2.0591253401073618e-8)
                    double3 xformOp:translate = (1.0921578064149173e-7, -3.814697180359872e-8, -4.692077637535874e-8)
                }

                over "link1"
                {
                    vector3f physics:angularVelocity = (0, 0, 0)
                    rel physics:simulationOwner
                    vector3f physics:velocity = (0, 0, 0)
                    quatd xformOp:orient = (0.9999999999999968, -2.2414844740989458e-10, 7.841109284802881e-8, 1.705707532601146e-8)
                    double3 xformOp:translate = (-9.993508909289517e-9, -3.814697180359872e-8, 0.08604998664855956)
                }

                over "joints"
                {
                    over "right_joint1"
                    {
                        float physics:lowerLimit = -165.00009
                        float physics:upperLimit = 165.00009
                        float state:angular:physics:position = 0
                        float state:angular:physics:velocity = 0
                    }

                    over "right_joint2"
                    {
                        float physics:lowerLimit = 0
                        float physics:upperLimit = 180
                        float state:angular:physics:position = 0
                        float state:angular:physics:velocity = 0
                    }

                    over "right_joint3"
                    {
                        float physics:lowerLimit = -189.99852
                        float physics:upperLimit = 0
                        float state:angular:physics:position = 0
                        float state:angular:physics:velocity = 0
                    }

                    over "right_joint4"
                    {
                        float physics:lowerLimit = -180
                        float physics:upperLimit = 180
                        float state:angular:physics:position = 0
                        float state:angular:physics:velocity = 0
                    }

                    over "right_joint5"
                    {
                        float physics:lowerLimit = -180
                        float physics:upperLimit = 180
                        float state:angular:physics:position = 0
                        float state:angular:physics:velocity = 0
                    }

                    over "right_joint6"
                    {
                        float physics:lowerLimit = -165.00038
                        float physics:upperLimit = 165.00038
                        float state:angular:physics:position = 0
                        float state:angular:physics:velocity = 0
                    }

                    over "right_gripper_joint"
                    {
                        float physics:lowerLimit = 0
                        float physics:upperLimit = 0.05
                        float state:linear:physics:position = 0
                        float state:linear:physics:velocity = 0
                    }

                    over "right_gripper_joint2"
                    {
                        float state:linear:physics:position = 0
                        float state:linear:physics:velocity = 0
                    }
                }
            }

            over "steer_motor_link2"
            {
                vector3f physics:angularVelocity = (0, 0, 0)
                rel physics:simulationOwner
                vector3f physics:velocity = (0, 0, 0)
                quatd xformOp:orient = (0.9992623600799632, -1.185380114382325e-7, 0.038402288049112526, 3.129072808782506e-8)
                double3 xformOp:translate = (-0.2635203691777739, 0.23999977111816406, 0.3255596160888672)
            }

            over "A1X_Left"
            {
                over "link1"
                {
                    vector3f physics:angularVelocity = (0, 0, 0)
                    rel physics:simulationOwner
                    vector3f physics:velocity = (0, 0, 0)
                    quatd xformOp:orient = (0.9999999999999968, -2.2414844740989458e-10, 7.841109284802881e-8, 1.705707532601146e-8)
                    double3 xformOp:translate = (-9.993508687244912e-9, 3.814697180359872e-8, 0.08604998664855956)
                }

                over "link6"
                {
                    vector3f physics:angularVelocity = (0, 0, 0)
                    rel physics:simulationOwner
                    vector3f physics:velocity = (0, 0, 0)
                    quatd xformOp:orient = (0.9999999999999989, 4.6901156806792e-9, 4.3699591694791784e-8, 1.69939562745302e-8)
                    double3 xformOp:translate = (-0.022796760062173238, 3.814697180359872e-8, 0.21078498439788818)
                }

                over "base_link"
                {
                    vector3f physics:angularVelocity = (0, 0, 0)
                    rel physics:simulationOwner
                    vector3f physics:velocity = (0, 0, 0)
                    quatd xformOp:orient = (0.9999999999999998, 3.169344823684911e-9, -3.1693448236849123e-9, 2.0591253401073618e-8)
                    double3 xformOp:translate = (1.0921578086353634e-7, 3.814697180359872e-8, -4.692077637535874e-8)
                }

                over "link5"
                {
                    vector3f physics:angularVelocity = (0, 0, 0)
                    rel physics:simulationOwner
                    vector3f physics:velocity = (0, 0, 0)
                    quatd xformOp:orient = (0.9999999999999938, 4.1985037418018906e-9, 4.478428636258281e-8, 1.0203547489538123e-7)
                    double3 xformOp:translate = (-0.04529965923209511, -9.155273446026513e-7, 0.2512849100112915)
                }

                over "link3"
                {
                    vector3f physics:angularVelocity = (0, 0, 0)
                    rel physics:simulationOwner
                    vector3f physics:velocity = (0, 0, 0)
                    quatd xformOp:orient = (0.999999999999997, -1.1507942670681104e-8, 7.463722817841753e-8, 1.7089638916811273e-8)
                    double3 xformOp:translate = (-0.2999998431005033, 0.031000175476073366, 0.13529999332427978)
                }

                over "link2"
                {
                    vector3f physics:angularVelocity = (0, 0, 0)
                    rel physics:simulationOwner
                    vector3f physics:velocity = (0, 0, 0)
                    quatd xformOp:orient = (0.9999999999999948, -4.259178893558583e-10, 7.711166413675526e-8, -6.700527053514689e-8)
                    double3 xformOp:translate = (1.0921578086353634e-7, 0.030749359130858522, 0.13529999332427978)
                }

                over "link4"
                {
                    vector3f physics:angularVelocity = (0, 0, 0)
                    rel physics:simulationOwner
                    vector3f physics:velocity = (0, 0, 0)
                    quatd xformOp:orient = (0.9999999999999856, -1.6454959765628408e-9, 7.709148650196954e-8, -1.5139350610961368e-7)
                    double3 xformOp:translate = (-0.1252998213567289, 0.03149703979492102, 0.21078498439788818)
                }

                over "finger1"
                {
                    vector3f physics:angularVelocity = (0, 0, 0)
                    rel physics:simulationOwner
                    vector3f physics:velocity = (0, 0, 0)
                    quatd xformOp:orient = (0.9999999999999988, 4.008479595182336e-9, 4.609751534459683e-8, 1.7362080075987712e-8)
                    double3 xformOp:translate = (0.09574328853706993, 0.013452568054198366, 0.21090550498962402)
                }

                over "finger2"
                {
                    vector3f physics:angularVelocity = (0, 0, 0)
                    rel physics:simulationOwner
                    vector3f physics:velocity = (0, 0, 0)
                    quatd xformOp:orient = (0.9999999999999878, 5.091276875810316e-9, 3.9580571840976954e-8, -1.5110381786794272e-7)
                    double3 xformOp:translate = (0.09574328853706993, -0.013453445434571165, 0.21066434459686278)
                }

                over "joints"
                {
                    over "left_joint1"
                    {
                        float physics:lowerLimit = -165.00009
                        float physics:upperLimit = 165.00009
                        float state:angular:physics:position = 0
                        float state:angular:physics:velocity = 0
                    }

                    over "left_joint2"
                    {
                        float physics:lowerLimit = 0
                        float physics:upperLimit = 180
                        float state:angular:physics:position = 0
                        float state:angular:physics:velocity = 0
                    }

                    over "left_joint3"
                    {
                        float physics:lowerLimit = -189.99852
                        float physics:upperLimit = 0
                        float state:angular:physics:position = 0
                        float state:angular:physics:velocity = 0
                    }

                    over "left_joint4"
                    {
                        float physics:lowerLimit = -180
                        float physics:upperLimit = 180
                        float state:angular:physics:position = 0
                        float state:angular:physics:velocity = 0
                    }

                    over "left_joint5"
                    {
                        float physics:lowerLimit = -180
                        float physics:upperLimit = 180
                        float state:angular:physics:position = 0
                        float state:angular:physics:velocity = 0
                    }

                    over "left_joint6"
                    {
                        float physics:lowerLimit = -165.00038
                        float physics:upperLimit = 165.00038
                        float state:angular:physics:position = 0
                        float state:angular:physics:velocity = 0
                    }

                    over "left_gripper_joint"
                    {
                        float physics:lowerLimit = 0
                        float physics:upperLimit = 0.05
                        float state:linear:physics:position = 0
                        float state:linear:physics:velocity = 0
                    }

                    over "left_gripper_joint2"
                    {
                        float state:linear:physics:position = 0
                        float state:linear:physics:velocity = 0
                    }
                }
            }

            over "wheel_motor_link3"
            {
                vector3f physics:angularVelocity = (0, 0, 0)
                rel physics:simulationOwner
                vector3f physics:velocity = (0, 0, 0)
                quatd xformOp:orient = (0.9992620436417718, -1.1722092242612198e-7, 0.03841052117372716, 1.362904653084935e-7)
                double3 xformOp:translate = (-0.27208913291068404, -0.23999977111816406, 0.21423904597759247)
            }

            over "torso_link3"
            {
                vector3f physics:angularVelocity = (0, 0, 0)
                rel physics:simulationOwner
                vector3f physics:velocity = (0, 0, 0)
                quatd xformOp:orient = (0.9999999999999978, -1.598852653748642e-11, 1.598852653748642e-11, -6.664001491022236e-8)
                double3 xformOp:translate = (0.09192763840584428, 0, 0.8486499786376953)
            }

            over "torso_link2"
            {
                vector3f physics:angularVelocity = (0, 0, 0)
                rel physics:simulationOwner
                vector3f physics:velocity = (0, 0, 0)
                quatd xformOp:orient = (0.9300355981091976, -8.429369670840617e-8, 0.367469435803387, -2.3076464658178088e-8)
                double3 xformOp:translate = (-0.1473747583684477, 0, 0.5932396054267883)
            }

            over "joints"
            {
                over "torso_joint3"
                {
                    float drive:angular:physics:targetPosition = 43.100002
                    float physics:lowerLimit = -90
                    float physics:upperLimit = 90
                    float state:angular:physics:position = 43.119267
                    float state:angular:physics:velocity = -0
                }

                over "torso_joint2"
                {
                    float drive:angular:physics:targetPosition = 66.8
                    float physics:lowerLimit = -155.00008
                    float physics:upperLimit = 155.00008
                    float state:angular:physics:position = 66.79676
                    float state:angular:physics:velocity = -0
                }

                over "torso_joint1"
                {
                    float drive:angular:physics:targetPosition = -27.5
                    float physics:lowerLimit = -90
                    float physics:upperLimit = 25.000038
                    float state:angular:physics:position = -28.079126
                    float state:angular:physics:velocity = -0
                }

                over "steer_joint1"
                {
                    float physics:lowerLimit = -180
                    float physics:upperLimit = 180
                    float state:angular:physics:position = 0.000016717297
                    float state:angular:physics:velocity = 0
                }

                over "wheel_joint1"
                {
                    float physics:lowerLimit = -inf
                    float physics:upperLimit = inf
                }

                over "steer_joint2"
                {
                    float physics:lowerLimit = -180
                    float physics:upperLimit = 180
                    float state:angular:physics:position = -0.000016747277
                    float state:angular:physics:velocity = 0
                }

                over "wheel_joint2"
                {
                    float physics:lowerLimit = -inf
                    float physics:upperLimit = inf
                }

                over "steer_joint3"
                {
                    float physics:lowerLimit = -180
                    float physics:upperLimit = 180
                    float state:angular:physics:position = 7.736929e-8
                    float state:angular:physics:velocity = 0
                }

                over "wheel_joint3"
                {
                    float physics:lowerLimit = -inf
                    float physics:upperLimit = inf
                }
            }
        }

        def "Galaxea_R1" (
            prepend payload = @./humanoid/Galaxea_R1/Galaxea_R1.usd@
        )
        {
            string[] isaac:changelog (
                displayName = "Changelog"
            )
            string isaac:description (
                displayName = "Description"
            )
            token isaac:license (
                displayName = "License"
            )
            string isaac:namespace (
                displayName = "Namespace"
            )
            rel isaac:physics:robotJoints (
                displayName = "Robot Joints"
            )
            rel isaac:physics:robotLinks (
                displayName = "Robot Links"
            )
            token isaac:robotType (
                displayName = "Robot Type"
            )
            string isaac:source (
                displayName = "Source"
            )
            string isaac:version (
                displayName = "Version"
            )
            quatd xformOp:orient = (1, 0, 0, 0)
            double3 xformOp:scale = (1, 1, 1)
            double3 xformOp:translate = (0.10862913953078121, -3.545393227077689, -0.06923402167369316)
            uniform token[] xformOpOrder = ["xformOp:translate", "xformOp:orient", "xformOp:scale"]

            over "Graph"
            {
                over "ROS_JointStates"
                {
                    over "PublisherJointState"
                    {
                        custom uchar[] inputs:jointDofTypes
                        custom double[] inputs:jointEfforts
                        custom token[] inputs:jointNames
                        custom double[] inputs:jointPositions
                        custom double[] inputs:jointVelocities
                        custom float inputs:sensorTime
                        custom float inputs:stageMetersPerUnit
                    }
                }
            }

            over "torso_link2"
            {
                vector3f physics:angularVelocity = (0, 0, 0)
                rel physics:simulationOwner
                vector3f physics:velocity = (0, 0, 0)
                quatd xformOp:orient = (0.9849065301792173, -2.265393111061143e-7, -0.17308704979936768, -0.0000014263595847950763)
                double3 xformOp:translate = (0.06943988800048828, -4.3298067176067434e-7, 0.7189754247665405)
            }

            over "A1_Left"
            {
                over "link4"
                {
                    vector3f physics:angularVelocity = (0, 0, 0)
                    rel physics:simulationOwner
                    vector3f physics:velocity = (0, 0, 0)
                    quatd xformOp:orient = (0.6208191608995117, 0.42949186720700705, 0.5617267971222402, 0.33850156699468087)
                    double3 xformOp:translate = (0.05952756895446787, 0.3917345199584963, 0.27201109619413266)
                }

                over "link3"
                {
                    vector3f physics:angularVelocity = (0, 0, 0)
                    rel physics:simulationOwner
                    vector3f physics:velocity = (0, 0, 0)
                    quatd xformOp:orient = (0.620819309256352, 0.42949156634729285, 0.5617267218548104, 0.33850180153917)
                    double3 xformOp:translate = (0.05136447443389902, 0.3390027675628664, 0.21939783783231626)
                }

                over "link2"
                {
                    vector3f physics:angularVelocity = (0, 0, 0)
                    rel physics:simulationOwner
                    vector3f physics:velocity = (0, 0, 0)
                    quatd xformOp:orient = (0.5246624230195646, -0.38821180665997895, 0.5910089596821162, -0.4740562673528298)
                    double3 xformOp:translate = (-0.0011149118957520798, 3.910064716450279e-8, 0.15069990844999204)
                }

                over "link5"
                {
                    vector3f physics:angularVelocity = (0, 0, 0)
                    rel physics:simulationOwner
                    vector3f physics:velocity = (0, 0, 0)
                    quatd xformOp:orient = (0.6208191606320217, 0.4294919128930787, 0.561726702949717, 0.33850166579329644)
                    double3 xformOp:translate = (0.09391932978057871, 0.6138963494300843, 0.1713870117214764)
                }

                over "Galaxea_G1_Left"
                {
                    over "finger2"
                    {
                        vector3f physics:angularVelocity = (0, 0, 0)
                        rel physics:simulationOwner
                        vector3f physics:velocity = (0, 0, 0)
                        quatd xformOp:orient = (0.7426820547282026, -0.13528874461454723, 0.6365575908218225, -0.15784408361554864)
                        double3 xformOp:translate = (0.03541323703765853, -0.16178119687761416, -0.7884384838203371)
                    }

                    over "finger1"
                    {
                        vector3f physics:angularVelocity = (0, 0, 0)
                        rel physics:simulationOwner
                        vector3f physics:velocity = (0, 0, 0)
                        quatd xformOp:orient = (0.7426821559968191, -0.1352886037504256, 0.6365575167434264, -0.15784402661050945)
                        double3 xformOp:translate = (0.03732022804260238, -0.1372803500148212, -0.7991801348785341)
                    }

                    over "gripper_base"
                    {
                        vector3f physics:angularVelocity = (0, 0, 0)
                        rel physics:simulationOwner
                        vector3f physics:velocity = (0, 0, 0)
                        quatd xformOp:orient = (0.7426821231687883, -0.13528866949084636, 0.6365575496745973, -0.15784399191977513)
                        double3 xformOp:translate = (0.03120824855804427, -0.13456810025896182, -0.7604870048622072)
                    }

                    over "joints"
                    {
                        over "left_gripper_joint"
                        {
                            float physics:lowerLimit = 0
                            float physics:upperLimit = 0.05
                            float state:linear:physics:position = -1.2385768e-9
                            float state:linear:physics:velocity = 0
                        }

                        over "left_gripper_joint2"
                        {
                            float state:linear:physics:position = -0.00008761453
                            float state:linear:physics:velocity = 0
                        }
                    }
                }

                over "link6"
                {
                    vector3f physics:angularVelocity = (0, 0, 0)
                    rel physics:simulationOwner
                    vector3f physics:velocity = (0, 0, 0)
                    quatd xformOp:orient = (0.6208190902361679, 0.4294920206817523, 0.5617267772358033, 0.338501534864054)
                    double3 xformOp:translate = (0.10209136499786386, 0.6666852626800538, 0.14815359802518735)
                }

                over "base_link"
                {
                    vector3f physics:angularVelocity = (0, 0, 0)
                    rel physics:simulationOwner
                    vector3f physics:velocity = (0, 0, 0)
                    quatd xformOp:orient = (0.9999999999999947, -5.9604644812398e-8, 5.960464481239798e-8, -5.9604644701375655e-8)
                    double3 xformOp:translate = (-6.661987317357898e-8, 3.9100646942458184e-8, 2.929714764121627e-7)
                }

                over "link1"
                {
                    vector3f physics:angularVelocity = (0, 0, 0)
                    rel physics:simulationOwner
                    vector3f physics:velocity = (0, 0, 0)
                    quatd xformOp:orient = (0.7592701573887445, 1.4099322090131087e-7, -7.02127050958338e-8, 0.6507755589286112)
                    double3 xformOp:translate = (-0.0011146734771729783, 3.910064716450279e-8, 0.0445998260525311)
                }

                over "joints"
                {
                    over "left_joint1"
                    {
                        float drive:angular:physics:targetPosition = 81.200005
                        float physics:lowerLimit = -165.00038
                        float physics:upperLimit = 165.00038
                        float state:angular:physics:position = 81.20021
                        float state:angular:physics:velocity = 0
                    }

                    over "left_joint2"
                    {
                        float drive:angular:physics:targetPosition = 165.40001
                        float physics:lowerLimit = 0
                        float physics:upperLimit = 185.00233
                        float state:angular:physics:position = 165.39868
                        float state:angular:physics:velocity = 0
                    }

                    over "left_joint3"
                    {
                        float drive:angular:physics:targetPosition = -141.40001
                        float physics:lowerLimit = -189.99852
                        float physics:upperLimit = 0
                        float state:angular:physics:position = -141.40132
                        float state:angular:physics:velocity = 0
                    }

                    over "left_joint4"
                    {
                        float physics:lowerLimit = -165.00038
                        float physics:upperLimit = 165.00038
                        float state:angular:physics:position = 0.000048922928
                        float state:angular:physics:velocity = 0
                    }

                    over "left_joint5"
                    {
                        float physics:lowerLimit = -95.00213
                        float physics:upperLimit = 95.00213
                        float state:angular:physics:position = -2.1816687e-7
                        float state:angular:physics:velocity = 0
                    }

                    over "left_joint6"
                    {
                        float physics:lowerLimit = -165.00038
                        float physics:upperLimit = 165.00038
                        float state:angular:physics:position = 0.00003019412
                        float state:angular:physics:velocity = 0
                    }
                }
            }

            over "A1_Right"
            {
                over "Galaxea_G1_Right"
                {
                    over "finger1"
                    {
                        vector3f physics:angularVelocity = (0, 0, 0)
                        rel physics:simulationOwner
                        vector3f physics:velocity = (0, 0, 0)
                        quatd xformOp:orient = (-0.690715153475291, -0.09730022207285727, 0.7102760922489628, 0.09462090849130944)
                        double3 xformOp:translate = (-0.10968556838989252, -0.09941958544720642, 0.8251868261889433)
                    }

                    over "gripper_base"
                    {
                        vector3f physics:angularVelocity = (0, 0, 0)
                        rel physics:simulationOwner
                        vector3f physics:velocity = (0, 0, 0)
                        quatd xformOp:orient = (-0.6907151416264813, -0.09730029652748466, 0.7102760905962825, 0.09462093082841244)
                        double3 xformOp:translate = (-0.10847201782226557, -0.10245799315866755, 0.786056019370031)
                    }

                    over "finger2"
                    {
                        vector3f physics:angularVelocity = (0, 0, 0)
                        rel physics:simulationOwner
                        vector3f physics:velocity = (0, 0, 0)
                        quatd xformOp:orient = (-0.6907152254824146, -0.09730018952852132, 0.710276030099266, 0.09462088284790815)
                        double3 xformOp:translate = (-0.10924210983276361, -0.12537478589025852, 0.8179490350622763)
                    }

                    over "joints"
                    {
                        over "right_gripper_joint"
                        {
                            float physics:lowerLimit = 0
                            float physics:upperLimit = 0.05
                            float state:linear:physics:position = 0.0000019576935
                            float state:linear:physics:velocity = 0
                        }

                        over "right_gripper_joint2"
                        {
                            float state:linear:physics:position = 0.00004046112
                            float state:linear:physics:velocity = 0
                        }
                    }
                }

                over "link2"
                {
                    vector3f physics:angularVelocity = (0, 0, 0)
                    rel physics:simulationOwner
                    vector3f physics:velocity = (0, 0, 0)
                    quatd xformOp:orient = (-0.46483919501883064, 0.5456159469312997, 0.4497811845167568, -0.5328458006620772)
                    double3 xformOp:translate = (-0.0011144813842771661, -1.5830993649323943e-7, 0.1506997744113363)
                }

                over "link3"
                {
                    vector3f physics:angularVelocity = (0, 0, 0)
                    rel physics:simulationOwner
                    vector3f physics:velocity = (0, 0, 0)
                    quatd xformOp:orient = (-0.4196076085777013, -0.5572111325356659, 0.43533387938708024, 0.569148154753943)
                    double3 xformOp:translate = (-0.010826462203979315, -0.34772137737274167, 0.18801037469209803)
                }

                over "link6"
                {
                    vector3f physics:angularVelocity = (0, 0, 0)
                    rel physics:simulationOwner
                    vector3f physics:velocity = (0, 0, 0)
                    quatd xformOp:orient = (-0.41960769197219816, -0.5572110777662, 0.43533394025537486, 0.5691481003342841)
                    double3 xformOp:translate = (-0.020275228912353338, -0.6860239896774292, 0.16594998040498865)
                }

                over "base_link"
                {
                    vector3f physics:angularVelocity = (0, 0, 0)
                    rel physics:simulationOwner
                    vector3f physics:velocity = (0, 0, 0)
                    quatd xformOp:orient = (0.9999999999999987, -2.980232346091082e-8, -2.980232190659868e-8, -2.980232179557639e-8)
                    double3 xformOp:translate = (1.2547302263854476e-7, -3.9100646942458184e-8, 1.5893282068191183e-7)
                }

                over "link4"
                {
                    vector3f physics:angularVelocity = (0, 0, 0)
                    rel physics:simulationOwner
                    vector3f physics:velocity = (0, 0, 0)
                    quatd xformOp:orient = (-0.41960764430348146, -0.5572111039853263, 0.4353338797437869, 0.5691481560936125)
                    double3 xformOp:translate = (-0.01208602755737287, -0.3928088340759277, 0.2478515306979574)
                }

                over "link5"
                {
                    vector3f physics:angularVelocity = (0, 0, 0)
                    rel physics:simulationOwner
                    vector3f physics:velocity = (0, 0, 0)
                    quatd xformOp:orient = (-0.4196076881762008, -0.5572111084714677, 0.4353338260284149, 0.5691481604423265)
                    double3 xformOp:translate = (-0.01870524256896955, -0.6298082861900329, 0.18113247552217615)
                }

                over "link1"
                {
                    vector3f physics:angularVelocity = (0, 0, 0)
                    rel physics:simulationOwner
                    vector3f physics:velocity = (0, 0, 0)
                    quatd xformOp:orient = (-0.6971660417153935, 1.187642615212856e-7, 6.004968074308945e-8, 0.7169096946470123)
                    double3 xformOp:translate = (-0.0011144813842771661, -3.9100646942458184e-8, 0.04459969201387537)
                }

                over "joints"
                {
                    over "right_joint1"
                    {
                        float drive:angular:physics:targetPosition = -91.6
                        float physics:lowerLimit = -165.00038
                        float physics:upperLimit = 165.00038
                        float state:angular:physics:position = -91.59985
                        float state:angular:physics:velocity = 0
                    }

                    over "right_joint2"
                    {
                        float drive:angular:physics:targetPosition = 170.6
                        float physics:lowerLimit = 0
                        float physics:upperLimit = 185.00233
                        float state:angular:physics:position = 170.60117
                        float state:angular:physics:velocity = 0
                    }

                    over "right_joint3"
                    {
                        float drive:angular:physics:targetPosition = -155
                        float physics:lowerLimit = -189.99852
                        float physics:upperLimit = 0
                        float state:angular:physics:position = -155.00038
                        float state:angular:physics:velocity = 0
                    }

                    over "right_joint4"
                    {
                        float physics:lowerLimit = -165.00038
                        float physics:upperLimit = 165.00038
                        float state:angular:physics:position = 0.000020192274
                        float state:angular:physics:velocity = 0
                    }

                    over "right_joint5"
                    {
                        float physics:lowerLimit = -95.00213
                        float physics:upperLimit = 95.00213
                        float state:angular:physics:position = 2.0258476e-8
                        float state:angular:physics:velocity = 0
                    }

                    over "right_joint6"
                    {
                        float physics:lowerLimit = -165.00038
                        float physics:upperLimit = 165.00038
                        float state:angular:physics:position = -0.0000017656802
                        float state:angular:physics:velocity = 0
                    }
                }
            }

            over "torso_link4"
            {
                vector3f physics:angularVelocity = (0, 0, 0)
                rel physics:simulationOwner
                vector3f physics:velocity = (0, 0, 0)
                quatd xformOp:orient = (0.9999999999999998, 1.489417429214188e-10, -1.3627002686734848e-9, 2.1028791553131042e-8)
                double3 xformOp:translate = (-0.03284502029418945, -4.3298067176067434e-7, 1.100619912147522)
            }

            over "steer_motor_link1"
            {
                vector3f physics:angularVelocity = (0, 0, 0)
                rel physics:simulationOwner
                vector3f physics:velocity = (0, 0, 0)
                quatd xformOp:orient = (0.9999891767599768, -3.3783333259672335e-7, -0.004652038088289971, 0.00007003152773397819)
                double3 xformOp:translate = (0.06054675579071067, 0.27999929999051965, 0.23882204294204712)
            }

            over "steer_motor_link2"
            {
                vector3f physics:angularVelocity = (0, 0, 0)
                rel physics:simulationOwner
                vector3f physics:velocity = (0, 0, 0)
                quatd xformOp:orient = (0.9999891780103121, 2.466249182389288e-7, -0.004651986392526976, -0.000053710365228811494)
                double3 xformOp:translate = (0.06054508686065674, -0.2800011196261796, 0.23882201313972473)
            }

            over "torso_link1"
            {
                vector3f physics:angularVelocity = (0, 0, 0)
                rel physics:simulationOwner
                vector3f physics:velocity = (0, 0, 0)
                quatd xformOp:orient = (0.9388947226413131, 5.68982463017215e-7, 0.3442044447626058, -0.0000012783624876249848)
                double3 xformOp:translate = (-0.18909740447998047, -4.3298067176067434e-7, 0.4137569069862366)
            }

            over "wheel_motor_link1"
            {
                vector3f physics:angularVelocity = (0, 0, 0)
                rel physics:simulationOwner
                vector3f physics:velocity = (0, 0, 0)
                quatd xformOp:orient = (-0.00007000108122074001, -0.00486888131906281, 3.203819031408234e-7, 0.9999881444769467)
                double3 xformOp:translate = (0.06143283843994163, 0.27999929999051965, 0.14357618987560272)
            }

            over "base_link"
            {
                vector3f physics:angularVelocity = (0, 0, 0)
                rel physics:simulationOwner
                vector3f physics:velocity = (0, 0, 0)
                quatd xformOp:orient = (0.9999891791600237, 2.469541904234527e-9, -0.004652049118899538, -0.0000013628343755509542)
                double3 xformOp:translate = (-0.15345335006713867, -4.3298067176067434e-7, 0.11307558417320251)
            }

            over "steer_motor_link3"
            {
                vector3f physics:angularVelocity = (0, 0, 0)
                rel physics:simulationOwner
                vector3f physics:velocity = (0, 0, 0)
                quatd xformOp:orient = (0.9999891792078314, 1.9262426858258103e-8, -0.004652036277283211, -0.0000050717047129195206)
                double3 xformOp:translate = (-0.43543267250061035, 5.206936446455757e-7, 0.23420725762844086)
            }

            over "wheel_motor_link2"
            {
                vector3f physics:angularVelocity = (0, 0, 0)
                rel physics:simulationOwner
                vector3f physics:velocity = (0, 0, 0)
                quatd xformOp:orient = (0.9999883119945799, 2.3575893386117436e-7, -0.0048345635769093875, -0.000053564875563293537)
                double3 xformOp:translate = (0.061431288719177246, -0.28000016595186317, 0.14357616007328033)
            }

            over "torso_link3"
            {
                vector3f physics:angularVelocity = (0, 0, 0)
                rel physics:simulationOwner
                vector3f physics:velocity = (0, 0, 0)
                quatd xformOp:orient = (0.9999999999988743, -1.4831984335406187e-10, -2.6646684833083935e-8, -0.0000015002000471677959)
                double3 xformOp:translate = (-0.03284478187561035, -4.3298067176067434e-7, 1.000999927520752)
            }

            over "wheel_motor_link3"
            {
                vector3f physics:angularVelocity = (0, 0, 0)
                rel physics:simulationOwner
                vector3f physics:velocity = (0, 0, 0)
                quatd xformOp:orient = (0.0000049006197034156926, -0.004610090284842651, -1.89331546037012e-8, 0.999989373465313)
                double3 xformOp:translate = (-0.43454647064208984, 5.206936446455757e-7, 0.13896135985851288)
            }

            over "joints"
            {
                over "torso_joint4"
                {
                    float physics:lowerLimit = -174.99849
                    float physics:upperLimit = 174.99849
                    float state:angular:physics:position = 0.00018630727
                    float state:angular:physics:velocity = -0
                }

                over "torso_joint3"
                {
                    float drive:angular:physics:targetPosition = -19.800001
                    float physics:lowerLimit = -105.00024
                    float physics:upperLimit = 90
                    float state:angular:physics:position = -19.934736
                    float state:angular:physics:velocity = -0
                }

                over "torso_joint2"
                {
                    float drive:angular:physics:targetPosition = -60.2
                    float physics:lowerLimit = -159.99846
                    float physics:upperLimit = 144.99841
                    float state:angular:physics:position = -60.201214
                    float state:angular:physics:velocity = -0
                }

                over "torso_joint1"
                {
                    float drive:angular:physics:targetPosition = 40.8
                    float physics:lowerLimit = -65.00206
                    float physics:upperLimit = 105.00024
                    float state:angular:physics:position = 40.79959
                    float state:angular:physics:velocity = -0
                }

                over "steer_joint1"
                {
                    float physics:lowerLimit = -90
                    float physics:upperLimit = 90
                    float state:angular:physics:position = 0.008213013
                    float state:angular:physics:velocity = 0
                }

                over "wheel_joint1"
                {
                    float physics:lowerLimit = -inf
                    float physics:upperLimit = inf
                }

                over "steer_joint2"
                {
                    float physics:lowerLimit = -90
                    float physics:upperLimit = 90
                    float state:angular:physics:position = -0.0060063517
                    float state:angular:physics:velocity = 0
                }

                over "wheel_joint2"
                {
                    float physics:lowerLimit = -inf
                    float physics:upperLimit = inf
                }

                over "steer_joint3"
                {
                    float physics:lowerLimit = -90
                    float physics:upperLimit = 90
                    float state:angular:physics:position = -0.00042836912
                    float state:angular:physics:velocity = 0
                }

                over "wheel_joint3"
                {
                    float physics:lowerLimit = -inf
                    float physics:upperLimit = inf
                }
            }
        }

        def "Galaxea_R1_Pro" (
            prepend payload = @./humanoid/Galaxea_R1/Galaxea_R1_Pro.usd@
        )
        {
            string[] isaac:changelog (
                displayName = "Changelog"
            )
            string isaac:description (
                displayName = "Description"
            )
            token isaac:license (
                displayName = "License"
            )
            string isaac:namespace (
                displayName = "Namespace"
            )
            rel isaac:physics:robotJoints (
                displayName = "Robot Joints"
            )
            rel isaac:physics:robotLinks (
                displayName = "Robot Links"
            )
            token isaac:robotType (
                displayName = "Robot Type"
            )
            string isaac:source (
                displayName = "Source"
            )
            string isaac:version (
                displayName = "Version"
            )
            quatd xformOp:orient = (1, 0, 0, 0)
            double3 xformOp:scale = (1, 1, 1)
            double3 xformOp:translate = (0.08867177823228554, -2.696454536685426, -0.07868071945782683)
            uniform token[] xformOpOrder = ["xformOp:translate", "xformOp:orient", "xformOp:scale"]

            over "Graph"
            {
                over "ROS_JointStates"
                {
                    over "PublisherJointState"
                    {
                        custom uchar[] inputs:jointDofTypes
                        custom double[] inputs:jointEfforts
                        custom token[] inputs:jointNames
                        custom double[] inputs:jointPositions
                        custom double[] inputs:jointVelocities
                        custom float inputs:sensorTime
                        custom float inputs:stageMetersPerUnit
                    }
                }
            }

            over "torso_link3"
            {
                vector3f physics:angularVelocity = (0, 0, 0)
                rel physics:simulationOwner
                vector3f physics:velocity = (0, 0, 0)
                quatd xformOp:orient = (0.9999999999997247, -4.4460409824305247e-11, -2.588890268769334e-8, -7.416201068976632e-7)
                double3 xformOp:translate = (-0.03284502029418945, 6.857068690635515e-8, 1.0010000467300415)
            }

            over "torso_link2"
            {
                vector3f physics:angularVelocity = (0, 0, 0)
                rel physics:simulationOwner
                vector3f physics:velocity = (0, 0, 0)
                quatd xformOp:orient = (0.9840227429856211, -1.264405453804237e-7, -0.1780428074548261, -8.012711369363181e-7)
                double3 xformOp:translate = (0.07227385044097878, 6.857068690635515e-8, 0.7200195789337158)
            }

            over "wheel_motor_link3"
            {
                vector3f physics:angularVelocity = (0, 0, 0)
                rel physics:simulationOwner
                vector3f physics:velocity = (0, 0, 0)
                quatd xformOp:orient = (-0.000003389012786335636, -0.0025775264113617287, -9.878167617268058e-10, 0.9999966781675395)
                double3 xformOp:translate = (-0.42975759506225586, 6.857068690635515e-8, 0.1384303867816925)
            }

            over "A2_Arm"
            {
                over "left_link4"
                {
                    vector3f physics:angularVelocity = (0, 0, 0)
                    rel physics:simulationOwner
                    vector3f physics:velocity = (0, 0, 0)
                    quatd xformOp:orient = (0.9999999999999998, 3.3567384956326753e-10, -3.356738495632676e-10, 2.1068076703474893e-8)
                    double3 xformOp:translate = (-0.0004863925278186798, 0.2870636672034994, -0.006979823112487793)
                }

                over "torso_link4"
                {
                    vector3f physics:angularVelocity = (0, 0, 0)
                    rel physics:simulationOwner
                    vector3f physics:velocity = (0, 0, 0)
                    quatd xformOp:orient = (0.9999999999999886, 2.006496659926212e-14, -2.0064966599262122e-14, -1.5123026915031688e-7)
                    double3 xformOp:translate = (-1.862645149230957e-8, 6.857068690635515e-8, 0)
                }

                over "left_link2"
                {
                    vector3f physics:angularVelocity = (0, 0, 0)
                    rel physics:simulationOwner
                    vector3f physics:velocity = (0, 0, 0)
                    quatd xformOp:orient = (0.9999999999999948, -5.038010869128973e-9, 7.680901816868765e-9, 1.0174339597850371e-7)
                    double3 xformOp:translate = (0.02452562376856804, 0.251998016263558, 0.3030201196670532)
                }

                over "Galaxea_G1_Right"
                {
                    over "finger2"
                    {
                        vector3f physics:angularVelocity = (0, 0, 0)
                        rel physics:simulationOwner
                        vector3f physics:velocity = (0, 0, 0)
                        quatd xformOp:orient = (0.9999999999999595, 2.6858908487493126e-7, -2.984322937040794e-8, -8.952969308797515e-8)
                        double3 xformOp:translate = (0.03688971359252924, -0.013452334500863472, -0.00012046628077522215)
                    }

                    over "finger1"
                    {
                        vector3f physics:angularVelocity = (0, 0, 0)
                        rel physics:simulationOwner
                        vector3f physics:velocity = (0, 0, 0)
                        quatd xformOp:orient = (0.999999999999987, 1.5662962321561237e-7, -3.729276084611868e-8, -7.458545168999032e-9)
                        double3 xformOp:translate = (0.03688971359252924, 0.013454632662222465, 0.00012057490269645754)
                    }

                    over "gripper_base"
                    {
                        vector3f physics:angularVelocity = (0, 0, 0)
                        rel physics:simulationOwner
                        vector3f physics:velocity = (0, 0, 0)
                        quatd xformOp:orient = (0.9999999999999845, 1.49011610677818e-7, -8.940696817649729e-8, -2.9802325650749915e-8)
                        double3 xformOp:translate = (-2.5671005254856993e-7, 0.0000011490806794967057, 1.735202501684796e-7)
                    }

                    over "joints"
                    {
                        over "right_gripper_joint"
                        {
                            float physics:lowerLimit = 0
                            float physics:upperLimit = 0.05
                            float state:linear:physics:position = 3.048884e-8
                            float state:linear:physics:velocity = 0
                        }

                        over "right_gripper_joint2"
                        {
                            float state:linear:physics:position = 3.0488025e-8
                            float state:linear:physics:velocity = 0
                        }
                    }
                }

                over "left_link1"
                {
                    vector3f physics:angularVelocity = (0, 0, 0)
                    rel physics:simulationOwner
                    vector3f physics:velocity = (0, 0, 0)
                    quatd xformOp:orient = (0.9999999999999948, 3.7737643159630345e-10, 1.2017738722938071e-10, 1.0215644657044861e-7)
                    double3 xformOp:translate = (-0.00048615410923957825, 0.17073352041394863, 0.3030201196670532)
                }

                over "Galaxea_G1_Left"
                {
                    over "finger1"
                    {
                        vector3f physics:angularVelocity = (0, 0, 0)
                        rel physics:simulationOwner
                        vector3f physics:velocity = (0, 0, 0)
                        quatd xformOp:orient = (0.999999999999957, -2.5331973668675477e-7, -1.0430813268335659e-7, 1.043081327943789e-7)
                        double3 xformOp:translate = (0.03688971359252924, 0.013453816129279872, 0.00012046628077522215)
                    }

                    over "gripper_base"
                    {
                        vector3f physics:angularVelocity = (0, 0, 0)
                        rel physics:simulationOwner
                        vector3f physics:velocity = (0, 0, 0)
                        quatd xformOp:orient = (0.9999999999999707, -2.3841857866756344e-7, -2.9802309413221136e-8, -2.9802338834140033e-8)
                        double3 xformOp:translate = (-2.5671005254856993e-7, 3.3254773690316597e-7, 6.48983289330829e-8)
                    }

                    over "finger2"
                    {
                        vector3f physics:angularVelocity = (0, 0, 0)
                        rel physics:simulationOwner
                        vector3f physics:velocity = (0, 0, 0)
                        quatd xformOp:orient = (0.9999999999999846, -1.639127694685864e-7, 4.470349035390487e-8, -4.470349024288254e-8)
                        double3 xformOp:translate = (0.03688971359252924, -0.013453151033806066, -0.00012057490269645754)
                    }

                    over "joints"
                    {
                        over "left_gripper_joint"
                        {
                            float state:linear:physics:position = 4.257747e-8
                            float state:linear:physics:velocity = 0
                        }

                        over "left_gripper_joint2"
                        {
                            float state:linear:physics:position = 4.2576698e-8
                            float state:linear:physics:velocity = 0
                        }
                    }
                }

                over "right_link2"
                {
                    vector3f physics:angularVelocity = (0, 0, 0)
                    rel physics:simulationOwner
                    vector3f physics:velocity = (0, 0, 0)
                    quatd xformOp:orient = (0.9999999999999948, -5.038010869128973e-9, 7.680901816868765e-9, 1.0174339597850371e-7)
                    double3 xformOp:translate = (0.02452562376856804, -0.2519988327965006, 0.3030201196670532)
                }

                over "right_link7"
                {
                    vector3f physics:angularVelocity = (0, 0, 0)
                    rel physics:simulationOwner
                    vector3f physics:velocity = (0, 0, 0)
                    quatd xformOp:orient = (0.9999999999999883, 1.522720989840114e-8, 5.893904813366915e-9, -1.5181593289865583e-7)
                    double3 xformOp:translate = (0.02901361510157585, -0.251999786470817, -0.2650297284126282)
                }

                over "left_link7"
                {
                    vector3f physics:angularVelocity = (0, 0, 0)
                    rel physics:simulationOwner
                    vector3f physics:velocity = (0, 0, 0)
                    quatd xformOp:orient = (0.9999999999999635, 4.646819123720859e-9, -4.6468191237208595e-9, 2.702026816380563e-7)
                    double3 xformOp:translate = (0.02901361510157585, 0.2519989699378744, -0.2650297284126282)
                }

                over "right_link5"
                {
                    vector3f physics:angularVelocity = (0, 0, 0)
                    rel physics:simulationOwner
                    vector3f physics:velocity = (0, 0, 0)
                    quatd xformOp:orient = (0.9999999999999883, -8.240042387137556e-9, 1.4239128389443106e-8, -1.5180261012675405e-7)
                    double3 xformOp:translate = (-0.0004863925278186798, -0.251999786470817, -0.10197973251342773)
                }

                over "left_link5"
                {
                    vector3f physics:angularVelocity = (0, 0, 0)
                    rel physics:simulationOwner
                    vector3f physics:velocity = (0, 0, 0)
                    quatd xformOp:orient = (0.9999999999999826, -1.0840802372198015e-8, 1.6838826812250655e-8, 1.8563387053214073e-7)
                    double3 xformOp:translate = (-0.0004863925278186798, 0.2519989699378744, -0.10197973251342773)
                }

                over "left_link6"
                {
                    vector3f physics:angularVelocity = (0, 0, 0)
                    rel physics:simulationOwner
                    vector3f physics:velocity = (0, 0, 0)
                    quatd xformOp:orient = (0.9999999999999826, -2.1467644720364455e-9, 1.2715451103600497e-8, 1.8626516496318673e-7)
                    double3 xformOp:translate = (-0.0004863925278186798, 0.2239990920081869, -0.2650297284126282)
                }

                over "right_link1"
                {
                    vector3f physics:angularVelocity = (0, 0, 0)
                    rel physics:simulationOwner
                    vector3f physics:velocity = (0, 0, 0)
                    quatd xformOp:orient = (0.9999999999999948, 3.7737643159630345e-10, 1.2017738722938071e-10, 1.0215644657044861e-7)
                    double3 xformOp:translate = (-0.00048615410923957825, -0.17073433694689122, 0.3030201196670532)
                }

                over "right_link3"
                {
                    vector3f physics:angularVelocity = (0, 0, 0)
                    rel physics:simulationOwner
                    vector3f physics:velocity = (0, 0, 0)
                    quatd xformOp:orient = (0.9999999999999944, 7.762589978156119e-9, 2.411799346154387e-8, 1.0227558278724934e-7)
                    double3 xformOp:translate = (-0.0004863925278186798, -0.251999786470817, 0.18752014636993408)
                }

                over "right_link4"
                {
                    vector3f physics:angularVelocity = (0, 0, 0)
                    rel physics:simulationOwner
                    vector3f physics:velocity = (0, 0, 0)
                    quatd xformOp:orient = (0.9999999999999998, 3.3567384956326753e-10, -3.356738495632676e-10, 2.1068076703474893e-8)
                    double3 xformOp:translate = (-0.0004863925278186798, -0.2169341355308756, -0.006979823112487793)
                }

                over "right_link6"
                {
                    vector3f physics:angularVelocity = (0, 0, 0)
                    rel physics:simulationOwner
                    vector3f physics:velocity = (0, 0, 0)
                    quatd xformOp:orient = (0.9999999999999883, -1.5715326931961695e-9, 1.2158700310517734e-8, -1.5219848819512433e-7)
                    double3 xformOp:translate = (-0.0004863925278186798, -0.2239999085411295, -0.2650297284126282)
                }

                over "left_link3"
                {
                    vector3f physics:angularVelocity = (0, 0, 0)
                    rel physics:simulationOwner
                    vector3f physics:velocity = (0, 0, 0)
                    quatd xformOp:orient = (0.9999999999999944, 7.762589978156119e-9, 2.411799346154387e-8, 1.0227558278724934e-7)
                    double3 xformOp:translate = (-0.0004863925278186798, 0.251998016263558, 0.18752014636993408)
                }

                over "joints"
                {
                    over "right_joint7"
                    {
                        float physics:lowerLimit = -90
                        float physics:upperLimit = 90
                        float state:angular:physics:position = -2.437807e-8
                        float state:angular:physics:velocity = 0
                    }

                    over "left_joint1"
                    {
                        float state:angular:physics:position = 0.0000060194193
                        float state:angular:physics:velocity = 0
                    }

                    over "right_joint1"
                    {
                        float state:angular:physics:position = 0.000007362047
                        float state:angular:physics:velocity = 0
                    }

                    over "left_joint2"
                    {
                        float state:angular:physics:position = 8.4664414e-8
                        float state:angular:physics:velocity = 0
                    }

                    over "right_joint2"
                    {
                        float state:angular:physics:position = 1.1678506e-7
                        float state:angular:physics:velocity = 0
                    }

                    over "left_joint3"
                    {
                        float state:angular:physics:position = 0.000003161841
                        float state:angular:physics:velocity = 0
                    }

                    over "right_joint3"
                    {
                        float state:angular:physics:position = -6.1884464e-7
                        float state:angular:physics:velocity = 0
                    }

                    over "left_joint4"
                    {
                        float state:angular:physics:position = 9.579501e-7
                        float state:angular:physics:velocity = 0
                    }

                    over "right_joint4"
                    {
                        float state:angular:physics:position = 3.4006916e-8
                        float state:angular:physics:velocity = 0
                    }

                    over "left_joint5"
                    {
                        float state:angular:physics:position = 0.000039105416
                        float state:angular:physics:velocity = 0
                    }

                    over "right_joint5"
                    {
                        float state:angular:physics:position = -0.000035489036
                        float state:angular:physics:velocity = 0
                    }

                    over "left_joint6"
                    {
                        float state:angular:physics:position = -2.508078e-11
                        float state:angular:physics:velocity = 0
                    }

                    over "right_joint6"
                    {
                        float state:angular:physics:position = 1.1162304e-9
                        float state:angular:physics:velocity = 0
                    }

                    over "left_joint7"
                    {
                        float state:angular:physics:position = 2.2045002e-8
                        float state:angular:physics:velocity = 0
                    }
                }
            }

            over "steer_motor_link3"
            {
                vector3f physics:angularVelocity = (0, 0, 0)
                rel physics:simulationOwner
                vector3f physics:velocity = (0, 0, 0)
                quatd xformOp:orient = (0.9999965026314024, 1.4817251426681088e-9, -0.00264475211648481, 0.000003347535139420481)
                double3 xformOp:translate = (-0.43026137351989746, 6.857068690635515e-8, 0.23367905616760254)
            }

            over "steer_motor_link1"
            {
                vector3f physics:angularVelocity = (0, 0, 0)
                rel physics:simulationOwner
                vector3f physics:velocity = (0, 0, 0)
                quatd xformOp:orient = (0.9999965008601133, -1.533585522995184e-7, -0.0026447549976386228, 0.00005948536315088858)
                double3 xformOp:translate = (0.06573212146759033, 0.2799998015418783, 0.2363026738166809)
            }

            over "torso_link4"
            {
                vector3f physics:angularVelocity = (0, 0, 0)
                rel physics:simulationOwner
                vector3f physics:velocity = (0, 0, 0)
                quatd xformOp:orient = (0.9999999999999948, -4.377032321209761e-11, -6.196274339636712e-10, 1.0215532574211847e-7)
                double3 xformOp:translate = (-0.032845258712768555, 6.857068690635515e-8, 1.1006200313568115)
            }

            over "wheel_motor_link1"
            {
                vector3f physics:angularVelocity = (0, 0, 0)
                rel physics:simulationOwner
                vector3f physics:velocity = (0, 0, 0)
                quatd xformOp:orient = (-0.000059551311604001356, 0.006666975853460041, 7.076060738366208e-7, 0.9999777736960507)
                double3 xformOp:translate = (0.06623589992523193, 0.2799998015418783, 0.14105401933193207)
            }

            over "base_link"
            {
                vector3f physics:angularVelocity = (0, 0, 0)
                rel physics:simulationOwner
                vector3f physics:velocity = (0, 0, 0)
                quatd xformOp:orient = (0.9999965025997503, 9.219623111615555e-9, -0.00264476611055773, -6.985944810034924e-7)
                double3 xformOp:translate = (-0.14877080917358398, 6.857068690635515e-8, 0.1114162802696228)
            }

            over "steer_motor_link2"
            {
                vector3f physics:angularVelocity = (0, 0, 0)
                rel physics:simulationOwner
                vector3f physics:velocity = (0, 0, 0)
                quatd xformOp:orient = (0.9999965017938253, 1.252880926443093e-7, -0.0026447002561004146, -0.0000442792469232464)
                double3 xformOp:translate = (0.06573128700256325, -0.2800006180748209, 0.23630264401435852)
            }

            over "torso_link1"
            {
                vector3f physics:angularVelocity = (0, 0, 0)
                rel physics:simulationOwner
                vector3f physics:velocity = (0, 0, 0)
                quatd xformOp:orient = (0.9405990455722413, 3.1610136492011606e-7, 0.33951941839608163, -6.894289776679112e-7)
                double3 xformOp:translate = (-0.18320751190185547, 6.857068690635515e-8, 0.41223829984664917)
            }

            over "wheel_motor_link2"
            {
                vector3f physics:angularVelocity = (0, 0, 0)
                rel physics:simulationOwner
                vector3f physics:velocity = (0, 0, 0)
                quatd xformOp:orient = (0.99997739929117, 5.41323585565696e-7, 0.006723016344668835, -0.00004424708127935093)
                double3 xformOp:translate = (0.06623506546020486, -0.2799996644005045, 0.1410539448261261)
            }

            over "joints"
            {
                over "torso_joint4"
                {
                    float physics:lowerLimit = -174.99849
                    float physics:upperLimit = 174.99849
                    float state:angular:physics:position = 0.00009486841
                    float state:angular:physics:velocity = -0
                }

                over "torso_joint3"
                {
                    float drive:angular:physics:targetPosition = -20.800001
                    float physics:lowerLimit = -105.00024
                    float physics:upperLimit = 90
                    float state:angular:physics:position = -20.511562
                    float state:angular:physics:velocity = -0
                }

                over "torso_joint2"
                {
                    float drive:angular:physics:targetPosition = -60.2
                    float physics:lowerLimit = -159.99846
                    float physics:upperLimit = 144.99841
                    float state:angular:physics:position = -60.206764
                    float state:angular:physics:velocity = -0
                }

                over "torso_joint1"
                {
                    float drive:angular:physics:targetPosition = 40
                    float physics:lowerLimit = -65.00206
                    float physics:upperLimit = 105.00024
                    float state:angular:physics:position = 39.998283
                    float state:angular:physics:velocity = -0
                }

                over "steer_joint1"
                {
                    float physics:lowerLimit = -90
                    float physics:upperLimit = 90
                    float state:angular:physics:position = 0.0069174105
                    float state:angular:physics:velocity = 0
                }

                over "wheel_joint1"
                {
                    float physics:lowerLimit = -inf
                    float physics:upperLimit = inf
                }

                over "steer_joint2"
                {
                    float physics:lowerLimit = -90
                    float physics:upperLimit = 90
                    float state:angular:physics:position = -0.0050019883
                    float state:angular:physics:velocity = 0
                }

                over "wheel_joint2"
                {
                    float physics:lowerLimit = -inf
                    float physics:upperLimit = inf
                }

                over "steer_joint3"
                {
                    float physics:lowerLimit = -90
                    float physics:upperLimit = 90
                    float state:angular:physics:position = 0.00047792305
                    float state:angular:physics:velocity = 0
                }

                over "wheel_joint3"
                {
                    float physics:lowerLimit = -inf
                    float physics:upperLimit = inf
                }
            }
        }

        def "Astribot_S1" (
            prepend payload = @./humanoid/Astribot_S1/Astribot_S1.usd@
        )
        {
            string[] isaac:changelog (
                displayName = "Changelog"
            )
            string isaac:description (
                displayName = "Description"
            )
            token isaac:license (
                displayName = "License"
            )
            string isaac:namespace (
                displayName = "Namespace"
            )
            rel isaac:physics:robotJoints (
                displayName = "Robot Joints"
            )
            rel isaac:physics:robotLinks (
                displayName = "Robot Links"
            )
            token isaac:robotType (
                displayName = "Robot Type"
            )
            string isaac:source (
                displayName = "Source"
            )
            string isaac:version (
                displayName = "Version"
            )
            quatd xformOp:orient = (1, 0, 0, 0)
            double3 xformOp:scale = (1, 1, 1)
            double3 xformOp:translate = (0.07119822015445669, 0.976968084814203, 0.04378275132834991)
            uniform token[] xformOpOrder = ["xformOp:translate", "xformOp:orient", "xformOp:scale"]

            over "torso_link_3"
            {
                vector3f physics:angularVelocity = (0, 0, 0)
                rel physics:simulationOwner
                vector3f physics:velocity = (0, 0, 0)
                quatd xformOp:orient = (-0.49999596376411326, 0.5000022098688048, -0.49999971177153546, -0.5000021145698175)
                double3 xformOp:translate = (0.000002798729718644921, -7.977458338359611e-8, 0.8899997597149188)
            }

            over "base_link"
            {
                vector3f physics:angularVelocity = (0, 0, 0)
                rel physics:simulationOwner
                vector3f physics:velocity = (0, 0, 0)
                quatd xformOp:orient = (0.9999916323356772, -0.0000020079022048431466, 0.004090873873785395, 0.0000023547500426387862)
                double3 xformOp:translate = (-0.09858972103041319, -0.000003894471848120418, 0.0647195403984363)
            }

            over "right_link_5"
            {
                vector3f physics:angularVelocity = (0, 0, 0)
                rel physics:simulationOwner
                vector3f physics:velocity = (0, 0, 0)
                quatd xformOp:orient = (0.122787758355069, 0.6963629922323332, 0.6963649915733983, -0.1227906672282133)
                double3 xformOp:translate = (0.0000014874275335863274, -0.27448137631389, 1.0058294659069356)
            }

            over "right_link_2"
            {
                vector3f physics:angularVelocity = (0, 0, 0)
                rel physics:simulationOwner
                vector3f physics:velocity = (0, 0, 0)
                quatd xformOp:orient = (0.12278678717591963, 0.6963644386258392, 0.12278923831816557, 0.6963639683854845)
                double3 xformOp:translate = (0.00000267952042909414, -0.15000208249064784, 1.2893537407329854)
            }

            over "left_link_6"
            {
                vector3f physics:angularVelocity = (0, 0, 0)
                rel physics:simulationOwner
                vector3f physics:velocity = (0, 0, 0)
                quatd xformOp:orient = (0.4055794196588273, 0.5792298588582528, -0.40557779285167217, -0.5792277262889127)
                double3 xformOp:translate = (0.000004825287641230247, 0.36922160754231115, 0.7455347900799091)
            }

            over "left_link_5"
            {
                vector3f physics:angularVelocity = (0, 0, 0)
                rel physics:simulationOwner
                vector3f physics:velocity = (0, 0, 0)
                quatd xformOp:orient = (-0.12279059302826358, 0.6963651214775085, -0.6963628689725173, -0.12278779487289027)
                double3 xformOp:translate = (0.000003871613324823997, 0.27448073992756505, 1.0058292274883565)
            }

            over "left_link_3"
            {
                vector3f physics:angularVelocity = (0, 0, 0)
                rel physics:simulationOwner
                vector3f physics:velocity = (0, 0, 0)
                quatd xformOp:orient = (-0.12279074266186892, 0.6963650685717968, -0.6963628967742912, -0.12278778760797585)
                double3 xformOp:translate = (0.0000025603111395433586, 0.1969865954878678, 1.306454551737624)
            }

            over "left_link_1"
            {
                vector3f physics:angularVelocity = (0, 0, 0)
                rel physics:simulationOwner
                vector3f physics:velocity = (0, 0, 0)
                quatd xformOp:orient = (0.5792281094457122, -0.4055796413025715, -0.4055796729127101, -0.579228004078569)
                double3 xformOp:translate = (0.00000267952042909414, 0.15000192294148107, 1.2893536215236958)
            }

            over "left_link_2"
            {
                vector3f physics:angularVelocity = (0, 0, 0)
                rel physics:simulationOwner
                vector3f physics:velocity = (0, 0, 0)
                quatd xformOp:orient = (-0.6963639937321369, -0.12278932036488067, 0.6963644258827235, 0.1227866336487168)
                double3 xformOp:translate = (0.000002798729718644921, 0.15000192294148107, 1.2893536215236958)
            }

            over "head_link_1"
            {
                vector3f physics:angularVelocity = (0, 0, 0)
                rel physics:simulationOwner
                vector3f physics:velocity = (0, 0, 0)
                quatd xformOp:orient = (0.9999999999999984, -5.231100903734314e-8, -8.680519915503665e-9, 1.722879497939378e-8)
                double3 xformOp:translate = (0.00000267952042909414, -7.977458338359611e-8, 1.357649815600234)
            }

            over "torso_link_4"
            {
                vector3f physics:angularVelocity = (0, 0, 0)
                rel physics:simulationOwner
                vector3f physics:velocity = (0, 0, 0)
                quatd xformOp:orient = (0.9999999999999883, 3.62044730836693e-9, -1.941876283578627e-8, -1.5140834695730283e-7)
                double3 xformOp:translate = (0.000002798729718644921, -7.977458338359611e-8, 0.8899996405056293)
            }

            over "torso_link_1"
            {
                vector3f physics:angularVelocity = (0, 0, 0)
                rel physics:simulationOwner
                vector3f physics:velocity = (0, 0, 0)
                quatd xformOp:orient = (0.3505145731075035, -0.350520904075838, 0.614114670591834, 0.6141154624409038)
                double3 xformOp:translate = (-0.09760815174025206, -0.0000034176346899172927, 0.18471555165560793)
            }

            over "Astribot_Gripper_Right"
            {
                over "gripper_R1"
                {
                    vector3f physics:angularVelocity = (0, 0, 0)
                    rel physics:simulationOwner
                    vector3f physics:velocity = (0, 0, 0)
                    quatd xformOp:orient = (0.9999999999999976, 3.193410041795717e-8, 5.53655057471121e-8, -2.8281713388919865e-8)
                    double3 xformOp:translate = (-0.014499786803626735, -7.884836250582339e-8, 0.05110011429540284)
                }

                over "gripper_L2"
                {
                    vector3f physics:angularVelocity = (0, 0, 0)
                    rel physics:simulationOwner
                    vector3f physics:velocity = (0, 0, 0)
                    quatd xformOp:orient = (0.9999999999999893, 6.619297166795272e-8, 6.042696150198904e-8, -1.1525343768498025e-7)
                    double3 xformOp:translate = (0.032500263733858725, 0.0000011253827416624063, 0.05109973395572798)
                }

                over "gripper_base"
                {
                    vector3f physics:angularVelocity = (0, 0, 0)
                    rel physics:simulationOwner
                    vector3f physics:velocity = (0, 0, 0)
                    quatd xformOp:orient = (0.9999999999999951, 5.6717167431886815e-8, 8.03179083837544e-8, 1.0107379881230833e-8)
                    double3 xformOp:translate = (2.3713788022128313e-7, 5.567801668604488e-7, -7.376638322398321e-8)
                }

                over "gripper_R2"
                {
                    vector3f physics:angularVelocity = (0, 0, 0)
                    rel physics:simulationOwner
                    vector3f physics:velocity = (0, 0, 0)
                    quatd xformOp:orient = (0.9999999999999919, 8.531325491847192e-8, 9.419995352011e-8, 7.567922538726284e-9)
                    double3 xformOp:translate = (-0.03249979348544696, 7.322911681484356e-7, 0.05109989942749138)
                }

                over "gripper_R11"
                {
                    vector3f physics:angularVelocity = (0, 0, 0)
                    rel physics:simulationOwner
                    vector3f physics:velocity = (0, 0, 0)
                    quatd xformOp:orient = (0.9999999999999963, 7.186955483640539e-8, 4.342979812302054e-8, 1.661600689505809e-8)
                    double3 xformOp:translate = (-0.05574965949439403, 5.041015693763029e-7, 0.08747901155845783)
                }

                over "gripper_L11"
                {
                    vector3f physics:angularVelocity = (0, 0, 0)
                    rel physics:simulationOwner
                    vector3f physics:velocity = (0, 0, 0)
                    quatd xformOp:orient = (0.9999999999999909, 2.2570249846874376e-8, 9.575725433005647e-8, 9.235144649040984e-8)
                    double3 xformOp:translate = (0.055750365299138904, 0.000001181383819215398, 0.08747873589680966)
                }

                over "gripper_L1"
                {
                    vector3f physics:angularVelocity = (0, 0, 0)
                    rel physics:simulationOwner
                    vector3f physics:velocity = (0, 0, 0)
                    quatd xformOp:orient = (0.9999999999999949, 5.1030157291105876e-8, 8.078798993476274e-8, -3.291315171321457e-8)
                    double3 xformOp:translate = (0.014500376267867487, 9.995912719773514e-7, 0.051099733247329304)
                }

                over "joints"
                {
                    over "right_gripper_joint"
                    {
                        float state:angular:physics:position = 0
                        float state:angular:physics:velocity = 0
                    }

                    over "right_gripper_joint_L2"
                    {
                        float state:angular:physics:position = 0
                        float state:angular:physics:velocity = 0
                    }

                    over "right_gripper_joint_R1"
                    {
                        float state:angular:physics:position = 0
                        float state:angular:physics:velocity = 0
                    }

                    over "right_gripper_joint_R2"
                    {
                        float state:angular:physics:position = 0
                        float state:angular:physics:velocity = 0
                    }

                    over "right_gripper_joint_L11"
                    {
                        float state:angular:physics:position = 0
                        float state:angular:physics:velocity = 0
                    }

                    over "right_gripper_joint_R11"
                    {
                        float state:angular:physics:position = 0
                        float state:angular:physics:velocity = 0
                    }
                }
            }

            over "Angellun_OW_03"
            {
                over "wheel_passive_1"
                {
                    vector3f physics:angularVelocity = (0, 0, 0)
                    rel physics:simulationOwner
                    vector3f physics:velocity = (0, 0, 0)
                    quatd xformOp:orient = (0.9501541600160409, 0.31177175965719384, -0.0022223474729482903, -0.0007094055103803791)
                    double3 xformOp:translate = (0.06973424666085037, 0.0859187261369172, 0.0747998471892054)
                }

                over "wheel_passive_4"
                {
                    vector3f physics:angularVelocity = (0, 0, 0)
                    rel physics:simulationOwner
                    vector3f physics:velocity = (0, 0, 0)
                    quatd xformOp:orient = (0.30626542577370264, 0.9519432694407114, 0.0007093900600972786, 0.0022355106630207807)
                    double3 xformOp:translate = (0.06973492057446595, 0.05355871302503168, 0.07461249488951516)
                }

                over "wheel_passive_7"
                {
                    vector3f physics:angularVelocity = (0, 0, 0)
                    rel physics:simulationOwner
                    vector3f physics:velocity = (0, 0, 0)
                    quatd xformOp:orient = (-0.5901265103880591, 0.8073103002906531, -0.0005013070992812185, 0.0007276489675693172)
                    double3 xformOp:translate = (0.06991278041229965, 0.06373650258843977, 0.04389458555342507)
                }

                over "wheel_passive_9"
                {
                    vector3f physics:angularVelocity = (0, 0, 0)
                    rel physics:simulationOwner
                    vector3f physics:velocity = (0, 0, 0)
                    quatd xformOp:orient = (0.9519432627874459, -0.306265446468448, -0.002235516881406677, 0.0007093640439747889)
                    double3 xformOp:translate = (0.06987029668967626, 0.08605477616207757, 0.051289227191227194)
                }

                over "wheel_passive_3"
                {
                    vector3f physics:angularVelocity = (0, 0, 0)
                    rel physics:simulationOwner
                    vector3f physics:velocity = (0, 0, 0)
                    quatd xformOp:orient = (0.5854426086200999, 0.8107133495061707, 0.0005121196284570357, 0.0007447671209365366)
                    double3 xformOp:translate = (0.06969268956641095, 0.06351641174848055, 0.08193558115126442)
                }

                over "wheel_passive_0"
                {
                    vector3f physics:angularVelocity = (0, 0, 0)
                    rel physics:simulationOwner
                    vector3f physics:velocity = (0, 0, 0)
                    quatd xformOp:orient = (0.9999916302165468, 0.002894863520097443, -0.002891237862681902, -0.000002382126597560272)
                    double3 xformOp:translate = (0.06980227172672127, 0.08980626714894768, 0.06306665796400857)
                }

                over "wheel_passive_6"
                {
                    vector3f physics:angularVelocity = (0, 0, 0)
                    rel physics:simulationOwner
                    vector3f physics:velocity = (0, 0, 0)
                    quatd xformOp:orient = (-0.3117717937439851, 0.9501541488253279, -0.0007093976772245559, 0.0022223524946144682)
                    double3 xformOp:translate = (0.06987097060329184, 0.05369476305019205, 0.05110187489153695)
                }

                over "wheel"
                {
                    vector3f physics:angularVelocity = (0, 0, 0)
                    rel physics:simulationOwner
                    vector3f physics:velocity = (0, 0, 0)
                    quatd xformOp:orient = (0.9999916301948707, 0.0028948499919312608, -0.002891258974679642, 0.0000022957616077692176)
                    double3 xformOp:translate = (0.0698026086320711, 0.06980674459355463, 0.06295086104037118)
                }

                over "wheel_passive_5"
                {
                    vector3f physics:angularVelocity = (0, 0, 0)
                    rel physics:simulationOwner
                    vector3f physics:velocity = (0, 0, 0)
                    quatd xformOp:orient = (-0.002894908150128285, 0.9999916300419768, -0.000002311802753985601, 0.0028912536118894184)
                    double3 xformOp:translate = (0.06980294553742183, 0.04980722203815979, 0.06283507901789498)
                }

                over "wheel_passive_8"
                {
                    vector3f physics:angularVelocity = (0, 0, 0)
                    rel physics:simulationOwner
                    vector3f physics:velocity = (0, 0, 0)
                    quatd xformOp:orient = (0.8107134193353418, -0.5854425118692319, -0.0007448144218842392, 0.0005121106516557673)
                    double3 xformOp:translate = (0.06991252769773215, 0.07609707743862693, 0.04396615583063912)
                }

                over "wheel_passive_2"
                {
                    vector3f physics:angularVelocity = (0, 0, 0)
                    rel physics:simulationOwner
                    vector3f physics:velocity = (0, 0, 0)
                    quatd xformOp:orient = (0.8073103584027808, 0.590126430916409, -0.0007276244341844087, -0.0005013104000340503)
                    double3 xformOp:translate = (0.06969235255814521, 0.07587690230497213, 0.08200713652731728)
                }
            }

            over "Angellun_OW_02"
            {
                over "wheel_passive_2"
                {
                    vector3f physics:angularVelocity = (0, 0, 0)
                    rel physics:simulationOwner
                    vector3f physics:velocity = (0, 0, 0)
                    quatd xformOp:orient = (0.8071632464912813, 0.5903276261332796, 0.0007240747891982806, 0.0005128871234641277)
                    double3 xformOp:translate = (-0.06968795395649519, 0.07585158638324474, 0.0855502750313456)
                }

                over "wheel_passive_7"
                {
                    vector3f physics:angularVelocity = (0, 0, 0)
                    rel physics:simulationOwner
                    vector3f physics:velocity = (0, 0, 0)
                    quatd xformOp:orient = (-0.5903277256633959, 0.8071631737225691, 0.0005128196110539249, -0.0007240961530354443)
                    double3 xformOp:translate = (-0.0699081308863363, 0.0637304899588722, 0.04743167418600869)
                }

                over "wheel_passive_0"
                {
                    vector3f physics:angularVelocity = (0, 0, 0)
                    rel physics:simulationOwner
                    vector3f physics:velocity = (0, 0, 0)
                    quatd xformOp:orient = (0.9999908693525649, 0.003144010157047375, 0.002894163241425099, -0.00001519098097098979)
                    double3 xformOp:translate = (-0.06979787087527622, 0.08979039213902862, 0.06661674040915322)
                }

                over "wheel_passive_3"
                {
                    vector3f physics:angularVelocity = (0, 0, 0)
                    rel physics:simulationOwner
                    vector3f physics:velocity = (0, 0, 0)
                    quatd xformOp:orient = (0.5852405335973128, 0.8108592388968485, -0.0005288861678034695, -0.0007299382013509373)
                    double3 xformOp:translate = (-0.06968812437255067, 0.0634909272393891, 0.08547255057455849)
                }

                over "wheel_passive_4"
                {
                    vector3f physics:angularVelocity = (0, 0, 0)
                    rel physics:simulationOwner
                    vector3f physics:velocity = (0, 0, 0)
                    quatd xformOp:orient = (0.3060282169572333, 0.9520195521186181, -0.0007329824336912373, -0.002228350644379322)
                    double3 xformOp:translate = (-0.06973010410626834, 0.05353702173908381, 0.07814451712729287)
                }

                over "wheel_passive_5"
                {
                    vector3f physics:angularVelocity = (0, 0, 0)
                    rel physics:simulationOwner
                    vector3f physics:velocity = (0, 0, 0)
                    quatd xformOp:orient = (-0.0031440547523287313, 0.9999908692543426, -0.000015222456908116334, -0.0028941485683426403)
                    double3 xformOp:translate = (-0.06979838255502457, 0.04979117844093128, 0.06636522370936226)
                }

                over "wheel_passive_6"
                {
                    vector3f physics:angularVelocity = (0, 0, 0)
                    rel physics:simulationOwner
                    vector3f physics:velocity = (0, 0, 0)
                    quatd xformOp:orient = (-0.31200861564959465, 0.9500763977763611, 0.0007070217201694747, -0.002227615093482804)
                    double3 xformOp:translate = (-0.06986632269880744, 0.05368470431641903, 0.05463395673395943)
                }

                over "wheel"
                {
                    vector3f physics:angularVelocity = (0, 0, 0)
                    rel physics:simulationOwner
                    vector3f physics:velocity = (0, 0, 0)
                    quatd xformOp:orient = (0.9999908694886002, 0.0031440589200861947, 0.002894102662268845, 0.0000016494565309321821)
                    double3 xformOp:translate = (-0.06979821100883576, 0.06979086958368974, 0.06649097460867714)
                }

                over "wheel_passive_1"
                {
                    vector3f physics:angularVelocity = (0, 0, 0)
                    rel physics:simulationOwner
                    vector3f physics:velocity = (0, 0, 0)
                    quatd xformOp:orient = (0.9500764224167153, 0.3120085408112869, 0.0022275948380341437, 0.0007070006394773517)
                    double3 xformOp:translate = (-0.06972959355665509, 0.08589720343827967, 0.07834799248339486)
                }

                over "wheel_passive_8"
                {
                    vector3f physics:angularVelocity = (0, 0, 0)
                    rel physics:simulationOwner
                    vector3f physics:velocity = (0, 0, 0)
                    quatd xformOp:orient = (0.8108593231621825, -0.585240416825302, 0.0007299915862969302, -0.0005288358894940826)
                    double3 xformOp:translate = (-0.06990812905775012, 0.07609064334057125, 0.0475093986427958)
                }

                over "wheel_passive_9"
                {
                    vector3f physics:angularVelocity = (0, 0, 0)
                    rel physics:simulationOwner
                    vector3f physics:velocity = (0, 0, 0)
                    quatd xformOp:orient = (0.9520195403805877, -0.30602825341751616, 0.0022283582010993648, -0.000732982596476202)
                    double3 xformOp:translate = (-0.0698658121491933, 0.08604488601561444, 0.054837446991222616)
                }
            }

            over "Angellun_OW_01"
            {
                over "wheel_passive_9"
                {
                    vector3f physics:angularVelocity = (0, 0, 0)
                    rel physics:simulationOwner
                    vector3f physics:velocity = (0, 0, 0)
                    quatd xformOp:orient = (0.9500765944698768, -0.31200805448965535, 0.0022248838717883004, -0.0006989033256570516)
                    double3 xformOp:translate = (-0.06986064649521717, -0.05369341509097314, 0.05463228780390572)
                }

                over "wheel_passive_2"
                {
                    vector3f physics:angularVelocity = (0, 0, 0)
                    rel physics:simulationOwner
                    vector3f physics:velocity = (0, 0, 0)
                    quatd xformOp:orient = (0.8108589819221939, 0.5852408837610396, 0.0007438529529719333, 0.0005158425002179942)
                    double3 xformOp:translate = (-0.06968244816895997, -0.06349963801394232, 0.08547086674334359)
                }

                over "wheel_passive_7"
                {
                    vector3f physics:angularVelocity = (0, 0, 0)
                    rel physics:simulationOwner
                    vector3f physics:velocity = (0, 0, 0)
                    quatd xformOp:orient = (-0.5852408797884172, 0.8108589847864175, 0.0005158551406190882, -0.0007438474935664037)
                    double3 xformOp:translate = (-0.06990228426679046, -0.07609918552770711, 0.04750771481158089)
                }

                over "wheel"
                {
                    vector3f physics:angularVelocity = (0, 0, 0)
                    rel physics:simulationOwner
                    vector3f physics:velocity = (0, 0, 0)
                    quatd xformOp:orient = (0.9999908793327804, -0.003143536615085848, 0.002891265971819852, 0.0000031436306489568394)
                    double3 xformOp:translate = (-0.06979236621787521, -0.06979941177082427, 0.06648929077746224)
                }

                over "wheel_passive_5"
                {
                    vector3f physics:angularVelocity = (0, 0, 0)
                    rel physics:simulationOwner
                    vector3f physics:velocity = (0, 0, 0)
                    quatd xformOp:orient = (0.003143470692397412, 0.9999908794383925, 0.000010788850332446074, -0.00289128269756469)
                    double3 xformOp:translate = (-0.06979202608431656, -0.08979893432616315, 0.06661502677561593)
                }

                over "wheel_passive_8"
                {
                    vector3f physics:angularVelocity = (0, 0, 0)
                    rel physics:simulationOwner
                    vector3f physics:velocity = (0, 0, 0)
                    quatd xformOp:orient = (0.8071635489135143, -0.5903272202036309, 0.0007288486822654562, -0.0004971635475121771)
                    double3 xformOp:translate = (-0.0699026232702149, -0.06373869497126972, 0.04743000525595498)
                }

                over "wheel_passive_4"
                {
                    vector3f physics:angularVelocity = (0, 0, 0)
                    rel physics:simulationOwner
                    vector3f physics:velocity = (0, 0, 0)
                    quatd xformOp:orient = (0.3120080190710555, 0.9500766061134042, -0.0006989104770269011, -0.002224876521686836)
                    double3 xformOp:translate = (-0.06972408594053281, -0.08590540845067629, 0.07834629375101876)
                }

                over "wheel_passive_3"
                {
                    vector3f physics:angularVelocity = (0, 0, 0)
                    rel physics:simulationOwner
                    vector3f physics:velocity = (0, 0, 0)
                    quatd xformOp:orient = (0.5903272043744253, 0.8071635605107276, -0.0004972162480417993, -0.0007287901777944486)
                    double3 xformOp:translate = (-0.06968210916553552, -0.07586012857037883, 0.0855485762989695)
                }

                over "wheel_passive_0"
                {
                    vector3f physics:angularVelocity = (0, 0, 0)
                    rel physics:simulationOwner
                    vector3f physics:velocity = (0, 0, 0)
                    quatd xformOp:orient = (0.9999908792576442, -0.003143514356560289, 0.002891297686206869, 0.000010802940671318989)
                    double3 xformOp:translate = (-0.06979270635143342, -0.04979988921548539, 0.06636355477930855)
                }

                over "wheel_passive_6"
                {
                    vector3f physics:angularVelocity = (0, 0, 0)
                    rel physics:simulationOwner
                    vector3f physics:velocity = (0, 0, 0)
                    quatd xformOp:orient = (-0.30602873142875653, 0.9520193857169647, 0.000719795668083099, -0.0022330815918379047)
                    double3 xformOp:translate = (-0.06985996735823363, -0.08605342820274853, 0.05483574825884652)
                }

                over "wheel_passive_1"
                {
                    vector3f physics:angularVelocity = (0, 0, 0)
                    rel physics:simulationOwner
                    vector3f physics:velocity = (0, 0, 0)
                    quatd xformOp:orient = (0.9520193934377622, 0.30602870727516024, 0.002233072602583679, 0.0007198809910002575)
                    double3 xformOp:translate = (-0.06972476507751635, -0.053545395338900015, 0.07814284819723916)
                }
            }

            over "right_link_7"
            {
                vector3f physics:angularVelocity = (0, 0, 0)
                rel physics:simulationOwner
                vector3f physics:velocity = (0, 0, 0)
                quatd xformOp:orient = (-0.000002984588155442287, -0.0000020230486472168878, 0.8191532178432579, 0.5735747603268783)
                double3 xformOp:translate = (4.1454392762929615e-7, -0.3692212902543197, 0.7455349092891986)
            }

            over "Astribot_Gripper_Left"
            {
                over "gripper_R2"
                {
                    vector3f physics:angularVelocity = (0, 0, 0)
                    rel physics:simulationOwner
                    vector3f physics:velocity = (0, 0, 0)
                    quatd xformOp:orient = (0.9999999999999972, 1.9345958084023352e-8, -6.015534459037123e-8, -3.947383368955543e-8)
                    double3 xformOp:translate = (-0.032499756356819676, 3.9606596224928126e-7, 0.05109996121523297)
                }

                over "gripper_L2"
                {
                    vector3f physics:angularVelocity = (0, 0, 0)
                    rel physics:simulationOwner
                    vector3f physics:velocity = (0, 0, 0)
                    quatd xformOp:orient = (0.9999999999999916, 4.048959021209035e-8, -9.66962756956023e-8, -7.671905451293945e-8)
                    double3 xformOp:translate = (0.032500181656192506, 3.889822943747845e-7, 0.051100005577301655)
                }

                over "gripper_base"
                {
                    vector3f physics:angularVelocity = (0, 0, 0)
                    rel physics:simulationOwner
                    vector3f physics:velocity = (0, 0, 0)
                    quatd xformOp:orient = (0.9999999999999979, 2.0283658893276554e-8, -6.164951348886903e-8, 2.5996465264624056e-9)
                    double3 xformOp:translate = (1.477727613607982e-7, 2.4586555458228077e-7, 3.939842851963249e-8)
                }

                over "gripper_R1"
                {
                    vector3f physics:angularVelocity = (0, 0, 0)
                    rel physics:simulationOwner
                    vector3f physics:velocity = (0, 0, 0)
                    quatd xformOp:orient = (0.9999999999999991, 2.9658520577749378e-8, -2.9809887102960243e-8, -2.8459844427245204e-9)
                    double3 xformOp:translate = (-0.014499868890738066, 5.09091833578168e-7, 0.05109990334773684)
                }

                over "gripper_L11"
                {
                    vector3f physics:angularVelocity = (0, 0, 0)
                    rel physics:simulationOwner
                    vector3f physics:velocity = (0, 0, 0)
                    quatd xformOp:orient = (0.9999999999999976, 2.6576910166347958e-8, -4.783568005662463e-8, 4.3478694413250246e-8)
                    double3 xformOp:translate = (0.055750049988606554, 4.815005461011879e-7, 0.08747906021401652)
                }

                over "gripper_R11"
                {
                    vector3f physics:angularVelocity = (0, 0, 0)
                    rel physics:simulationOwner
                    vector3f physics:velocity = (0, 0, 0)
                    quatd xformOp:orient = (0.9999999999999948, 5.51492374603583e-8, -7.185015739371053e-8, 4.724630061196837e-8)
                    double3 xformOp:translate = (-0.05574985560182988, 6.327865076372063e-7, 0.08747896958073476)
                }

                over "gripper_L1"
                {
                    vector3f physics:angularVelocity = (0, 0, 0)
                    rel physics:simulationOwner
                    vector3f physics:velocity = (0, 0, 0)
                    quatd xformOp:orient = (0.999999999999993, 4.066011568625155e-8, -7.629735478612248e-8, -8.071108198567354e-8)
                    double3 xformOp:translate = (0.014500174980966785, 2.5556931504411295e-7, 0.051100007434850436)
                }

                over "joints"
                {
                    over "left_gripper_joint"
                    {
                        float state:angular:physics:position = 0
                        float state:angular:physics:velocity = 0
                    }

                    over "left_gripper_joint_L2"
                    {
                        float state:angular:physics:position = 0
                        float state:angular:physics:velocity = 0
                    }

                    over "left_gripper_joint_R1"
                    {
                        float state:angular:physics:position = 0
                        float state:angular:physics:velocity = 0
                    }

                    over "left_gripper_joint_R2"
                    {
                        float state:angular:physics:position = 0
                        float state:angular:physics:velocity = 0
                    }

                    over "left_gripper_joint_L11"
                    {
                        float state:angular:physics:position = 0
                        float state:angular:physics:velocity = 0
                    }

                    over "left_gripper_joint_R11"
                    {
                        float state:angular:physics:position = 0
                        float state:angular:physics:velocity = 0
                    }
                }
            }

            over "right_link_3"
            {
                vector3f physics:angularVelocity = (0, 0, 0)
                rel physics:simulationOwner
                vector3f physics:velocity = (0, 0, 0)
                quatd xformOp:orient = (0.12278774195373952, 0.6963630096106054, 0.6963649536340226, -0.12279080023457495)
                double3 xformOp:translate = (0.000002798729718644921, -0.19698675503703456, 1.3064546709469136)
            }

            over "Angellun_OW"
            {
                over "wheel_passive_2"
                {
                    vector3f physics:angularVelocity = (0, 0, 0)
                    rel physics:simulationOwner
                    vector3f physics:velocity = (0, 0, 0)
                    quatd xformOp:orient = (0.8108595137794495, 0.5852401528127461, -0.0007299392190708244, -0.0005288079093330245)
                    double3 xformOp:translate = (0.06969811288745298, -0.06350407634404132, 0.08193067866923164)
                }

                over "wheel_passive_9"
                {
                    vector3f physics:angularVelocity = (0, 0, 0)
                    rel physics:simulationOwner
                    vector3f physics:velocity = (0, 0, 0)
                    quatd xformOp:orient = (0.9500762979115547, -0.3120089198000282, -0.0022276148453756655, 0.0007069964604368053)
                    double3 xformOp:translate = (0.06987630963084612, -0.05369785339230848, 0.051092084828632575)
                }

                over "wheel_passive_1"
                {
                    vector3f physics:angularVelocity = (0, 0, 0)
                    rel physics:simulationOwner
                    vector3f physics:velocity = (0, 0, 0)
                    quatd xformOp:orient = (0.952019646107131, 0.3060279248531628, -0.0022283764153157907, -0.0007327855563990935)
                    double3 xformOp:translate = (0.06974042818925241, -0.05354983366216892, 0.07460263032080482)
                }

                over "wheel_passive_0"
                {
                    vector3f physics:angularVelocity = (0, 0, 0)
                    rel physics:simulationOwner
                    vector3f physics:velocity = (0, 0, 0)
                    quatd xformOp:orient = (0.9999908682360397, -0.00314438396899132, -0.0028941440624885763, -0.00001497106106708399)
                    double3 xformOp:translate = (0.06980836885859265, -0.04980432752778796, 0.06282333690287421)
                }

                over "wheel_passive_5"
                {
                    vector3f physics:angularVelocity = (0, 0, 0)
                    rel physics:simulationOwner
                    vector3f physics:velocity = (0, 0, 0)
                    quatd xformOp:orient = (0.0031443403763536416, 0.999990868329092, -0.000014985995077515163, 0.0028941591950568182)
                    double3 xformOp:translate = (0.06980777934159033, -0.08980345693227143, 0.06307488340498756)
                }

                over "wheel_passive_3"
                {
                    vector3f physics:angularVelocity = (0, 0, 0)
                    rel physics:simulationOwner
                    vector3f physics:velocity = (0, 0, 0)
                    quatd xformOp:orient = (0.5903279857938383, 0.8071629833754086, 0.0005127659940740342, 0.0007242431463215674)
                    double3 xformOp:translate = (0.06969811305397133, -0.0758642297257408, 0.08200840312601874)
                }

                over "wheel_passive_6"
                {
                    vector3f physics:angularVelocity = (0, 0, 0)
                    rel physics:simulationOwner
                    vector3f physics:velocity = (0, 0, 0)
                    quatd xformOp:orient = (-0.3060279293460233, 0.9520196446472742, -0.0007327773909702373, 0.002228385774202792)
                    double3 xformOp:translate = (0.06987605718571288, -0.0860576136230975, 0.05129558998705695)
                }

                over "wheel_passive_7"
                {
                    vector3f physics:angularVelocity = (0, 0, 0)
                    rel physics:simulationOwner
                    vector3f physics:velocity = (0, 0, 0)
                    quatd xformOp:orient = (-0.5852401526868042, 0.8108595138591971, -0.0005288167821221329, 0.0007299451784777521)
                    double3 xformOp:translate = (0.06991803531272822, -0.0761037081160163, 0.043967541638630134)
                }

                over "wheel_passive_4"
                {
                    vector3f physics:angularVelocity = (0, 0, 0)
                    rel physics:simulationOwner
                    vector3f physics:velocity = (0, 0, 0)
                    quatd xformOp:orient = (0.31200888378138814, 0.9500763096972762, 0.0007070755638772869, 0.0022276080545821724)
                    double3 xformOp:translate = (0.06973983856933597, -0.08590993106775047, 0.0748061354792292)
                }

                over "wheel_passive_8"
                {
                    vector3f physics:angularVelocity = (0, 0, 0)
                    rel physics:simulationOwner
                    vector3f physics:velocity = (0, 0, 0)
                    quatd xformOp:orient = (0.8071629805640412, -0.590327989648343, -0.0007242317840574388, 0.0005127699698966125)
                    double3 xformOp:translate = (0.06991837232099396, -0.06374321755952472, 0.043889817181843024)
                }

                over "wheel"
                {
                    vector3f physics:angularVelocity = (0, 0, 0)
                    rel physics:simulationOwner
                    vector3f physics:velocity = (0, 0, 0)
                    quatd xformOp:orient = (0.9999908683243547, -0.0031444322597771347, -0.002894099302276255, 0.000001701576601099454)
                    double3 xformOp:translate = (0.06980811624694017, -0.06980393437687749, 0.06294910270335029)
                }

                over "joints"
                {
                    over "wheel_passive_0_joint"
                    {
                        float physics:lowerLimit = -inf
                        float physics:upperLimit = inf
                    }

                    over "wheel_passive_1_joint"
                    {
                        float physics:lowerLimit = -inf
                        float physics:upperLimit = inf
                    }

                    over "wheel_passive_2_joint"
                    {
                        float physics:lowerLimit = -inf
                        float physics:upperLimit = inf
                    }

                    over "wheel_passive_3_joint"
                    {
                        float physics:lowerLimit = -inf
                        float physics:upperLimit = inf
                    }

                    over "wheel_passive_4_joint"
                    {
                        float physics:lowerLimit = -inf
                        float physics:upperLimit = inf
                    }

                    over "wheel_passive_5_joint"
                    {
                        float physics:lowerLimit = -inf
                        float physics:upperLimit = inf
                    }

                    over "wheel_passive_6_joint"
                    {
                        float physics:lowerLimit = -inf
                        float physics:upperLimit = inf
                    }
                }
            }

            over "right_link_4"
            {
                vector3f physics:angularVelocity = (0, 0, 0)
                rel physics:simulationOwner
                vector3f physics:velocity = (0, 0, 0)
                quatd xformOp:orient = (0.579227771750004, 0.4055779009954964, 0.5792298289579944, 0.4055792892923717)
                double3 xformOp:translate = (0.0000016066368231371086, -0.27448137631389, 1.0058294659069356)
            }

            over "wheel_1"
            {
                vector3f physics:angularVelocity = (0, 0, 0)
                rel physics:simulationOwner
                vector3f physics:velocity = (0, 0, 0)
                quatd xformOp:orient = (-0.38268150365261594, 0.003877121228334062, -0.0017975527776940548, 0.9238704473556697)
                double3 xformOp:translate = (0.1176261278923163, 0.21634379992512365, 0.04794910303862643)
            }

            over "wheel_4"
            {
                vector3f physics:angularVelocity = (0, 0, 0)
                rel physics:simulationOwner
                vector3f physics:velocity = (0, 0, 0)
                quatd xformOp:orient = (0.38267810214886894, 0.0037789861104156617, 0.0015680557743995931, 0.9238726809473292)
                double3 xformOp:translate = (0.11762803524094911, -0.21634968152018885, 0.0479508613756473)
            }

            over "right_link_6"
            {
                vector3f physics:angularVelocity = (0, 0, 0)
                rel physics:simulationOwner
                vector3f physics:velocity = (0, 0, 0)
                quatd xformOp:orient = (0.5792277670858764, 0.4055779279232324, 0.5792298034530519, 0.40557930545079124)
                double3 xformOp:translate = (4.1454392762929615e-7, -0.3692222439286361, 0.7455349092891986)
            }

            over "wheel_2"
            {
                vector3f physics:angularVelocity = (0, 0, 0)
                rel physics:simulationOwner
                vector3f physics:velocity = (0, 0, 0)
                quatd xformOp:orient = (0.9238722808218692, -0.001797809265825963, 0.003874160969023823, -0.38267710604062405)
                double3 xformOp:translate = (-0.3150530484382501, 0.21134177813557375, 0.05148929111273837)
            }

            over "torso_link_2"
            {
                vector3f physics:angularVelocity = (0, 0, 0)
                rel physics:simulationOwner
                vector3f physics:velocity = (0, 0, 0)
                quatd xformOp:orient = (-0.5579455491761439, 0.5579512710773327, -0.4343870898155728, -0.4343903768032593)
                double3 xformOp:translate = (0.09564083545762392, -5.566117415867211e-7, 0.5119080667904193)
            }

            over "left_link_4"
            {
                vector3f physics:angularVelocity = (0, 0, 0)
                rel physics:simulationOwner
                vector3f physics:velocity = (0, 0, 0)
                quatd xformOp:orient = (0.40557941338549447, 0.5792298773620088, -0.4055777699789614, -0.579227728193293)
                double3 xformOp:translate = (0.0000037524040352732158, 0.27448073992756505, 1.005829346697646)
            }

            over "wheel_3"
            {
                vector3f physics:angularVelocity = (0, 0, 0)
                rel physics:simulationOwner
                vector3f physics:velocity = (0, 0, 0)
                quatd xformOp:orient = (0.9238704374916517, 0.0017972062580860191, 0.0038769816067099065, 0.3826815305084259)
                double3 xformOp:translate = (-0.3150511410896173, -0.211351951265061, 0.05149097494395327)
            }

            over "right_link_1"
            {
                vector3f physics:angularVelocity = (0, 0, 0)
                rel physics:simulationOwner
                vector3f physics:velocity = (0, 0, 0)
                quatd xformOp:orient = (0.5792281340636717, 0.40557962531062103, -0.40557961341566123, 0.5792280323185476)
                double3 xformOp:translate = (0.00000267952042909414, -0.15000208249064784, 1.2893537407329854)
            }

            over "head_link_2"
            {
                vector3f physics:angularVelocity = (0, 0, 0)
                rel physics:simulationOwner
                vector3f physics:velocity = (0, 0, 0)
                quatd xformOp:orient = (-0.7071053850703026, 0.7071081773000353, -6.415482955234863e-17, -3.1608970562906365e-8)
                double3 xformOp:translate = (0.00000267952042909414, -7.977458338359611e-8, 1.357649815600234)
            }

            over "left_link_7"
            {
                vector3f physics:angularVelocity = (0, 0, 0)
                rel physics:simulationOwner
                vector3f physics:velocity = (0, 0, 0)
                quatd xformOp:orient = (0.5735747318608357, 0.8191532377747412, 0.0000022759297835093885, 0.0000029578420092913)
                double3 xformOp:translate = (0.000004825287641230247, 0.36922160754231115, 0.7455347900799091)
            }

            over "joints"
            {
                over "torso_joint_4"
                {
                    float physics:lowerLimit = -68.75494
                    float physics:upperLimit = 68.75494
                    float state:angular:physics:position = -0.00050171965
                    float state:angular:physics:velocity = -0
                }

                over "torso_joint_3"
                {
                    float drive:angular:physics:targetPosition = 14.400001
                    float physics:lowerLimit = -22.91831
                    float physics:upperLimit = 131.78029
                    float state:angular:physics:position = 14.195401
                    float state:angular:physics:velocity = -0
                }

                over "torso_joint_2"
                {
                    float drive:angular:physics:targetPosition = -44.7
                    float physics:lowerLimit = -131.78029
                    float physics:upperLimit = 3.43775
                    float state:angular:physics:position = -44.762444
                    float state:angular:physics:velocity = -0
                }

                over "torso_joint_1"
                {
                    float drive:angular:physics:targetPosition = 30.1
                    float physics:lowerLimit = -2.29183
                    float physics:upperLimit = 74.484505
                    float state:angular:physics:position = 30.098288
                    float state:angular:physics:velocity = -0
                }

                over "wheel1_joint"
                {
                    float physics:lowerLimit = -inf
                    float physics:upperLimit = inf
                }

                over "head_joint_1"
                {
                    float state:angular:physics:position = 0
                    float state:angular:physics:velocity = 0
                }

                over "left_joint_1"
                {
                    float state:angular:physics:position = 0
                    float state:angular:physics:velocity = 0
                }

                over "right_joint_1"
                {
                    float state:angular:physics:position = 0
                    float state:angular:physics:velocity = 0
                }

                over "head_joint_2"
                {
                    float state:angular:physics:position = 0
                    float state:angular:physics:velocity = 0
                }

                over "left_joint_2"
                {
                    float state:angular:physics:position = 0
                    float state:angular:physics:velocity = 0
                }

                over "right_joint_2"
                {
                    float state:angular:physics:position = 0
                    float state:angular:physics:velocity = 0
                }

                over "left_joint_3"
                {
                    float state:angular:physics:position = 0
                    float state:angular:physics:velocity = 0
                }

                over "right_joint_3"
                {
                    float state:angular:physics:position = 0
                    float state:angular:physics:velocity = 0
                }

                over "left_joint_4"
                {
                    float state:angular:physics:position = 0
                    float state:angular:physics:velocity = 0
                }

                over "right_joint_4"
                {
                    float state:angular:physics:position = 0
                    float state:angular:physics:velocity = 0
                }

                over "left_joint_5"
                {
                    float state:angular:physics:position = 0
                    float state:angular:physics:velocity = 0
                }

                over "right_joint_5"
                {
                    float state:angular:physics:position = 0
                    float state:angular:physics:velocity = 0
                }

                over "left_joint_6"
                {
                    float state:angular:physics:position = 0
                    float state:angular:physics:velocity = 0
                }

                over "right_joint_6"
                {
                    float state:angular:physics:position = 0
                    float state:angular:physics:velocity = 0
                }

                over "left_joint_7"
                {
                    float state:angular:physics:position = 0
                    float state:angular:physics:velocity = 0
                }

                over "right_joint_7"
                {
                    float state:angular:physics:position = 0
                    float state:angular:physics:velocity = 0
                }
            }
        }

        def "Galbot_G1" (
            prepend payload = @./humanoid/Galbot/Galbot_G1/Galbot_G1.usda@
        )
        {
            string[] isaac:changelog (
                displayName = "Changelog"
            )
            string isaac:description (
                displayName = "Description"
            )
            token isaac:license (
                displayName = "License"
            )
            string isaac:namespace (
                displayName = "Namespace"
            )
            rel isaac:physics:robotJoints (
                displayName = "Robot Joints"
            )
            rel isaac:physics:robotLinks (
                displayName = "Robot Links"
            )
            token isaac:robotType (
                displayName = "Robot Type"
            )
            string isaac:source (
                displayName = "Source"
            )
            string isaac:version (
                displayName = "Version"
            )
            quatd xformOp:orient = (1, 0, 0, 0)
            double3 xformOp:scale = (1, 1, 1)
            double3 xformOp:translate = (1.4786751070650719, -0.05242641114018731, 0.7613881067173824)
            uniform token[] xformOpOrder = ["xformOp:translate", "xformOp:orient", "xformOp:scale"]

            over "leg_link4"
            {
                vector3f physics:angularVelocity = (-1.7704549e-14, 8.027471e-8, 1.3243052e-12)
                rel physics:simulationOwner
                vector3f physics:velocity = (-9.6351344e-11, -2.1249932e-17, -3.562789e-18)
                quatd xformOp:orient = (0.7071067083580681, 0.000005847568980167837, 0.000005820522612667182, 0.707106853966885)
                double3 xformOp:translate = (-0.02705929667078011, 3.204605363293922e-7, 0.39299865208693885)
            }

            over "leg_link3"
            {
                vector3f physics:angularVelocity = (-6.292152e-14, 8.032773e-8, -0.000003228999)
                rel physics:simulationOwner
                vector3f physics:velocity = (-2.8635344e-10, 6.19924e-10, 1.5421196e-11)
                quatd xformOp:orient = (-0.00000587950963616894, 0.000005837338518658595, 0.7071067601009885, 0.7071068022235679)
                double3 xformOp:translate = (-0.027063111368045734, 3.204605363293922e-7, 0.16899867497512244)
            }

            over "leg_link2"
            {
                vector3f physics:angularVelocity = (0.01029375, 7.9530054e-8, -0.0000032271473)
                rel physics:simulationOwner
                vector3f physics:velocity = (3.7865293e-9, 0.00003220299, 0.000013868651)
                quatd xformOp:orient = (0.5906653038126201, 0.5906652283126629, -0.3887344717693594, 0.3887346104895891)
                double3 xformOp:translate = (-0.18132434279047005, 3.204605363293922e-7, -0.1891959742443905)
            }

            over "OmniChassis"
            {
                over "OmniWheel_13"
                {
                    over "wheel"
                    {
                        vector3f physics:angularVelocity = (0.003985401, -1.4493161e-8, -0.0000032253631)
                        rel physics:simulationOwner
                        vector3f physics:velocity = (-5.9824403e-9, 0.000062764346, 0.000027307107)
                        quatd xformOp:orient = (0.9999965751501361, 0.0018506423242399235, -0.001850624485339187, 1.614113808679855e-8)
                        double3 xformOp:translate = (0.006184013395657217, 0.006186257669700268, -0.5970085624592647)
                    }

                    over "wheel_passive_9"
                    {
                        vector3f physics:angularVelocity = (0.0032980253, 0.0006803488, -0.0013447802)
                        rel physics:simulationOwner
                        vector3f physics:velocity = (-6.6842967e-9, 0.000063781044, 0.000026435278)
                        quatd xformOp:orient = (0.9516250573358089, -0.30725567539991677, -0.0017969717247390113, -0.0006863510616475051)
                        double3 xformOp:translate = (0.006238383103445599, 0.02646571959216626, -0.6116281364100322)
                    }

                    over "wheel_passive_7"
                    {
                        vector3f physics:angularVelocity = (0.0021823177, 0.0018073807, 0.00081585336)
                        rel physics:simulationOwner
                        vector3f physics:velocity = (-5.572074e-9, 0.00006442106, 0.000027806711)
                        quatd xformOp:orient = (-0.5892800850282364, 0.8079262545334699, 0.0012450580507554763, 0.0016119724202768655)
                        double3 xformOp:translate = (0.0062726902620227065, -0.0014517628060328747, -0.6208132419722423)
                    }

                    over "wheel_passive_5"
                    {
                        vector3f physics:angularVelocity = (0.003985401, 2.389803e-9, -8.3246535e-11)
                        rel physics:simulationOwner
                        vector3f physics:velocity = (-4.8834647e-9, 0.00006277238, 0.00002866501)
                        quatd xformOp:orient = (-0.0018506859788328465, 0.9999965750553478, -5.929103329756862e-8, 0.0018506320483500818)
                        double3 xformOp:translate = (0.0061846031147272384, -0.018813988461513276, -0.5971010986702785)
                    }

                    over "wheel_passive_4"
                    {
                        vector3f physics:angularVelocity = (0.003298025, 0.00068034866, -0.0013447813)
                        rel physics:simulationOwner
                        vector3f physics:velocity = (-5.0728866e-9, 0.00006174882, 0.000028435543)
                        quatd xformOp:orient = (0.3072555954514851, 0.9516250831640626, -0.0006863390090564524, 0.0017969684217869263)
                        double3 xformOp:translate = (0.0061302337437378895, -0.014093962896046364, -0.5823889959590778)
                    }

                    over "wheel_passive_2"
                    {
                        vector3f physics:angularVelocity = (0.0021823172, 0.0018073807, 0.00081585266)
                        rel physics:simulationOwner
                        vector3f physics:velocity = (-6.1851195e-9, 0.00006110884, 0.000027064083)
                        quatd xformOp:orient = (0.8079262445685221, 0.5892800985063746, -0.0016119722363539433, 0.0012451454659528787)
                        double3 xformOp:translate = (0.006096010878858138, 0.01382360379584835, -0.5732038978474483)
                    }

                    over "wheel_passive_1"
                    {
                        vector3f physics:angularVelocity = (0.003295856, 0.000696547, 0.0013353454)
                        rel physics:simulationOwner
                        vector3f physics:velocity = (-6.683064e-9, 0.000061736806, 0.00002644598)
                        quatd xformOp:orient = (0.9504813125837831, 0.31077575995358897, -0.0017974226365315839, 0.0006860948503998942)
                        double3 xformOp:translate = (0.006129644232823139, 0.02635698072447301, -0.5822392839925632)
                    }

                    over "wheel_passive_3"
                    {
                        vector3f physics:angularVelocity = (0.0021836578, 0.0017973701, -0.0008405571)
                        rel physics:simulationOwner
                        vector3f physics:velocity = (-5.570095e-9, 0.0000611134, 0.000027824035)
                        quatd xformOp:orient = (0.5862857065954135, 0.8101017975506034, -0.0012455566043749165, 0.0016113460035634857)
                        double3 xformOp:translate = (0.006096685020271053, -0.0016277680430434316, -0.5732610736029491)
                    }

                    over "wheel_passive_0"
                    {
                        vector3f physics:angularVelocity = (0.003985401, 2.391673e-9, 5.0867005e-10)
                        rel physics:simulationOwner
                        vector3f physics:velocity = (-6.8737442e-9, 0.00006275747, 0.000026205795)
                        quatd xformOp:orient = (0.9999965751642093, 0.0018506423289834566, -0.0018506168759308095, -2.6127843761356508e-8)
                        double3 xformOp:translate = (0.006184098026153606, 0.031185829451330527, -0.5969160336988315)
                    }

                    over "wheel_passive_8"
                    {
                        vector3f physics:angularVelocity = (0.00218366, 0.0017973697, -0.00084055663)
                        rel physics:simulationOwner
                        vector3f physics:velocity = (-6.187112e-9, 0.00006441645, 0.000027046768)
                        quatd xformOp:orient = (0.8101018323733273, -0.5862856585410136, -0.0016113473327790417, -0.0012455257046125844)
                        double3 xformOp:translate = (0.006272016120609791, 0.013999609032858018, -0.6207560513155803)
                    }

                    over "wheel_passive_6"
                    {
                        vector3f physics:angularVelocity = (0.003295857, 0.0006965471, 0.001335345)
                        rel physics:simulationOwner
                        vector3f physics:velocity = (-5.0741162e-9, 0.00006379309, 0.000028424833)
                        quatd xformOp:orient = (-0.31077582146005156, 0.9504812924929594, 0.0006860613491685567, 0.0017974249827664693)
                        double3 xformOp:translate = (0.0062390569080594815, -0.013985139734657537, -0.6117778558271274)
                    }
                }

                over "OmniWheel_12"
                {
                    over "wheel"
                    {
                        vector3f physics:angularVelocity = (0.003985432, 1.4382161e-7, -0.000003226188)
                        rel physics:simulationOwner
                        vector3f physics:velocity = (1.4096177e-8, 0.00006289418, 0.000052117117)
                        quatd xformOp:orient = (0.9999965751501471, 0.0018506245232970341, 0.0018506422769652392, -1.1297704570527543e-7)
                        double3 xformOp:translate = (-0.006189565365254168, 0.006187322755620173, -0.5988562021391735)
                    }

                    over "wheel_passive_9"
                    {
                        vector3f physics:angularVelocity = (0.003295852, -0.0006823996, 0.0013426288)
                        rel physics:simulationOwner
                        vector3f physics:velocity = (1.3146027e-8, 0.0000639112, 0.00005098869)
                        quatd xformOp:orient = (0.9516250516135567, -0.30725569321022045, 0.0017970378280606177, 0.0006861387957035129)
                        double3 xformOp:translate = (-0.00624393179964855, 0.026466784686862255, -0.613475776089941)
                    }

                    over "wheel_passive_8"
                    {
                        vector3f physics:angularVelocity = (0.0021822595, -0.0017986652, 0.0008347688)
                        rel physics:simulationOwner
                        vector3f physics:velocity = (1.3618116e-8, 0.00006454561, 0.00005160018)
                        quatd xformOp:orient = (0.810101820466862, -0.5862856748340516, 0.001611449700177417, 0.0012454679926934024)
                        double3 xformOp:translate = (-0.006277566829023584, 0.014000674132983448, -0.6226036909954891)
                    }

                    over "wheel_passive_6"
                    {
                        vector3f physics:angularVelocity = (0.0032980214, -0.00069425994, -0.0013376514)
                        rel physics:simulationOwner
                        vector3f physics:velocity = (1.4756196e-8, 0.00006392, 0.000052978186)
                        quatd xformOp:orient = (-0.3107757767462352, 0.9504813070626761, -0.0006862710219099641, -0.0017973714935270548)
                        double3 xformOp:translate = (-0.006244612133608385, -0.013984074639852295, -0.6136254955070362)
                    }

                    over "wheel_passive_5"
                    {
                        vector3f physics:angularVelocity = (0.003985432, 1.6070103e-7, -1.4128554e-9)
                        rel physics:simulationOwner
                        vector3f physics:velocity = (1.498746e-8, 0.00006289892, 0.00005321835)
                        quatd xformOp:orient = (-0.0018506681424252868, 0.9999965750833348, -9.92930532131319e-8, -0.0018506347606105833)
                        double3 xformOp:translate = (-0.006190159119722871, -0.018812923375499224, -0.5989487383501872)
                    }

                    over "wheel_passive_3"
                    {
                        vector3f physics:angularVelocity = (0.0021822604, -0.0017986652, 0.0008347688)
                        rel physics:simulationOwner
                        vector3f physics:velocity = (1.4366525e-8, 0.00006124131, 0.00005237741)
                        quatd xformOp:orient = (0.5862856839969212, 0.8101018137659379, 0.001245491248153864, -0.0016114667079183528)
                        double3 xformOp:translate = (-0.006101563901487417, -0.001626028621743103, -0.5751087132828578)
                    }

                    over "wheel_passive_2"
                    {
                        vector3f physics:angularVelocity = (0.0021836013, -0.0018059956, -0.000821735)
                        rel physics:simulationOwner
                        vector3f physics:velocity = (1.3751496e-8, 0.00006123793, 0.0000516175)
                        quatd xformOp:orient = (0.8079262797262758, 0.5892800502250145, 0.001611901885743894, -0.0012452737749462889)
                        double3 xformOp:translate = (-0.006101561615680318, 0.01382466886756184, -0.5750515226261959)
                    }

                    over "wheel_passive_4"
                    {
                        vector3f physics:angularVelocity = (0.0032958528, -0.00068239926, 0.001342628)
                        rel physics:simulationOwner
                        vector3f physics:velocity = (1.4838629e-8, 0.00006187576, 0.000052988886)
                        quatd xformOp:orient = (0.3072556265450827, 0.9516250730763832, 0.0006862118868299603, -0.0017970425713994113)
                        double3 xformOp:translate = (-0.0061357889868522975, -0.014092897818807515, -0.5842366281884059)
                    }

                    over "wheel_passive_7"
                    {
                        vector3f physics:angularVelocity = (0.0021836008, -0.0018059956, -0.0008217356)
                        rel physics:simulationOwner
                        vector3f physics:velocity = (1.423315e-8, 0.000064549, 0.000052360094)
                        quatd xformOp:orient = (-0.5892800648435829, 0.8079262691728962, -0.0012452562381873556, -0.001611860790907168)
                        double3 xformOp:translate = (-0.006277569114830683, -0.0014500233563232712, -0.622660881652151)
                    }

                    over "wheel_passive_0"
                    {
                        vector3f physics:angularVelocity = (0.003985432, 1.6070759e-7, -3.1522893e-10)
                        rel physics:simulationOwner
                        vector3f physics:velocity = (1.2997179e-8, 0.00006288801, 0.0000507592)
                        quatd xformOp:orient = (0.9999965751361845, 0.0018506245630889194, 0.0018506497788063289, -1.5524611433905665e-7)
                        double3 xformOp:translate = (-0.006189645960462897, 0.031186894537263754, -0.5987636733787403)
                    }

                    over "wheel_passive_1"
                    {
                        vector3f physics:angularVelocity = (0.003298022, -0.00069425994, -0.0013376503)
                        rel physics:simulationOwner
                        vector3f physics:velocity = (1.3228451e-8, 0.00006186695, 0.000050999402)
                        quatd xformOp:orient = (0.9504813117646695, 0.3107757621276244, 0.0017973975664444207, -0.0006863104949036862)
                        double3 xformOp:translate = (-0.0061351929465773836, 0.026358045801616825, -0.5840869162218914)
                    }
                }

                over "wheel_3"
                {
                    vector3f physics:angularVelocity = (0.003985432, 1.4382161e-7, -0.000003226188)
                    rel physics:simulationOwner
                    vector3f physics:velocity = (1.399232e-8, 0.00006289347, 0.000051988798)
                    quatd xformOp:orient = (0.9238763764321299, -0.0010015437839970634, -0.0024179738970284675, 0.38268210225057475)
                    double3 xformOp:translate = (-0.1677412224444006, -0.17649141690518633, -0.5270222041743144)
                }

                over "wheel_4"
                {
                    vector3f physics:angularVelocity = (0.003985401, -1.4493161e-8, -0.0000032253631)
                    rel physics:simulationOwner
                    vector3f physics:velocity = (-5.8786043e-9, 0.000062764964, 0.000027435399)
                    quatd xformOp:orient = (0.3826821531261888, -0.0024179643209674487, -0.0010015672674901013, 0.9238763553583649)
                    double3 xformOp:translate = (0.1852401065198328, -0.17649141690518633, -0.5251745644944057)
                }

                over "OmniWheel_11"
                {
                    over "wheel"
                    {
                        vector3f physics:angularVelocity = (0.003985465, 4.8258105e-8, -0.0000032256892)
                        rel physics:simulationOwner
                        vector3f physics:velocity = (1.40961465e-8, 0.00006287418, 0.000052116597)
                        quatd xformOp:orient = (0.99999657514882, -0.0018506424988957108, 0.001850625021887225, 4.392289595104053e-9)
                        double3 xformOp:translate = (-0.006187847759884235, -0.0061892089478510215, -0.5988562021391735)
                    }

                    over "wheel_passive_6"
                    {
                        vector3f physics:angularVelocity = (0.0032980887, 0.0006804116, -0.0013447809)
                        rel physics:simulationOwner
                        vector3f physics:velocity = (1.31705065e-8, 0.0000638897, 0.000050988125)
                        quatd xformOp:orient = (-0.3072556898233362, 0.9516250526984978, -0.0006862944980800781, -0.0017969829239794228)
                        double3 xformOp:translate = (-0.0062416241382887705, -0.026469429522279597, -0.6134757686393604)
                    }

                    over "wheel_passive_7"
                    {
                        vector3f physics:angularVelocity = (0.002183722, 0.0017974338, -0.0008405571)
                        rel physics:simulationOwner
                        vector3f physics:velocity = (1.3657761e-8, 0.00006452518, 0.000051599643)
                        quatd xformOp:orient = (-0.5862856694911638, 0.8101018243946118, -0.0012455415408287496, -0.0016113621844792711)
                        double3 xformOp:translate = (-0.006275174873977107, -0.014003234674691, -0.6226036909954891)
                    }

                    over "wheel_passive_2"
                    {
                        vector3f physics:angularVelocity = (0.0021837207, 0.0017974338, -0.0008405575)
                        rel physics:simulationOwner
                        vector3f physics:velocity = (1.43268535e-8, 0.00006122204, 0.000052376927)
                        quatd xformOp:orient = (0.8101018143674438, 0.5862856834397139, 0.0016113580067432468, -0.001245502941640729)
                        double3 xformOp:translate = (-0.006099846296118372, 0.0016241424295122542, -0.5751087132828578)
                    }

                    over "wheel_passive_0"
                    {
                        vector3f physics:angularVelocity = (0.003985465, 6.513952e-8, -6.651149e-10)
                        rel physics:simulationOwner
                        vector3f physics:velocity = (1.4987442e-8, 0.00006288102, 0.000053217955)
                        quatd xformOp:orient = (0.9999965751359523, -0.0018506421050827314, 0.0018506323682337038, -4.7325167212615857e-8)
                        double3 xformOp:translate = (-0.006187767164675506, 0.01881036283379256, -0.5989487308996067)
                    }

                    over "wheel_passive_1"
                    {
                        vector3f physics:angularVelocity = (0.0032980875, 0.00068041147, -0.0013447816)
                        rel physics:simulationOwner
                        vector3f physics:velocity = (1.4814095e-8, 0.00006185745, 0.000052988427)
                        quatd xformOp:orient = (0.9516250734614938, 0.30725562542976403, 0.0017969871966548143, -0.0006863222173589581)
                        double3 xformOp:translate = (-0.006133481325493406, 0.01409025298339106, -0.5842366281884059)
                    }

                    over "wheel_passive_3"
                    {
                        vector3f physics:angularVelocity = (0.0021823803, 0.0018074437, 0.000815853)
                        rel physics:simulationOwner
                        vector3f physics:velocity = (1.3711822e-8, 0.00006121745, 0.000051616953)
                        quatd xformOp:orient = (0.589280158395247, 0.8079262008894711, 0.0012451460682250876, -0.0016119706100192188)
                        double3 xformOp:translate = (-0.006099169660634729, -0.013827229409271169, -0.5750515226261959)
                    }

                    over "wheel_passive_9"
                    {
                        vector3f physics:angularVelocity = (0.0032959187, 0.00069660967, 0.0013353445)
                        rel physics:simulationOwner
                        vector3f physics:velocity = (1.4780685e-8, 0.000063901745, 0.00005297775)
                        quatd xformOp:orient = (0.9504812990586969, -0.31077580132416177, 0.0017974133844299574, 0.0006861167120475178)
                        double3 xformOp:translate = (-0.006242220178563684, 0.013981514098146519, -0.6136254880564556)
                    }

                    over "wheel_passive_4"
                    {
                        vector3f physics:angularVelocity = (0.0032959187, 0.00069660926, 0.0013353447)
                        rel physics:simulationOwner
                        vector3f physics:velocity = (1.320393e-8, 0.00006184544, 0.000050998824)
                        quatd xformOp:orient = (0.31077573379696166, 0.9504813211279693, 0.0006861427565679034, -0.0017974086647192748)
                        double3 xformOp:translate = (-0.006132800991533571, -0.026360606343325266, -0.5840869087713108)
                    }

                    over "wheel_passive_5"
                    {
                        vector3f physics:angularVelocity = (0.003985465, 6.5141734e-8, -6.7650115e-11)
                        rel physics:simulationOwner
                        vector3f physics:velocity = (1.2997168e-8, 0.000062866166, 0.000050758637)
                        quatd xformOp:orient = (0.0018505991494039092, 0.9999965752428132, -6.117931484437869e-9, -0.001850617581536524)
                        double3 xformOp:translate = (-0.006187254005418197, -0.031189455078971307, -0.5987636659281597)
                    }

                    over "wheel_passive_8"
                    {
                        vector3f physics:angularVelocity = (0.0021823812, 0.0018074432, 0.0008158524)
                        rel physics:simulationOwner
                        vector3f physics:velocity = (1.427278e-8, 0.00006452977, 0.00005235961)
                        quatd xformOp:orient = (0.807926277065947, -0.5892800540966703, 0.0016119521203634074, 0.0012451026245234899)
                        double3 xformOp:translate = (-0.006275935803145671, 0.0014480528703826323, -0.6226608742015705)
                    }
                }

                over "OmniWheel_10"
                {
                    over "wheel_passive_4"
                    {
                        vector3f physics:angularVelocity = (0.0032980856, -0.0006943233, -0.0013376503)
                        rel physics:simulationOwner
                        vector3f physics:velocity = (-6.658787e-9, 0.00006171851, 0.000026445472)
                        quatd xformOp:orient = (0.3107757306860307, 0.9504813221000499, -0.0006861714726350652, 0.0017974215464022065)
                        double3 xformOp:translate = (0.006130771782020261, -0.02635585317524658, -0.5822392541902408)
                    }

                    over "wheel_passive_3"
                    {
                        vector3f physics:angularVelocity = (0.0021836653, -0.0018060597, -0.0008217354)
                        rel physics:simulationOwner
                        vector3f physics:velocity = (-6.145822e-9, 0.000061089515, 0.000027063596)
                        quatd xformOp:orient = (0.5892801121909436, 0.8079262345700349, -0.0012451634631070099, 0.0016119670171947723)
                        double3 xformOp:translate = (0.006097812777622558, -0.013821801897035968, -0.5732038680451259)
                    }

                    over "wheel_passive_0"
                    {
                        vector3f physics:angularVelocity = (0.003985495, 9.715382e-8, -8.307682e-10)
                        rel physics:simulationOwner
                        vector3f physics:velocity = (-4.883465e-9, 0.000062750514, 0.000028664526)
                        quatd xformOp:orient = (0.9999965751655917, -0.0018506239598182234, -0.001850634497961945, 3.738709941198626e-8)
                        double3 xformOp:translate = (0.00618573066392436, 0.018815116010740596, -0.5971010763185367)
                    }

                    over "wheel_passive_1"
                    {
                        vector3f physics:angularVelocity = (0.0032959164, -0.0006824633, 0.0013426285)
                        rel physics:simulationOwner
                        vector3f physics:velocity = (-5.04862e-9, 0.00006172731, 0.000028435044)
                        quatd xformOp:orient = (0.9516250676835402, 0.30725564323173027, -0.001797010569543704, 0.0006863028240412569)
                        double3 xformOp:translate = (0.006131445586634143, 0.014095006151576328, -0.5823889810579166)
                    }

                    over "wheel_passive_7"
                    {
                        vector3f physics:angularVelocity = (0.0021823228, -0.0017987282, 0.0008347699)
                        rel physics:simulationOwner
                        vector3f physics:velocity = (-6.2264522e-9, 0.00006439726, 0.000027046262)
                        quatd xformOp:orient = (-0.5862856393521875, 0.8101018461002625, 0.0012455518527727113, 0.0016114077465560126)
                        double3 xformOp:translate = (0.006273818019375099, -0.013997807134046525, -0.6207560364144191)
                    }

                    over "wheel_passive_2"
                    {
                        vector3f physics:angularVelocity = (0.0021823242, -0.0017987287, 0.000834769)
                        rel physics:simulationOwner
                        vector3f physics:velocity = (-5.530784e-9, 0.00006109288, 0.000027823544)
                        quatd xformOp:orient = (0.8101018359628319, 0.5862856533845677, -0.0016114023234281066, 0.0012455471213592146)
                        double3 xformOp:translate = (0.006097812569468175, 0.0016288955922689752, -0.5732610587017879)
                    }

                    over "wheel_passive_8"
                    {
                        vector3f physics:angularVelocity = (0.0021836625, -0.00180606, -0.00082173524)
                        rel physics:simulationOwner
                        vector3f physics:velocity = (-5.6114136e-9, 0.000064400614, 0.00002780623)
                        quatd xformOp:orient = (0.8079263045937513, -0.5892800163571127, -0.0016119355700846675, -0.0012451230316879096)
                        double3 xformOp:translate = (0.006273817811221605, 0.0014528903552584183, -0.6208132196205005)
                    }

                    over "wheel_passive_6"
                    {
                        vector3f physics:angularVelocity = (0.0032959161, -0.0006824632, 0.0013426288)
                        rel physics:simulationOwner
                        vector3f physics:velocity = (-6.708628e-9, 0.000063762825, 0.000026434771)
                        quatd xformOp:orient = (-0.3072557206277608, 0.951625042734558, 0.000686265897924912, 0.0017970033622295698)
                        double3 xformOp:translate = (0.006239594946340965, -0.026464676336635407, -0.6116281140582904)
                    }

                    over "wheel"
                    {
                        vector3f physics:angularVelocity = (0.003985495, 8.027296e-8, -0.0000032258577)
                        rel physics:simulationOwner
                        vector3f physics:velocity = (-5.9824714e-9, 0.00006274424, 0.00002730659)
                        quatd xformOp:orient = (0.9999965751508392, -0.0018506241256368346, -0.0018506423040303937, -1.4349890770258552e-8)
                        double3 xformOp:translate = (0.006185815294421637, -0.006184455770888775, -0.5970085475581035)
                    }

                    over "wheel_passive_5"
                    {
                        vector3f physics:angularVelocity = (0.003985495, 9.715965e-8, 2.6363736e-10)
                        rel physics:simulationOwner
                        vector3f physics:velocity = (-6.873745e-9, 0.000062739615, 0.000026205289)
                        quatd xformOp:orient = (0.0018505807516199194, 0.999996575216841, -1.8586193013818374e-8, 0.001850650012952287)
                        double3 xformOp:translate = (0.006185225575350728, -0.031184701902104095, -0.5969160113470897)
                    }

                    over "wheel_passive_9"
                    {
                        vector3f physics:angularVelocity = (0.0032980845, -0.0006943238, -0.0013376513)
                        rel physics:simulationOwner
                        vector3f physics:velocity = (-5.0984497e-9, 0.00006377164, 0.000028424345)
                        quatd xformOp:orient = (0.950481318166396, -0.31077574290187, -0.0017974087380517995, -0.0006861211915012759)
                        double3 xformOp:translate = (0.006240184457256603, 0.013986267283884857, -0.611777826024805)
                    }

                    over "joints"
                    {
                        over "wheel_passive_0_joint"
                        {
                            float physics:lowerLimit = -inf
                            float physics:upperLimit = inf
                        }

                        over "wheel_passive_1_joint"
                        {
                            float physics:lowerLimit = -inf
                            float physics:upperLimit = inf
                        }

                        over "wheel_passive_2_joint"
                        {
                            float physics:lowerLimit = -inf
                            float physics:upperLimit = inf
                        }
                    }
                }

                over "wheel_2"
                {
                    vector3f physics:angularVelocity = (0.003985465, 4.8258105e-8, -0.0000032256892)
                    rel physics:simulationOwner
                    vector3f physics:velocity = (1.3992307e-8, 0.00006287361, 0.000051988292)
                    quatd xformOp:orient = (0.9238763373063729, 0.0010015670008693559, -0.002417964849715271, -0.38268219670490217)
                    double3 xformOp:translate = (-0.16774110323511104, 0.1764939651748918, -0.5270222041743144)
                }

                over "base_link"
                {
                    vector3f physics:angularVelocity = (0.003985495, 7.9873914e-8, -0.0000032258558)
                    rel physics:simulationOwner
                    vector3f physics:velocity = (4.0399732e-9, 0.000061328545, 0.000039654074)
                    quatd xformOp:orient = (0.9999965751503017, 1.3088572095869164e-8, -0.002617190794026572, -1.2028068952535689e-7)
                    double3 xformOp:translate = (0.009125428136959268, 0.0000012741348527356422, -0.5979314211743221)
                }

                over "wheel_1"
                {
                    vector3f physics:angularVelocity = (0.003985495, 8.027296e-8, -0.0000032258577)
                    rel physics:simulationOwner
                    vector3f physics:velocity = (-5.8786043e-9, 0.00006274506, 0.000027434911)
                    quatd xformOp:orient = (-0.38268208569454937, -0.0024179737757229905, 0.001001543637308831, 0.9238763832903363)
                    double3 xformOp:translate = (0.1852401065198328, 0.1764939651748918, -0.5251745495932445)
                }

                over "joints"
                {
                    over "wheel1_joint"
                    {
                        float physics:lowerLimit = -inf
                        float physics:upperLimit = inf
                    }
                }
            }

            over "Arms_Default"
            {
                over "right_link4"
                {
                    vector3f physics:angularVelocity = (0.012852802, -0.006978844, 0.0008895023)
                    rel physics:simulationOwner
                    vector3f physics:velocity = (0.00005323335, 0.000066604, -0.00001418704)
                    quatd xformOp:orient = (0.8749277914558358, -0.15402243669426216, -0.4494814049847423, 0.09351425188663842)
                    double3 xformOp:translate = (-0.3264185532558237, -0.32278321364186446, -0.06625433526061664)
                }

                over "Galbot_Gripper_Left"
                {
                    over "gripper_r_inner_knuckle_link"
                    {
                        vector3f physics:angularVelocity = (-0.022264006, -0.008730693, 0.011524519)
                        rel physics:simulationOwner
                        vector3f physics:velocity = (0.000052744588, -0.00012318013, 0.00011490435)
                        quatd xformOp:orient = (0.2595341119037234, 0.3557911797841823, -0.28140719062321745, 0.8525635895413746)
                        double3 xformOp:translate = (-0.9171059549167833, 0.0735401054477347, 0.7281192197983337)
                    }

                    over "gripper_l_finger_link"
                    {
                        vector3f physics:angularVelocity = (-0.016663982, -0.0053109573, 0.0012890147)
                        rel physics:simulationOwner
                        vector3f physics:velocity = (0.000046256308, -0.000119118406, 0.00013540016)
                        quatd xformOp:orient = (0.40585226648072575, 0.39985101787576655, -0.21423483470794397, 0.7934144798866677)
                        double3 xformOp:translate = (-0.8767712629577282, 0.132628240442888, 0.7632739709976937)
                    }

                    over "gripper_r_finger_link"
                    {
                        vector3f physics:angularVelocity = (-0.017158827, -0.005613145, 0.002193481)
                        rel physics:simulationOwner
                        vector3f physics:velocity = (0.000058237754, -0.00013251552, 0.00012172135)
                        quatd xformOp:orient = (0.4058525187370218, 0.39985105667575616, -0.21423471526553878, 0.793414363548575)
                        double3 xformOp:translate = (-0.9446509343405438, 0.08444330097826191, 0.7619924124181043)
                    }

                    over "gripper_l_inner_knuckle_link"
                    {
                        vector3f physics:angularVelocity = (-0.014449447, -0.0039586364, -0.0027585926)
                        rel physics:simulationOwner
                        vector3f physics:velocity = (0.000045662306, -0.00011476188, 0.00012743252)
                        quatd xformOp:orient = (0.5394427860149054, 0.4313711677733899, -0.14034362812546144, 0.709382874246962)
                        double3 xformOp:translate = (-0.8747084592276533, 0.10363639531981073, 0.7289196432819114)
                    }

                    over "gripper_l_knuckle_link"
                    {
                        vector3f physics:angularVelocity = (-0.013328436, -0.0032740706, -0.004807547)
                        rel physics:simulationOwner
                        vector3f physics:velocity = (0.000044251738, -0.0001134686, 0.00012868122)
                        quatd xformOp:orient = (0.5394429255179921, 0.43137116952275484, -0.1403435418531444, 0.7093827841675294)
                        double3 xformOp:translate = (-0.8629382110801451, 0.1087439160563679, 0.7254742147388518)
                    }

                    over "gripper_flange"
                    {
                        vector3f physics:angularVelocity = (-0.015067416, -0.0043360083, -0.0016290937)
                        rel physics:simulationOwner
                        vector3f physics:velocity = (0.00004644114, -0.00010786614, 0.000106383784)
                        quatd xformOp:orient = (-0.5697182888451419, 0.004243627906888974, 0.7125156065088056, -0.40954190684097297)
                        double3 xformOp:translate = (-0.8659136625227148, 0.04817294915789949, 0.659402021232169)
                    }

                    over "gripper_r_knuckle_link"
                    {
                        vector3f physics:angularVelocity = (-0.020172624, -0.00745355, 0.007701954)
                        rel physics:simulationOwner
                        vector3f physics:velocity = (0.000051971063, -0.00012195204, 0.0001114746)
                        quatd xformOp:orient = (0.25953365580256194, 0.35579110525132696, -0.2814071994382893, 0.8525637565801725)
                        double3 xformOp:translate = (-0.9257195399757805, 0.06417833833340203, 0.7242890131584956)
                    }

                    over "joints"
                    {
                        over "gripper_l_inner_knuckle_joint"
                        {
                            float state:angular:physics:position = 51.09948
                            float state:angular:physics:velocity = 0
                        }

                        over "gripper_l_knuckle_joint"
                        {
                            float state:angular:physics:position = 51.09947
                            float state:angular:physics:velocity = 0
                        }

                        over "gripper_r_inner_knuckle_joint"
                        {
                            float state:angular:physics:position = -51.0995
                            float state:angular:physics:velocity = 0
                        }

                        over "left_gripper_joint"
                        {
                            float drive:angular:physics:targetPosition = 51.100002
                            float physics:lowerLimit = 0
                            float physics:upperLimit = 97.57471
                            float state:angular:physics:position = 51.099445
                            float state:angular:physics:velocity = 0
                        }

                        over "gripper_l_finger_joint"
                        {
                            float state:angular:physics:position = -51.09947
                            float state:angular:physics:velocity = 0
                        }

                        over "gripper_r_finger_joint"
                        {
                            float state:angular:physics:position = 51.099487
                            float state:angular:physics:velocity = 0
                        }
                    }
                }

                over "right_link3"
                {
                    vector3f physics:angularVelocity = (0.010438898, -0.008602716, 0.0014385455)
                    rel physics:simulationOwner
                    vector3f physics:velocity = (0.00004018827, 0.000047922724, -0.0000050436756)
                    quatd xformOp:orient = (0.1965454739756416, 0.4753997226912493, 0.6071607401595195, -0.6055747814545436)
                    double3 xformOp:translate = (-0.3264185532558237, -0.32278321364186446, -0.06625433526061664)
                }

                over "left_link3"
                {
                    vector3f physics:angularVelocity = (-0.009278029, -0.007472389, -0.00009415978)
                    rel physics:simulationOwner
                    vector3f physics:velocity = (0.000036878086, -0.00004593986, 0.000011941355)
                    quatd xformOp:orient = (0.655209056528783, 0.5532358398788, 0.45686921935568336, -0.23643543330387137)
                    double3 xformOp:translate = (0.3264087017186448, -0.32935363841651133, -0.010359464476024094)
                }

                over "arm_base"
                {
                    vector3f physics:angularVelocity = (0, 0, 0)
                    rel physics:simulationOwner
                    vector3f physics:velocity = (0, 0, 0)
                    quatd xformOp:orient = (0.9999999999884979, 0.0000047962761757288945, 2.2397925356250973e-11, 7.031735612802673e-11)
                    double3 xformOp:translate = (3.2058934174017395e-7, 1.3933987297320982e-8, 1.810165040083689e-8)
                }

                over "right_link1"
                {
                    vector3f physics:angularVelocity = (0.009314931, 2.0536337e-9, -1.0446085e-9)
                    rel physics:simulationOwner
                    vector3f physics:velocity = (-2.4819053e-14, 3.1709558e-8, -1.5447795e-7)
                    quatd xformOp:orient = (0.5479662715497448, -0.4469149885249261, -0.5479661743350593, 0.4469150143598179)
                    double3 xformOp:translate = (-0.20842996963282445, 1.80740002964086e-8, -1.0885314649655697e-8)
                }

                over "left_link5"
                {
                    vector3f physics:angularVelocity = (-0.014836627, -0.0042001065, -0.0020420917)
                    rel physics:simulationOwner
                    vector3f physics:velocity = (0.000044138345, -0.0000779102, 0.00005537527)
                    quatd xformOp:orient = (0.5188699782283793, -0.021773416045699646, -0.30454177510133584, 0.7984698937750311)
                    double3 xformOp:translate = (0.20011928999498352, -0.4962998362652147, 0.2825222604533746)
                }

                over "left_link2"
                {
                    vector3f physics:angularVelocity = (-0.009227592, -0.007467956, -0.00023495567)
                    rel physics:simulationOwner
                    vector3f physics:velocity = (0.000011734655, -0.000014668822, 0.00000537747)
                    quatd xformOp:orient = (-0.17104057572881723, -0.0026891187187561235, -0.01548956574792696, 0.9851385503815246)
                    double3 xformOp:translate = (0.20843061081150616, 9.793974298233366e-9, 4.7088615451329474e-8)
                }

                over "left_link6"
                {
                    vector3f physics:angularVelocity = (-0.014840712, -0.0041975644, -0.002043474)
                    rel physics:simulationOwner
                    vector3f physics:velocity = (0.000045300512, -0.00009406111, 0.0000801472)
                    quatd xformOp:orient = (0.8218275708476136, 0.0015841347900069787, 0.4955123100188164, 0.2811840765966206)
                    double3 xformOp:translate = (0.2001192899949995, -0.49629983626607677, 0.28252214124408503)
                }

                over "Galbot_Gripper_Right"
                {
                    over "gripper_r_finger_link"
                    {
                        vector3f physics:angularVelocity = (0.35447595, -0.45402402, 0.18312025)
                        rel physics:simulationOwner
                        vector3f physics:velocity = (-0.013786094, -0.008398033, 0.005051828)
                        quatd xformOp:orient = (0.64414067938411, 0.26914773395075275, -0.6074062998607253, 0.37907765610921285)
                        double3 xformOp:translate = (-0.732929173304603, 0.32699462861604944, 0.835466288002308)
                    }

                    over "gripper_flange"
                    {
                        vector3f physics:angularVelocity = (0.03653447, -0.0375513, 0.017080119)
                        rel physics:simulationOwner
                        vector3f physics:velocity = (0.00018982023, 0.00021561177, -0.00006215891)
                        quatd xformOp:orient = (-0.6458215069225615, 0.2651534239728016, 0.6975225535389895, 0.1614637118866629)
                        double3 xformOp:translate = (-0.7131003719002962, 0.29447541956581946, 0.7093837381834551)
                    }

                    over "gripper_l_finger_link"
                    {
                        vector3f physics:angularVelocity = (0.33598572, -0.42980632, 0.17346556)
                        rel physics:simulationOwner
                        vector3f physics:velocity = (0.015570422, 0.011411259, -0.0014709887)
                        quatd xformOp:orient = (0.6441653176175907, 0.26918716800605924, -0.6073888115085256, 0.37903580808911286)
                        double3 xformOp:translate = (-0.6998404863804204, 0.30395440294935216, 0.840079231081724)
                    }

                    over "gripper_l_inner_knuckle_link"
                    {
                        vector3f physics:angularVelocity = (13.893406, -18.188602, 7.253627)
                        rel physics:simulationOwner
                        vector3f physics:velocity = (0.008261659, 0.006087553, -0.00081536034)
                        quatd xformOp:orient = (-0.6187466920315927, -0.23000061110544717, 0.6232836639179646, -0.41924900033760387)
                        double3 xformOp:translate = (-0.6940574036921987, 0.2935095651496715, 0.796691881163484)
                    }

                    over "gripper_r_inner_knuckle_link"
                    {
                        vector3f physics:angularVelocity = (-12.827561, 16.813051, -6.700996)
                        rel physics:simulationOwner
                        vector3f physics:velocity = (-0.0072500836, -0.0043622013, 0.002671942)
                        quatd xformOp:orient = (0.6669334914214303, 0.3072120771952426, -0.5890701763949466, 0.33736743311681966)
                        double3 xformOp:translate = (-0.7364549064183912, 0.3230316554345254, 0.7907800928640659)
                    }

                    over "gripper_r_knuckle_link"
                    {
                        vector3f physics:angularVelocity = (-13.145498, 17.229532, -6.8670435)
                        rel physics:simulationOwner
                        vector3f physics:velocity = (-0.007545972, -0.0045400294, 0.0027926494)
                        quatd xformOp:orient = (0.6669773965203316, 0.3072886732008133, -0.5890300849815551, 0.3372808664007881)
                        double3 xformOp:translate = (-0.7465333373452445, 0.329402349638523, 0.784919377652517)
                    }

                    over "gripper_l_knuckle_link"
                    {
                        vector3f physics:angularVelocity = (13.61964, -17.829992, 7.1106515)
                        rel physics:simulationOwner
                        vector3f physics:velocity = (0.008210528, 0.0060452665, -0.0008207777)
                        quatd xformOp:orient = (-0.6187379221580949, -0.22998768813145237, 0.6232884603186893, -0.41926190170940975)
                        double3 xformOp:translate = (-0.68375295170366, 0.28568685528740234, 0.7936734014885909)
                    }

                    over "joints"
                    {
                        over "gripper_l_inner_knuckle_joint"
                        {
                            float state:angular:physics:position = 78.71162
                            float state:angular:physics:velocity = 0
                        }

                        over "gripper_l_knuckle_joint"
                        {
                            float state:angular:physics:position = 78.71398
                            float state:angular:physics:velocity = 0
                        }

                        over "gripper_r_inner_knuckle_joint"
                        {
                            float state:angular:physics:position = -78.70315
                            float state:angular:physics:velocity = 0
                        }

                        over "right_gripper_joint"
                        {
                            float drive:angular:physics:targetPosition = 81
                            float physics:lowerLimit = 0
                            float physics:upperLimit = 97.57471
                            float state:angular:physics:position = 78.71803
                            float state:angular:physics:velocity = 0
                        }

                        over "gripper_l_finger_joint"
                        {
                            float state:angular:physics:position = -78.71429
                            float state:angular:physics:velocity = 0
                        }

                        over "gripper_r_finger_joint"
                        {
                            float state:angular:physics:position = 78.70792
                            float state:angular:physics:velocity = 0
                        }
                    }
                }

                over "left_link4"
                {
                    vector3f physics:angularVelocity = (-0.014769572, -0.0040445994, -0.0019534498)
                    rel physics:simulationOwner
                    vector3f physics:velocity = (0.00004254504, -0.000058735277, 0.00002771014)
                    quatd xformOp:orient = (0.3822925888375998, 0.3515001928913743, 0.3492600311302803, 0.7799470633139457)
                    double3 xformOp:translate = (0.32640965539297717, -0.3293536384173924, -0.010359583685180862)
                }

                over "right_link5"
                {
                    vector3f physics:angularVelocity = (0.012758807, -0.0056588147, 0.004380443)
                    rel physics:simulationOwner
                    vector3f physics:velocity = (0.000073841635, 0.0001037228, -0.000022556325)
                    quatd xformOp:orient = (-0.3839509353481273, -0.2517033272324165, -0.5097586612717177, 0.7275803883859815)
                    double3 xformOp:translate = (-0.3173548569415239, -0.659406379170445, 0.06103548831891881)
                }

                over "right_link2"
                {
                    vector3f physics:angularVelocity = (0.009314935, -0.007971555, -0.0016362997)
                    rel physics:simulationOwner
                    vector3f physics:velocity = (0.0000127806625, 0.000015582673, -0.0000031577363)
                    quatd xformOp:orient = (0.9802142703251748, 0.09956137681273948, 0.017287689157943275, -0.1702017987613971)
                    double3 xformOp:translate = (-0.20842996963282445, 1.80740002964086e-8, -1.0885314649655697e-8)
                }

                over "right_link7"
                {
                    vector3f physics:angularVelocity = (0.03653447, -0.0375513, 0.017080119)
                    rel physics:simulationOwner
                    vector3f physics:velocity = (0.00013046662, 0.00016893317, -0.000037825856)
                    quatd xformOp:orient = (-0.0889676606949109, 0.6924424095753093, 0.6319652347399115, -0.33649399229725263)
                    double3 xformOp:translate = (-0.3173558106158403, -0.6594063791704261, 0.061035488318786246)
                }

                over "right_link6"
                {
                    vector3f physics:angularVelocity = (0.012381084, -0.0059129237, 0.004466357)
                    rel physics:simulationOwner
                    vector3f physics:velocity = (0.00008968267, 0.00013183855, -0.00003237789)
                    quatd xformOp:orient = (0.5525455334243872, -0.42673806019435356, -0.20891605095903373, 0.68479350546424)
                    double3 xformOp:translate = (-0.3173548569415221, -0.6594063195658002, 0.06103548831848782)
                }

                over "left_link1"
                {
                    vector3f physics:angularVelocity = (-0.009227595, -2.5395734e-9, -1.4532247e-9)
                    rel physics:simulationOwner
                    vector3f physics:velocity = (-2.2556464e-14, -4.9122613e-9, 1.561431e-7)
                    quatd xformOp:orient = (0.49207754438162876, 0.507798877458614, 0.49207758621169634, 0.5077988179537134)
                    double3 xformOp:translate = (0.20843061081150616, 9.793974298233366e-9, 4.7088615451329474e-8)
                }

                over "left_link7"
                {
                    vector3f physics:angularVelocity = (-0.015067416, -0.0043360083, -0.0016290937)
                    rel physics:simulationOwner
                    vector3f physics:velocity = (0.00004655128, -0.00010181788, 0.000089267145)
                    quatd xformOp:orient = (0.5799996782729429, 0.582239975000415, 0.5492073354366231, -0.15155291952781216)
                    double3 xformOp:translate = (0.2001192899949995, -0.49629983626607677, 0.28252214124408503)
                }

                over "joints"
                {
                    over "left_joint1"
                    {
                        float drive:angular:physics:targetPosition = 61.8
                        float physics:lowerLimit = -172.13371
                        float physics:upperLimit = 172.13371
                        float state:angular:physics:position = 61.801075
                        float state:angular:physics:velocity = 0
                    }

                    over "left_joint2"
                    {
                        float drive:angular:physics:targetPosition = -70.3
                        float physics:lowerLimit = -92.137344
                        float physics:upperLimit = 92.137344
                        float state:angular:physics:position = -70.30088
                        float state:angular:physics:velocity = 0
                    }

                    over "left_joint3"
                    {
                        float physics:lowerLimit = -167.13007
                        float physics:upperLimit = 167.13007
                        float state:angular:physics:position = 0.000014099067
                        float state:angular:physics:velocity = 0
                    }

                    over "left_joint4"
                    {
                        float drive:angular:physics:targetPosition = 72.9
                        float physics:lowerLimit = -107.135086
                        float physics:upperLimit = 147.13498
                        float state:angular:physics:position = 72.89921
                        float state:angular:physics:velocity = 0
                    }

                    over "left_joint5"
                    {
                        float physics:lowerLimit = -167.13007
                        float physics:upperLimit = 167.13007
                        float state:angular:physics:position = -0.000023919598
                        float state:angular:physics:velocity = 0
                    }

                    over "left_joint6"
                    {
                        float physics:lowerLimit = -42.135315
                        float physics:upperLimit = 47.137238
                        float state:angular:physics:position = 4.7401915e-7
                        float state:angular:physics:velocity = 0
                    }

                    over "left_joint7"
                    {
                        float physics:lowerLimit = -88.13236
                        float physics:upperLimit = 88.13236
                        float state:angular:physics:position = 0.0000021919534
                        float state:angular:physics:velocity = 0
                    }

                    over "right_joint1"
                    {
                        float drive:angular:physics:targetPosition = 71.6
                        float physics:lowerLimit = -172.13371
                        float physics:upperLimit = 172.13371
                        float state:angular:physics:position = 71.5989
                        float state:angular:physics:velocity = 0
                    }

                    over "right_joint2"
                    {
                        float drive:angular:physics:targetPosition = -70.3
                        float physics:lowerLimit = -92.137344
                        float physics:upperLimit = 92.137344
                        float state:angular:physics:position = -70.299065
                        float state:angular:physics:velocity = 0
                    }

                    over "right_joint3"
                    {
                        float physics:lowerLimit = -167.13007
                        float physics:upperLimit = 167.13007
                        float state:angular:physics:position = -0.00020901565
                        float state:angular:physics:velocity = 0
                    }

                    over "right_joint4"
                    {
                        float drive:angular:physics:targetPosition = 38.100002
                        float physics:lowerLimit = -107.135086
                        float physics:upperLimit = 147.13498
                        float state:angular:physics:position = 38.100304
                        float state:angular:physics:velocity = 0
                    }

                    over "right_joint5"
                    {
                        float physics:lowerLimit = -167.13007
                        float physics:upperLimit = 167.13007
                        float state:angular:physics:position = 0.0007913485
                        float state:angular:physics:velocity = 0
                    }

                    over "right_joint6"
                    {
                        float physics:lowerLimit = -42.135315
                        float physics:upperLimit = 47.137238
                        float state:angular:physics:position = -0.00005129601
                        float state:angular:physics:velocity = 0
                    }

                    over "right_joint7"
                    {
                        float physics:lowerLimit = -88.13236
                        float physics:upperLimit = 88.13236
                        float state:angular:physics:position = 0.0028465465
                        float state:angular:physics:velocity = 0
                    }
                }
            }

            over "Head_Golf"
            {
                over "head_link2"
                {
                    vector3f physics:angularVelocity = (0, 0, 0)
                    rel physics:simulationOwner
                    vector3f physics:velocity = (0, 0, 0)
                    quatd xformOp:orient = (-0.000003441972029548352, 0.7071068373641874, -0.00000332960079014837, 0.7071067249926869)
                    double3 xformOp:translate = (3.2807954575275744e-7, 0.3771101697785946, 0.000001939993146793384)
                }

                over "head_link1"
                {
                    vector3f physics:angularVelocity = (0, 0, 0)
                    rel physics:simulationOwner
                    vector3f physics:velocity = (0, 0, 0)
                    quatd xformOp:orient = (0.5000023534895001, -0.49999767833682845, -0.499997647661449, -0.5000023204903753)
                    double3 xformOp:translate = (0.0000012817538461717959, 0.3771101697794379, 0.000002059202569126839)
                }

                over "torso_base_link"
                {
                    vector3f physics:angularVelocity = (0, 0, 0)
                    rel physics:simulationOwner
                    vector3f physics:velocity = (0, 0, 0)
                    quatd xformOp:orient = (0.9999999999888985, 0.0000047119951093541605, 2.738898326742893e-9, -8.763582854878924e-10)
                    double3 xformOp:translate = (3.2058956200842204e-7, 1.6531857749413348e-7, -0.000001531620208217177)
                }

                over "joints"
                {
                    over "head_joint1"
                    {
                        float physics:lowerLimit = -87.135414
                        float physics:upperLimit = 87.135414
                        float state:angular:physics:position = 0
                        float state:angular:physics:velocity = 0
                    }

                    over "head_joint2"
                    {
                        float physics:lowerLimit = -12.281126
                        float physics:upperLimit = 28.281126
                        float state:angular:physics:position = 0
                        float state:angular:physics:velocity = 0
                    }
                }
            }

            over "leg_link1"
            {
                vector3f physics:angularVelocity = (-0.00081478746, 8.102468e-8, -0.0000032261103)
                rel physics:simulationOwner
                vector3f physics:velocity = (1.9817183e-9, 0.00006138571, 0.000029129049)
                quatd xformOp:orient = (-0.38023799487114796, 0.3802378972541689, 0.5961703297410869, 0.596170400711492)
                double3 xformOp:translate = (0.008430024084224774, 0.0000012741348527356422, -0.5972319380181179)
            }

            over "omni_chassis_leg_mount_link"
            {
                vector3f physics:angularVelocity = (0.003985495, 7.9873914e-8, -0.0000032258558)
                rel physics:simulationOwner
                vector3f physics:velocity = (-3.3879972e-9, 0.000058553618, 0.000030408215)
                quatd xformOp:orient = (0.9999965751503002, 1.3417844349870678e-8, -0.002617190794023663, 1.32599250389015e-7)
                double3 xformOp:translate = (0.008430024084224774, 0.0000012741348527356422, -0.5972318784134731)
            }

            over "leg_link5"
            {
                vector3f physics:angularVelocity = (0, 0, 0)
                rel physics:simulationOwner
                vector3f physics:velocity = (0, 0, 0)
                quatd xformOp:orient = (0.4999958383531268, 0.5000040920607449, 0.5000041516075738, 0.4999959179105909)
                double3 xformOp:translate = (-0.02705929667078011, 3.204605363293922e-7, 0.39299865208693885)
            }

            over "joints"
            {
                over "body_joint5"
                {
                    float physics:lowerLimit = -9.425155
                    float physics:upperLimit = 9.425155
                    float state:angular:physics:position = -6.746532e-9
                    float state:angular:physics:velocity = -0
                }

                over "body_joint4"
                {
                    float physics:lowerLimit = -91.13467
                    float physics:upperLimit = 91.13467
                    float state:angular:physics:position = -2.7525033e-7
                    float state:angular:physics:velocity = -0
                }

                over "body_joint3"
                {
                    float drive:angular:physics:targetPosition = 66.700005
                    float physics:lowerLimit = 0
                    float physics:upperLimit = 133.28143
                    float state:angular:physics:position = 66.7012
                    float state:angular:physics:velocity = -0
                }

                over "body_joint2"
                {
                    float drive:angular:physics:targetPosition = 109.700005
                    float physics:lowerLimit = 0
                    float physics:upperLimit = 148.09239
                    float state:angular:physics:position = 109.70132
                    float state:angular:physics:velocity = -0
                }

                over "body_joint1"
                {
                    float drive:angular:physics:targetPosition = 43.3
                    float physics:lowerLimit = 0
                    float physics:upperLimit = 53.70906
                    float state:angular:physics:position = 43.300564
                    float state:angular:physics:velocity = -0
                }
            }
        }

        def "Galbot_One_Charlie" (
            prepend payload = @./humanoid/Galbot/Galbot_One/Galbot_One.usda@
        )
        {
            string[] isaac:changelog (
                displayName = "Changelog"
            )
            string isaac:description (
                displayName = "Description"
            )
            token isaac:license (
                displayName = "License"
            )
            string isaac:namespace (
                displayName = "Namespace"
            )
            rel isaac:physics:robotJoints (
                displayName = "Robot Joints"
            )
            rel isaac:physics:robotLinks (
                displayName = "Robot Links"
            )
            token isaac:robotType (
                displayName = "Robot Type"
            )
            string isaac:source (
                displayName = "Source"
            )
            string isaac:version (
                displayName = "Version"
            )
            quatd xformOp:orient = (1, 0, 0, 0)
            double3 xformOp:scale = (1, 1, 1)
            double3 xformOp:translate = (1.463323806069241, -2.779913436144275, 0.7513030356646828)
            uniform token[] xformOpOrder = ["xformOp:translate", "xformOp:orient", "xformOp:scale"]

            over "leg_link4"
            {
                vector3f physics:angularVelocity = (0, 0, 0)
                rel physics:simulationOwner
                vector3f physics:velocity = (0, 0, 0)
                quatd xformOp:orient = (0.9999999999999943, 2.4616965016496896e-8, 2.0220296506618764e-8, 1.0153531156074499e-7)
                double3 xformOp:translate = (-0.02705607249531594, 0.08699997715440233, 0.16901002461897807)
            }

            over "leg_link3"
            {
                vector3f physics:angularVelocity = (3.2570311e-13, 1.8130365e-13, 0.0000027854487)
                rel physics:simulationOwner
                vector3f physics:velocity = (5.355844e-13, 2.045438e-10, -2.2865932e-17)
                quatd xformOp:orient = (-2.107342894058429e-8, -8.429369821109335e-8, 0.7071067917232592, 0.7071067706498304)
                double3 xformOp:translate = (-0.02705595328602639, 0.08699997715440233, 0.16901002461897807)
            }

            over "Galbot_One_Arms"
            {
                string[] isaac:changelog (
                    displayName = "Changelog"
                )
                string isaac:description (
                    displayName = "Description"
                )
                token isaac:license (
                    displayName = "License"
                )
                string isaac:namespace (
                    displayName = "Namespace"
                )
                rel isaac:physics:robotJoints (
                    displayName = "Robot Joints"
                )
                rel isaac:physics:robotLinks (
                    displayName = "Robot Links"
                )
                token isaac:robotType (
                    displayName = "Robot Type"
                )
                string isaac:source (
                    displayName = "Source"
                )
                string isaac:version (
                    displayName = "Version"
                )

                over "right_link6"
                {
                    rel physics:simulationOwner
                }

                over "right_link4"
                {
                    rel physics:simulationOwner
                }

                over "right_link3"
                {
                    rel physics:simulationOwner
                }

                over "left_link6"
                {
                    rel physics:simulationOwner
                }

                over "left_link5"
                {
                    rel physics:simulationOwner
                }

                over "left_link4"
                {
                    rel physics:simulationOwner
                }

                over "left_link3"
                {
                    rel physics:simulationOwner
                }

                over "base_link"
                {
                    rel physics:simulationOwner
                }

                over "left_link1"
                {
                    rel physics:simulationOwner
                }

                over "Hitbot_Gripper_right"
                {
                    over "gripper_link6"
                    {
                        rel physics:simulationOwner
                    }

                    over "gripper_link3"
                    {
                        rel physics:simulationOwner
                    }

                    over "gripper_link5"
                    {
                        rel physics:simulationOwner
                    }

                    over "gripper_link4"
                    {
                        rel physics:simulationOwner
                    }

                    over "gripper_link2"
                    {
                        rel physics:simulationOwner
                    }

                    over "gripper_link1"
                    {
                        rel physics:simulationOwner
                    }

                    over "gripper_base"
                    {
                        rel physics:simulationOwner
                    }

                    over "joints"
                    {
                        over "gripper_joint"
                        {
                            float physics:lowerLimit = 0
                            float physics:upperLimit = 42.971832
                            float state:angular:physics:position = 0
                            float state:angular:physics:velocity = 0
                        }

                        over "gripper_joint2"
                        {
                            float state:angular:physics:position = 0
                            float state:angular:physics:velocity = 0
                        }

                        over "gripper_joint4"
                        {
                            float state:angular:physics:position = 0
                            float state:angular:physics:velocity = 0
                        }

                        over "gripper_joint5"
                        {
                            float state:angular:physics:position = 0
                            float state:angular:physics:velocity = 0
                        }

                        over "gripper_joint3"
                        {
                            float state:angular:physics:position = 0
                            float state:angular:physics:velocity = 0
                        }

                        over "gripper_joint6"
                        {
                            float state:angular:physics:position = 0
                            float state:angular:physics:velocity = 0
                        }
                    }
                }

                over "right_link5"
                {
                    rel physics:simulationOwner
                }

                over "Hitbot_Gripper_left"
                {
                    over "gripper_link4"
                    {
                        rel physics:simulationOwner
                    }

                    over "gripper_link1"
                    {
                        rel physics:simulationOwner
                    }

                    over "gripper_link2"
                    {
                        rel physics:simulationOwner
                    }

                    over "gripper_link5"
                    {
                        rel physics:simulationOwner
                    }

                    over "gripper_base"
                    {
                        rel physics:simulationOwner
                    }

                    over "gripper_link3"
                    {
                        rel physics:simulationOwner
                    }

                    over "gripper_link6"
                    {
                        rel physics:simulationOwner
                    }

                    over "joints"
                    {
                        over "gripper_joint"
                        {
                            float physics:lowerLimit = 0
                            float physics:upperLimit = 42.971832
                            float state:angular:physics:position = 1.9898672e-10
                            float state:angular:physics:velocity = 0
                        }

                        over "gripper_joint2"
                        {
                            float state:angular:physics:position = 5.392566e-7
                            float state:angular:physics:velocity = 0
                        }

                        over "gripper_joint4"
                        {
                            float state:angular:physics:position = -1.5297223e-7
                            float state:angular:physics:velocity = 0
                        }

                        over "gripper_joint5"
                        {
                            float state:angular:physics:position = 2.889988e-7
                            float state:angular:physics:velocity = 0
                        }

                        over "gripper_joint3"
                        {
                            float state:angular:physics:position = -3.5012386e-7
                            float state:angular:physics:velocity = 0
                        }

                        over "gripper_joint6"
                        {
                            float state:angular:physics:position = -9.753402e-8
                            float state:angular:physics:velocity = 0
                        }
                    }
                }

                over "right_link1"
                {
                    rel physics:simulationOwner
                }

                over "left_link2"
                {
                    rel physics:simulationOwner
                }

                over "left_link7"
                {
                    rel physics:simulationOwner
                }

                over "right_link2"
                {
                    rel physics:simulationOwner
                }

                over "right_link7"
                {
                    rel physics:simulationOwner
                }

                over "joints"
                {
                    over "left_joint1"
                    {
                        float drive:angular:physics:targetPosition = -44
                        float physics:lowerLimit = -180
                        float physics:upperLimit = 180
                        float state:angular:physics:position = 0.00003239696
                        float state:angular:physics:velocity = 0
                    }

                    over "left_joint2"
                    {
                        float physics:lowerLimit = -90
                        float physics:upperLimit = 104.85127
                        float state:angular:physics:position = 0.09967719
                        float state:angular:physics:velocity = 0
                    }

                    over "left_joint3"
                    {
                        float physics:lowerLimit = -180
                        float physics:upperLimit = 180
                        float state:angular:physics:position = 0.000055052442
                        float state:angular:physics:velocity = 0
                    }

                    over "left_joint4"
                    {
                        float physics:lowerLimit = -120.32112
                        float physics:upperLimit = 120.32112
                        float state:angular:physics:position = 7.59059e-7
                        float state:angular:physics:velocity = 0
                    }

                    over "left_joint5"
                    {
                        float physics:lowerLimit = -180
                        float physics:upperLimit = 180
                        float state:angular:physics:position = 0.00005369537
                        float state:angular:physics:velocity = 0
                    }

                    over "left_joint6"
                    {
                        float physics:lowerLimit = -90
                        float physics:upperLimit = 90
                        float state:angular:physics:position = -0.000007046568
                        float state:angular:physics:velocity = 0
                    }

                    over "left_joint7"
                    {
                        float physics:lowerLimit = -180
                        float physics:upperLimit = 180
                        float state:angular:physics:position = -5.233778e-10
                        float state:angular:physics:velocity = 0
                    }

                    over "right_joint1"
                    {
                        float physics:lowerLimit = -180
                        float physics:upperLimit = 180
                        float state:angular:physics:position = 0
                        float state:angular:physics:velocity = 0
                    }

                    over "right_joint2"
                    {
                        float physics:lowerLimit = -90
                        float physics:upperLimit = 104.85127
                        float state:angular:physics:position = 0
                        float state:angular:physics:velocity = 0
                    }

                    over "right_joint3"
                    {
                        float physics:lowerLimit = -180
                        float physics:upperLimit = 180
                        float state:angular:physics:position = 0
                        float state:angular:physics:velocity = 0
                    }

                    over "right_joint4"
                    {
                        float physics:lowerLimit = -120.32112
                        float physics:upperLimit = 120.32112
                        float state:angular:physics:position = 0
                        float state:angular:physics:velocity = 0
                    }

                    over "right_joint5"
                    {
                        float physics:lowerLimit = -180
                        float physics:upperLimit = 180
                        float state:angular:physics:position = 0
                        float state:angular:physics:velocity = 0
                    }

                    over "right_joint6"
                    {
                        float physics:lowerLimit = -90
                        float physics:upperLimit = 90
                        float state:angular:physics:position = 0
                        float state:angular:physics:velocity = 0
                    }

                    over "right_joint7"
                    {
                        float physics:lowerLimit = -180
                        float physics:upperLimit = 180
                        float state:angular:physics:position = 0
                        float state:angular:physics:velocity = 0
                    }
                }
            }

            over "head_link1"
            {
                vector3f physics:angularVelocity = (0, 0, 0)
                rel physics:simulationOwner
                vector3f physics:velocity = (0, 0, 0)
                quatd xformOp:orient = (0.9999999999999947, 1.0612921753809492e-8, -1.0612921753809492e-8, 1.0214143537319469e-7)
                double3 xformOp:translate = (-0.03522286250386086, 0.08705052189317186, 0.7529498749493309)
            }

            over "Chassis"
            {
                over "OmniWheel_10"
                {
                    over "wheel_passive_9"
                    {
                        vector3f physics:angularVelocity = (-0.01946218, 0.0040793642, -0.007902789)
                        rel physics:simulationOwner
                        vector3f physics:velocity = (5.502335e-9, -0.00025825677, 0.00007378248)
                        quatd xformOp:orient = (0.950857038845124, -0.30961705893546054, -0.0013579048164046549, -0.0025148736245711152)
                        double3 xformOp:translate = (-0.020671701628768524, 0.040895919439243755, -0.6028036910773568)
                    }

                    over "wheel_passive_6"
                    {
                        vector3f physics:angularVelocity = (-0.019464046, 0.0040491363, 0.007919294)
                        rel physics:simulationOwner
                        vector3f physics:velocity = (4.111113e-9, -0.00025823415, 0.00006203723)
                        quatd xformOp:orient = (-0.3084119495067178, 0.9512486014238819, 0.002516250771181293, 0.0013550544754062017)
                        double3 xformOp:translate = (-0.02067203825858943, 0.0004447229376367545, -0.6027524385334305)
                    }

                    over "wheel_passive_3"
                    {
                        vector3f physics:angularVelocity = (-0.012886451, 0.01064967, -0.004867707)
                        rel physics:simulationOwner
                        vector3f physics:velocity = (4.545866e-9, -0.00024244386, 0.000065695014)
                        quatd xformOp:orient = (0.5882909932596616, 0.8086364899061584, -0.003563771404965888, 0.002834426781844044)
                        double3 xformOp:translate = (-0.020720254422353257, 0.012994031374802262, -0.5642973024131112)
                    }

                    over "wheel_passive_4"
                    {
                        vector3f physics:angularVelocity = (-0.019462187, 0.004079363, -0.007902788)
                        rel physics:simulationOwner
                        vector3f physics:velocity = (4.1148125e-9, -0.00024616614, 0.00006205882)
                        quatd xformOp:orient = (0.30961700085937593, 0.9508570580645013, -0.002514765516503356, 0.001357888862888511)
                        double3 xformOp:translate = (-0.020709296073174954, 0.00048198075121774764, -0.5733632284880928)
                    }

                    over "wheel_passive_8"
                    {
                        vector3f physics:angularVelocity = (-0.01288644, 0.010649672, -0.004867706)
                        rel physics:simulationOwner
                        vector3f physics:velocity = (5.071279e-9, -0.00026197892, 0.00007014635)
                        quatd xformOp:orient = (0.8086365154658224, -0.5882909580864264, -0.0028344539619192615, -0.003563756414968146)
                        double3 xformOp:translate = (-0.020660068930022923, 0.02838454316524519, -0.6118696171523385)
                    }

                    over "wheel_passive_7"
                    {
                        vector3f physics:angularVelocity = (-0.012887596, 0.010630989, 0.0049108854)
                        rel physics:simulationOwner
                        vector3f physics:velocity = (4.5398765e-9, -0.00026197048, 0.00006566001)
                        quatd xformOp:orient = (-0.5872658292996165, 0.809381316835691, 0.003566496514635931, 0.002830158470449489)
                        double3 xformOp:translate = (-0.020659984428170297, 0.012933761382242892, -0.6118500444771103)
                    }

                    over "wheel_passive_5"
                    {
                        vector3f physics:angularVelocity = (-0.023527365, 7.189857e-9, 1.1559248e-8)
                        rel physics:simulationOwner
                        vector3f physics:velocity = (3.948751e-9, -0.00025219744, 0.000060661685)
                        quatd xformOp:orient = (0.0006335202347645273, 0.9999995984746539, 5.753095363117817e-8, 0.0006338001579035566)
                        double3 xformOp:translate = (-0.020690582807861624, -0.004311127448582752, -0.5880517873646073)
                    }

                    over "wheel"
                    {
                        vector3f physics:angularVelocity = (-0.023527365, 2.2156161e-9, 0.000002786806)
                        rel physics:simulationOwner
                        vector3f physics:velocity = (4.718839e-9, -0.00025221007, 0.0000671631)
                        quatd xformOp:orient = (0.9999995984517887, -0.000633563923066069, -0.0006337925660044005, -1.107019278325737e-8)
                        double3 xformOp:translate = (-0.020690161676187202, 0.020689287270023726, -0.5880834597827248)
                    }

                    over "wheel_passive_0"
                    {
                        vector3f physics:angularVelocity = (-0.023527365, 7.200954e-9, 5.1387445e-9)
                        rel physics:simulationOwner
                        vector3f physics:velocity = (5.668398e-9, -0.00025222532, 0.00007517965)
                        quatd xformOp:orient = (0.9999995984565836, -0.0006335639313036834, -0.0006337849915803548, 3.1205430468702054e-8)
                        double3 xformOp:translate = (-0.020690414894080966, 0.045689027639044255, -0.5881151396514229)
                    }

                    over "wheel_passive_2"
                    {
                        vector3f physics:angularVelocity = (-0.0128876, 0.010630992, 0.004910878)
                        rel physics:simulationOwner
                        vector3f physics:velocity = (5.077267e-9, -0.00024245241, 0.000070181304)
                        quatd xformOp:orient = (0.8093813065675394, 0.5872658438124452, -0.0028301194200898495, 0.003566468049426614)
                        double3 xformOp:translate = (-0.020720338924205883, 0.028444813157802784, -0.5643168825389199)
                    }

                    over "wheel_passive_1"
                    {
                        vector3f physics:angularVelocity = (-0.019464046, 0.0040491354, 0.007919288)
                        rel physics:simulationOwner
                        vector3f physics:velocity = (5.506034e-9, -0.00024618852, 0.00007380412)
                        quatd xformOp:orient = (0.9512486083156939, 0.3084119282831567, -0.001355048479978828, 0.002516249935410552)
                        double3 xformOp:translate = (-0.02070895944335316, 0.040933177252826525, -0.5734144810320191)
                    }

                    over "joints"
                    {
                        over "wheel_passive_0_joint"
                        {
                            float physics:lowerLimit = -inf
                            float physics:upperLimit = inf
                        }

                        over "wheel_passive_1_joint"
                        {
                            float physics:lowerLimit = -inf
                            float physics:upperLimit = inf
                        }

                        over "wheel_passive_2_joint"
                        {
                            float physics:lowerLimit = -inf
                            float physics:upperLimit = inf
                        }

                        over "wheel_passive_3_joint"
                        {
                            float physics:lowerLimit = -inf
                            float physics:upperLimit = inf
                        }

                        over "wheel_passive_4_joint"
                        {
                            float physics:lowerLimit = -inf
                            float physics:upperLimit = inf
                        }

                        over "wheel_passive_5_joint"
                        {
                            float physics:lowerLimit = -inf
                            float physics:upperLimit = inf
                        }

                        over "wheel_passive_6_joint"
                        {
                            float physics:lowerLimit = -inf
                            float physics:upperLimit = inf
                        }

                        over "wheel_passive_7_joint"
                        {
                            float physics:lowerLimit = -inf
                            float physics:upperLimit = inf
                        }

                        over "wheel_passive_8_joint"
                        {
                            float physics:lowerLimit = -inf
                            float physics:upperLimit = inf
                        }

                        over "wheel_passive_9_joint"
                        {
                            float physics:lowerLimit = -inf
                            float physics:upperLimit = inf
                        }
                    }
                }

                over "wheel_1"
                {
                    vector3f physics:angularVelocity = (-0.023527365, 2.2156161e-9, 0.000002786806)
                    rel physics:simulationOwner
                    vector3f physics:velocity = (4.8085744e-9, -0.0002522115, 0.00006792064)
                    quatd xformOp:orient = (-0.38268334036979323, 0.0008280024190034183, -0.0003427948615674985, 0.9238791359842987)
                    double3 xformOp:translate = (0.20575269291606135, 0.17649362186875805, -0.5162494618178658)
                }

                over "OmniWheel_11"
                {
                    over "wheel_passive_8"
                    {
                        vector3f physics:angularVelocity = (-0.012887397, -0.010648315, 0.0048727533)
                        rel physics:simulationOwner
                        vector3f physics:velocity = (-1.2180883e-8, -0.0002617186, -0.0000748001)
                        quatd xformOp:orient = (0.8086365969203464, -0.5882908501174641, 0.002833998513664997, 0.0035634592150548404)
                        double3 xformOp:translate = (0.02065963304137597, 0.028385862890610625, -0.6112369361997895)
                    }

                    over "wheel_passive_3"
                    {
                        vector3f physics:angularVelocity = (-0.012887391, -0.010648314, 0.004872754)
                        rel physics:simulationOwner
                        vector3f physics:velocity = (-1.2539581e-8, -0.00024218479, -0.00007925132)
                        quatd xformOp:orient = (0.5882908582903962, 0.808636591102094, 0.0035634470180244343, -0.002833977431794408)
                        double3 xformOp:translate = (0.02072049536763032, 0.012994676760406776, -0.5636646289111428)
                    }

                    over "wheel"
                    {
                        vector3f physics:angularVelocity = (-0.023527162, 2.0308303e-7, 0.0000027871647)
                        rel physics:simulationOwner
                        vector3f physics:velocity = (-1.227051e-8, -0.00025195302, -0.00007626823)
                        quatd xformOp:orient = (0.999999598689091, -0.0006334187283301334, 0.0006335632302046964, 6.913539208566543e-8)
                        double3 xformOp:translate = (0.02068964273598084, 0.020690522706537706, -0.5874507862807564)
                    }

                    over "wheel_passive_1"
                    {
                        vector3f physics:angularVelocity = (-0.019461961, -0.004050803, -0.007917372)
                        rel physics:simulationOwner
                        vector3f physics:velocity = (-1.1611258e-8, -0.0002459273, -0.00007114241)
                        quatd xformOp:orient = (0.9512485678762551, 0.3084120587965518, 0.0013547481273094202, -0.0025157026369387178)
                        double3 xformOp:translate = (0.02070843723549487, 0.040934412692373634, -0.5727818000794701)
                    }

                    over "wheel_passive_7"
                    {
                        vector3f physics:angularVelocity = (-0.012886235, -0.010631952, -0.0049058413)
                        rel physics:simulationOwner
                        vector3f physics:velocity = (-1.2712277e-8, -0.00026171101, -0.000079286336)
                        quatd xformOp:orient = (-0.5872659788645699, 0.8093812075591518, -0.0035665786629774767, -0.0028302711828976294)
                        double3 xformOp:translate = (0.020660225383176467, 0.012934406758120076, -0.6112173635245614)
                    }

                    over "wheel_passive_0"
                    {
                        vector3f physics:angularVelocity = (-0.023527162, 2.080903e-7, -6.9279986e-9)
                        rel physics:simulationOwner
                        vector3f physics:velocity = (-1.1500421e-8, -0.00025196385, -0.00006976694)
                        quatd xformOp:orient = (0.9999995986843035, -0.0006334187312156658, 0.0006335707777216414, 1.1141102513562864e-7)
                        double3 xformOp:translate = (0.02068989191855941, 0.04569026307559909, -0.5874824586988739)
                    }

                    over "wheel_passive_9"
                    {
                        vector3f physics:angularVelocity = (-0.019463848, -0.004077277, 0.007904727)
                        rel physics:simulationOwner
                        vector3f physics:velocity = (-1.1717999e-8, -0.00025799542, -0.00007116403)
                        quatd xformOp:orient = (0.9508570817749112, -0.3096169250775912, 0.001357767652517206, 0.0025151960159921567)
                        double3 xformOp:translate = (0.020671179426923203, 0.0408971548727779, -0.6021710175753884)
                    }

                    over "wheel_passive_2"
                    {
                        vector3f physics:angularVelocity = (-0.012886228, -0.010631954, -0.0049058395)
                        rel physics:simulationOwner
                        vector3f physics:velocity = (-1.2008198e-8, -0.00024219215, -0.00007476513)
                        quatd xformOp:orient = (0.8093812251415448, 0.5872659552104676, 0.0028302267158855756, -0.003566518729229985)
                        double3 xformOp:translate = (0.020719818732146678, 0.028446048599188423, -0.5636842090369515)
                    }

                    over "wheel_passive_6"
                    {
                        vector3f physics:angularVelocity = (-0.019461965, -0.004050804, -0.00791737)
                        rel physics:simulationOwner
                        vector3f physics:velocity = (-1.3109212e-8, -0.00025797574, -0.0000829091)
                        quatd xformOp:orient = (-0.30841208976147255, 0.9512485577921863, -0.002515719995605202, -0.0013547472645537588)
                        double3 xformOp:translate = (0.020671606879828275, 0.0004460426649348648, -0.6021197650314621)
                    }

                    over "wheel_passive_5"
                    {
                        vector3f physics:angularVelocity = (-0.023527162, 2.0808113e-7, -3.4011858e-9)
                        rel physics:simulationOwner
                        vector3f physics:velocity = (-1.322006e-8, -0.00025193955, -0.00008428454)
                        quatd xformOp:orient = (0.0006333750210868242, 0.9999995987215196, 4.598585984399323e-8, -0.000633555743918722)
                        double3 xformOp:translate = (0.020690152196763734, -0.004309807718291481, -0.5874191138626389)
                    }

                    over "wheel_passive_4"
                    {
                        vector3f physics:angularVelocity = (-0.019463845, -0.0040772744, 0.007904729)
                        rel physics:simulationOwner
                        vector3f physics:velocity = (-1.3002477e-8, -0.00024590784, -0.000082887425)
                        quatd xformOp:orient = (0.30961686230756513, 0.9508571022468617, 0.0025151908250963966, -0.0013577542608841596)
                        double3 xformOp:translate = (0.02070886468839994, 0.00048330048453060215, -0.5727305549861245)
                    }

                    over "joints"
                    {
                        over "wheel_passive_0_joint"
                        {
                            float physics:lowerLimit = -inf
                            float physics:upperLimit = inf
                        }

                        over "wheel_passive_1_joint"
                        {
                            float physics:lowerLimit = -inf
                            float physics:upperLimit = inf
                        }

                        over "wheel_passive_2_joint"
                        {
                            float physics:lowerLimit = -inf
                            float physics:upperLimit = inf
                        }

                        over "wheel_passive_3_joint"
                        {
                            float physics:lowerLimit = -inf
                            float physics:upperLimit = inf
                        }

                        over "wheel_passive_4_joint"
                        {
                            float physics:lowerLimit = -inf
                            float physics:upperLimit = inf
                        }

                        over "wheel_passive_5_joint"
                        {
                            float physics:lowerLimit = -inf
                            float physics:upperLimit = inf
                        }

                        over "wheel_passive_6_joint"
                        {
                            float physics:lowerLimit = -inf
                            float physics:upperLimit = inf
                        }

                        over "wheel_passive_7_joint"
                        {
                            float physics:lowerLimit = -inf
                            float physics:upperLimit = inf
                        }

                        over "wheel_passive_8_joint"
                        {
                            float physics:lowerLimit = -inf
                            float physics:upperLimit = inf
                        }

                        over "wheel_passive_9_joint"
                        {
                            float physics:lowerLimit = -inf
                            float physics:upperLimit = inf
                        }
                    }
                }

                over "wheel_2"
                {
                    vector3f physics:angularVelocity = (-0.023527162, 2.0308303e-7, 0.0000027871647)
                    rel physics:simulationOwner
                    vector3f physics:velocity = (-1.2360241e-8, -0.00025195177, -0.000077025754)
                    quatd xformOp:orient = (0.9238791598978467, -0.0003427483858457736, 0.0008277349794109097, -0.38268328325757456)
                    double3 xformOp:translate = (-0.14723280837330632, 0.17649362186875805, -0.5156167883158974)
                }

                over "OmniWheel_12"
                {
                    over "wheel_passive_4"
                    {
                        vector3f physics:angularVelocity = (-0.019463627, 0.0040487493, 0.007919296)
                        rel physics:simulationOwner
                        vector3f physics:velocity = (-1.1766274e-8, -0.00024594596, -0.00007114252)
                        quatd xformOp:orient = (0.30841258126680865, 0.951248396796919, 0.002516155692662431, -0.0013550897262219546)
                        double3 xformOp:translate = (0.02070899498292622, -0.04093368635773764, -0.5727816436172776)
                    }

                    over "wheel_passive_2"
                    {
                        vector3f physics:angularVelocity = (-0.012886056, 0.01064926, -0.0048677246)
                        rel physics:simulationOwner
                        vector3f physics:velocity = (-1.2790394e-8, -0.00024220136, -0.00007925133)
                        quatd xformOp:orient = (0.8086370135381662, 0.5882902737239775, 0.002834412244365026, -0.0035637459326292253)
                        double3 xformOp:translate = (0.02072105311506256, -0.012993950425769896, -0.5636645246030144)
                    }

                    over "wheel_passive_3"
                    {
                        vector3f physics:angularVelocity = (-0.012887188, 0.0106306, 0.004910861)
                        rel physics:simulationOwner
                        vector3f physics:velocity = (-1.2258994e-8, -0.0002422099, -0.00007476519)
                        quatd xformOp:orient = (0.5872664924559176, 0.8093808360535528, 0.003566414039612549, -0.0028301517050288126)
                        double3 xformOp:translate = (0.020721135122938605, -0.02844473220878463, -0.5636840600253396)
                    }

                    over "wheel"
                    {
                        vector3f physics:angularVelocity = (-0.023526955, -4.012807e-7, 0.000002786082)
                        rel physics:simulationOwner
                        vector3f physics:velocity = (-1.2270508e-8, -0.00025196993, -0.000076268196)
                        quatd xformOp:orient = (0.9999995989258562, 0.0006328149916473897, 0.0006337927973784158, 5.5208206969541354e-8)
                        double3 xformOp:translate = (0.020690959126774544, -0.020689206316133024, -0.5874506596208863)
                    }

                    over "wheel_passive_5"
                    {
                        vector3f physics:angularVelocity = (-0.023526955, -3.9634037e-7, 2.7889229e-8)
                        rel physics:simulationOwner
                        vector3f physics:velocity = (-1.1500428e-8, -0.00025198256, -0.00006976703)
                        quatd xformOp:orient = (-0.0006328588829246848, 0.9999995989028047, -2.31761506608173e-8, -0.0006337853452111548)
                        double3 xformOp:translate = (0.020690533959675683, -0.045689621034672, -0.5874822947861008)
                    }

                    over "wheel_passive_6"
                    {
                        vector3f physics:angularVelocity = (-0.019461792, 0.0040789447, -0.007902787)
                        rel physics:simulationOwner
                        vector3f physics:velocity = (-1.1562996e-8, -0.00025801393, -0.000071164155)
                        quatd xformOp:orient = (-0.3096163556475916, 0.9508572678352185, -0.0025148839611210195, -0.0013578951027029193)
                        double3 xformOp:translate = (0.020671821468039475, -0.040896512831851695, -0.6021708536626152)
                    }

                    over "wheel_passive_7"
                    {
                        vector3f physics:angularVelocity = (-0.012886048, 0.01064926, -0.0048677283)
                        rel physics:simulationOwner
                        vector3f physics:velocity = (-1.1930093e-8, -0.00026173622, -0.00007480019)
                        quatd xformOp:orient = (-0.5882904354336796, 0.80863689532837, -0.003563841989906929, -0.0028344525427761664)
                        double3 xformOp:translate = (0.020660865138484752, -0.02838446220649793, -0.6112368020893387)
                    }

                    over "wheel_passive_8"
                    {
                        vector3f physics:angularVelocity = (-0.012887175, 0.010630602, 0.0049108583)
                        rel physics:simulationOwner
                        vector3f physics:velocity = (-1.2461493e-8, -0.00026172757, -0.00007928633)
                        quatd xformOp:orient = (0.8093809049508417, -0.5872663971046321, 0.0028301816387280216, 0.0035664554662887997)
                        double3 xformOp:translate = (0.020660783130608706, -0.012933680423483196, -0.6112172443152718)
                    }

                    over "wheel_passive_9"
                    {
                        vector3f physics:angularVelocity = (-0.019463623, 0.0040487503, 0.007919301)
                        rel physics:simulationOwner
                        vector3f physics:velocity = (-1.2954221e-8, -0.00025799163, -0.00008290903)
                        quatd xformOp:orient = (0.9512483827107829, -0.3084126242782149, 0.0013550702141025739, 0.0025162195173216977)
                        double3 xformOp:translate = (0.020672164627261402, -0.00044531633029798456, -0.6021196607233338)
                    }

                    over "wheel_passive_0"
                    {
                        vector3f physics:angularVelocity = (-0.023526955, -3.9635148e-7, 3.4312688e-8)
                        rel physics:simulationOwner
                        vector3f physics:velocity = (-1.32200615e-8, -0.00025195483, -0.0000842845)
                        quatd xformOp:orient = (0.9999995989209559, 0.000632815079884363, 0.0006338004433337703, 3.477699800521143e-9)
                        double3 xformOp:translate = (0.020690709944195973, 0.004310534052928361, -0.5874190170050911)
                    }

                    over "wheel_passive_1"
                    {
                        vector3f physics:angularVelocity = (-0.019461794, 0.004078945, -0.007902784)
                        rel physics:simulationOwner
                        vector3f physics:velocity = (-1.3157499e-8, -0.0002459235, -0.00008288739)
                        quatd xformOp:orient = (0.9508573018259704, 0.3096162520851188, 0.001357874412462712, -0.0025147934467072636)
                        double3 xformOp:translate = (0.02070942243583307, -0.00048257414989372194, -0.5727304581285767)
                    }

                    over "joints"
                    {
                        over "wheel_passive_0_joint"
                        {
                            float physics:lowerLimit = -inf
                            float physics:upperLimit = inf
                        }

                        over "wheel_passive_1_joint"
                        {
                            float physics:lowerLimit = -inf
                            float physics:upperLimit = inf
                        }

                        over "wheel_passive_2_joint"
                        {
                            float physics:lowerLimit = -inf
                            float physics:upperLimit = inf
                        }

                        over "wheel_passive_3_joint"
                        {
                            float physics:lowerLimit = -inf
                            float physics:upperLimit = inf
                        }

                        over "wheel_passive_4_joint"
                        {
                            float physics:lowerLimit = -inf
                            float physics:upperLimit = inf
                        }

                        over "wheel_passive_5_joint"
                        {
                            float physics:lowerLimit = -inf
                            float physics:upperLimit = inf
                        }

                        over "wheel_passive_6_joint"
                        {
                            float physics:lowerLimit = -inf
                            float physics:upperLimit = inf
                        }

                        over "wheel_passive_7_joint"
                        {
                            float physics:lowerLimit = -inf
                            float physics:upperLimit = inf
                        }

                        over "wheel_passive_8_joint"
                        {
                            float physics:lowerLimit = -inf
                            float physics:upperLimit = inf
                        }

                        over "wheel_passive_9_joint"
                        {
                            float physics:lowerLimit = -inf
                            float physics:upperLimit = inf
                        }
                    }
                }

                over "base_link"
                {
                    vector3f physics:angularVelocity = (-0.023527361, 3.278595e-10, 0.0000027868011)
                    rel physics:simulationOwner
                    vector3f physics:velocity = (-3.7279975e-9, -0.00024329258, -0.000004149704)
                    quatd xformOp:orient = (0.9999995984514816, -1.621254260467495e-7, 0.0008961567094960574, 3.703424127015962e-8)
                    double3 xformOp:translate = (0.029131136634017674, 9.308287189924158e-7, -0.5877669591189675)
                }

                over "OmniWheel_13"
                {
                    over "wheel_passive_2"
                    {
                        vector3f physics:angularVelocity = (-0.012886992, -0.010647899, 0.0048727817)
                        rel physics:simulationOwner
                        vector3f physics:velocity = (4.79658e-9, -0.00024246179, 0.00006569507)
                        quatd xformOp:orient = (0.8086371716198525, 0.588290060726396, -0.002834047545059358, 0.003563327053613528)
                        double3 xformOp:translate = (-0.02071885373807092, -0.01299526347172364, -0.5642971981049828)
                    }

                    over "wheel_passive_7"
                    {
                        vector3f physics:angularVelocity = (-0.012886999, -0.010647898, 0.0048727854)
                        rel physics:simulationOwner
                        vector3f physics:velocity = (4.8205586e-9, -0.0002619953, 0.00007014622)
                        quatd xformOp:orient = (-0.5882901581534093, 0.8086371005875166, 0.0035633369976381304, 0.00283407880848231)
                        double3 xformOp:translate = (-0.020658078189873308, -0.028386533905448097, -0.6118694830418877)
                    }

                    over "wheel_passive_6"
                    {
                        vector3f physics:angularVelocity = (-0.01946347, -0.0040768525, 0.007904718)
                        rel physics:simulationOwner
                        vector3f physics:velocity = (5.3473785e-9, -0.0002582722, 0.000073782205)
                        quatd xformOp:orient = (-0.30961605932998776, 0.9508573639209422, 0.0025150825096761443, 0.0013578078862029816)
                        double3 xformOp:translate = (-0.020669710888617132, -0.04089791017944666, -0.6028035346151642)
                    }

                    over "wheel_passive_1"
                    {
                        vector3f physics:angularVelocity = (-0.019463463, -0.004076854, 0.007904724)
                        rel physics:simulationOwner
                        vector3f physics:velocity = (4.2697623e-9, -0.0002461848, 0.00006205908)
                        quatd xformOp:orient = (0.9508573903463425, 0.3096159782616597, -0.001357799151162866, 0.00251507659600249)
                        double3 xformOp:translate = (-0.02070722103932532, -0.0004838871977250747, -0.5733631539822869)
                    }

                    over "wheel_passive_5"
                    {
                        vector3f physics:angularVelocity = (-0.023526752, 6.114631e-7, -3.5947444e-8)
                        rel physics:simulationOwner
                        vector3f physics:velocity = (5.668387e-9, -0.0002522407, 0.00007517925)
                        quatd xformOp:orient = (-0.0006325260062073951, 0.9999995992485917, -2.999719720261248e-8, 0.0006335720215926229)
                        double3 xformOp:translate = (-0.02068833986023222, -0.04569093408555247, -0.5881149682880692)
                    }

                    over "wheel_passive_3"
                    {
                        vector3f physics:angularVelocity = (-0.012885807, -0.01063156, -0.004905818)
                        rel physics:simulationOwner
                        vector3f physics:velocity = (5.327979e-9, -0.00024246931, 0.00007018113)
                        quatd xformOp:orient = (0.587266757862146, 0.8093806425346157, -0.0035666264649206756, 0.002830154765389098)
                        double3 xformOp:translate = (-0.020718263890357136, -0.02844671960431011, -0.5643167484284691)
                    }

                    over "wheel_passive_8"
                    {
                        vector3f physics:angularVelocity = (-0.012885813, -0.010631563, -0.0049058115)
                        rel physics:simulationOwner
                        vector3f physics:velocity = (4.2891575e-9, -0.00026198794, 0.0000656601)
                        quatd xformOp:orient = (0.8093807044876514, -0.5872666721180427, -0.002830180659981232, -0.003566665095637798)
                        double3 xformOp:translate = (-0.020658668037585315, -0.012935077772861625, -0.6118499327184014)
                    }

                    over "wheel_passive_9"
                    {
                        vector3f physics:angularVelocity = (-0.019461548, -0.0040504234, -0.007917379)
                        rel physics:simulationOwner
                        vector3f physics:velocity = (3.956156e-9, -0.00025825264, 0.00006203751)
                        quatd xformOp:orient = (0.9512482794148146, -0.308412947295008, -0.0013547273491829699, -0.0025158626693093824)
                        double3 xformOp:translate = (-0.02067004751843804, -0.0004467136778387726, -0.6027523640276246)
                    }

                    over "wheel_passive_4"
                    {
                        vector3f physics:angularVelocity = (-0.019461546, -0.0040504215, -0.007917381)
                        rel physics:simulationOwner
                        vector3f physics:velocity = (5.6609823e-9, -0.0002462044, 0.00007380377)
                        quatd xformOp:orient = (0.3084129715171351, 0.9512482717785682, -0.0025157929475757446, 0.0013547044338619166)
                        double3 xformOp:translate = (-0.02070688440950441, -0.040935083699332964, -0.573414317119246)
                    }

                    over "wheel"
                    {
                        vector3f physics:angularVelocity = (-0.023526752, 6.0640554e-7, 0.000002787889)
                        rel physics:simulationOwner
                        vector3f physics:velocity = (4.7188506e-9, -0.00025222698, 0.00006716315)
                        quatd xformOp:orient = (0.9999995992812151, 0.0006324821233900262, -0.0006335643319872468, -1.0056839777968933e-7)
                        double3 xformOp:translate = (-0.020688845285604884, -0.020690603660640683, -0.5880833405734353)
                    }

                    over "wheel_passive_0"
                    {
                        vector3f physics:angularVelocity = (-0.023526752, 6.114551e-7, -3.242641e-8)
                        rel physics:simulationOwner
                        vector3f physics:velocity = (3.9487507e-9, -0.00025221638, 0.000060662085)
                        quatd xformOp:orient = (0.9999995992859374, 0.0006324821909775481, -0.0006335568169748912, -4.884469218871228e-8)
                        double3 xformOp:translate = (-0.02068859206771201, 0.004309136708380734, -0.5880517203093819)
                    }

                    over "joints"
                    {
                        over "wheel_passive_0_joint"
                        {
                            float physics:lowerLimit = -inf
                            float physics:upperLimit = inf
                        }

                        over "wheel_passive_1_joint"
                        {
                            float physics:lowerLimit = -inf
                            float physics:upperLimit = inf
                        }

                        over "wheel_passive_2_joint"
                        {
                            float physics:lowerLimit = -inf
                            float physics:upperLimit = inf
                        }

                        over "wheel_passive_3_joint"
                        {
                            float physics:lowerLimit = -inf
                            float physics:upperLimit = inf
                        }

                        over "wheel_passive_4_joint"
                        {
                            float physics:lowerLimit = -inf
                            float physics:upperLimit = inf
                        }

                        over "wheel_passive_5_joint"
                        {
                            float physics:lowerLimit = -inf
                            float physics:upperLimit = inf
                        }

                        over "wheel_passive_6_joint"
                        {
                            float physics:lowerLimit = -inf
                            float physics:upperLimit = inf
                        }

                        over "wheel_passive_7_joint"
                        {
                            float physics:lowerLimit = -inf
                            float physics:upperLimit = inf
                        }

                        over "wheel_passive_8_joint"
                        {
                            float physics:lowerLimit = -inf
                            float physics:upperLimit = inf
                        }

                        over "wheel_passive_9_joint"
                        {
                            float physics:lowerLimit = -inf
                            float physics:upperLimit = inf
                        }
                    }
                }

                over "wheel_3"
                {
                    vector3f physics:angularVelocity = (-0.023526955, -4.012807e-7, 0.000002786082)
                    rel physics:simulationOwner
                    vector3f physics:velocity = (-1.2360241e-8, -0.00025196883, -0.000077025754)
                    quatd xformOp:orient = (0.9238791125323452, 0.0003421027543385995, 0.0008277160317736722, 0.38268339822668346)
                    double3 xformOp:translate = (-0.14723280837330655, -0.17649176021132007, -0.5156166616560273)
                }

                over "wheel_4"
                {
                    vector3f physics:angularVelocity = (-0.023526752, 6.0640554e-7, 0.000002787889)
                    rel physics:simulationOwner
                    vector3f physics:velocity = (4.8085744e-9, -0.00025222852, 0.00006792064)
                    quatd xformOp:orient = (0.38268336570638567, 0.0008273775463859314, 0.00034188272084226007, 0.9238791263873396)
                    double3 xformOp:translate = (0.20575269291606113, -0.17649176021132007, -0.5162493426085762)
                }

                over "joints"
                {
                    over "wheel1_joint"
                    {
                        float physics:lowerLimit = -inf
                        float physics:upperLimit = inf
                    }

                    over "wheel2_joint"
                    {
                        float physics:lowerLimit = -inf
                        float physics:upperLimit = inf
                    }

                    over "wheel3_joint"
                    {
                        float physics:lowerLimit = -inf
                        float physics:upperLimit = inf
                    }

                    over "wheel4_joint"
                    {
                        float physics:lowerLimit = -inf
                        float physics:upperLimit = inf
                    }
                }
            }

            over "leg_link1"
            {
                vector3f physics:angularVelocity = (-0.022339271, 1.7451554e-10, 0.00000278672)
                rel physics:simulationOwner
                vector3f physics:velocity = (-2.753384e-9, -0.00014887982, 0.0000064155784)
                quatd xformOp:orient = (-0.36557467658100884, 0.3655746325937175, 0.6052727455505263, 0.6052728701506348)
                double3 xformOp:translate = (0.02936377690043601, 0.08699997715440233, -0.5880073047162346)
            }

            over "leg_link2"
            {
                vector3f physics:angularVelocity = (-0.011661622, -2.4412433e-10, 0.0000027837254)
                rel physics:simulationOwner
                vector3f physics:velocity = (-3.6919015e-9, -0.000036249974, -0.000015463369)
                quatd xformOp:orient = (0.5899911195693186, 0.5899910153786501, -0.38975698570439476, 0.3897570688216391)
                double3 xformOp:translate = (-0.18007561995777932, 0.08700093082871874, -0.1897168940783791)
            }

            over "base_link"
            {
                vector3f physics:angularVelocity = (-0.023527361, 3.278595e-10, 0.0000027868011)
                rel physics:simulationOwner
                vector3f physics:velocity = (2.8709202e-9, -0.00026705654, 0.000051563966)
                quatd xformOp:orient = (0.9999995984415635, -1.3434307963011937e-7, 0.00089616778135397, 3.702432328023739e-8)
                double3 xformOp:translate = (0.029363896109725562, 0.0000010376402421741204, -0.5880073196173958)
            }

            over "head_link2"
            {
                vector3f physics:angularVelocity = (0, 0, 0)
                rel physics:simulationOwner
                vector3f physics:velocity = (0, 0, 0)
                quatd xformOp:orient = (0.7071068180650426, -0.7071067443080503, -2.1073424963960342e-8, 1.0536717071544154e-8)
                double3 xformOp:translate = (-0.03522286250386086, 0.08705052189317186, 0.7529499941586204)
            }

            over "joints"
            {
                over "body_joint1"
                {
                    float drive:angular:physics:targetPosition = 40.100002
                    float physics:lowerLimit = 0
                    float physics:upperLimit = 57
                    float state:angular:physics:position = 40.099865
                    float state:angular:physics:velocity = 0
                }

                over "body_joint2"
                {
                    float drive:angular:physics:targetPosition = 107.1
                    float physics:lowerLimit = 0
                    float physics:upperLimit = 180
                    float state:angular:physics:position = 107.10126
                    float state:angular:physics:velocity = 0
                }

                over "body_joint3"
                {
                    float drive:angular:physics:targetPosition = 66.9
                    float physics:lowerLimit = 0
                    float physics:upperLimit = 135
                    float state:angular:physics:position = 66.89872
                    float state:angular:physics:velocity = 0
                }

                over "body_joint4"
                {
                    float physics:lowerLimit = -90
                    float physics:upperLimit = 90
                    float state:angular:physics:position = 2.3778347e-7
                    float state:angular:physics:velocity = 0
                }

                over "head_joint1"
                {
                    float physics:lowerLimit = -90
                    float physics:upperLimit = 90
                    float state:angular:physics:position = 0
                    float state:angular:physics:velocity = 0
                }

                over "head_joint2"
                {
                    float physics:lowerLimit = -21
                    float physics:upperLimit = 21
                    float state:angular:physics:position = 0
                    float state:angular:physics:velocity = 0
                }
            }

            over "Galbot_Charlie_Arms"
            {
                over "right_link6"
                {
                    vector3f physics:angularVelocity = (0.015690032, -0.011100952, -0.002312687)
                    rel physics:simulationOwner
                    vector3f physics:velocity = (0.00011724155, 0.00015356111, -0.00006449015)
                    quatd xformOp:orient = (0.3899164345223232, 0.32666484304868576, -0.5337884833044266, 0.6755184005613292)
                    double3 xformOp:translate = (0.1344524047066915, -0.3464555299950227, -0.6480432128515511)
                }

                over "right_link5"
                {
                    vector3f physics:angularVelocity = (0.015700724, -0.011100678, -0.0023150598)
                    rel physics:simulationOwner
                    vector3f physics:velocity = (0.000094784176, 0.000117115684, -0.000042036816)
                    quatd xformOp:orient = (0.24636279718414325, -0.03923926888163743, 0.9629440907209108, -0.10249063414243136)
                    double3 xformOp:translate = (0.1344522854974044, -0.3464555299950245, -0.6480432724562011)
                }

                over "right_link3"
                {
                    vector3f physics:angularVelocity = (0.010937606, -0.010643683, -0.00016980858)
                    rel physics:simulationOwner
                    vector3f physics:velocity = (0.000058947895, 0.000060696413, -0.0000075634102)
                    quatd xformOp:orient = (-0.05720543494659062, -0.006315533775948615, 0.9923122388173612, -0.10956310026178082)
                    double3 xformOp:translate = (-0.03925139853890447, -0.28235715656113847, -0.33930648209594283)
                }

                over "left_link6"
                {
                    vector3f physics:angularVelocity = (-0.14514504, -0.009772057, -0.01223606)
                    rel physics:simulationOwner
                    vector3f physics:velocity = (0.000070525566, -0.0014434161, 0.0002613899)
                    quatd xformOp:orient = (-0.34378905480672717, 0.2935918034468015, 0.6405277734398377, 0.620755273997858)
                    double3 xformOp:translate = (0.09072405067326383, 0.2565775373328911, -0.6161756814661944)
                }

                over "left_link5"
                {
                    vector3f physics:angularVelocity = (-0.14373067, -0.009664374, -0.012226046)
                    rel physics:simulationOwner
                    vector3f physics:velocity = (0.00006684998, -0.0011347652, 0.00006079268)
                    quatd xformOp:orient = (-0.015212360700222796, 0.9493316360211688, 0.03498501256231079, 0.31195204411465655)
                    double3 xformOp:translate = (0.09072405067326228, 0.25657849100720753, -0.6161756814662425)
                }

                over "left_link2"
                {
                    vector3f physics:angularVelocity = (-0.122021586, -0.009893272, -0.003701762)
                    rel physics:simulationOwner
                    vector3f physics:velocity = (-0.000023095667, 0.00025371436, 0.00008323224)
                    quatd xformOp:orient = (-0.553555759801857, -0.42118410177391147, 0.3839286769405242, 0.6072715572343159)
                    double3 xformOp:translate = (1.517884840041006e-7, 0.20600040457931712, 8.790200634045675e-8)
                }

                over "right_link1"
                {
                    vector3f physics:angularVelocity = (0.0107018845, 9.719522e-10, 3.3280052e-9)
                    rel physics:simulationOwner
                    vector3f physics:velocity = (-3.9311395e-14, 2.3901956e-7, -0.0000020094483)
                    quatd xformOp:orient = (0.47039464938107217, 0.4703945777159515, 0.5279478371230188, -0.5279478159498495)
                    double3 xformOp:translate = (1.525092467868916e-7, -0.2059992978743015, -1.0511626902243165e-8)
                }

                over "left_link1"
                {
                    vector3f physics:angularVelocity = (-0.122021586, -1.1742762e-8, -2.0807299e-8)
                    rel physics:simulationOwner
                    vector3f physics:velocity = (3.090401e-12, 0.000008016044, -0.000021635753)
                    quatd xformOp:orient = (0.581034727181002, -0.5810347014377798, -0.4029872519722356, -0.4029870919554058)
                    double3 xformOp:translate = (3.25791962296762e-8, 0.2059994509050007, 8.79020491950655e-8)
                }

                over "Hitbot_Gripper_right"
                {
                    over "gripper_link6"
                    {
                        vector3f physics:angularVelocity = (0.015701693, -0.011101046, -0.0023150528)
                        rel physics:simulationOwner
                        vector3f physics:velocity = (0.00014937804, 0.00021172305, -0.00012501283)
                        quatd xformOp:orient = (0.42915570923599206, 0.6362792382851582, -0.2874257783530937, -0.5730275125118599)
                        double3 xformOp:translate = (-0.6122803304896607, -0.8498595973781341, -0.31168171499167796)
                    }

                    over "gripper_link3"
                    {
                        vector3f physics:angularVelocity = (0.015697313, -0.011101157, -0.00231408)
                        rel physics:simulationOwner
                        vector3f physics:velocity = (0.00016342636, 0.00022614746, -0.000100810874)
                        quatd xformOp:orient = (0.4291556714217301, 0.6362792025619433, -0.2874257936411038, -0.5730275728300368)
                        double3 xformOp:translate = (-0.598169762497692, -0.9020635294117508, -0.21368868784157935)
                    }

                    over "gripper_base"
                    {
                        vector3f physics:angularVelocity = (0.0156901, -0.011101347, -0.0023124774)
                        rel physics:simulationOwner
                        vector3f physics:velocity = (0.00013573925, 0.00018753608, -0.00010208464)
                        quatd xformOp:orient = (0.6362791908073753, -0.42915566741725103, 0.5730276192769459, -0.28742573304240027)
                        double3 xformOp:translate = (-0.6377653756007966, -0.7192245468209365, -0.1745006986779365)
                    }

                    over "gripper_link5"
                    {
                        vector3f physics:angularVelocity = (0.015984703, -0.011093777, -0.0023779022)
                        rel physics:simulationOwner
                        vector3f physics:velocity = (0.00014731013, 0.0002062406, -0.00011309898)
                        quatd xformOp:orient = (0.17719992781224023, 0.6978383885169975, -0.022053402731950642, -0.6936392553217265)
                        double3 xformOp:translate = (-0.6146683317762509, -0.8318802903662768, -0.24926349632510014)
                    }

                    over "gripper_link1"
                    {
                        vector3f physics:angularVelocity = (0.015407072, -0.0111086145, -0.0022496274)
                        rel physics:simulationOwner
                        vector3f physics:velocity = (0.00015221468, 0.00020948364, -0.0000961203)
                        quatd xformOp:orient = (0.6157763325590649, 0.4778522736025297, -0.5090402555331845, -0.36517767062035866)
                        double3 xformOp:translate = (-0.6135515790348869, -0.8330346762547612, -0.21577426879039607)
                    }

                    over "gripper_link4"
                    {
                        vector3f physics:angularVelocity = (0.01589704, -0.01109603, -0.002358433)
                        rel physics:simulationOwner
                        vector3f physics:velocity = (0.00014388665, 0.00020080266, -0.00011034965)
                        quatd xformOp:orient = (0.17719985299269567, 0.6978384903513324, -0.022053242024896603, -0.6936391770940651)
                        double3 xformOp:translate = (-0.6185936561485565, -0.814380635400405, -0.25079712749283134)
                    }

                    over "gripper_link2"
                    {
                        vector3f physics:angularVelocity = (0.015461967, -0.011107206, -0.0022618175)
                        rel physics:simulationOwner
                        vector3f physics:velocity = (0.00015477075, 0.00021394518, -0.00010026085)
                        quatd xformOp:orient = (0.6157762914660893, 0.4778522509868821, -0.5090403243793024, -0.36517767353831254)
                        double3 xformOp:translate = (-0.6121468163821877, -0.8412087413050429, -0.23175272262467628)
                    }

                    over "joints"
                    {
                        over "gripper_joint"
                        {
                            float physics:lowerLimit = 0
                            float physics:upperLimit = 42.971832
                            float state:angular:physics:position = 1.5567751e-7
                            float state:angular:physics:velocity = 0
                        }

                        over "gripper_joint2"
                        {
                            float state:angular:physics:position = -0.0000025410657
                            float state:angular:physics:velocity = 0
                        }

                        over "gripper_joint4"
                        {
                            float state:angular:physics:position = 0.0000010126331
                            float state:angular:physics:velocity = 0
                        }

                        over "gripper_joint5"
                        {
                            float state:angular:physics:position = 7.4115167e-7
                            float state:angular:physics:velocity = 0
                        }

                        over "gripper_joint3"
                        {
                            float state:angular:physics:position = 0.0000017982751
                            float state:angular:physics:velocity = 0
                        }

                        over "gripper_joint6"
                        {
                            float state:angular:physics:position = -0.0000014279595
                            float state:angular:physics:velocity = 0
                        }
                    }
                }

                over "left_link7"
                {
                    vector3f physics:angularVelocity = (-0.1451435, -0.009792764, -0.012220759)
                    rel physics:simulationOwner
                    vector3f physics:velocity = (0.00007013825, -0.0015616952, 0.0003607695)
                    quatd xformOp:orient = (-0.45069631404256627, -0.03549488475300261, 0.8918617986971941, -0.013981333606686958)
                    double3 xformOp:translate = (0.09072405067326383, 0.2565775373328911, -0.6161756814661944)
                }

                over "right_link4"
                {
                    vector3f physics:angularVelocity = (0.015916564, -0.010515782, -0.0012754743)
                    rel physics:simulationOwner
                    vector3f physics:velocity = (0.000075350654, 0.00008524249, -0.000021320455)
                    quatd xformOp:orient = (0.7533759871443448, 0.6084326428912239, -0.14645912979383668, 0.2019506483245759)
                    double3 xformOp:translate = (-0.03925139853890447, -0.28235715656113847, -0.33930648209594283)
                }

                over "right_link2"
                {
                    vector3f physics:angularVelocity = (0.010701885, -0.010522511, -0.0012172598)
                    rel physics:simulationOwner
                    vector3f physics:velocity = (0.000022765258, 0.000023320576, -0.0000014457287)
                    quatd xformOp:orient = (0.5826985864951998, 0.41592996050098774, -0.5191767486160488, -0.46681916086490177)
                    double3 xformOp:translate = (1.5250924834120383e-7, -0.2060002515486179, -1.0511578718563896e-8)
                }

                over "base_link"
                {
                    vector3f physics:angularVelocity = (0, 0, 0)
                    rel physics:simulationOwner
                    vector3f physics:velocity = (0, 0, 0)
                    quatd xformOp:orient = (0.9999999999999998, -4.0117216849084156e-11, -2.1585733389464686e-10, 2.107228051422956e-8)
                    double3 xformOp:translate = (3.293957928640623e-8, 7.651534694730344e-8, -2.0909436182492414e-8)
                }

                over "Hitbot_Gripper_left"
                {
                    over "gripper_link5"
                    {
                        vector3f physics:angularVelocity = (-0.15129434, -0.010261099, -0.012264302)
                        rel physics:simulationOwner
                        vector3f physics:velocity = (0.0000624136, -0.0018750887, 0.0007063875)
                        quatd xformOp:orient = (-0.05356660288789626, 0.7315657556251928, -0.05262427608913153, 0.6776229407404135)
                        double3 xformOp:translate = (-0.7307066013575731, -0.7871612351462572, 0.22870492499402117)
                    }

                    over "gripper_link2"
                    {
                        vector3f physics:angularVelocity = (-0.14386606, -0.009695505, -0.012211713)
                        rel physics:simulationOwner
                        vector3f physics:velocity = (0.0000784768, -0.0019621905, 0.00058268226)
                        quatd xformOp:orient = (0.5170290215795913, -0.48008424886475826, 0.5545059205189377, -0.44127461851533833)
                        double3 xformOp:translate = (-0.7318452877648198, -0.7990283471622783, 0.21264648444044076)
                    }

                    over "gripper_link1"
                    {
                        vector3f physics:angularVelocity = (-0.145143, -0.009792728, -0.012220754)
                        rel physics:simulationOwner
                        vector3f physics:velocity = (0.000079265454, -0.001926204, 0.0005444571)
                        quatd xformOp:orient = (0.5170291240384675, -0.4800842011786391, 0.5545059836920413, -0.44127447096382616)
                        double3 xformOp:translate = (-0.7331747080598454, -0.7929123805247626, 0.1957665658115577)
                    }

                    over "gripper_link4"
                    {
                        vector3f physics:angularVelocity = (-0.14640692, -0.009888963, -0.012229704)
                        rel physics:simulationOwner
                        vector3f physics:velocity = (0.00006119258, -0.0018275114, 0.00068041217)
                        quatd xformOp:orient = (-0.05356658157536542, 0.7315658117270952, -0.052624149114642575, 0.677622891718075)
                        double3 xformOp:translate = (-0.730896381571343, -0.7691809579103016, 0.22788547347778643)
                    }

                    over "gripper_base"
                    {
                        vector3f physics:angularVelocity = (-0.1451435, -0.009792764, -0.012220759)
                        rel physics:simulationOwner
                        vector3f physics:velocity = (0.00005979166, -0.0017142022, 0.00060586125)
                        quatd xformOp:orient = (0.6557401976848823, 0.30880405241532555, -0.6055429731669292, -0.3285765633763617)
                        double3 xformOp:translate = (-0.738213912979008, -0.6829831379838542, 0.1397959739675665)
                    }

                    over "gripper_link3"
                    {
                        vector3f physics:angularVelocity = (-0.14492908, -0.009776439, -0.01221924)
                        rel physics:simulationOwner
                        vector3f physics:velocity = (0.00008593741, -0.0020754482, 0.0005848352)
                        quatd xformOp:orient = (-0.30880402580902894, 0.6557402626189441, -0.32857637401199263, 0.6055430191701544)
                        double3 xformOp:translate = (-0.7321313925004524, -0.8632953305459643, 0.20291640824835322)
                    }

                    over "gripper_link6"
                    {
                        vector3f physics:angularVelocity = (-0.14578217, -0.009841398, -0.012225278)
                        rel physics:simulationOwner
                        vector3f physics:velocity = (0.000055754732, -0.0019122048, 0.0008189859)
                        quatd xformOp:orient = (-0.30880407974339397, 0.6557402538801452, -0.32857641667699766, 0.6055429779782293)
                        double3 xformOp:translate = (-0.7257589447841148, -0.7968847551255265, 0.29278278326018126)
                    }

                    over "joints"
                    {
                        over "gripper_joint"
                        {
                            float physics:lowerLimit = 0
                            float physics:upperLimit = 42.971832
                            float state:angular:physics:position = 9.5172266e-11
                            float state:angular:physics:velocity = 0
                        }

                        over "gripper_joint2"
                        {
                            float state:angular:physics:position = 0.000026682996
                            float state:angular:physics:velocity = 0
                        }

                        over "gripper_joint4"
                        {
                            float state:angular:physics:position = -0.000013294341
                            float state:angular:physics:velocity = 0
                        }

                        over "gripper_joint5"
                        {
                            float state:angular:physics:position = -0.00001777903
                            float state:angular:physics:velocity = 0
                        }

                        over "gripper_joint3"
                        {
                            float state:angular:physics:position = -0.000020421725
                            float state:angular:physics:velocity = 0
                        }

                        over "gripper_joint6"
                        {
                            float state:angular:physics:position = 0.000023694152
                            float state:angular:physics:velocity = 0
                        }
                    }
                }

                over "right_link7"
                {
                    vector3f physics:angularVelocity = (0.0156901, -0.011101347, -0.0023124774)
                    rel physics:simulationOwner
                    vector3f physics:velocity = (0.00012448402, 0.00016680469, -0.00007892781)
                    quatd xformOp:orient = (-0.506699437631289, 0.0447256142190765, 0.8551091336276119, -0.10021810676467965)
                    double3 xformOp:translate = (0.13445228549740196, -0.3464555299950227, -0.6480432128515563)
                }

                over "left_link3"
                {
                    vector3f physics:angularVelocity = (-0.12163344, -0.008426611, -0.0076215575)
                    rel physics:simulationOwner
                    vector3f physics:velocity = (0.000060132304, -0.0006540435, -0.00023653008)
                    quatd xformOp:orient = (-0.045486097976948116, 0.9829700839611616, -0.008226687390502594, -0.17785710709105074)
                    double3 xformOp:translate = (-0.12211783029313028, 0.23832231782187563, -0.32640842447833096)
                }

                over "left_link4"
                {
                    vector3f physics:angularVelocity = (-0.1438989, -0.0077031087, -0.0095557)
                    rel physics:simulationOwner
                    vector3f physics:velocity = (0.00006500436, -0.00086778513, -0.00012836985)
                    quatd xformOp:orient = (0.23975530128476102, -0.1989711209180411, 0.6458808669262943, 0.6969690052541866)
                    double3 xformOp:translate = (-0.12211783029313028, 0.23832231782187563, -0.32640842447833096)
                }

                over "joints"
                {
                    over "left_joint1"
                    {
                        float drive:angular:physics:targetPosition = 110.5
                        float physics:lowerLimit = -180
                        float physics:upperLimit = 180
                        float state:angular:physics:position = 110.51211
                        float state:angular:physics:velocity = 0
                    }

                    over "left_joint2"
                    {
                        float drive:angular:physics:targetPosition = 84.700005
                        float physics:lowerLimit = -90
                        float physics:upperLimit = 104.85127
                        float state:angular:physics:position = 84.70122
                        float state:angular:physics:velocity = 0
                    }

                    over "left_joint3"
                    {
                        float physics:lowerLimit = -180
                        float physics:upperLimit = 180
                        float state:angular:physics:position = -0.00040926857
                        float state:angular:physics:velocity = 0
                    }

                    over "left_joint4"
                    {
                        float drive:angular:physics:targetPosition = -56.7
                        float physics:lowerLimit = -120.32112
                        float physics:upperLimit = 120.32112
                        float state:angular:physics:position = -56.697884
                        float state:angular:physics:velocity = 0
                    }

                    over "left_joint5"
                    {
                        float drive:angular:physics:targetPosition = -7.7000003
                        float physics:lowerLimit = -166.15776
                        float physics:upperLimit = 166.15776
                        float state:angular:physics:position = -7.700321
                        float state:angular:physics:velocity = 0
                    }

                    over "left_joint6"
                    {
                        float physics:lowerLimit = -45
                        float physics:upperLimit = 45
                        float state:angular:physics:position = 0.00012731478
                        float state:angular:physics:velocity = 0
                    }

                    over "left_joint7"
                    {
                        float physics:lowerLimit = -80.21409
                        float physics:upperLimit = 80.21409
                        float state:angular:physics:position = 0.0000023810203
                        float state:angular:physics:velocity = 0
                    }

                    over "right_joint1"
                    {
                        float drive:angular:physics:targetPosition = -96.6
                        float physics:lowerLimit = -180
                        float physics:upperLimit = 180
                        float state:angular:physics:position = -96.59877
                        float state:angular:physics:velocity = 0
                    }

                    over "right_joint2"
                    {
                        float drive:angular:physics:targetPosition = 77.4
                        float physics:lowerLimit = -90
                        float physics:upperLimit = 104.85127
                        float state:angular:physics:position = 77.39879
                        float state:angular:physics:velocity = 0
                    }

                    over "right_joint3"
                    {
                        float physics:lowerLimit = -180
                        float physics:upperLimit = 180
                        float state:angular:physics:position = 0.0000917534
                        float state:angular:physics:velocity = 0
                    }

                    over "right_joint4"
                    {
                        float drive:angular:physics:targetPosition = 35.3
                        float physics:lowerLimit = -120.32112
                        float physics:upperLimit = 120.32112
                        float state:angular:physics:position = 35.300575
                        float state:angular:physics:velocity = 0
                    }

                    over "right_joint5"
                    {
                        float physics:lowerLimit = -166.15776
                        float physics:upperLimit = 166.15776
                        float state:angular:physics:position = -0.00010298634
                        float state:angular:physics:velocity = 0
                    }

                    over "right_joint6"
                    {
                        float physics:lowerLimit = -45
                        float physics:upperLimit = 45
                        float state:angular:physics:position = -0.0000016751375
                        float state:angular:physics:velocity = 0
                    }

                    over "right_joint7"
                    {
                        float physics:lowerLimit = -80.21409
                        float physics:upperLimit = 80.21409
                        float state:angular:physics:position = 2.5512795e-8
                        float state:angular:physics:velocity = 0
                    }
                }
            }
        }

        def "Galbot_One" (
            prepend payload = @./humanoid/Galbot/Galbot_One/Galbot_One.usda@
            variants = {
                string Arms = "Galbot_One_Arms"
            }
        )
        {
            string[] isaac:changelog (
                displayName = "Changelog"
            )
            string isaac:description (
                displayName = "Description"
            )
            token isaac:license (
                displayName = "License"
            )
            string isaac:namespace (
                displayName = "Namespace"
            )
            rel isaac:physics:robotJoints (
                displayName = "Robot Joints"
            )
            rel isaac:physics:robotLinks (
                displayName = "Robot Links"
            )
            token isaac:robotType (
                displayName = "Robot Type"
            )
            string isaac:source (
                displayName = "Source"
            )
            string isaac:version (
                displayName = "Version"
            )
            quatd xformOp:orient = (1, 0, 0, 0)
            double3 xformOp:scale = (1, 1, 1)
            double3 xformOp:translate = (1.4682851854740222, -3.641368919048144, 0.7664329878327807)
            uniform token[] xformOpOrder = ["xformOp:translate", "xformOp:orient", "xformOp:scale"]

            over "leg_link3"
            {
                vector3f physics:angularVelocity = (8.596496e-14, 4.7852683e-14, 7.3518225e-7)
                rel physics:simulationOwner
                vector3f physics:velocity = (1.4136027e-13, 5.3986603e-11, -6.035156e-18)
                quatd xformOp:orient = (-2.107342894058429e-8, -8.429369821109335e-8, 0.7071067917232592, 0.7071067706498304)
                double3 xformOp:translate = (-0.027055961268829698, 0.0869995622873283, 0.1690099962713758)
            }

            over "Galbot_One_Arms"
            {
                over "right_link6"
                {
                    vector3f physics:angularVelocity = (-0.020876344, -0.007637038, 0.0037630878)
                    rel physics:simulationOwner
                    vector3f physics:velocity = (0.00010056917, -0.00014750088, 0.000046373243)
                    quatd xformOp:orient = (0.6167546789538441, 0.5303315118697323, -0.3750375564309997, 0.4446447849382354)
                    double3 xformOp:translate = (0.20585053453206315, -0.3025487779157263, -0.622401679756769)
                }

                over "right_link4"
                {
                    vector3f physics:angularVelocity = (-0.01636246, -0.008699918, 0.0016585761)
                    rel physics:simulationOwner
                    vector3f physics:velocity = (0.000063112944, -0.00008571552, 0.0000010104008)
                    quatd xformOp:orient = (0.7160937533713368, 0.6137193720230278, -0.21272636394746308, 0.2555499224572427)
                    double3 xformOp:translate = (-0.019906838054497333, -0.26075780209533406, -0.3451163542329466)
                }

                over "right_link3"
                {
                    vector3f physics:angularVelocity = (-0.01099257, -0.008650944, 0.0008093843)
                    rel physics:simulationOwner
                    vector3f physics:velocity = (0.000048446967, -0.00006272808, -0.000012478817)
                    quatd xformOp:orient = (-0.028716313888944914, -0.0022594487428377694, 0.9965029709928082, -0.07843530461798977)
                    double3 xformOp:translate = (-0.019906838054495557, -0.26075875576965046, -0.34511635423289855)
                }

                over "left_link6"
                {
                    vector3f physics:angularVelocity = (0.010698897, 0.2934425, -0.28684208)
                    rel physics:simulationOwner
                    vector3f physics:velocity = (-0.0039447825, 0.000027157801, -0.00031931503)
                    quatd xformOp:orient = (0.38586509401209207, -0.3427750322852241, 0.5803568005502333, 0.6299201461455252)
                    double3 xformOp:translate = (0.06928115513855149, 0.2670065016950911, -0.6767479182464691)
                }

                over "left_link5"
                {
                    vector3f physics:angularVelocity = (0.016330943, 0.29335216, -0.2863246)
                    rel physics:simulationOwner
                    vector3f physics:velocity = (-0.0031539917, -0.00008559142, -0.00038985934)
                    quatd xformOp:orient = (-0.043454852319688674, 0.9815522650485523, -0.016380114059495438, 0.18546837641853817)
                    double3 xformOp:translate = (0.0692811551385526, 0.26700745536940396, -0.676747977851162)
                }

                over "left_link4"
                {
                    vector3f physics:angularVelocity = (0.013180817, 0.30786744, -0.2494948)
                    rel physics:simulationOwner
                    vector3f physics:velocity = (-0.0021227035, 0.000049319977, -0.00019580167)
                    quatd xformOp:orient = (0.14275043744318677, -0.11953935755184789, 0.6633303052067094, 0.7247934607874468)
                    double3 xformOp:translate = (-0.06230517257454671, 0.23848402686213888, -0.342874412166854)
                }

                over "left_link3"
                {
                    vector3f physics:angularVelocity = (0.035932828, 0.30750087, -0.24740426)
                    rel physics:simulationOwner
                    vector3f physics:velocity = (-0.0014728437, 0.000038432303, -0.00016614623)
                    quatd xformOp:orient = (-0.04629111387315919, 0.9948895478665977, -0.003919404557834377, -0.08964685488120129)
                    double3 xformOp:translate = (-0.06230517257454915, 0.23848402686214243, -0.3428743525622092)
                }

                over "base_link"
                {
                    vector3f physics:angularVelocity = (0, 0, 0)
                    rel physics:simulationOwner
                    vector3f physics:velocity = (0, 0, 0)
                    quatd xformOp:orient = (0.9999999999999998, -4.0124908778513876e-11, -2.1586699435918104e-10, 2.1072280400623577e-8)
                    double3 xformOp:translate = (2.495677797753615e-8, -3.3835173240959193e-7, -4.925701779789904e-8)
                }

                over "left_link1"
                {
                    vector3f physics:angularVelocity = (0.008097059, 7.468231e-10, 6.9559253e-10)
                    rel physics:simulationOwner
                    vector3f physics:velocity = (-2.8225897e-13, -2.6887994e-7, 0.0000015072735)
                    quatd xformOp:orient = (-0.5428595733005609, 0.5428596201427771, 0.45310433264279115, 0.4531041604694265)
                    double3 xformOp:translate = (2.4596518821695668e-8, 0.20599903603792313, 5.955446513716822e-8)
                }

                over "Hitbot_Gripper_right"
                {
                    over "gripper_link6"
                    {
                        vector3f physics:angularVelocity = (-0.02087546, -0.00754721, 0.0037738467)
                        rel physics:simulationOwner
                        vector3f physics:velocity = (0.00012817583, -0.0001807667, 0.0001333325)
                        quatd xformOp:orient = (0.17091979419745504, 0.701302895271779, -0.6894124818071442, 0.06058962752347988)
                        double3 xformOp:translate = (-0.6315748056769657, -0.45939664942770486, 0.6994071659639117)
                    }

                    over "gripper_link3"
                    {
                        vector3f physics:angularVelocity = (-0.020874348, -0.007549598, 0.0037807531)
                        rel physics:simulationOwner
                        vector3f physics:velocity = (0.00013095455, -0.00017989855, 0.00014733773)
                        quatd xformOp:orient = (0.1709197931191037, 0.7013030696611535, -0.689412301436937, 0.060589664394118656)
                        double3 xformOp:translate = (-0.7421209168533753, -0.4583887354512426, 0.716888617853714)
                    }

                    over "gripper_link5"
                    {
                        vector3f physics:angularVelocity = (-0.020933313, -0.0074230977, 0.003415191)
                        rel physics:simulationOwner
                        vector3f physics:velocity = (0.00012502454, -0.00017632879, 0.0001240977)
                        quatd xformOp:orient = (0.18109595280659915, 0.9117461757472466, -0.36855695524999343, -0.009430674641584895)
                        double3 xformOp:translate = (-0.678905662304965, -0.41549067558185326, 0.6918481688159952)
                    }

                    over "gripper_link4"
                    {
                        vector3f physics:angularVelocity = (-0.020912338, -0.0074681034, 0.0035452326)
                        rel physics:simulationOwner
                        vector3f physics:velocity = (0.00012285289, -0.00017390284, 0.00011670595)
                        quatd xformOp:orient = (0.1810959120510251, 0.9117461956234187, -0.3685569257429125, -0.009430688817013236)
                        double3 xformOp:translate = (-0.6696578827552351, -0.40141837631787713, 0.6854871612705837)
                    }

                    over "gripper_link2"
                    {
                        vector3f physics:angularVelocity = (-0.020827446, -0.0076502115, 0.004071509)
                        rel physics:simulationOwner
                        vector3f physics:velocity = (0.00012644225, -0.00017585978, 0.00013155423)
                        quatd xformOp:orient = (-0.13472262725824857, -0.38409276151419247, 0.9053110370572841, -0.12138570937017933)
                        double3 xformOp:translate = (-0.6986591182626984, -0.4153106696558959, 0.694971989648909)
                    }

                    over "gripper_link1"
                    {
                        vector3f physics:angularVelocity = (-0.02081477, -0.007677412, 0.004150121)
                        rel physics:simulationOwner
                        vector3f physics:velocity = (0.00012438581, -0.00017348198, 0.00012504029)
                        quatd xformOp:orient = (-0.13472261719353187, -0.3840928051051672, 0.9053110274684901, -0.12138565412319591)
                        double3 xformOp:translate = (-0.7091657483450664, -0.4010549073965175, 0.691733730053004)
                    }

                    over "gripper_base"
                    {
                        vector3f physics:angularVelocity = (-0.020872623, -0.0075533073, 0.0037914624)
                        rel physics:simulationOwner
                        vector3f physics:velocity = (0.0001173017, -0.00016768981, 0.0000982686)
                        quatd xformOp:orient = (0.7013029779245109, -0.17091985979378096, -0.06058962998197577, -0.6894123812501008)
                        double3 xformOp:translate = (-0.6945392472825294, -0.2859520184342932, 0.6495449110957668)
                    }

                    over "joints"
                    {
                        over "gripper_joint"
                        {
                            float physics:lowerLimit = 0
                            float physics:upperLimit = 42.971832
                            float state:angular:physics:position = -2.3291067e-11
                            float state:angular:physics:velocity = 0
                        }

                        over "gripper_joint2"
                        {
                            float state:angular:physics:position = 1.5244393e-7
                            float state:angular:physics:velocity = 0
                        }

                        over "gripper_joint4"
                        {
                            float state:angular:physics:position = -9.301616e-7
                            float state:angular:physics:velocity = 0
                        }

                        over "gripper_joint5"
                        {
                            float state:angular:physics:position = -0.0000029733364
                            float state:angular:physics:velocity = 0
                        }

                        over "gripper_joint3"
                        {
                            float state:angular:physics:position = -6.346237e-7
                            float state:angular:physics:velocity = 0
                        }

                        over "gripper_joint6"
                        {
                            float state:angular:physics:position = 0.0000027754568
                            float state:angular:physics:velocity = 0
                        }
                    }
                }

                over "right_link5"
                {
                    vector3f physics:angularVelocity = (-0.01615774, -0.00759401, 0.0030169)
                    rel physics:simulationOwner
                    vector3f physics:velocity = (0.000085076244, -0.00012088347, 0.000030319829)
                    quatd xformOp:orient = (0.3311213753568076, -0.030279695119018114, 0.9403199315624327, -0.0723892336728176)
                    double3 xformOp:translate = (0.20585053453206315, -0.3025487779157263, -0.622401679756769)
                }

                over "Hitbot_Gripper_left"
                {
                    over "gripper_link4"
                    {
                        vector3f physics:angularVelocity = (0.010437677, 0.2922859, -0.28420022)
                        rel physics:simulationOwner
                        vector3f physics:velocity = (-0.005453062, 0.00017993206, -0.0002187711)
                        quatd xformOp:orient = (-0.1349573312139913, 0.3739858062540271, 0.8944244119478197, 0.20475865496706025)
                        double3 xformOp:translate = (-0.7476548859984451, 0.25149013787538443, 0.7749262934115653)
                    }

                    over "gripper_link1"
                    {
                        vector3f physics:angularVelocity = (0.0108548915, 0.29449344, -0.28835672)
                        rel physics:simulationOwner
                        vector3f physics:velocity = (-0.005429463, -0.00015156306, -0.0005575447)
                        quatd xformOp:orient = (-0.24021547864144208, 0.8969014477893423, 0.3680057180613055, 0.049356947318768433)
                        double3 xformOp:translate = (-0.7078275390109905, 0.2521286226015842, 0.7712694312278301)
                    }

                    over "gripper_link2"
                    {
                        vector3f physics:angularVelocity = (0.010955447, 0.29502553, -0.28935832)
                        rel physics:simulationOwner
                        vector3f physics:velocity = (-0.0055702096, -0.00013520008, -0.0005458167)
                        quatd xformOp:orient = (-0.24021548351147856, 0.8969014220644888, 0.36800576927247297, 0.04935700925116762)
                        double3 xformOp:translate = (-0.7173566531563722, 0.26520159049096814, 0.7791686549366438)
                    }

                    over "gripper_link5"
                    {
                        vector3f physics:angularVelocity = (0.010543664, 0.2928467, -0.28525612)
                        rel physics:simulationOwner
                        vector3f physics:velocity = (-0.0055916263, 0.00016082157, -0.00024355574)
                        quatd xformOp:orient = (-0.13495734785162145, 0.3739859138346935, 0.8944243638515528, 0.2047586576016528)
                        double3 xformOp:translate = (-0.7372703266500622, 0.26488091761636, 0.7809963111681915)
                    }

                    over "gripper_base"
                    {
                        vector3f physics:angularVelocity = (0.010692654, 0.29363504, -0.28674033)
                        rel physics:simulationOwner
                        vector3f physics:velocity = (-0.0050932015, 0.00019788246, -0.0001873103)
                        quatd xformOp:orient = (0.6877992421457796, 0.2030421111650257, -0.13752643047970958, 0.6832222072772886)
                        double3 xformOp:translate = (-0.7312240284270786, 0.1441111756398199, 0.7162479103136784)
                    }

                    over "gripper_link3"
                    {
                        vector3f physics:angularVelocity = (0.010707957, 0.29371592, -0.2868929)
                        rel physics:simulationOwner
                        vector3f physics:velocity = (-0.005811676, -0.00026874235, -0.0006910739)
                        quatd xformOp:orient = (-0.20304211854015597, 0.6877993265416003, 0.6832221269623845, 0.13752639650860393)
                        double3 xformOp:translate = (-0.6702785213251783, 0.30656876435334457, 0.7964156767127265)
                    }

                    over "gripper_link6"
                    {
                        vector3f physics:angularVelocity = (0.010705916, 0.29370517, -0.28687248)
                        rel physics:simulationOwner
                        vector3f physics:velocity = (-0.0058512217, 0.0002883318, -0.00012226631)
                        quatd xformOp:orient = (-0.20304210322372265, 0.6877993325073973, 0.6832221255650245, 0.13752639622732823)
                        double3 xformOp:translate = (-0.7817201340882161, 0.30477383072012665, 0.8066434705813413)
                    }

                    over "joints"
                    {
                        over "gripper_joint"
                        {
                            float physics:lowerLimit = 0
                            float physics:upperLimit = 42.971832
                            float state:angular:physics:position = -1.7272013e-10
                            float state:angular:physics:velocity = 0
                        }

                        over "gripper_joint2"
                        {
                            float state:angular:physics:position = 0.000041505416
                            float state:angular:physics:velocity = 0
                        }

                        over "gripper_joint4"
                        {
                            float state:angular:physics:position = -0.00001464582
                            float state:angular:physics:velocity = 0
                        }

                        over "gripper_joint5"
                        {
                            float state:angular:physics:position = 0.0000066311945
                            float state:angular:physics:velocity = 0
                        }

                        over "gripper_joint3"
                        {
                            float state:angular:physics:position = -0.000027637612
                            float state:angular:physics:velocity = 0
                        }

                        over "gripper_joint6"
                        {
                            float state:angular:physics:position = 0.0000055774753
                            float state:angular:physics:velocity = 0
                        }
                    }
                }

                over "right_link1"
                {
                    vector3f physics:angularVelocity = (-0.011199478, -6.2363464e-10, -8.127042e-10)
                    rel physics:simulationOwner
                    vector3f physics:velocity = (-6.90042e-13, -1.2876166e-7, 0.0000021137848)
                    quatd xformOp:orient = (0.4853898767647574, 0.48538986191462685, 0.5141951961585843, -0.5141951475191381)
                    double3 xformOp:translate = (1.4452632135508736e-7, -0.20599971274138085, -3.8859206075159136e-8)
                }

                over "left_link2"
                {
                    vector3f physics:angularVelocity = (0.008097063, 0.2541519, 0.046182953)
                    rel physics:simulationOwner
                    vector3f physics:velocity = (0.00056475715, -0.000027873093, 0.00005437358)
                    quatd xformOp:orient = (-0.5170543548981297, -0.47366438065727756, 0.4315656110686461, 0.567492706490914)
                    double3 xformOp:translate = (2.4596517045338828e-8, 0.20599998971223954, 5.9554416953488953e-8)
                }

                over "left_link7"
                {
                    vector3f physics:angularVelocity = (0.010692654, 0.29363504, -0.28674033)
                    rel physics:simulationOwner
                    vector3f physics:velocity = (-0.004527995, -0.000015821885, -0.0003850762)
                    quatd xformOp:orient = (0.5152263886038227, 0.03046941856141134, 0.855795026229631, 0.03504648483681774)
                    double3 xformOp:translate = (0.06928115513855415, 0.26700650169508755, -0.6767479778511138)
                }

                over "right_link2"
                {
                    vector3f physics:angularVelocity = (-0.011199478, -0.0085757235, -0.0004946683)
                    rel physics:simulationOwner
                    vector3f physics:velocity = (0.000018672714, -0.000024099098, -0.0000049681285)
                    quatd xformOp:orient = (0.552957503035892, 0.4458058683894989, -0.5219807505128128, -0.4722618168345575)
                    double3 xformOp:translate = (1.4452632135508736e-7, -0.20599971274138085, -3.8859206075159136e-8)
                }

                over "right_link7"
                {
                    vector3f physics:angularVelocity = (-0.020872623, -0.0075533073, 0.0037914624)
                    rel physics:simulationOwner
                    vector3f physics:velocity = (0.00010675154, -0.00014585242, 0.000083692146)
                    quatd xformOp:orient = (0.06111026680443986, 0.8111124128063691, 0.049219651255114065, 0.5796029805072139)
                    double3 xformOp:translate = (0.20585065374135003, -0.30254877791572277, -0.622401620152119)
                }

                over "joints"
                {
                    over "left_joint1"
                    {
                        float drive:angular:physics:targetPosition = 100.3
                        float physics:lowerLimit = -180
                        float physics:upperLimit = 180
                        float state:angular:physics:position = 100.29907
                        float state:angular:physics:velocity = 0
                    }

                    over "left_joint2"
                    {
                        float drive:angular:physics:targetPosition = 84.700005
                        float physics:lowerLimit = -90
                        float physics:upperLimit = 104.85127
                        float state:angular:physics:position = 84.6746
                        float state:angular:physics:velocity = 0
                    }

                    over "left_joint3"
                    {
                        float physics:lowerLimit = -180
                        float physics:upperLimit = 180
                        float state:angular:physics:position = -0.028855233
                        float state:angular:physics:velocity = 0
                    }

                    over "left_joint4"
                    {
                        float drive:angular:physics:targetPosition = -31.7
                        float physics:lowerLimit = -120.32112
                        float physics:upperLimit = 120.32112
                        float state:angular:physics:position = -31.697819
                        float state:angular:physics:velocity = 0
                    }

                    over "left_joint5"
                    {
                        float physics:lowerLimit = -180
                        float physics:upperLimit = 180
                        float state:angular:physics:position = -0.0037980212
                        float state:angular:physics:velocity = 0
                    }

                    over "left_joint6"
                    {
                        float drive:angular:physics:targetPosition = -40.7
                        float physics:lowerLimit = -90
                        float physics:upperLimit = 90
                        float state:angular:physics:position = -40.699368
                        float state:angular:physics:velocity = 0
                    }

                    over "left_joint7"
                    {
                        float physics:lowerLimit = -180
                        float physics:upperLimit = 180
                        float state:angular:physics:position = 0.0000045864217
                        float state:angular:physics:velocity = 0
                    }

                    over "right_joint1"
                    {
                        float drive:angular:physics:targetPosition = -93.3
                        float physics:lowerLimit = -180
                        float physics:upperLimit = 180
                        float state:angular:physics:position = -93.30129
                        float state:angular:physics:velocity = 0
                    }

                    over "right_joint2"
                    {
                        float drive:angular:physics:targetPosition = 81
                        float physics:lowerLimit = -90
                        float physics:upperLimit = 104.85127
                        float state:angular:physics:position = 80.99901
                        float state:angular:physics:velocity = 0
                    }

                    over "right_joint3"
                    {
                        float physics:lowerLimit = -180
                        float physics:upperLimit = 180
                        float state:angular:physics:position = 0.000113658985
                        float state:angular:physics:velocity = 0
                    }

                    over "right_joint4"
                    {
                        float drive:angular:physics:targetPosition = 42.100002
                        float physics:lowerLimit = -120.32112
                        float physics:upperLimit = 120.32112
                        float state:angular:physics:position = 42.09939
                        float state:angular:physics:velocity = 0
                    }

                    over "right_joint5"
                    {
                        float physics:lowerLimit = -180
                        float physics:upperLimit = 180
                        float state:angular:physics:position = 0.0001503729
                        float state:angular:physics:velocity = 0
                    }

                    over "right_joint6"
                    {
                        float drive:angular:physics:targetPosition = 32.3
                        float physics:lowerLimit = -90
                        float physics:upperLimit = 90
                        float state:angular:physics:position = 32.29943
                        float state:angular:physics:velocity = 0
                    }

                    over "right_joint7"
                    {
                        float physics:lowerLimit = -180
                        float physics:upperLimit = 180
                        float state:angular:physics:position = 0.000006474886
                        float state:angular:physics:velocity = 0
                    }
                }
            }

            over "leg_link4"
            {
                vector3f physics:angularVelocity = (0, 0, 0)
                rel physics:simulationOwner
                vector3f physics:velocity = (0, 0, 0)
                quatd xformOp:orient = (0.9999999999999943, 2.4616965016496896e-8, 2.0220296506618764e-8, 1.0153531156074499e-7)
                double3 xformOp:translate = (-0.02705608047811925, 0.0869995622873283, 0.1690099962713758)
            }

            over "head_link1"
            {
                vector3f physics:angularVelocity = (0, 0, 0)
                rel physics:simulationOwner
                vector3f physics:velocity = (0, 0, 0)
                quatd xformOp:orient = (0.9999999999999947, 1.0612921753809492e-8, -1.0612921753809492e-8, 1.0214143537319469e-7)
                double3 xformOp:translate = (-0.03522287048666417, 0.08705010702609783, 0.7529498466017286)
            }

            over "Chassis"
            {
                over "OmniWheel_10"
                {
                    over "wheel_passive_9"
                    {
                        vector3f physics:angularVelocity = (-0.004498702, 0.0009620042, -0.0018167758)
                        rel physics:simulationOwner
                        vector3f physics:velocity = (1.0459387e-9, -0.00008211911, -0.000026265332)
                        quatd xformOp:orient = (0.94970336374538, -0.31313139321625655, -0.0034073165485750427, 0.0008010412563617396)
                        double3 xformOp:translate = (0.0016394533995294225, 0.018586700421877822, -0.6075355831620654)
                    }

                    over "wheel_passive_6"
                    {
                        vector3f physics:angularVelocity = (-0.0044991937, 0.000916789, 0.0018402599)
                        rel physics:simulationOwner
                        vector3f physics:velocity = (6.798701e-10, -0.00008208554, -0.000028980077)
                        quatd xformOp:orient = (-0.30490801669483825, 0.9523753010132042, -0.00080700486247808, 0.003425801859537117)
                        double3 xformOp:translate = (0.0016375994831410168, -0.021862978793203425, -0.607185830557104)
                    }

                    over "wheel_passive_3"
                    {
                        vector3f physics:angularVelocity = (-0.0029787195, 0.0024733285, -0.0010993474)
                        rel physics:simulationOwner
                        vector3f physics:velocity = (7.99566e-10, -0.00007844458, -0.000028096518)
                        quatd xformOp:orient = (0.5912806896534215, 0.8064646197557417, 0.000396796531846213, 0.0013437550794269274)
                        double3 xformOp:translate = (0.0013059879061714241, -0.009030274950468709, -0.5688257489440401)
                    }

                    over "wheel_passive_4"
                    {
                        vector3f physics:angularVelocity = (-0.004498703, 0.00096200354, -0.0018167747)
                        rel physics:simulationOwner
                        vector3f physics:velocity = (6.848919e-10, -0.00007929616, -0.000028945971)
                        quatd xformOp:orient = (0.31313135879333154, 0.9497033750339111, 0.0008011373042391498, 0.00340731103071211)
                        double3 xformOp:translate = (0.0013835382768947468, -0.021608917593802346, -0.5777987662789782)
                    }

                    over "wheel_passive_8"
                    {
                        vector3f physics:angularVelocity = (-0.0029787177, 0.002473328, -0.0010993468)
                        rel physics:simulationOwner
                        vector3f physics:velocity = (9.312644e-10, -0.000082970684, -0.000027114784)
                        quatd xformOp:orient = (0.8064646305618614, -0.5912806749172825, -0.0013437699534441648, 0.00039674222809322254)
                        double3 xformOp:translate = (0.0017176781198182667, 0.006008732128128358, -0.6165086004970034)
                    }

                    over "wheel_passive_7"
                    {
                        vector3f physics:angularVelocity = (-0.0029790208, 0.0024453837, 0.0011608247)
                        rel physics:simulationOwner
                        vector3f physics:velocity = (7.9143864e-10, -0.00008295788, -0.000028151726)
                        quatd xformOp:orient = (-0.5842855077410847, 0.8115469171654631, -0.0004155110472909592, 0.0013689534489328104)
                        double3 xformOp:translate = (0.0017171725657831871, -0.009441459599001334, -0.6163750115869006)
                    }

                    over "wheel_passive_5"
                    {
                        vector3f physics:angularVelocity = (-0.0054384083, 9.758127e-9, 2.8216431e-9)
                        rel physics:simulationOwner
                        vector3f physics:velocity = (6.3917244e-10, -0.000080686914, -0.00002928347)
                        quatd xformOp:orient = (0.004323259210445813, 0.9999813080168207, -3.03209014543175e-7, 0.0043235456139308496)
                        double3 xformOp:translate = (0.001510484650640187, -0.026510258899120842, -0.5924510184762438)
                    }

                    over "wheel"
                    {
                        vector3f physics:angularVelocity = (-0.0054384083, 8.243488e-10, 7.3334934e-7)
                        rel physics:simulationOwner
                        vector3f physics:velocity = (8.418037e-10, -0.00008070548, -0.000027780745)
                        quatd xformOp:orient = (0.9999813078588428, -0.004323304654405656, -0.004323536721598447, 2.2844565213424057e-8)
                        double3 xformOp:translate = (0.0015118330129952895, -0.0015107714111692871, -0.5926671821711024)
                    }

                    over "wheel_passive_0"
                    {
                        vector3f physics:angularVelocity = (-0.0054384083, 9.7761825e-9, 1.3365022e-9)
                        rel physics:simulationOwner
                        vector3f physics:velocity = (1.0916582e-9, -0.00008072837, -0.000025927848)
                        quatd xformOp:orient = (0.9999813078933807, -0.0043233028643047695, -0.004323530507056606, -3.765870038492812e-7)
                        double3 xformOp:translate = (0.0015125070257813178, 0.023488041727196318, -0.5928833384153803)
                    }

                    over "wheel_passive_2"
                    {
                        vector3f physics:angularVelocity = (-0.002979023, 0.0024453844, 0.0011608233)
                        rel physics:simulationOwner
                        vector3f physics:velocity = (9.393909e-10, -0.000078457415, -0.000027059596)
                        quatd xformOp:orient = (0.8115468999981806, 0.5842855316179772, -0.0013689364589887201, -0.0004155216144049488)
                        double3 xformOp:translate = (0.0013064934602065037, 0.006419916776660983, -0.5689593527553042)
                    }

                    over "wheel_passive_1"
                    {
                        vector3f physics:angularVelocity = (-0.004499194, 0.00091678917, 0.0018402587)
                        rel physics:simulationOwner
                        vector3f physics:velocity = (1.0509602e-9, -0.00007932976, -0.000026231235)
                        quatd xformOp:orient = (0.9523753133435778, 0.30490797842857814, -0.003425788101367873, -0.0008069697665809222)
                        double3 xformOp:translate = (0.0013853921932831526, 0.018840761621277125, -0.5781485263345202)
                    }

                    over "joints"
                    {
                        over "wheel_passive_0_joint"
                        {
                            float physics:lowerLimit = -inf
                            float physics:upperLimit = inf
                        }

                        over "wheel_passive_1_joint"
                        {
                            float physics:lowerLimit = -inf
                            float physics:upperLimit = inf
                        }

                        over "wheel_passive_2_joint"
                        {
                            float physics:lowerLimit = -inf
                            float physics:upperLimit = inf
                        }

                        over "wheel_passive_3_joint"
                        {
                            float physics:lowerLimit = -inf
                            float physics:upperLimit = inf
                        }

                        over "wheel_passive_4_joint"
                        {
                            float physics:lowerLimit = -inf
                            float physics:upperLimit = inf
                        }

                        over "wheel_passive_5_joint"
                        {
                            float physics:lowerLimit = -inf
                            float physics:upperLimit = inf
                        }

                        over "wheel_passive_6_joint"
                        {
                            float physics:lowerLimit = -inf
                            float physics:upperLimit = inf
                        }

                        over "wheel_passive_7_joint"
                        {
                            float physics:lowerLimit = -inf
                            float physics:upperLimit = inf
                        }

                        over "wheel_passive_8_joint"
                        {
                            float physics:lowerLimit = -inf
                            float physics:upperLimit = inf
                        }

                        over "wheel_passive_9_joint"
                        {
                            float physics:lowerLimit = -inf
                            float physics:upperLimit = inf
                        }
                    }
                }

                over "wheel_1"
                {
                    vector3f physics:angularVelocity = (-0.0054384083, 8.243488e-10, 7.3334934e-7)
                    rel physics:simulationOwner
                    vector3f physics:velocity = (8.654153e-10, -0.00008070763, -0.000027605658)
                    quatd xformOp:orient = (-0.3826762940747455, 0.005648884133702179, -0.002339666848493473, 0.9238622570601643)
                    double3 xformOp:translate = (0.1743556998792417, 0.17649225332736762, -0.5208331842062434)
                }

                over "OmniWheel_11"
                {
                    over "wheel_passive_8"
                    {
                        vector3f physics:angularVelocity = (-0.0029789603, -0.0024729932, 0.0011006667)
                        rel physics:simulationOwner
                        vector3f physics:velocity = (-3.6044059e-9, -0.00008256084, -0.000060617054)
                        quatd xformOp:orient = (0.8064631609492637, -0.5912826846709665, 0.0013400499218324772, -0.00040138039739538907)
                        double3 xformOp:translate = (-0.0016974617884368826, 0.0060254773362515834, -0.6121922481892069)
                    }

                    over "wheel_passive_3"
                    {
                        vector3f physics:angularVelocity = (-0.0029789596, -0.0024729932, 0.0011006672)
                        rel physics:simulationOwner
                        vector3f physics:velocity = (-3.6999606e-9, -0.000078035046, -0.000061598796)
                        quatd xformOp:orient = (0.5912826964974466, 0.806463152314264, -0.0004014019003847281, -0.001340021851680447)
                        double3 xformOp:translate = (-0.001286359203271914, -0.009012771032706368, -0.5645093146798571)
                    }

                    over "wheel"
                    {
                        vector3f physics:angularVelocity = (-0.0054383613, 4.4367376e-8, 7.338818e-7)
                        rel physics:simulationOwner
                        vector3f physics:velocity = (-3.6285732e-9, -0.00008030007, -0.000060932838)
                        quatd xformOp:orient = (0.9999812981438926, -0.0043257834277447265, 0.004323304312103652, 1.2886921550394736e-7)
                        double3 xformOp:translate = (-0.0014922055238510978, -0.0014932675266337014, -0.5883507851598223)
                    }

                    over "wheel_passive_1"
                    {
                        vector3f physics:angularVelocity = (-0.0044986648, -0.00091721566, -0.0018397572)
                        rel physics:simulationOwner
                        vector3f physics:velocity = (-3.4554684e-9, -0.00007891969, -0.000059733542)
                        quatd xformOp:orient = (0.9523760625928454, 0.3049056424559483, 0.0034244829608765332, 0.0008108730633043348)
                        double3 xformOp:translate = (-0.001365767989165434, 0.018858265526224827, -0.5738322410819491)
                    }

                    over "wheel_passive_7"
                    {
                        vector3f physics:angularVelocity = (-0.0029786718, -0.0024456428, -0.0011595204)
                        rel physics:simulationOwner
                        vector3f physics:velocity = (-3.744231e-9, -0.00008254829, -0.00006165399)
                        quatd xformOp:orient = (-0.5842834961280389, 0.8115483682284862, 0.00041971524331870235, -0.0013660223980056323)
                        double3 xformOp:translate = (-0.00169695374052381, -0.009424714390797284, -0.6120585847732981)
                    }

                    over "wheel_passive_0"
                    {
                        vector3f physics:angularVelocity = (-0.0054383613, 5.311041e-8, 1.9146883e-8)
                        rel physics:simulationOwner
                        vector3f physics:velocity = (-3.425941e-9, -0.00008031822, -0.000059430153)
                        quatd xformOp:orient = (0.9999812981106365, -0.004325784479390634, 0.004323310952926831, -9.199705657608826e-8)
                        double3 xformOp:translate = (-0.0014929678654880263, 0.023505461317914644, -0.5885670680639704)
                    }

                    over "wheel_passive_9"
                    {
                        vector3f physics:angularVelocity = (-0.0044991323, -0.00096146984, 0.0018173022)
                        rel physics:simulationOwner
                        vector3f physics:velocity = (-3.4828282e-9, -0.000081709026, -0.000059767623)
                        quatd xformOp:orient = (0.9497025880166093, -0.31313375334767396, 0.003405685990177165, -0.0008050663878006686)
                        double3 xformOp:translate = (-0.001619913448088539, 0.018604119992104984, -0.6032192904589136)
                    }

                    over "wheel_passive_2"
                    {
                        vector3f physics:angularVelocity = (-0.0029786706, -0.0024456426, -0.0011595206)
                        rel physics:simulationOwner
                        vector3f physics:velocity = (-3.5601366e-9, -0.00007804761, -0.000060561873)
                        quatd xformOp:orient = (0.8115483929190765, 0.5842834619191998, 0.0013659256794434822, 0.00041991096376248465)
                        double3 xformOp:translate = (-0.0012868672511885393, 0.006437420694342499, -0.5646429929969271)
                    }

                    over "wheel_passive_6"
                    {
                        vector3f physics:angularVelocity = (-0.0044986657, -0.00091721566, -0.0018397572)
                        rel physics:simulationOwner
                        vector3f physics:velocity = (-3.848897e-9, -0.0000816762, -0.00006248238)
                        quatd xformOp:orient = (-0.3049056835418008, 0.9523760494226899, 0.0008108246724816805, -0.0034244989835196795)
                        double3 xformOp:translate = (-0.0016180530025433626, -0.021845559222678723, -0.6028693366882761)
                    }

                    over "wheel_passive_5"
                    {
                        vector3f physics:angularVelocity = (-0.0054383613, 5.3100084e-8, 1.996827e-8)
                        rel physics:simulationOwner
                        vector3f physics:velocity = (-3.8784274e-9, -0.00008027764, -0.000062785715)
                        quatd xformOp:orient = (0.0043257404016164794, 0.9999812983646683, -7.943516987132825e-8, -0.004323296298402653)
                        double3 xformOp:translate = (-0.001490853126224323, -0.02649275501436854, -0.5881345022556742)
                    }

                    over "wheel_passive_4"
                    {
                        vector3f physics:angularVelocity = (-0.0044991323, -0.0009614691, 0.0018173027)
                        rel physics:simulationOwner
                        vector3f physics:velocity = (-3.8215386e-9, -0.00007888683, -0.00006244821)
                        quatd xformOp:orient = (0.31313371105858545, 0.9497026019096141, -0.0008051198089072891, -0.003405687431504495)
                        double3 xformOp:translate = (-0.0013639075436220338, -0.02159141368855888, -0.5734822724101504)
                    }

                    over "joints"
                    {
                        over "wheel_passive_0_joint"
                        {
                            float physics:lowerLimit = -inf
                            float physics:upperLimit = inf
                        }

                        over "wheel_passive_1_joint"
                        {
                            float physics:lowerLimit = -inf
                            float physics:upperLimit = inf
                        }

                        over "wheel_passive_2_joint"
                        {
                            float physics:lowerLimit = -inf
                            float physics:upperLimit = inf
                        }

                        over "wheel_passive_3_joint"
                        {
                            float physics:lowerLimit = -inf
                            float physics:upperLimit = inf
                        }

                        over "wheel_passive_4_joint"
                        {
                            float physics:lowerLimit = -inf
                            float physics:upperLimit = inf
                        }

                        over "wheel_passive_5_joint"
                        {
                            float physics:lowerLimit = -inf
                            float physics:upperLimit = inf
                        }

                        over "wheel_passive_6_joint"
                        {
                            float physics:lowerLimit = -inf
                            float physics:upperLimit = inf
                        }

                        over "wheel_passive_7_joint"
                        {
                            float physics:lowerLimit = -inf
                            float physics:upperLimit = inf
                        }

                        over "wheel_passive_8_joint"
                        {
                            float physics:lowerLimit = -inf
                            float physics:upperLimit = inf
                        }

                        over "wheel_passive_9_joint"
                        {
                            float physics:lowerLimit = -inf
                            float physics:upperLimit = inf
                        }
                    }
                }

                over "wheel_2"
                {
                    vector3f physics:angularVelocity = (-0.0054383613, 4.4367376e-8, 7.338818e-7)
                    rel physics:simulationOwner
                    vector3f physics:velocity = (-3.652181e-9, -0.00008029793, -0.000061107916)
                    quatd xformOp:orient = (0.9238622752583708, -0.002342045419746348, 0.005649618189809256, -0.3826762247540178)
                    double3 xformOp:translate = (-0.178604052203583, 0.17649225332736762, -0.5165167871949633)
                }

                over "OmniWheel_12"
                {
                    over "wheel_passive_4"
                    {
                        vector3f physics:angularVelocity = (-0.004499125, 0.00091667776, 0.0018402487)
                        rel physics:simulationOwner
                        vector3f physics:velocity = (-3.4897114e-9, -0.00007892458, -0.00005973355)
                        quatd xformOp:orient = (0.30490400638900916, 0.9523765849225938, -0.0008076072184583446, -0.0034256604749272517)
                        double3 xformOp:translate = (-0.0013669770644444412, -0.018859643188513076, -0.5738321963784655)
                    }

                    over "wheel_passive_2"
                    {
                        vector3f physics:angularVelocity = (-0.0029786155, 0.0024732505, -0.0010993228)
                        rel physics:simulationOwner
                        vector3f physics:velocity = (-3.7553654e-9, -0.000078039426, -0.000061598774)
                        quatd xformOp:orient = (0.8064621883316766, 0.5912840059167185, 0.0013438296973070818, 0.00039656034345401817)
                        double3 xformOp:translate = (-0.0012868939288761538, 0.009012067719892158, -0.5645091805694064)
                    }

                    over "wheel_passive_3"
                    {
                        vector3f physics:angularVelocity = (-0.0029789456, 0.0024452806, 0.0011608489)
                        rel physics:simulationOwner
                        vector3f physics:velocity = (-3.6155408e-9, -0.000078052246, -0.00006056188)
                        quatd xformOp:orient = (0.5842821194378867, 0.811549356163162, -0.0004150818864535802, -0.0013693514362863306)
                        double3 xformOp:translate = (-0.0012880763264675466, -0.0064387983566316365, -0.5646429035899599)
                    }

                    over "wheel"
                    {
                        vector3f physics:angularVelocity = (-0.005438315, -8.9141956e-8, 7.3224857e-7)
                        rel physics:simulationOwner
                        vector3f physics:velocity = (-3.6285701e-9, -0.00008030454, -0.0000609328)
                        quatd xformOp:orient = (0.9999812900350724, 0.004327424737807136, 0.00432353731692456, -1.2800664906874776e-8)
                        double3 xformOp:translate = (-0.0014928245431375942, 0.0014926485075292817, -0.5883506734011134)
                    }

                    over "wheel_passive_5"
                    {
                        vector3f physics:angularVelocity = (-0.005438315, -7.9794596e-8, -3.177003e-8)
                        rel physics:simulationOwner
                        vector3f physics:velocity = (-3.425939e-9, -0.00008032322, -0.00005943018)
                        quatd xformOp:orient = (-0.004327467041953877, 0.9999812898771961, -3.7919061048398064e-7, -0.004323531472769308)
                        double3 xformOp:translate = (-0.0014941769407670336, -0.02350683898020378, -0.5885670457122286)
                    }

                    over "wheel_passive_6"
                    {
                        vector3f physics:angularVelocity = (-0.0044985907, 0.00096193526, -0.0018167858)
                        rel physics:simulationOwner
                        vector3f physics:velocity = (-3.4485839e-9, -0.00008171391, -0.00005976766)
                        quatd xformOp:orient = (-0.31313533862237064, 0.9497020630522178, 0.0008012054587267872, -0.0034072290835255883)
                        double3 xformOp:translate = (-0.0016205324673759236, -0.018604739011209404, -0.6032192532060107)
                    }

                    over "wheel_passive_7"
                    {
                        vector3f physics:angularVelocity = (-0.0029786138, 0.0024732507, -0.0010993227)
                        rel physics:simulationOwner
                        vector3f physics:velocity = (-3.5489964e-9, -0.00008256545, -0.000060617054)
                        quatd xformOp:orient = (-0.5912840342032204, 0.8064621675135106, 0.00039658052215438906, -0.0013438711488343398)
                        double3 xformOp:translate = (-0.0016987551574008108, -0.006026770704833595, -0.612192173683401)
                    }

                    over "wheel_passive_8"
                    {
                        vector3f physics:angularVelocity = (-0.0029789438, 0.0024452806, 0.0011608487)
                        rel physics:simulationOwner
                        vector3f physics:velocity = (-3.6888221e-9, -0.00008255262, -0.000061654006)
                        quatd xformOp:orient = (0.8115493688890862, -0.5842821017544688, 0.001369356984074103, -0.0004150741579713201)
                        double3 xformOp:translate = (-0.001698247109485962, 0.00942342102221616, -0.6120584432122668)
                    }

                    over "wheel_passive_9"
                    {
                        vector3f physics:angularVelocity = (-0.0044991234, 0.00091667805, 0.0018402493)
                        rel physics:simulationOwner
                        vector3f physics:velocity = (-3.8146553e-9, -0.00008168029, -0.000062482315)
                        quatd xformOp:orient = (0.9523765628264885, -0.304904075424031, 0.003425648690974639, -0.0008076507081690552)
                        double3 xformOp:translate = (-0.0016193463715072909, 0.0218442658540976, -0.6028691653249224)
                    }

                    over "wheel_passive_0"
                    {
                        vector3f physics:angularVelocity = (-0.005438315, -7.98122e-8, -3.029666e-8)
                        rel physics:simulationOwner
                        vector3f physics:velocity = (-3.878424e-9, -0.0000802817, -0.00006278568)
                        quatd xformOp:orient = (0.9999812900074737, 0.004327422521117554, 0.004323545904201233, -3.5601552083394844e-7)
                        double3 xformOp:translate = (-0.001492146495187363, 0.02649146164578653, -0.5881343085405787)
                    }

                    over "wheel_passive_1"
                    {
                        vector3f physics:angularVelocity = (-0.0044985916, 0.00096193526, -0.0018167847)
                        rel physics:simulationOwner
                        vector3f physics:velocity = (-3.8557793e-9, -0.00007889099, -0.00006244819)
                        quatd xformOp:orient = (0.9497020803234162, 0.31313528629537046, 0.003407172741164876, 0.0008014237355031528)
                        double3 xformOp:translate = (-0.001365116618901041, 0.021590036026267967, -0.5734821084973772)
                    }

                    over "joints"
                    {
                        over "wheel_passive_0_joint"
                        {
                            float physics:lowerLimit = -inf
                            float physics:upperLimit = inf
                        }

                        over "wheel_passive_1_joint"
                        {
                            float physics:lowerLimit = -inf
                            float physics:upperLimit = inf
                        }

                        over "wheel_passive_2_joint"
                        {
                            float physics:lowerLimit = -inf
                            float physics:upperLimit = inf
                        }

                        over "wheel_passive_3_joint"
                        {
                            float physics:lowerLimit = -inf
                            float physics:upperLimit = inf
                        }

                        over "wheel_passive_4_joint"
                        {
                            float physics:lowerLimit = -inf
                            float physics:upperLimit = inf
                        }

                        over "wheel_passive_5_joint"
                        {
                            float physics:lowerLimit = -inf
                            float physics:upperLimit = inf
                        }

                        over "wheel_passive_6_joint"
                        {
                            float physics:lowerLimit = -inf
                            float physics:upperLimit = inf
                        }

                        over "wheel_passive_7_joint"
                        {
                            float physics:lowerLimit = -inf
                            float physics:upperLimit = inf
                        }

                        over "wheel_passive_8_joint"
                        {
                            float physics:lowerLimit = -inf
                            float physics:upperLimit = inf
                        }

                        over "wheel_passive_9_joint"
                        {
                            float physics:lowerLimit = -inf
                            float physics:upperLimit = inf
                        }
                    }
                }

                over "base_link"
                {
                    vector3f physics:angularVelocity = (-0.005438407, 6.4540867e-10, 7.3334724e-7)
                    rel physics:simulationOwner
                    vector3f physics:velocity = (-1.377722e-9, -0.00007847256, -0.000044242457)
                    quatd xformOp:orient = (0.9999813078537246, -1.643068547398403e-7, 0.006114241008530676, -1.3041375030947223e-7)
                    double3 xformOp:translate = (-0.003002569812225575, -4.3771267144165904e-7, -0.5905036006209811)
                }

                over "OmniWheel_13"
                {
                    over "wheel_passive_2"
                    {
                        vector3f physics:angularVelocity = (-0.0029788534, -0.002472914, 0.0011006425)
                        rel physics:simulationOwner
                        vector3f physics:velocity = (8.5592144e-10, -0.00007844927, -0.000028096472)
                        quatd xformOp:orient = (0.806460694463046, 0.5912860488393087, -0.0013398704375576968, -0.00040184747227535195)
                        double3 xformOp:translate = (0.001305874649158767, 0.009030051032694608, -0.5688255403277834)
                    }

                    over "wheel_passive_7"
                    {
                        vector3f physics:angularVelocity = (-0.002978856, -0.0024729136, 0.0011006431)
                        rel physics:simulationOwner
                        vector3f physics:velocity = (8.749102e-10, -0.00008297501, -0.00002711481)
                        quatd xformOp:orient = (-0.5912860581392582, 0.8064606874757694, -0.000401669314176796, 0.0013400253763383072)
                        double3 xformOp:translate = (0.0017171433943286019, -0.006008028815230659, -0.6165086004970034)
                    }

                    over "wheel_passive_6"
                    {
                        vector3f physics:angularVelocity = (-0.0044990205, -0.0009613988, 0.0018173119)
                        rel physics:simulationOwner
                        vector3f physics:velocity = (1.0111089e-9, -0.00008212324, -0.000026265412)
                        quatd xformOp:orient = (-0.31313767692266337, 0.9497012940798705, -0.0008050478455512226, 0.003405761656866957)
                        double3 xformOp:translate = (0.0016395930236079437, -0.018586671458565185, -0.6075357470748385)
                    }

                    over "wheel_passive_1"
                    {
                        vector3f physics:angularVelocity = (-0.0044990196, -0.00096139906, 0.0018173129)
                        rel physics:simulationOwner
                        vector3f physics:velocity = (7.197226e-10, -0.00007930104, -0.000028945877)
                        quatd xformOp:orient = (0.9497013027050977, 0.3131376505442132, -0.0034057740211690794, -0.0008050808700943343)
                        double3 xformOp:translate = (0.0013834250198794251, 0.021608693676029134, -0.5777983937499483)
                    }

                    over "wheel_passive_5"
                    {
                        vector3f physics:angularVelocity = (-0.0054382705, 1.4496632e-7, 5.2290677e-8)
                        rel physics:simulationOwner
                        vector3f physics:velocity = (1.0916571e-9, -0.00008073246, -0.00002592793)
                        quatd xformOp:orient = (-0.004329949541992514, 0.9999812800874165, -3.434289904967645e-7, 0.004323310256956483)
                        double3 xformOp:translate = (0.0015125623561633716, -0.02348809705757926, -0.5928835619327982)
                    }

                    over "wheel_passive_3"
                    {
                        vector3f physics:angularVelocity = (-0.0029785922, -0.0024455367, -0.0011595452)
                        rel physics:simulationOwner
                        vector3f physics:velocity = (9.957474e-10, -0.00007846182, -0.000027059587)
                        quatd xformOp:orient = (0.5842801523529275, 0.8115507759354721, 0.0004199527684121813, 0.0013657542405420592)
                        double3 xformOp:translate = (0.001306380203191182, -0.006420140694435084, -0.568959337854143)
                    }

                    over "wheel_passive_8"
                    {
                        vector3f physics:angularVelocity = (-0.0029785936, -0.0024455371, -0.0011595441)
                        rel physics:simulationOwner
                        vector3f physics:velocity = (7.35085e-10, -0.000082962404, -0.000028151686)
                        quatd xformOp:orient = (0.8115507987501103, -0.5842801206066817, -0.0013657752465375934, 0.00041996413580471106)
                        double3 xformOp:translate = (0.0017166378402961868, 0.009442162911901697, -0.6163748029706438)
                    }

                    over "wheel_passive_9"
                    {
                        vector3f physics:angularVelocity = (-0.0044985954, -0.0009171033, -0.0018397464)
                        rel physics:simulationOwner
                        vector3f physics:velocity = (6.4504135e-10, -0.000082090344, -0.000028980025)
                        quatd xformOp:orient = (0.9523773086429878, -0.30490175082832716, -0.0034245165752965173, 0.0008105615247702921)
                        double3 xformOp:translate = (0.0016377391072204261, 0.021863007756517838, -0.6071854580280741)
                    }

                    over "wheel_passive_4"
                    {
                        vector3f physics:angularVelocity = (-0.004498596, -0.00091710215, -0.0018397465)
                        rel physics:simulationOwner
                        vector3f physics:velocity = (1.0857905e-9, -0.00007933396, -0.000026231271)
                        quatd xformOp:orient = (0.3049016675286006, 0.9523773353627288, 0.0008105212990985637, 0.003424511774138356)
                        double3 xformOp:translate = (0.0013852789362669427, -0.01884098553905389, -0.5781486902472933)
                    }

                    over "wheel"
                    {
                        vector3f physics:angularVelocity = (-0.0054382705, 1.3661156e-7, 7.350097e-7)
                        rel physics:simulationOwner
                        vector3f physics:velocity = (8.418075e-10, -0.00008070995, -0.000027780721)
                        quatd xformOp:orient = (0.9999812803157081, 0.004329903511846133, -0.004323303566949383, -5.768790998194464e-8)
                        double3 xformOp:translate = (0.0015112139938100455, 0.001511390430374071, -0.5926670704123934)
                    }

                    over "wheel_passive_0"
                    {
                        vector3f physics:angularVelocity = (-0.0054382705, 1.4495664e-7, 5.3115134e-8)
                        rel physics:simulationOwner
                        vector3f physics:velocity = (6.3917316e-10, -0.00008069184, -0.00002928336)
                        quatd xformOp:orient = (0.9999812803460462, 0.004329905422402208, -0.004323294621215443, -3.6530703159042644e-7)
                        double3 xformOp:translate = (0.001510539981023129, 0.026510203568739676, -0.5924505788919886)
                    }

                    over "joints"
                    {
                        over "wheel_passive_0_joint"
                        {
                            float physics:lowerLimit = -inf
                            float physics:upperLimit = inf
                        }

                        over "wheel_passive_1_joint"
                        {
                            float physics:lowerLimit = -inf
                            float physics:upperLimit = inf
                        }

                        over "wheel_passive_2_joint"
                        {
                            float physics:lowerLimit = -inf
                            float physics:upperLimit = inf
                        }

                        over "wheel_passive_3_joint"
                        {
                            float physics:lowerLimit = -inf
                            float physics:upperLimit = inf
                        }

                        over "wheel_passive_4_joint"
                        {
                            float physics:lowerLimit = -inf
                            float physics:upperLimit = inf
                        }

                        over "wheel_passive_5_joint"
                        {
                            float physics:lowerLimit = -inf
                            float physics:upperLimit = inf
                        }

                        over "wheel_passive_6_joint"
                        {
                            float physics:lowerLimit = -inf
                            float physics:upperLimit = inf
                        }

                        over "wheel_passive_7_joint"
                        {
                            float physics:lowerLimit = -inf
                            float physics:upperLimit = inf
                        }

                        over "wheel_passive_8_joint"
                        {
                            float physics:lowerLimit = -inf
                            float physics:upperLimit = inf
                        }

                        over "wheel_passive_9_joint"
                        {
                            float physics:lowerLimit = -inf
                            float physics:upperLimit = inf
                        }
                    }
                }

                over "wheel_3"
                {
                    vector3f physics:angularVelocity = (-0.005438315, -8.9141956e-8, 7.3224857e-7)
                    rel physics:simulationOwner
                    vector3f physics:velocity = (-3.652181e-9, -0.00008030245, -0.0000611079)
                    quatd xformOp:orient = (0.9238622233492786, 0.002343472625375708, 0.00565046156047582, 0.3826763288842614)
                    double3 xformOp:translate = (-0.178604052203583, -0.1764931287527105, -0.5165166754362543)
                }

                over "wheel_4"
                {
                    vector3f physics:angularVelocity = (-0.0054382705, 1.3661156e-7, 7.350097e-7)
                    rel physics:simulationOwner
                    vector3f physics:velocity = (8.654153e-10, -0.00008071214, -0.000027605656)
                    quatd xformOp:orient = (0.3826763157254971, 0.005651194000241862, 0.002345852622247055, 0.9238622182796558)
                    double3 xformOp:translate = (0.1743556998792417, -0.1764931287527105, -0.5208330724475344)
                }

                over "joints"
                {
                    over "wheel1_joint"
                    {
                        float physics:lowerLimit = -inf
                        float physics:upperLimit = inf
                    }

                    over "wheel2_joint"
                    {
                        float physics:lowerLimit = -inf
                        float physics:upperLimit = inf
                    }

                    over "wheel3_joint"
                    {
                        float physics:lowerLimit = -inf
                        float physics:upperLimit = inf
                    }

                    over "wheel4_joint"
                    {
                        float physics:lowerLimit = -inf
                        float physics:upperLimit = inf
                    }
                }
            }

            over "leg_link1"
            {
                vector3f physics:angularVelocity = (-0.00052228646, -1.1086713e-9, 7.320768e-7)
                rel physics:simulationOwner
                vector3f physics:velocity = (-9.934358e-10, -0.00007323657, -0.0000325137)
                quatd xformOp:orient = (-0.37972024478727545, 0.37972022503636244, 0.596500213494286, 0.5965002780370663)
                double3 xformOp:translate = (-0.001422864573883409, 0.0869986086130119, -0.5921520165440997)
            }

            over "leg_link2"
            {
                vector3f physics:angularVelocity = (-0.01157786, -3.3402622e-10, 7.3437144e-7)
                rel physics:simulationOwner
                vector3f physics:velocity = (-1.0490747e-9, -0.00003546069, -0.000016537144)
                quatd xformOp:orient = (0.5963722863347123, 0.5963721957122988, -0.3799211967069224, 0.37992128732933567)
                double3 xformOp:translate = (-0.19188545383779942, 0.0869995622873283, -0.1844462625024279)
            }

            over "base_link"
            {
                vector3f physics:angularVelocity = (-0.005438407, 6.4540867e-10, 7.3334724e-7)
                rel physics:simulationOwner
                vector3f physics:velocity = (3.5037995e-10, -0.000084099825, -0.00003142212)
                quatd xformOp:orient = (0.9999813078879528, -1.5475795937517744e-7, 0.006114235410938627, 1.2249367548794908e-7)
                double3 xformOp:translate = (-0.001422864573883409, -3.309011482599544e-7, -0.5921519122359713)
            }

            over "head_link2"
            {
                vector3f physics:angularVelocity = (0, 0, 0)
                rel physics:simulationOwner
                vector3f physics:velocity = (0, 0, 0)
                quatd xformOp:orient = (0.7071068180650426, -0.7071067443080503, -2.1073424963960342e-8, 1.0536717071544154e-8)
                double3 xformOp:translate = (-0.03522287048666417, 0.08705010702609783, 0.7529499658110181)
            }

            over "joints"
            {
                over "head_joint1"
                {
                    float physics:lowerLimit = -90
                    float physics:upperLimit = 90
                    float state:angular:physics:position = 0
                    float state:angular:physics:velocity = 0
                }

                over "head_joint2"
                {
                    float physics:lowerLimit = -21
                    float physics:upperLimit = 21
                    float state:angular:physics:position = 0
                    float state:angular:physics:velocity = 0
                }

                over "body_joint4"
                {
                    float physics:lowerLimit = -90
                    float physics:upperLimit = 90
                    float state:angular:physics:position = 6.2921266e-8
                    float state:angular:physics:velocity = -0
                }

                over "body_joint3"
                {
                    float drive:angular:physics:targetPosition = 65
                    float physics:lowerLimit = 0
                    float physics:upperLimit = 135
                    float state:angular:physics:position = 64.998665
                    float state:angular:physics:velocity = -0
                }

                over "body_joint2"
                {
                    float drive:angular:physics:targetPosition = 107.9
                    float physics:lowerLimit = 0
                    float physics:upperLimit = 180
                    float state:angular:physics:position = 107.8987
                    float state:angular:physics:velocity = -0
                }

                over "body_joint1"
                {
                    float drive:angular:physics:targetPosition = 42.2
                    float physics:lowerLimit = 0
                    float physics:upperLimit = 57
                    float state:angular:physics:position = 42.19942
                    float state:angular:physics:velocity = -0
                }
            }
        }

        def "Galbot_Zero" (
            prepend payload = @./humanoid/Galbot/Galbot_Zero/Galbot_Zero.usda@
        )
        {
            string[] isaac:changelog (
                displayName = "Changelog"
            )
            string isaac:description (
                displayName = "Description"
            )
            token isaac:license (
                displayName = "License"
            )
            string isaac:namespace (
                displayName = "Namespace"
            )
            rel isaac:physics:robotJoints (
                displayName = "Robot Joints"
            )
            rel isaac:physics:robotLinks (
                displayName = "Robot Links"
            )
            token isaac:robotType (
                displayName = "Robot Type"
            )
            string isaac:source (
                displayName = "Source"
            )
            string isaac:version (
                displayName = "Version"
            )
            quatd xformOp:orient = (1, 0, 0, 0)
            double3 xformOp:scale = (1, 1, 1)
            double3 xformOp:translate = (1.255576510860986, -4.446606945669908, 0.7667344979614901)
            uniform token[] xformOpOrder = ["xformOp:translate", "xformOp:orient", "xformOp:scale"]

            over "chassis"
            {
                over "Graphs"
                {
                    over "differential_controller"
                    {
                        over "ArrayNames"
                        {
                            custom token inputs:input0 (
                                customData = {
                                    dictionary omni = {
                                        dictionary graph = {
                                            string resolvedType = "token"
                                        }
                                    }
                                }
                            )
                        }
                    }
                }

                over "caster_wheel_4_link"
                {
                    vector3f physics:angularVelocity = (6.605318e-16, -1.5391183e-17, -3.000068e-10)
                    rel physics:simulationOwner
                    vector3f physics:velocity = (3.2663793e-14, 1.0182587e-11, -0.00009009701)
                    quatd xformOp:orient = (0.49876808347371093, -0.5012271639443671, 0.4987697000749799, 0.5012290048664011)
                    double3 xformOp:translate = (-0.22500022645241002, 0.28992682553244364, -0.6034890950726172)
                }

                over "caster_wheel_2_link"
                {
                    vector3f physics:angularVelocity = (4.1318216e-15, 6.9942356e-17, 2.6536275e-9)
                    rel physics:simulationOwner
                    vector3f physics:velocity = (-7.4059677e-13, 1.0182201e-11, -0.00009009701)
                    quatd xformOp:orient = (-0.7071055114833021, 0.7071080508505037, 0.000005141915556496303, -0.000005089212435951302)
                    double3 xformOp:translate = (0.19499973063224574, -0.28999966525124776, -0.6034890615450045)
                }

                over "caster_wheel_1_link"
                {
                    vector3f physics:angularVelocity = (8.5320545e-18, -1.8597995e-17, -3.000068e-10)
                    rel physics:simulationOwner
                    vector3f physics:velocity = (3.2663793e-14, 1.0182587e-11, -0.00009009701)
                    quatd xformOp:orient = (0.49876808347371093, -0.5012271639443671, 0.4987697000749799, 0.5012290048664011)
                    double3 xformOp:translate = (0.19499973063224574, 0.28992682553244364, -0.6034890876220366)
                }

                over "caster_4_link"
                {
                    vector3f physics:angularVelocity = (-9.007505e-18, -1.8684275e-17, -3.000068e-10)
                    rel physics:simulationOwner
                    vector3f physics:velocity = (2.8851836e-14, 1.0182569e-11, -0.00009009701)
                    quatd xformOp:orient = (-0.0000035232279277800163, -7.453900649734729e-8, 7.820216032300545e-10, 0.9999999999937906)
                    double3 xformOp:translate = (-0.21000024075752477, 0.29000121212912333, -0.5789891031639477)
                }

                over "caster_2_link"
                {
                    vector3f physics:angularVelocity = (1.2921252e-16, 6.988414e-17, 2.6536275e-9)
                    rel physics:simulationOwner
                    vector3f physics:velocity = (-7.0687916e-13, 1.0182201e-11, -0.00009009701)
                    quatd xformOp:orient = (-0.000003523228223099341, -5.0049382606737293e-8, 2.6341780319335457e-9, 0.9999999999937922)
                    double3 xformOp:translate = (0.209999716327131, -0.28999966525124776, -0.5789890621857544)
                }

                over "left_wheel_link"
                {
                    vector3f physics:angularVelocity = (-5.9561475e-18, -4.3125173e-23, -2.1651695e-23)
                    rel physics:simulationOwner
                    vector3f physics:velocity = (-4.5877886e-14, 1.0182205e-11, -0.00009009701)
                    quatd xformOp:orient = (0.0000024866699329138486, -0.0000025288109859696907, 0.7071079823691969, -0.7071055799929634)
                    double3 xformOp:translate = (-2.0261055211356904e-7, 0.13410025692892802, -0.5519890931503674)
                }

                over "caster_wheel_3_link"
                {
                    vector3f physics:angularVelocity = (3.951561e-15, 4.8778305e-17, 2.564131e-9)
                    rel physics:simulationOwner
                    vector3f physics:velocity = (-7.1716624e-13, 1.0185485e-11, -0.00009009701)
                    quatd xformOp:orient = (-0.7071054851410407, 0.7071080771924224, 0.000005247282404820489, -0.00000501545443413636)
                    double3 xformOp:translate = (-0.22500010724312047, -0.2899262323288845, -0.6034891081111332)
                }

                over "right_wheel_link"
                {
                    vector3f physics:angularVelocity = (-6.1736902e-18, -4.4262954e-23, 2.3348123e-23)
                    rel physics:simulationOwner
                    vector3f physics:velocity = (-4.5877886e-14, 1.0182205e-11, -0.00009009701)
                    quatd xformOp:orient = (-0.000002444523443826012, -0.000002528811061344038, 0.7071080034428394, 0.7071055589193956)
                    double3 xformOp:translate = (-2.0261055211356904e-7, -0.13409966372536886, -0.5519890707986256)
                }

                over "caster_1_link"
                {
                    vector3f physics:angularVelocity = (-9.007505e-18, -1.8684275e-17, -3.000068e-10)
                    rel physics:simulationOwner
                    vector3f physics:velocity = (2.8851836e-14, 1.0182569e-11, -0.00009009701)
                    quatd xformOp:orient = (-0.0000035232279277800163, -7.453900649734729e-8, 7.820216032300545e-10, 0.9999999999937906)
                    double3 xformOp:translate = (0.209999716327131, 0.29000121212912333, -0.5789890957133671)
                }

                over "caster_3_link"
                {
                    vector3f physics:angularVelocity = (1.248546e-16, 6.7527194e-17, 2.564131e-9)
                    rel physics:simulationOwner
                    vector3f physics:velocity = (-6.8458596e-13, 1.0182201e-11, -0.00009009701)
                    quatd xformOp:orient = (-0.000003523228223099341, -5.0049382606737293e-8, 2.6341780319335457e-9, 0.9999999999937922)
                    double3 xformOp:translate = (-0.21000012154823522, -0.28999966525124776, -0.5789891106145283)
                }

                over "base_link"
                {
                    vector3f physics:angularVelocity = (0, 0, 0)
                    rel physics:simulationOwner
                    vector3f physics:velocity = (-4.5877886e-14, 1.0182205e-11, -0.00009009701)
                    quatd xformOp:orient = (0.9999999999999997, -3.932148129476182e-10, -1.666579941459768e-8, 1.970356127095729e-8)
                    double3 xformOp:translate = (-2.0261055211356904e-7, 2.9660177958135137e-7, -0.618989102269878)
                }

                over "joints"
                {
                    over "caster_1_joint"
                    {
                        float physics:lowerLimit = -inf
                        float physics:upperLimit = inf
                    }

                    over "caster_wheel_1_joint"
                    {
                        float physics:lowerLimit = -inf
                        float physics:upperLimit = inf
                    }

                    over "caster_2_joint"
                    {
                        float physics:lowerLimit = -inf
                        float physics:upperLimit = inf
                    }

                    over "caster_wheel_2_joint"
                    {
                        float physics:lowerLimit = -inf
                        float physics:upperLimit = inf
                    }

                    over "caster_3_joint"
                    {
                        float physics:lowerLimit = -inf
                        float physics:upperLimit = inf
                    }

                    over "caster_wheel_3_joint"
                    {
                        float physics:lowerLimit = -inf
                        float physics:upperLimit = inf
                    }

                    over "caster_4_joint"
                    {
                        float physics:lowerLimit = -inf
                        float physics:upperLimit = inf
                    }

                    over "caster_wheel_4_joint"
                    {
                        float physics:lowerLimit = -inf
                        float physics:upperLimit = inf
                    }

                    over "left_wheel_joint"
                    {
                        float physics:lowerLimit = -inf
                        float physics:upperLimit = inf
                    }

                    over "right_wheel_joint"
                    {
                        float physics:lowerLimit = -inf
                        float physics:upperLimit = inf
                    }
                }
            }

            over "head_pitch_link"
            {
                vector3f physics:angularVelocity = (0, 0, 0)
                rel physics:simulationOwner
                vector3f physics:velocity = (0, 0, 0)
                quatd xformOp:orient = (0.4999982217579004, 0.4999999680645328, -0.4999999305274958, 0.5000018796433703)
                double3 xformOp:translate = (0.22549996809715056, -0.03449982546853292, 0.6271998341782192)
            }

            over "RM75_left"
            {
                over "link6"
                {
                    vector3f physics:angularVelocity = (0.00042642778, 0.01214829, -0.0044297255)
                    rel physics:simulationOwner
                    vector3f physics:velocity = (-0.00010486856, -2.1167226e-9, -0.0000101007045)
                    quatd xformOp:orient = (0.7402260463978525, 0.0000021136704233901092, -0.6723580892826502, -0.000002433242568859995)
                    double3 xformOp:translate = (-0.4638537914054105, -1.27135034722059e-7, 0.28517485714866453)
                }

                over "link7"
                {
                    vector3f physics:angularVelocity = (0.00042642775, 0.01214829, -0.004429725)
                    rel physics:simulationOwner
                    vector3f physics:velocity = (-0.000113317765, -5.7470498e-8, -0.000011065872)
                    quatd xformOp:orient = (0.7402260525588704, 0.000002103961813445227, -0.6723580824999371, -0.0000023861511709087484)
                    double3 xformOp:translate = (-0.5783240944640348, -1.2617124411917757e-7, 0.2961993322463208)
                }

                over "EG2_4C2_left"
                {
                    over "left_outer_link"
                    {
                        vector3f physics:angularVelocity = (0.0004265028, 0.01214829, -0.0044297185)
                        rel physics:simulationOwner
                        vector3f physics:velocity = (-0.00014898468, -2.6548312e-9, -0.000014349096)
                        quatd xformOp:orient = (0.7402260601178441, -0.6723580741780316, -0.0000020926942711363282, -0.00000237551293513175)
                        double3 xformOp:translate = (-0.04000020516332947, 0.7303140014903255, -0.5761799773060776)
                    }

                    over "left_inner_link"
                    {
                        vector3f physics:angularVelocity = (0.00042647513, 0.01214829, -0.004429716)
                        rel physics:simulationOwner
                        vector3f physics:velocity = (-0.00015017034, -2.644259e-9, -0.000014463174)
                        quatd xformOp:orient = (0.7402260628346591, -0.6723580711871714, -0.00000204941943347292, -0.00000235918331292869)
                        double3 xformOp:translate = (-0.030000214683314708, 0.7323047668235012, -0.5759882896427069)
                    }

                    over "left_pad"
                    {
                        vector3f physics:angularVelocity = (0.00042639024, 0.01214829, -0.004429723)
                        rel physics:simulationOwner
                        vector3f physics:velocity = (-0.00015790583, -2.7592388e-9, -0.0000152082375)
                        quatd xformOp:orient = (0.7402260663646532, -0.6723580673008606, -0.0000020531361446879594, -0.0000023554666006519965)
                        double3 xformOp:translate = (-0.017700200166955504, 0.7660286278025814, -0.5757536868361743)
                    }

                    over "right_inner_link"
                    {
                        vector3f physics:angularVelocity = (0.00042638776, 0.01214829, -0.004429727)
                        rel physics:simulationOwner
                        vector3f physics:velocity = (-0.00015345718, -2.665877e-9, -0.00001477958)
                        quatd xformOp:orient = (0.7402260574012287, -0.6723580771690589, -0.000002061463306794538, -0.0000023471390641037367)
                        double3 xformOp:translate = (0.029999728096226086, 0.7323047370211788, -0.5759882948880684)

                        over "collisions"
                        {
                            over "inner_link"
                            {
                                over "mesh"
                                {
                                    rel physics:simulationOwner
                                }
                            }
                        }
                    }

                    over "right_outer_link"
                    {
                        vector3f physics:angularVelocity = (0.00042629897, 0.01214829, -0.0044297357)
                        rel physics:simulationOwner
                        vector3f physics:velocity = (-0.00015381422, -2.7050946e-9, -0.000014814005)
                        quatd xformOp:orient = (0.7402260601178484, -0.6723580741780327, -0.000002107595433898259, -0.000002360611772389669)
                        double3 xformOp:translate = (0.03999983775201432, 0.7303139418856808, -0.5761799842999036)

                        over "collisions"
                        {
                            over "outer_link"
                            {
                                over "mesh"
                                {
                                    rel physics:simulationOwner
                                }
                            }
                        }
                    }

                    over "gripper_base"
                    {
                        vector3f physics:angularVelocity = (0.00042642775, 0.01214829, -0.004429725)
                        rel physics:simulationOwner
                        vector3f physics:velocity = (-0.0001397945, -2.7791727e-9, -0.000013464672)
                        quatd xformOp:orient = (0.7402260493894214, -0.6723580859893817, -0.0000020879872044682745, -0.000002380219623015244)
                        double3 xformOp:translate = (-1.2554628159300307e-7, 0.652540639092178, -0.5927119250778983)
                    }

                    over "right_pad"
                    {
                        vector3f physics:angularVelocity = (0.0004263741, 0.01214829, -0.004429725)
                        rel physics:simulationOwner
                        vector3f physics:velocity = (-0.00015880818, -2.8895402e-9, -0.000015295145)
                        quatd xformOp:orient = (0.7402260610694678, -0.6723580731301586, -0.000002140693337917218, -0.0000023871187093933252)
                        double3 xformOp:translate = (0.017699832830175843, 0.7660286278025814, -0.5757536899309432)

                        over "collisions"
                        {
                            over "pad"
                            {
                                over "mesh"
                                {
                                    rel physics:simulationOwner
                                }
                            }
                        }
                    }

                    over "joints"
                    {
                        over "left_gripper_joint"
                        {
                            float physics:lowerLimit = 0
                            float physics:upperLimit = 46.982536
                            float state:angular:physics:position = 3.027121e-12
                            float state:angular:physics:velocity = 0
                        }

                        over "left_inner_joint"
                        {
                            float state:angular:physics:position = -1.5938938e-11
                            float state:angular:physics:velocity = 0
                        }

                        over "right_inner_joint"
                        {
                            float state:angular:physics:position = 2.7362774e-12
                            float state:angular:physics:velocity = 0
                        }

                        over "right_outer_joint"
                        {
                            float state:angular:physics:position = 9.049976e-11
                            float state:angular:physics:velocity = 0
                        }

                        over "right_pad_joint"
                        {
                            float state:angular:physics:position = 4.5189515e-11
                            float state:angular:physics:velocity = 0
                        }

                        over "left_pad_joint"
                        {
                            float state:angular:physics:position = 2.235494e-11
                            float state:angular:physics:velocity = 0
                        }
                    }
                }

                over "link3"
                {
                    vector3f physics:angularVelocity = (0.00022737532, 0.010667581, -0.0023629402)
                    rel physics:simulationOwner
                    vector3f physics:velocity = (-0.00004140449, -8.256439e-10, -0.000003987969)
                    quatd xformOp:orient = (-0.523418177538477, 0.5234185233930899, 0.4754277384734072, 0.47543130553357377)
                    double3 xformOp:translate = (-0.25482101743385277, -9.685746427123831e-9, 0.2650427923293197)
                }

                over "link1"
                {
                    vector3f physics:angularVelocity = (-2.0022917e-7, 7.1167833e-13, -3.3538503e-14)
                    rel physics:simulationOwner
                    vector3f physics:velocity = (3.313399e-16, 8.801446e-11, -7.376535e-11)
                    quatd xformOp:orient = (-0.707105496408527, 0.7071080659622321, -4.214684972445987e-8, -2.1074478909101984e-8)
                    double3 xformOp:translate = (-1.3415977440089932e-7, -1.1831263746486798e-8, 0.24050093747092127)
                }

                over "base_link"
                {
                    vector3f physics:angularVelocity = (0, 0, 0)
                    rel physics:simulationOwner
                    vector3f physics:velocity = (0, 0, 0)
                    quatd xformOp:orient = (0.9999999999999987, -2.6507442332762927e-8, 4.4206978270139896e-8, -2.7629390689988478e-9)
                    double3 xformOp:translate = (-1.4950484406028863e-8, -3.285648109141448e-8, 4.873366457047723e-7)
                }

                over "link2"
                {
                    vector3f physics:angularVelocity = (-2.0153725e-7, 0.01066759, 1.254109e-10)
                    rel physics:simulationOwner
                    vector3f physics:velocity = (-0.000014108845, -2.6648328e-10, -0.000001358846)
                    quatd xformOp:orient = (0.740225360317618, 2.72558357854533e-8, -0.6723588446229077, 2.1789148409569244e-8)
                    double3 xformOp:translate = (-1.3415977440089932e-7, -1.1831263746486798e-8, 0.24050093747092127)
                }

                over "link5"
                {
                    vector3f physics:angularVelocity = (0.0004264278, 0.012148876, -0.0044297255)
                    rel physics:simulationOwner
                    vector3f physics:velocity = (-0.00008582552, -1.6410415e-9, -0.000008266221)
                    quatd xformOp:orient = (0.5234194154415135, -0.5234182634440134, -0.4754264159701259, -0.4754315513614116)
                    double3 xformOp:translate = (-0.4638537914054105, -7.925745171277754e-9, 0.28517485714865565)
                }

                over "link4"
                {
                    vector3f physics:angularVelocity = (0.00022736963, 0.012148881, -0.0023629407)
                    rel physics:simulationOwner
                    vector3f physics:velocity = (-0.000060457172, -1.3118744e-9, -0.000005823761)
                    quatd xformOp:orient = (0.7402259649970389, 0.0000011165915031985725, -0.6723581789056283, -0.0000012895576938279288)
                    double3 xformOp:translate = (-0.25482101743385277, -9.685746427123831e-9, 0.2650427923293197)
                }

                over "joints"
                {
                    over "left_joint1"
                    {
                        float physics:lowerLimit = -177.6169
                        float physics:upperLimit = 177.6169
                        float state:angular:physics:position = 1.6991727e-8
                        float state:angular:physics:velocity = 0
                    }

                    over "left_joint2"
                    {
                        float drive:angular:physics:targetPosition = -84.5
                        float physics:lowerLimit = -129.94681
                        float physics:upperLimit = 129.94681
                        float state:angular:physics:position = -84.49878
                        float state:angular:physics:velocity = 0
                    }

                    over "left_joint3"
                    {
                        float physics:lowerLimit = -177.6169
                        float physics:upperLimit = 177.6169
                        float state:angular:physics:position = -0.00020406363
                        float state:angular:physics:velocity = 0
                    }

                    over "left_joint4"
                    {
                        float physics:lowerLimit = -134.93155
                        float physics:upperLimit = 134.93155
                        float state:angular:physics:position = 0.00012719978
                        float state:angular:physics:velocity = 0
                    }

                    over "left_joint5"
                    {
                        float physics:lowerLimit = -177.6169
                        float physics:upperLimit = 177.6169
                        float state:angular:physics:position = -0.00017851176
                        float state:angular:physics:velocity = 0
                    }

                    over "left_joint6"
                    {
                        float physics:lowerLimit = -127.94147
                        float physics:upperLimit = 127.94147
                        float state:angular:physics:position = -5.8287e-8
                        float state:angular:physics:velocity = 0
                    }

                    over "left_joint7"
                    {
                        float physics:lowerLimit = -359.81747
                        float physics:upperLimit = 359.81747
                        float state:angular:physics:position = -4.3748404e-11
                        float state:angular:physics:velocity = 0
                    }
                }
            }

            over "RM75_Right"
            {
                over "base_link"
                {
                    vector3f physics:angularVelocity = (0, 0, 0)
                    rel physics:simulationOwner
                    vector3f physics:velocity = (0, 0, 0)
                    quatd xformOp:orient = (0.9999999999999949, -6.725359431009648e-8, -6.734352204584094e-8, -3.399788107199782e-8)
                    double3 xformOp:translate = (-1.3415979327469074e-7, 1.5206572068215962e-7, -0.0000010595412476277488)
                }

                over "link3"
                {
                    vector3f physics:angularVelocity = (0.027724458, 0.008232446, 0.0010418906)
                    rel physics:simulationOwner
                    vector3f physics:velocity = (-0.000031516967, 0.00010853023, -0.000018888413)
                    quatd xformOp:orient = (0.539692660543423, -0.4960432153818568, -0.5039271724842774, -0.456870184473874)
                    double3 xformOp:translate = (-0.2542279512183566, -0.023148719541347562, 0.25969018088581386)
                }

                over "EG2_4C2_right"
                {
                    over "left_pad"
                    {
                        vector3f physics:angularVelocity = (0.027679069, 0.009489158, 0.0023481173)
                        rel physics:simulationOwner
                        vector3f physics:velocity = (-0.00012020916, 0.00037458102, -0.000027698585)
                        quatd xformOp:orient = (0.732375363242953, -0.679386740490377, -0.030865459587692604, 0.033276231232734134)
                        double3 xformOp:translate = (-0.08722716585194434, 0.7627672106521031, -0.5918465743765271)
                    }

                    over "right_inner_link"
                    {
                        vector3f physics:angularVelocity = (0.027514009, 0.009490286, 0.0023604713)
                        rel physics:simulationOwner
                        vector3f physics:velocity = (-0.000116740586, 0.00036055458, -0.000013694713)
                        quatd xformOp:orient = (0.7323753483535417, -0.6793867536871819, -0.030865520687252155, 0.03327623282653448)
                        double3 xformOp:translate = (-0.036665737740439575, 0.7335102409617802, -0.5913726026614938)

                        over "collisions"
                        {
                            over "inner_link"
                            {
                                over "mesh"
                                {
                                    rel physics:simulationOwner
                                }
                            }
                        }
                    }

                    over "right_outer_link"
                    {
                        vector3f physics:angularVelocity = (0.02680234, 0.00949514, 0.002413748)
                        rel physics:simulationOwner
                        vector3f physics:velocity = (-0.00011697191, 0.0003598893, -0.0000086824975)
                        quatd xformOp:orient = (0.7323753340262164, -0.6793867691291531, -0.030865520716026735, 0.03327623285721246)
                        double3 xformOp:translate = (-0.026526153212208525, 0.732430890251865, -0.5915223304156001)

                        over "collisions"
                        {
                            over "outer_link"
                            {
                                over "mesh"
                                {
                                    rel physics:simulationOwner
                                }
                            }
                        }
                    }

                    over "right_pad"
                    {
                        vector3f physics:angularVelocity = (0.027405718, 0.009491029, 0.002368581)
                        rel physics:simulationOwner
                        vector3f physics:velocity = (-0.000120833836, 0.00037413035, -0.000021634432)
                        quatd xformOp:orient = (0.7323753336789054, -0.6793867688018341, -0.03086552814919394, 0.033276240289227606)
                        double3 xformOp:translate = (-0.05197304502522315, 0.7659773082034489, -0.5918465774585417)

                        over "collisions"
                        {
                            over "pad"
                            {
                                over "mesh"
                                {
                                    rel physics:simulationOwner
                                }
                            }
                        }
                    }

                    over "left_outer_link"
                    {
                        vector3f physics:angularVelocity = (0.028318489, 0.009484797, 0.002300246)
                        rel physics:simulationOwner
                        vector3f physics:velocity = (-0.00011350275, 0.0003574999, -0.00003901464)
                        quatd xformOp:orient = (0.7323753489156295, -0.679386755932347, -0.030865459616466487, 0.03327623126341148)
                        double3 xformOp:translate = (-0.10619646323265486, 0.725176468540897, -0.5915223234506009)
                    }

                    over "left_inner_link"
                    {
                        vector3f physics:angularVelocity = (0.028196169, 0.009485629, 0.0023094066)
                        rel physics:simulationOwner
                        vector3f physics:velocity = (-0.000114374845, 0.00035884845, -0.00003426652)
                        quatd xformOp:orient = (0.7323753564266013, -0.6793867485386809, -0.03086545216891292, 0.03327622381605821)
                        double3 xformOp:translate = (-0.09641855966265833, 0.728069409777393, -0.59137164376342)
                    }

                    over "gripper_base"
                    {
                        vector3f physics:angularVelocity = (0.027829966, 0.009488129, 0.0023368192)
                        rel physics:simulationOwner
                        vector3f physics:velocity = (-0.00010640608, 0.00033239208, -0.00002222885)
                        quatd xformOp:orient = (0.7323753489871004, -0.6793867547365313, -0.03086550233707026, 0.03327621447922634)
                        double3 xformOp:translate = (-0.05927890681856951, 0.6510223895804783, -0.6064187203745295)
                    }

                    over "joints"
                    {
                        over "right_gripper_joint"
                        {
                            float physics:lowerLimit = 0
                            float physics:upperLimit = 46.982536
                            float state:angular:physics:position = 1.2765382e-7
                            float state:angular:physics:velocity = 0
                        }

                        over "left_inner_joint"
                        {
                            float state:angular:physics:position = -0.0000037695227
                            float state:angular:physics:velocity = 0
                        }

                        over "right_inner_joint"
                        {
                            float state:angular:physics:position = 6.63078e-7
                            float state:angular:physics:velocity = 0
                        }

                        over "right_outer_joint"
                        {
                            float state:angular:physics:position = 0.000010794089
                            float state:angular:physics:velocity = 0
                        }

                        over "right_pad_joint"
                        {
                            float state:angular:physics:position = 0.000006191109
                            float state:angular:physics:velocity = 0
                        }

                        over "left_pad_joint"
                        {
                            float state:angular:physics:position = 0.000004116258
                            float state:angular:physics:velocity = 0
                        }
                    }
                }

                over "link1"
                {
                    vector3f physics:angularVelocity = (0.02759034, -1.00611445e-7, -8.40684e-10)
                    rel physics:simulationOwner
                    vector3f physics:velocity = (-4.7929438e-11, -0.000012999662, -0.000009022648)
                    quatd xformOp:orient = (-0.7063767810442613, 0.7063794124117809, 0.03209330568969591, -0.032093436279756166)
                    double3 xformOp:translate = (-1.3415979349673535e-7, 1.730909380270873e-7, 0.24049939059302972)
                }

                over "link4"
                {
                    vector3f physics:angularVelocity = (0.027724465, 0.009348286, 0.0009402771)
                    rel physics:simulationOwner
                    vector3f physics:velocity = (-0.00004600366, 0.00015169398, -0.000005229994)
                    quatd xformOp:orient = (0.7323752903482785, 0.03086616204581821, -0.679386822087946, 0.03327551804371584)
                    double3 xformOp:translate = (-0.2542280108230014, -0.02314860033205801, 0.2596901808858032)
                }

                over "link2"
                {
                    vector3f physics:angularVelocity = (0.027590336, 0.008070647, -0.0007349564)
                    rel physics:simulationOwner
                    vector3f physics:velocity = (-0.000010737624, 0.00003696276, 0.0000028010522)
                    quatd xformOp:orient = (0.7323758746164553, 0.030867043565446346, -0.6793861961243083, 0.033274621215786365)
                    double3 xformOp:translate = (-1.4950503945954097e-8, 1.730909380270873e-7, 0.24049939059302972)
                }

                over "link7"
                {
                    vector3f physics:angularVelocity = (0.027829966, 0.009488129, 0.0023368192)
                    rel physics:simulationOwner
                    vector3f physics:velocity = (-0.00008624166, 0.00027229494, -0.000018362309)
                    quatd xformOp:orient = (0.7323753464408933, 0.030865477394606048, -0.6793867579194495, 0.03327622866978594)
                    double3 xformOp:translate = (-0.5769784600036044, -0.052536787518093986, 0.28405179386759905)
                }

                over "link6"
                {
                    vector3f physics:angularVelocity = (0.027830014, 0.00948817, 0.0023372942)
                    rel physics:simulationOwner
                    vector3f physics:velocity = (-0.00007977798, 0.00025210704, -0.000013372723)
                    quatd xformOp:orient = (0.7323753415526981, 0.030865512940737583, -0.6793867644140857, 0.033276170684643995)
                    double3 xformOp:translate = (-0.4627744108931918, -0.042137923525607635, 0.2754315308125044)
                }

                over "link5"
                {
                    vector3f physics:angularVelocity = (0.027830014, 0.009475602, 0.002338439)
                    rel physics:simulationOwner
                    vector3f physics:velocity = (-0.00006535972, 0.00021220247, -0.000023114471)
                    quatd xformOp:orient = (0.5396918606130011, -0.4960433294915432, -0.5039279531774383, -0.45687014441897894)
                    double3 xformOp:translate = (-0.4627744108931918, -0.042137923525607635, 0.2754315308125044)
                }

                over "joints"
                {
                    over "right_joint1"
                    {
                        float drive:angular:physics:targetPosition = 5.2000003
                        float physics:lowerLimit = -177.6169
                        float physics:upperLimit = 177.6169
                        float state:angular:physics:position = 5.2027593
                        float state:angular:physics:velocity = 0
                    }

                    over "right_joint2"
                    {
                        float drive:angular:physics:targetPosition = -85.700005
                        float physics:lowerLimit = -129.94681
                        float physics:upperLimit = 129.94681
                        float state:angular:physics:position = -85.700935
                        float state:angular:physics:velocity = 0
                    }

                    over "right_joint3"
                    {
                        float physics:lowerLimit = -177.6169
                        float physics:upperLimit = 177.6169
                        float state:angular:physics:position = 0.00015364848
                        float state:angular:physics:velocity = 0
                    }

                    over "right_joint4"
                    {
                        float physics:lowerLimit = -134.93155
                        float physics:upperLimit = 134.93155
                        float state:angular:physics:position = -0.00009615446
                        float state:angular:physics:velocity = 0
                    }

                    over "right_joint5"
                    {
                        float physics:lowerLimit = -177.6169
                        float physics:upperLimit = 177.6169
                        float state:angular:physics:position = 0.00011920019
                        float state:angular:physics:velocity = 0
                    }

                    over "right_joint6"
                    {
                        float physics:lowerLimit = -127.94147
                        float physics:upperLimit = 127.94147
                        float state:angular:physics:position = -0.0000012189431
                        float state:angular:physics:velocity = 0
                    }

                    over "right_joint7"
                    {
                        float physics:lowerLimit = -359.81747
                        float physics:upperLimit = 359.81747
                        float state:angular:physics:position = 6.609281e-9
                        float state:angular:physics:velocity = 0
                    }
                }
            }

            over "head_yaw_link"
            {
                vector3f physics:angularVelocity = (0, 0, 0)
                rel physics:simulationOwner
                vector3f physics:velocity = (0, 0, 0)
                quatd xformOp:orient = (0.9999999999999997, -1.1458255413161434e-9, -1.8643759508704712e-8, 1.781098340871565e-8)
                double3 xformOp:translate = (0.15149996714347624, 2.9660177958135137e-7, 0.6125997956497768)
            }

            over "body_lift_link"
            {
                vector3f physics:angularVelocity = (0, 0, 0)
                rel physics:simulationOwner
                vector3f physics:velocity = (0, 0, 0)
                quatd xformOp:orient = (-1.5147311399049268e-7, -5.628015259261382e-10, -9.574298205656766e-11, 0.9999999999999886)
                double3 xformOp:translate = (0.10149989561790251, 2.9660177958135137e-7, 0.13999993164373437)
            }

            over "base_link"
            {
                vector3f physics:angularVelocity = (0, 0, 0)
                rel physics:simulationOwner
                vector3f physics:velocity = (-4.5877886e-14, 1.0182205e-11, -0.00009009701)
                quatd xformOp:orient = (0.9999999999999976, -2.636002876021982e-10, -1.4722370839613202e-8, -6.832396080512288e-8)
                double3 xformOp:translate = (-1.387143728770468e-7, 2.9660177958135137e-7, -0.6189893726603886)
            }

            over "joints"
            {
                over "head_joint1"
                {
                    float physics:lowerLimit = -90
                    float physics:upperLimit = 90
                    float state:angular:physics:position = 0
                    float state:angular:physics:velocity = 0
                }

                over "head_joint2"
                {
                    float physics:lowerLimit = -69.99999
                    float physics:upperLimit = 3
                    float state:angular:physics:position = 0
                    float state:angular:physics:velocity = 0
                }

                over "body_lift_joint"
                {
                    float drive:linear:physics:targetPosition = 0.619
                    float physics:lowerLimit = 0
                    float physics:upperLimit = 0.75
                    float state:linear:physics:position = 0.61898947
                    float state:linear:physics:velocity = -0
                }
            }
        }

        def "FiveAges_W2" (
            prepend payload = @./humanoid/FiveAges_W2/FiveAges_W2.usd@
        )
        {
            string[] isaac:changelog (
                displayName = "Changelog"
            )
            string isaac:description (
                displayName = "Description"
            )
            token isaac:license (
                displayName = "License"
            )
            string isaac:namespace (
                displayName = "Namespace"
            )
            rel isaac:physics:robotJoints (
                displayName = "Robot Joints"
            )
            rel isaac:physics:robotLinks (
                displayName = "Robot Links"
            )
            token isaac:robotType (
                displayName = "Robot Type"
            )
            string isaac:source (
                displayName = "Source"
            )
            string isaac:version (
                displayName = "Version"
            )
            quatd xformOp:orient = (1, 0, 0, 0)
            double3 xformOp:scale = (1, 1, 1)
            double3 xformOp:translate = (0.5034224348408238, -1.8296046044710241, -0.009885111946586339)
            uniform token[] xformOpOrder = ["xformOp:translate", "xformOp:orient", "xformOp:scale"]

            over "head_link2"
            {
                vector3f physics:angularVelocity = (0, 0, 0)
                rel physics:simulationOwner
                vector3f physics:velocity = (0, 0, 0)
                quatd xformOp:orient = (0.9999999999998351, 1.629901462609882e-8, -3.473830390006921e-8, -5.729431304047628e-7)
                double3 xformOp:translate = (0.08175045672873793, -2.6380612538901005e-7, 1.6845592652745283)
            }

            over "head_link1"
            {
                vector3f physics:angularVelocity = (0, 0, 0)
                rel physics:simulationOwner
                vector3f physics:velocity = (0, 0, 0)
                quatd xformOp:orient = (0.9999999999997833, 1.4323584906698446e-8, -3.539736499931226e-8, -6.572464760499978e-7)
                double3 xformOp:translate = (0.08175045672873793, -2.6380612538901005e-7, 1.5345592891163862)
            }

            over "body_link3"
            {
                vector3f physics:angularVelocity = (0, 0, 0)
                rel physics:simulationOwner
                vector3f physics:velocity = (0, 0, 0)
                quatd xformOp:orient = (0.9999999999999881, -3.8777784557983525e-10, -3.060448457398727e-8, -1.5106948030386966e-7)
                double3 xformOp:translate = (0.10525018397788344, 0.001899455432155861, 0.9064993058629072)
            }

            over "body_link2"
            {
                vector3f physics:angularVelocity = (0, 0, 0)
                rel physics:simulationOwner
                vector3f physics:velocity = (0, 0, 0)
                quatd xformOp:orient = (0.9922235432424605, 3.161013640238804e-8, 0.12446863153170742, -9.425159963049704e-9)
                double3 xformOp:translate = (0.017564598955910782, -2.6380612538901005e-7, 0.5624989663548505)
            }

            over "M6_CCS_right" (
                variants = {
                    string EE = "RG75_FiveAges_Right"
                }
            )
            {
                string[] isaac:changelog (
                    displayName = "Changelog"
                )
                string isaac:description (
                    displayName = "Description"
                )
                token isaac:license (
                    displayName = "License"
                )
                string isaac:namespace (
                    displayName = "Namespace"
                )
                rel isaac:physics:robotJoints (
                    displayName = "Robot Joints"
                )
                rel isaac:physics:robotLinks (
                    displayName = "Robot Links"
                )
                token isaac:robotType (
                    displayName = "Robot Type"
                )
                string isaac:source (
                    displayName = "Source"
                )
                string isaac:version (
                    displayName = "Version"
                )

                over "right_link6"
                {
                    vector3f physics:angularVelocity = (0, 0, 0)
                    rel physics:simulationOwner
                    vector3f physics:velocity = (0, 0, 0)
                    quatd xformOp:orient = (0.2100945715030341, 0.7843677088091828, -0.5803536133050174, -0.06178391316677831)
                    double3 xformOp:translate = (0.08750315394858665, -0.5494383252673115, 0.2983098646362041)
                }

                over "right_link5"
                {
                    vector3f physics:angularVelocity = (0, 0, 0)
                    rel physics:simulationOwner
                    vector3f physics:velocity = (0, 0, 0)
                    quatd xformOp:orient = (0.7307652440484713, 0.6086993329801326, 0.3080861191159441, 0.023456839693279895)
                    double3 xformOp:translate = (0.08750315394858665, -0.5494383252673115, 0.2983089109618877)

                    over "collisions"
                    {
                        over "link5"
                        {
                            over "mesh"
                            {
                                rel physics:simulationOwner
                            }
                        }
                    }
                }

                over "right_link2"
                {
                    vector3f physics:angularVelocity = (0, 0, 0)
                    rel physics:simulationOwner
                    vector3f physics:velocity = (0, 0, 0)
                    quatd xformOp:orient = (-0.03877799614855121, -0.6760465158191932, 0.2072707968301896, 0.7060426277816452)
                    double3 xformOp:translate = (-4.0860373307083364e-8, -5.043559039297207e-7, 0.17450100385739553)
                }

                over "AG2F90_Default_Right"
                {
                    over "right_in_link"
                    {
                        vector3f physics:angularVelocity = (0, 0, 0)
                        rel physics:simulationOwner
                        vector3f physics:velocity = (0, 0, 0)
                        quatd xformOp:orient = (-0.173980086285971, 0.011629069622839798, 0.10164771312197603, 0.9794199491192253)
                        double3 xformOp:translate = (0.17514749628166504, -0.7583730920963253, -0.5121855119507099)
                    }

                    over "flange"
                    {
                        vector3f physics:angularVelocity = (0, 0, 0)
                        rel physics:simulationOwner
                        vector3f physics:velocity = (0, 0, 0)
                        quatd xformOp:orient = (0.7644304109876218, 0.6206785365214996, 0.13124548637780423, 0.11479949200357462)
                        double3 xformOp:translate = (0.1296684370623047, -0.6413695320301022, -0.5657657960693623)
                    }

                    over "left_in_link"
                    {
                        vector3f physics:angularVelocity = (0, 0, 0)
                        rel physics:simulationOwner
                        vector3f physics:velocity = (0, 0, 0)
                        quatd xformOp:orient = (0.10164789177688249, 0.9794199280738597, 0.17398009645835644, -0.011629128318668277)
                        double3 xformOp:translate = (0.17585559946159668, -0.7697969779186215, -0.5672401765625263)
                    }

                    over "right_2_link"
                    {
                        vector3f physics:angularVelocity = (0, 0, 0)
                        rel physics:simulationOwner
                        vector3f physics:velocity = (0, 0, 0)
                        quatd xformOp:orient = (-0.17398010575646247, 0.011629103044678197, 0.10164766996589791, 0.9794199497426274)
                        double3 xformOp:translate = (0.17287703615288086, -0.7543468579463924, -0.5254253724853779)
                    }

                    over "left_2_link"
                    {
                        vector3f physics:angularVelocity = (0, 0, 0)
                        rel physics:simulationOwner
                        vector3f physics:velocity = (0, 0, 0)
                        quatd xformOp:orient = (0.10164795089254067, 0.9794199172653228, 0.17398012302177984, -0.011629124501108153)
                        double3 xformOp:translate = (0.1732799635515625, -0.7608479961566891, -0.556755481127956)
                    }

                    over "left_1_link"
                    {
                        vector3f physics:angularVelocity = (0, 0, 0)
                        rel physics:simulationOwner
                        vector3f physics:velocity = (0, 0, 0)
                        quatd xformOp:orient = (0.10164792983401957, 0.9794199133887405, 0.17398015989954133, -0.011629083342222525)
                        double3 xformOp:translate = (0.16767474275688476, -0.748236308973309, -0.5738872865478779)
                    }

                    over "right_1_link"
                    {
                        vector3f physics:angularVelocity = (0, 0, 0)
                        rel physics:simulationOwner
                        vector3f physics:velocity = (0, 0, 0)
                        quatd xformOp:orient = (-0.17398014887029206, 0.011629081884574346, 0.10164769438389457, 0.979419939801121)
                        double3 xformOp:translate = (0.1669156180010254, -0.7359895810298885, -0.5148672441284443)
                    }

                    over "right_up_link"
                    {
                        vector3f physics:angularVelocity = (0, 0, 0)
                        rel physics:simulationOwner
                        vector3f physics:velocity = (0, 0, 0)
                        quatd xformOp:orient = (-0.17398005475570105, 0.011629003581802633, 0.1016477228435755, 0.9794199544953195)
                        double3 xformOp:translate = (0.18578072649101562, -0.7872862323932613, -0.508720813159206)

                        over "right_Pad_link"
                        {
                            over "pad_default"
                            {
                                over "pad_link"
                                {
                                    over "pad_link"
                                    {
                                        rel physics:simulationOwner
                                    }
                                }
                            }
                        }
                    }

                    over "left_up_link"
                    {
                        vector3f physics:angularVelocity = (0, 0, 0)
                        rel physics:simulationOwner
                        vector3f physics:velocity = (0, 0, 0)
                        quatd xformOp:orient = (0.10164791994243362, 0.9794199216862955, 0.17398012209299762, -0.011629036584900481)
                        double3 xformOp:translate = (0.18642302614311523, -0.7976471885852779, -0.5586532930176045)

                        over "left_Pad_link"
                        {
                            over "pad_default"
                            {
                                over "pad_link"
                                {
                                    over "pad_link"
                                    {
                                        rel physics:simulationOwner
                                    }
                                }
                            }
                        }
                    }

                    over "joints"
                    {
                        over "right_gripper_joint"
                        {
                            float physics:lowerLimit = 0
                            float physics:upperLimit = 57.295776
                            float state:angular:physics:position = 0.0000015830959
                            float state:angular:physics:velocity = 0
                        }

                        over "left_2_Joint"
                        {
                            float state:angular:physics:position = 0.000018654307
                            float state:angular:physics:velocity = 0
                        }

                        over "right_1_Joint"
                        {
                            float state:angular:physics:position = -0.000021614784
                            float state:angular:physics:velocity = 0
                        }

                        over "right_2_Joint"
                        {
                            float state:angular:physics:position = -0.000024433079
                            float state:angular:physics:velocity = 0
                        }

                        over "right_in_Joint"
                        {
                            float state:angular:physics:position = -0.000019902718
                            float state:angular:physics:velocity = 0
                        }

                        over "right_up_Joint"
                        {
                            float state:angular:physics:position = -0.000019700554
                            float state:angular:physics:velocity = 0
                        }

                        over "left_in_Joint"
                        {
                            float state:angular:physics:position = 0.000014906259
                            float state:angular:physics:velocity = 0
                        }

                        over "left_up_Joint"
                        {
                            float state:angular:physics:position = -0.000015984046
                            float state:angular:physics:velocity = 0
                        }
                    }
                }

                over "right_link7"
                {
                    vector3f physics:angularVelocity = (0, 0, 0)
                    rel physics:simulationOwner
                    vector3f physics:velocity = (0, 0, 0)
                    quatd xformOp:orient = (0.5464213879291625, -0.17616281745711612, 0.8182998395922211, 0.027851410780859193)
                    double3 xformOp:translate = (0.08750315394858665, -0.5494383252673115, 0.2983098646362041)
                }

                over "right_base_link"
                {
                    vector3f physics:angularVelocity = (0, 0, 0)
                    rel physics:simulationOwner
                    vector3f physics:velocity = (0, 0, 0)
                    quatd xformOp:orient = (0.9999999999998844, 5.963330172077643e-8, -4.770663507865787e-7, -8.886014777269475e-15)
                    double3 xformOp:translate = (-4.0860373307083364e-8, -6.23565193480502e-7, 5.384643291250768e-7)
                }

                over "right_link4"
                {
                    vector3f physics:angularVelocity = (0, 0, 0)
                    rel physics:simulationOwner
                    vector3f physics:velocity = (0, 0, 0)
                    quatd xformOp:orient = (-0.20142093846529804, -0.2344220360583295, 0.9471109322023038, -0.08635274553197048)
                    double3 xformOp:translate = (-0.048289339871603776, -0.2672653473429645, 0.26900345289304006)
                }

                over "right_link3"
                {
                    vector3f physics:angularVelocity = (0, 0, 0)
                    rel physics:simulationOwner
                    vector3f physics:velocity = (0, 0, 0)
                    quatd xformOp:orient = (0.7930512977630185, 0.5721621813077259, 0.008527304394304719, -0.20887164115155574)
                    double3 xformOp:translate = (-0.06471637997170143, -0.26147773633527405, 0.27354961835934866)
                }

                over "right_link1"
                {
                    vector3f physics:angularVelocity = (0, 0, 0)
                    rel physics:simulationOwner
                    vector3f physics:velocity = (0, 0, 0)
                    quatd xformOp:orient = (-0.6163388417916074, -6.65322151618038e-8, 2.453461405573762e-7, 0.7874810677717372)
                    double3 xformOp:translate = (-2.7927895240864586e-7, -5.043559039297207e-7, 0.17450100385739553)
                }

                over "joints"
                {
                    over "right_joint1"
                    {
                        float drive:angular:physics:targetPosition = -103.9
                        float physics:lowerLimit = -178.00078
                        float physics:upperLimit = 178.00078
                        float state:angular:physics:position = -103.901474
                        float state:angular:physics:velocity = 0
                    }

                    over "right_joint2"
                    {
                        float drive:angular:physics:targetPosition = -69.8
                        float physics:lowerLimit = -120.00027
                        float physics:upperLimit = 120.00027
                        float state:angular:physics:position = -69.81118
                        float state:angular:physics:velocity = 0
                    }

                    over "right_joint3"
                    {
                        float drive:angular:physics:targetPosition = 74.4
                        float physics:lowerLimit = -178.00078
                        float physics:upperLimit = 178.00078
                        float state:angular:physics:position = 74.39082
                        float state:angular:physics:velocity = 0
                    }

                    over "right_joint4"
                    {
                        float drive:angular:physics:targetPosition = -44.5
                        float physics:lowerLimit = -144.99841
                        float physics:upperLimit = 60.000134
                        float state:angular:physics:position = -44.50117
                        float state:angular:physics:velocity = 0
                    }

                    over "right_joint5"
                    {
                        float physics:lowerLimit = -178.00078
                        float physics:upperLimit = 178.00078
                        float state:angular:physics:position = 0.019058902
                        float state:angular:physics:velocity = 0
                    }

                    over "right_joint6"
                    {
                        float drive:angular:physics:targetPosition = 10.8
                        float physics:lowerLimit = -60.000134
                        float physics:upperLimit = 60.000134
                        float state:angular:physics:position = 10.800265
                        float state:angular:physics:velocity = 0
                    }

                    over "right_joint7"
                    {
                        float physics:lowerLimit = -90
                        float physics:upperLimit = 90
                        float state:angular:physics:position = -0.000055544504
                        float state:angular:physics:velocity = 0
                    }
                }

                over "RG75_FiveAges_Right"
                {
                    over "right_finger"
                    {
                        vector3f physics:angularVelocity = (0, 0, 0)
                        rel physics:simulationOwner
                        vector3f physics:velocity = (0, 0, 0)
                        quatd xformOp:orient = (0.7565162733574806, 0.6082050053797424, 0.23794622673423865, -0.033932178817097855)
                        double3 xformOp:translate = (0.14601894479851074, -0.7699367508106197, -0.5372932847778582)

                        over "right_finger_pad"
                        {
                            over "pad_fiveages"
                            {
                                over "Link03"
                                {
                                    over "Link03"
                                    {
                                        rel physics:simulationOwner
                                    }
                                }
                            }
                        }
                    }

                    over "left_finger"
                    {
                        vector3f physics:angularVelocity = (0, 0, 0)
                        rel physics:simulationOwner
                        vector3f physics:velocity = (0, 0, 0)
                        quatd xformOp:orient = (0.7565162899032725, 0.6082050012091982, 0.2379461932802227, -0.03393211927596032)
                        double3 xformOp:translate = (0.17576953035454101, -0.7601439460926022, -0.5394237932007098)

                        over "left_finger_pad"
                        {
                            over "pad_fiveages"
                            {
                                over "Link03"
                                {
                                    over "Link03"
                                    {
                                        rel physics:simulationOwner
                                    }
                                }
                            }
                        }
                    }

                    over "flange"
                    {
                        vector3f physics:angularVelocity = (0, 0, 0)
                        rel physics:simulationOwner
                        vector3f physics:velocity = (0, 0, 0)
                        quatd xformOp:orient = (0.7565162862333571, 0.6082050009213957, 0.23794620787797732, -0.033932103889753276)
                        double3 xformOp:translate = (0.1177839861498291, -0.6383946642093624, -0.5582312043945574)
                    }

                    over "joints"
                    {
                        over "right_gripper_joint"
                        {
                            float physics:lowerLimit = 0
                            float physics:upperLimit = 0.038372
                            float state:linear:physics:position = 0.00010570596
                            float state:linear:physics:velocity = 0
                        }

                        over "right_right_finger_joint"
                        {
                            float state:linear:physics:position = 0.00010572093
                            float state:linear:physics:velocity = 0
                        }
                    }
                }
            }

            over "M6_CCS_left" (
                variants = {
                    string EE = "RG75_FiveAges_Left"
                }
            )
            {
                string[] isaac:changelog (
                    displayName = "Changelog"
                )
                string isaac:description (
                    displayName = "Description"
                )
                token isaac:license (
                    displayName = "License"
                )
                string isaac:namespace (
                    displayName = "Namespace"
                )
                rel isaac:physics:robotJoints (
                    displayName = "Robot Joints"
                )
                rel isaac:physics:robotLinks (
                    displayName = "Robot Links"
                )
                token isaac:robotType (
                    displayName = "Robot Type"
                )
                string isaac:source (
                    displayName = "Source"
                )
                string isaac:version (
                    displayName = "Version"
                )

                over "AG2F90_Default_Left"
                {
                    over "left_1_link"
                    {
                        vector3f physics:angularVelocity = (0, 0, 0)
                        rel physics:simulationOwner
                        vector3f physics:velocity = (0, 0, 0)
                        quatd xformOp:orient = (0.924068365985032, 0.07950525961514528, 0.15884600332177923, -0.3384442581991586)
                        double3 xformOp:translate = (0.3211531267748291, 0.6747096031122174, -0.5672645460326873)
                    }

                    over "left_2_link"
                    {
                        vector3f physics:angularVelocity = (0, 0, 0)
                        rel physics:simulationOwner
                        vector3f physics:velocity = (0, 0, 0)
                        quatd xformOp:orient = (0.9240683904546236, 0.07950525670456443, 0.15884595435490795, -0.3384442150547428)
                        double3 xformOp:translate = (0.32872983080009766, 0.6910869925432171, -0.5798492323119842)
                    }

                    over "right_2_link"
                    {
                        vector3f physics:angularVelocity = (0, 0, 0)
                        rel physics:simulationOwner
                        vector3f physics:velocity = (0, 0, 0)
                        quatd xformOp:orient = (-0.1588460185277968, 0.3384442206165065, 0.9240683668477885, 0.07950537919168418)
                        double3 xformOp:translate = (0.3210577593431885, 0.6992295830659833, -0.609828938122531)
                    }

                    over "right_1_link"
                    {
                        vector3f physics:angularVelocity = (0, 0, 0)
                        rel physics:simulationOwner
                        vector3f physics:velocity = (0, 0, 0)
                        quatd xformOp:orient = (-0.15884602890849372, 0.3384442063977082, 0.924068371322476, 0.07950536697138369)
                        double3 xformOp:translate = (0.3067001925096924, 0.6900488584451642, -0.6237420927245818)
                    }

                    over "right_up_link"
                    {
                        vector3f physics:angularVelocity = (0, 0, 0)
                        rel physics:simulationOwner
                        vector3f physics:velocity = (0, 0, 0)
                        quatd xformOp:orient = (-0.15884601951206268, 0.3384441735151285, 0.9240683885864561, 0.07950532506735297)
                        double3 xformOp:translate = (0.3434767351732666, 0.7304239719324078, -0.6172342191894256)

                        over "right_Pad_link"
                        {
                            over "pad_default"
                            {
                                over "pad_link"
                                {
                                    over "pad_link"
                                    {
                                        rel physics:simulationOwner
                                    }
                                }
                            }
                        }
                    }

                    over "flange"
                    {
                        vector3f physics:angularVelocity = (0, 0, 0)
                        rel physics:simulationOwner
                        vector3f physics:velocity = (0, 0, 0)
                        quatd xformOp:orient = (0.709633788425449, -0.5971962616522716, 0.3516372470355119, -0.126995109712079)
                        double3 xformOp:translate = (0.24257393938164062, 0.5992373078279462, -0.5998248945434295)
                    }

                    over "left_in_link"
                    {
                        vector3f physics:angularVelocity = (0, 0, 0)
                        rel physics:simulationOwner
                        vector3f physics:velocity = (0, 0, 0)
                        quatd xformOp:orient = (0.9240683860552992, 0.07950528388058414, 0.1588459946939137, -0.3384442017495993)
                        double3 xformOp:translate = (0.3362295256243164, 0.6933582275323834, -0.5682191740234099)
                    }

                    over "left_up_link"
                    {
                        vector3f physics:angularVelocity = (0, 0, 0)
                        rel physics:simulationOwner
                        vector3f physics:velocity = (0, 0, 0)
                        quatd xformOp:orient = (0.9240684017155962, 0.07950532624234853, 0.15884597002879847, -0.3384441606166241)
                        double3 xformOp:translate = (0.35570403200249023, 0.717446789067265, -0.5694532285888396)

                        over "left_Pad_link"
                        {
                            over "pad_default"
                            {
                                over "pad_link"
                                {
                                    over "pad_link"
                                    {
                                        rel physics:simulationOwner
                                    }
                                }
                            }
                        }
                    }

                    over "right_in_link"
                    {
                        vector3f physics:angularVelocity = (0, 0, 0)
                        rel physics:simulationOwner
                        vector3f physics:velocity = (0, 0, 0)
                        quatd xformOp:orient = (-0.15884606323898237, 0.3384441416108919, 0.9240683909012894, 0.07950534661169516)
                        double3 xformOp:translate = (0.32274790865043945, 0.7076666801385846, -0.6209030042846404)
                    }

                    over "joints"
                    {
                        over "left_2_Joint"
                        {
                            float state:angular:physics:position = 0.0000020500295
                            float state:angular:physics:velocity = 0
                        }

                        over "right_1_Joint"
                        {
                            float state:angular:physics:position = -0.0000025821514
                            float state:angular:physics:velocity = 0
                        }

                        over "right_2_Joint"
                        {
                            float state:angular:physics:position = -0.000002953883
                            float state:angular:physics:velocity = 0
                        }

                        over "left_gripper_joint"
                        {
                            float physics:lowerLimit = 0
                            float physics:upperLimit = 57.295776
                            float state:angular:physics:position = 1.8766379e-11
                            float state:angular:physics:velocity = 0
                        }

                        over "right_in_Joint"
                        {
                            float state:angular:physics:position = -0.0000024169685
                            float state:angular:physics:velocity = 0
                        }

                        over "right_up_Joint"
                        {
                            float state:angular:physics:position = -0.000002536803
                            float state:angular:physics:velocity = 0
                        }

                        over "left_in_Joint"
                        {
                            float state:angular:physics:position = 0.0000016340998
                            float state:angular:physics:velocity = 0
                        }

                        over "left_up_Joint"
                        {
                            float state:angular:physics:position = -0.000002224042
                            float state:angular:physics:velocity = 0
                        }
                    }
                }

                over "left_link6"
                {
                    vector3f physics:angularVelocity = (0, 0, 0)
                    rel physics:simulationOwner
                    vector3f physics:velocity = (0, 0, 0)
                    quatd xformOp:orient = (0.8927316420871617, 0.16853745845538645, 0.05610155485686479, 0.414098968673433)
                    double3 xformOp:translate = (0.17782421794394798, 0.523789910178658, 0.27125264299319163)
                }

                over "left_link7"
                {
                    vector3f physics:angularVelocity = (0, 0, 0)
                    rel physics:simulationOwner
                    vector3f physics:velocity = (0, 0, 0)
                    quatd xformOp:orient = (0.18309838107017878, 0.7657348234772062, -0.29553425232145425, 0.5410958035954546)
                    double3 xformOp:translate = (0.17782445636252708, 0.5237898505740132, 0.27125359666750803)
                }

                over "left_base_link"
                {
                    vector3f physics:angularVelocity = (0, 0, 0)
                    rel physics:simulationOwner
                    vector3f physics:velocity = (0, 0, 0)
                    quatd xformOp:orient = (0.9999999999998428, -9.683192285655256e-8, 5.43748395884641e-7, -9.683192274555967e-8)
                    double3 xformOp:translate = (-4.0860373307083364e-8, 6.23565193480502e-7, -9.428222380591933e-7)
                }

                over "left_link1"
                {
                    vector3f physics:angularVelocity = (0, 0, 0)
                    rel physics:simulationOwner
                    vector3f physics:velocity = (0, 0, 0)
                    quatd xformOp:orient = (0.6639179953227898, 5.023358680407107e-7, 3.768326424454688e-7, 0.7478053861040143)
                    double3 xformOp:translate = (1.9755820579447914e-7, 6.23565193480502e-7, 0.17449952257082835)
                }

                over "left_link2"
                {
                    vector3f physics:angularVelocity = (0, 0, 0)
                    rel physics:simulationOwner
                    vector3f physics:velocity = (0, 0, 0)
                    quatd xformOp:orient = (0.6922892127728177, 0.060998766473169805, 0.7044712082535662, 0.14399692048410143)
                    double3 xformOp:translate = (1.9755820579447914e-7, 6.23565193480502e-7, 0.17449952257082835)
                }

                over "left_link3"
                {
                    vector3f physics:angularVelocity = (0, 0, 0)
                    rel physics:simulationOwner
                    vector3f physics:velocity = (0, 0, 0)
                    quatd xformOp:orient = (0.7915148525937841, -0.5963190054010697, 0.027078572281179727, 0.13105202342631786)
                    double3 xformOp:translate = (-0.03255466732521706, 0.27296295533704407, 0.2569656480591096)
                }

                over "left_link5"
                {
                    vector3f physics:angularVelocity = (0, 0, 0)
                    rel physics:simulationOwner
                    vector3f physics:velocity = (0, 0, 0)
                    quatd xformOp:orient = (0.7084014635634316, -0.59675043895523, 0.3541107960561175, -0.12908068850308818)
                    double3 xformOp:translate = (0.17782445636252708, 0.523789910178658, 0.27125359666750803)
                }

                over "left_link4"
                {
                    vector3f physics:angularVelocity = (0, 0, 0)
                    rel physics:simulationOwner
                    vector3f physics:velocity = (0, 0, 0)
                    quatd xformOp:orient = (0.34166780369408156, 0.15912327434100207, -0.07895031838846932, 0.9228812180926754)
                    double3 xformOp:translate = (-0.015199225278097916, 0.27611580262708313, 0.2533807863037385)
                }

                over "joints"
                {
                    over "left_joint1"
                    {
                        float drive:angular:physics:targetPosition = 96.8
                        float physics:lowerLimit = -178.00078
                        float physics:upperLimit = 178.00078
                        float state:angular:physics:position = 96.801254
                        float state:angular:physics:velocity = 0
                    }

                    over "left_joint2"
                    {
                        float drive:angular:physics:targetPosition = -73.3
                        float physics:lowerLimit = -120.00027
                        float physics:upperLimit = 120.00027
                        float state:angular:physics:position = -73.3012
                        float state:angular:physics:velocity = 0
                    }

                    over "left_joint3"
                    {
                        float drive:angular:physics:targetPosition = -78
                        float physics:lowerLimit = -178.00078
                        float physics:upperLimit = 178.00078
                        float state:angular:physics:position = -77.99884
                        float state:angular:physics:velocity = 0
                    }

                    over "left_joint4"
                    {
                        float drive:angular:physics:targetPosition = -49.2
                        float physics:lowerLimit = -144.99841
                        float physics:upperLimit = 60.000134
                        float state:angular:physics:position = -49.199924
                        float state:angular:physics:velocity = 0
                    }

                    over "left_joint5"
                    {
                        float physics:lowerLimit = -178.00078
                        float physics:upperLimit = 178.00078
                        float state:angular:physics:position = -0.0003727327
                        float state:angular:physics:velocity = 0
                    }

                    over "left_joint6"
                    {
                        float drive:angular:physics:targetPosition = 0.4
                        float physics:lowerLimit = -60.000134
                        float physics:upperLimit = 60.000134
                        float state:angular:physics:position = 0.39999452
                        float state:angular:physics:velocity = 0
                    }

                    over "left_joint7"
                    {
                        float physics:lowerLimit = -90
                        float physics:upperLimit = 90
                        float state:angular:physics:position = 5.0879418e-8
                        float state:angular:physics:velocity = 0
                    }
                }

                over "RG75_FiveAges_Left"
                {
                    over "flange"
                    {
                        vector3f physics:angularVelocity = (0, 0, 0)
                        rel physics:simulationOwner
                        vector3f physics:velocity = (0, 0, 0)
                        quatd xformOp:orient = (0.7096333276798625, -0.5971972970944656, 0.35163582029909246, -0.1269967655952462)
                        double3 xformOp:translate = (0.23964568239311523, 0.5958254187517132, -0.5955022779662809)
                    }

                    over "left_finger"
                    {
                        vector3f physics:angularVelocity = (0, 0, 0)
                        rel physics:simulationOwner
                        vector3f physics:velocity = (0, 0, 0)
                        quatd xformOp:orient = (0.7096333364372104, -0.5971972916635757, 0.3516358142431408, -0.12699675896748946)
                        double3 xformOp:translate = (0.3370241747484619, 0.690867051403996, -0.600225826855441)

                        over "left_finger_pad"
                        {
                            over "pad_fiveages"
                            {
                                over "Link03"
                                {
                                    over "Link03"
                                    {
                                        rel physics:simulationOwner
                                    }
                                }
                            }
                        }
                    }

                    over "right_finger"
                    {
                        vector3f physics:angularVelocity = (0, 0, 0)
                        rel physics:simulationOwner
                        vector3f physics:velocity = (0, 0, 0)
                        quatd xformOp:orient = (0.7096333335798934, -0.597197262867711, 0.3516358584019182, -0.12699678807571438)
                        double3 xformOp:translate = (0.31829472642998047, 0.7058955877237286, -0.5801166502196988)

                        over "right_finger_pad"
                        {
                            over "pad_fiveages"
                            {
                                over "Link03"
                                {
                                    over "Link03"
                                    {
                                        rel physics:simulationOwner
                                    }
                                }
                            }
                        }
                    }

                    over "joints"
                    {
                        over "left_gripper_joint"
                        {
                            float state:linear:physics:position = 2.0146072e-12
                            float state:linear:physics:velocity = 0
                        }

                        over "left_right_finger_joint"
                        {
                            float state:linear:physics:position = -3.1241898e-11
                            float state:linear:physics:velocity = 0
                        }
                    }
                }
            }

            over "LinkHou_S2"
            {
                over "rl_steer"
                {
                    vector3f physics:angularVelocity = (0, 0, 0)
                    rel physics:simulationOwner
                    vector3f physics:velocity = (0, 0, 0)
                    quatd xformOp:orient = (0.9999254164393876, 1.5541650388367394e-7, -0.012213171516001842, 1.1775795926925458e-7)
                    double3 xformOp:translate = (-0.21956246670265855, 0.217380259875517, 0.22341345538568852)
                }

                over "fl_wheel"
                {
                    vector3f physics:angularVelocity = (0, 0, 0)
                    rel physics:simulationOwner
                    vector3f physics:velocity = (0, 0, 0)
                    quatd xformOp:orient = (0.9999254166083162, 9.680604267265193e-8, -0.012213157686416079, -5.064797677382138e-8)
                    double3 xformOp:translate = (0.24433786097983656, 0.21381447160647227, 0.09870688532662747)
                }

                over "fr_wheel"
                {
                    vector3f physics:angularVelocity = (0, 0, 0)
                    rel physics:simulationOwner
                    vector3f physics:velocity = (0, 0, 0)
                    quatd xformOp:orient = (0.9999254175011366, 1.3961143569254513e-7, -0.01221308458813536, 3.452584064035956e-8)
                    double3 xformOp:translate = (0.2414656323573996, -0.22094562208249258, 0.09863648851585743)
                }

                over "rr_steer"
                {
                    vector3f physics:angularVelocity = (0, 0, 0)
                    rel physics:simulationOwner
                    vector3f physics:velocity = (0, 0, 0)
                    quatd xformOp:orient = (0.9999254173322285, 1.0075730972108992e-7, -0.012213098417573023, 3.4356957691630735e-8)
                    double3 xformOp:translate = (-0.221002514920432, -0.21737888013913143, 0.2233781098313367)
                }

                over "base_footprint"
                {
                    vector3f physics:angularVelocity = (0, 0, 0)
                    rel physics:simulationOwner
                    vector3f physics:velocity = (0, 0, 0)
                    quatd xformOp:orient = (0.9999254169783106, 1.481725142954382e-7, -0.012213127393446072, 3.400937519688475e-8)
                    double3 xformOp:translate = (0.014680210985940079, 6.8986819101724e-7, 0.02307488312197086)
                }

                over "fl_steer"
                {
                    vector3f physics:angularVelocity = (0, 0, 0)
                    rel physics:simulationOwner
                    vector3f physics:velocity = (0, 0, 0)
                    quatd xformOp:orient = (0.9999254166485249, 1.1722092242069326e-7, -0.012213154393780163, 1.1797334137624979e-7)
                    double3 xformOp:translate = (0.2402997655055934, 0.21738025987551524, 0.23464878191423771)
                }

                over "rl_wheel"
                {
                    vector3f physics:angularVelocity = (0, 0, 0)
                    rel physics:simulationOwner
                    vector3f physics:velocity = (0, 0, 0)
                    quatd xformOp:orient = (0.9999254171311276, 1.5936777093236134e-7, -0.012213114881186482, 1.1844959659421965e-7)
                    double3 xformOp:translate = (-0.2155246096469945, 0.2209470018188764, 0.08747158114982007)
                }

                over "rr_wheel"
                {
                    vector3f physics:angularVelocity = (0, 0, 0)
                    rel physics:simulationOwner
                    vector3f physics:velocity = (0, 0, 0)
                    quatd xformOp:orient = (0.999925417581577, 1.0141585422866583e-7, -0.012213078002535427, -4.9674861177922426e-8)
                    double3 xformOp:translate = (-0.21839707668801012, -0.2209456220824908, 0.08740118806434033)
                }

                over "fr_steer"
                {
                    vector3f physics:angularVelocity = (0, 0, 0)
                    rel physics:simulationOwner
                    vector3f physics:velocity = (0, 0, 0)
                    quatd xformOp:orient = (0.9999254172517925, 1.1261111086499231e-7, -0.012213105003019711, 3.427653370162083e-8)
                    double3 xformOp:translate = (0.23886019412497772, -0.2173788801391332, 0.23461337675524113)
                }

                over "joints"
                {
                    over "fl_steer_joint"
                    {
                        float physics:lowerLimit = -180
                        float physics:upperLimit = 180
                        float state:angular:physics:position = -0.000004517255
                        float state:angular:physics:velocity = 0
                    }

                    over "fr_steer_joint"
                    {
                        float physics:lowerLimit = -180
                        float physics:upperLimit = 180
                        float state:angular:physics:position = 6.494155e-8
                        float state:angular:physics:velocity = 0
                    }

                    over "rl_steer_joint"
                    {
                        float physics:lowerLimit = -180
                        float physics:upperLimit = 180
                        float state:angular:physics:position = -5.311704e-7
                        float state:angular:physics:velocity = 0
                    }

                    over "rr_steer_joint"
                    {
                        float physics:lowerLimit = -180
                        float physics:upperLimit = 180
                        float state:angular:physics:position = 0.0000026094772
                        float state:angular:physics:velocity = 0
                    }

                    over "fl_wheel_joint"
                    {
                        float physics:lowerLimit = -inf
                        float physics:upperLimit = inf
                    }

                    over "fr_wheel_joint"
                    {
                        float physics:lowerLimit = -inf
                        float physics:upperLimit = inf
                    }

                    over "rl_wheel_joint"
                    {
                        float physics:lowerLimit = -inf
                        float physics:upperLimit = inf
                    }

                    over "rr_wheel_joint"
                    {
                        float physics:lowerLimit = -inf
                        float physics:upperLimit = inf
                    }
                }
            }

            over "base_link"
            {
                vector3f physics:angularVelocity = (0, 0, 0)
                rel physics:simulationOwner
                vector3f physics:velocity = (0, 0, 0)
                quatd xformOp:orient = (0.9999254169863541, 1.4751396978732213e-7, -0.012213126734912205, 3.4017417581361914e-8)
                double3 xformOp:translate = (0.013703410067360977, 6.8986819101724e-7, 0.023062931496623723)
            }

            over "body_link4"
            {
                vector3f physics:angularVelocity = (0, 0, 0)
                rel physics:simulationOwner
                vector3f physics:velocity = (0, 0, 0)
                quatd xformOp:orient = (0.999999999999784, -3.1713347058931425e-10, -1.7460183784387933e-8, -6.571102210380247e-7)
                double3 xformOp:translate = (0.10517841998557387, -2.6380612538901005e-7, 1.0498090182728803)
            }

            over "body_link1"
            {
                vector3f physics:angularVelocity = (0, 0, 0)
                rel physics:simulationOwner
                vector3f physics:velocity = (0, 0, 0)
                quatd xformOp:orient = (0.9886262056076797, 1.264405455654993e-7, -0.15039356896405198, -2.9035456755502496e-8)
                double3 xformOp:translate = (0.1133163613460475, 6.8986819101724e-7, 0.25506512274217963)
            }

            over "joints"
            {
                over "body_joint4"
                {
                    float physics:lowerLimit = -180
                    float physics:upperLimit = 180
                    float state:angular:physics:position = 0.00005202954
                    float state:angular:physics:velocity = -0
                }

                over "head_joint1"
                {
                    float physics:lowerLimit = -24.98096
                    float physics:upperLimit = 24.98096
                    float state:angular:physics:position = -2.7081937e-9
                    float state:angular:physics:velocity = 0
                }

                over "body_joint3"
                {
                    float drive:angular:physics:targetPosition = -14.3
                    float physics:lowerLimit = -99.98113
                    float physics:upperLimit = 99.98113
                    float state:angular:physics:position = -14.30016
                    float state:angular:physics:velocity = -0
                }

                over "head_joint2"
                {
                    float physics:lowerLimit = -14.98096
                    float physics:upperLimit = 14.98096
                    float state:angular:physics:position = -8.247241e-11
                    float state:angular:physics:velocity = 0
                }

                over "body_joint2"
                {
                    float drive:angular:physics:targetPosition = -31.6
                    float physics:lowerLimit = -152.40677
                    float physics:upperLimit = 91.959724
                    float state:angular:physics:position = -31.599604
                    float state:angular:physics:velocity = -0
                }

                over "body_joint1"
                {
                    float drive:angular:physics:targetPosition = -15.900001
                    float physics:lowerLimit = -77.50016
                    float physics:upperLimit = 32.486702
                    float state:angular:physics:position = -15.899929
                    float state:angular:physics:velocity = -0
                }
            }
        }

        def "Galbot_S1" (
            prepend payload = @./humanoid/Galbot/Galbot_S1/Galbot_S1.usda@
        )
        {
            string[] isaac:changelog (
                displayName = "Changelog"
            )
            string isaac:description (
                displayName = "Description"
            )
            token isaac:license (
                displayName = "License"
            )
            string isaac:namespace (
                displayName = "Namespace"
            )
            rel isaac:physics:robotJoints (
                displayName = "Robot Joints"
            )
            rel isaac:physics:robotLinks (
                displayName = "Robot Links"
            )
            token isaac:robotType (
                displayName = "Robot Type"
            )
            string isaac:source (
                displayName = "Source"
            )
            string isaac:version (
                displayName = "Version"
            )
            quatd xformOp:orient = (1, 0, 0, 0)
            double3 xformOp:scale = (1, 1, 1)
            double3 xformOp:translate = (1.2917090121200148, 0.951615035629807, 0.5863618996086498)
            uniform token[] xformOpOrder = ["xformOp:translate", "xformOp:orient", "xformOp:scale"]

            over "Arms"
            {
                over "Gripper_Ge103In_Right"
                {
                    over "base_link"
                    {
                        vector3f physics:angularVelocity = (0, 0, 0)
                        rel physics:simulationOwner
                        vector3f physics:velocity = (0, 0, 0)
                        quatd xformOp:orient = (-0.5560497020312362, 0.04541018640848996, 0.38939219843893624, 0.7328849566174842)
                        double3 xformOp:translate = (-1.0464806444464312, -0.44891194515203936, 0.30966021872880667)

                        over "collisions"
                        {
                            over "flange"
                            {
                                over "mesh"
                                {
                                    rel physics:simulationOwner
                                }
                            }

                            over "gripper_base"
                            {
                                over "mesh"
                                {
                                    rel physics:simulationOwner
                                }
                            }
                        }
                    }

                    over "left_active_link1"
                    {
                        vector3f physics:angularVelocity = (0, 0, 0)
                        rel physics:simulationOwner
                        vector3f physics:velocity = (0, 0, 0)
                        quatd xformOp:orient = (-0.040548901227605, 0.4850816679564203, -0.06757744456592293, 0.8709103576188487)
                        double3 xformOp:translate = (-1.0596861371718695, -0.560254079801703, 0.31447308260355733)

                        over "collisions"
                        {
                            over "active_link1"
                            {
                                over "mesh"
                                {
                                    rel physics:simulationOwner
                                }
                            }
                        }
                    }

                    over "left_active_link2"
                    {
                        vector3f physics:angularVelocity = (0, 0, 0)
                        rel physics:simulationOwner
                        vector3f physics:velocity = (0, 0, 0)
                        quatd xformOp:orient = (0.8164645454035975, -0.12897175534854607, 0.4724798440072617, -0.30580178127029506)
                        double3 xformOp:translate = (-1.0885794543718816, -0.5677338827409264, 0.3605756126813482)

                        over "collisions"
                        {
                            over "active_link2"
                            {
                                over "mesh"
                                {
                                    rel physics:simulationOwner
                                }
                            }
                        }
                    }

                    over "left_passive_link"
                    {
                        vector3f physics:angularVelocity = (0, 0, 0)
                        rel physics:simulationOwner
                        vector3f physics:velocity = (0, 0, 0)
                        quatd xformOp:orient = (-0.04054890928450992, 0.485081647184342, -0.06757738638394216, 0.8709103733279778)
                        double3 xformOp:translate = (-1.0549204674445622, -0.5683306360076543, 0.3054684480663141)

                        over "collisions"
                        {
                            over "passive_link"
                            {
                                over "mesh"
                                {
                                    rel physics:simulationOwner
                                }
                            }
                        }
                    }

                    over "joints"
                    {
                        over "right_gripper_joint"
                        {
                            float physics:lowerLimit = 0
                            float physics:upperLimit = 93.718704
                            float state:angular:physics:position = 0.000006693343
                            float state:angular:physics:velocity = 0
                        }

                        over "right_passive_joint"
                        {
                            float state:angular:physics:position = 0.000015082189
                            float state:angular:physics:velocity = 0
                        }

                        over "right_active_joint2"
                        {
                            float state:angular:physics:position = -0.000008237689
                            float state:angular:physics:velocity = 0
                        }
                    }
                }

                over "right_link1"
                {
                    vector3f physics:angularVelocity = (0, 0, 0)
                    rel physics:simulationOwner
                    vector3f physics:velocity = (0, 0, 0)
                    quatd xformOp:orient = (0.5445931654111932, 0.41788565848791376, -0.44267765785641394, 0.5769110432746971)
                    double3 xformOp:translate = (0.09849962870924323, -0.2802502588036013, 0.6705961082540777)

                    over "collisions"
                    {
                        over "link1_0"
                        {
                            over "mesh"
                            {
                                rel physics:simulationOwner
                            }
                        }

                        over "link1_1"
                        {
                            over "mesh"
                            {
                                rel physics:simulationOwner
                            }
                        }

                        over "link1_2"
                        {
                            over "mesh"
                            {
                                rel physics:simulationOwner
                            }
                        }

                        over "link1_3"
                        {
                            over "mesh"
                            {
                                rel physics:simulationOwner
                            }
                        }
                    }
                }

                over "right_link2"
                {
                    vector3f physics:angularVelocity = (0, 0, 0)
                    rel physics:simulationOwner
                    vector3f physics:velocity = (0, 0, 0)
                    quatd xformOp:orient = (0.612957457624528, 0.36016975035754406, 0.5852064837892555, 0.3899926632654455)
                    double3 xformOp:translate = (0.09849962870924323, -0.2802493051292849, 0.6705959890447881)

                    over "collisions"
                    {
                        over "link2_0"
                        {
                            over "mesh"
                            {
                                rel physics:simulationOwner
                            }
                        }

                        over "link2_1"
                        {
                            over "mesh"
                            {
                                rel physics:simulationOwner
                            }
                        }

                        over "link2_2"
                        {
                            over "mesh"
                            {
                                rel physics:simulationOwner
                            }
                        }
                    }
                }

                over "right_link3"
                {
                    vector3f physics:angularVelocity = (0, 0, 0)
                    rel physics:simulationOwner
                    vector3f physics:velocity = (0, 0, 0)
                    quatd xformOp:orient = (-0.030169220711555624, -0.25313284914319695, 0.9407024301147972, -0.22381357595646487)
                    double3 xformOp:translate = (0.12620958964674323, -0.4940688089134646, 0.23058091145384574)

                    over "collisions"
                    {
                        over "link3_0"
                        {
                            over "mesh"
                            {
                                rel physics:simulationOwner
                            }
                        }
                    }
                }

                over "right_link4"
                {
                    vector3f physics:angularVelocity = (0, 0, 0)
                    rel physics:simulationOwner
                    vector3f physics:velocity = (0, 0, 0)
                    quatd xformOp:orient = (-0.5854832881746876, -0.11231744096658713, -0.5333650036682489, 0.6000965627170695)
                    double3 xformOp:translate = (0.12620958964674323, -0.494069762587781, 0.2305809710584905)

                    over "collisions"
                    {
                        over "link4_0"
                        {
                            over "mesh"
                            {
                                rel physics:simulationOwner
                            }
                        }

                        over "link4_1"
                        {
                            over "mesh"
                            {
                                rel physics:simulationOwner
                            }
                        }
                    }
                }

                over "right_link5"
                {
                    vector3f physics:angularVelocity = (0, 0, 0)
                    rel physics:simulationOwner
                    vector3f physics:velocity = (0, 0, 0)
                    quatd xformOp:orient = (0.49341933693577805, -0.3345742262469158, 0.8014807119969126, -0.047181705840895094)
                    double3 xformOp:translate = (0.48049339930860846, -0.38447255647205836, 0.011531457718494176)

                    over "collisions"
                    {
                        over "link5_0"
                        {
                            over "mesh"
                            {
                                rel physics:simulationOwner
                            }
                        }
                    }
                }

                over "right_link7"
                {
                    vector3f physics:angularVelocity = (0, 0, 0)
                    rel physics:simulationOwner
                    vector3f physics:velocity = (0, 0, 0)
                    quatd xformOp:orient = (-0.21783154169761307, -0.20321793758016826, 0.9156316652238505, -0.26994544435256296)
                    double3 xformOp:translate = (0.48049339930860846, -0.38447255647205836, 0.011531457718494176)

                    over "collisions"
                    {
                        over "link7_0"
                        {
                            over "mesh"
                            {
                                rel physics:simulationOwner
                            }
                        }
                    }
                }

                over "Gripper_Ge103In"
                {
                    over "base_link"
                    {
                        vector3f physics:angularVelocity = (0, 0, 0)
                        rel physics:simulationOwner
                        vector3f physics:velocity = (0, 0, 0)
                        quatd xformOp:orient = (-0.47817423210033266, 0.1784471213158022, 0.48194165877654743, 0.7122066176223516)
                        double3 xformOp:translate = (-1.1122795936464929, -0.3026208361392442, 0.4421181465428283)
                    }

                    over "left_active_link1"
                    {
                        vector3f physics:angularVelocity = (0, 0, 0)
                        rel physics:simulationOwner
                        vector3f physics:velocity = (0, 0, 0)
                        quatd xformOp:orient = (0.11679629781595076, 0.4915639877183638, 0.021246252682492864, 0.8627120420753729)
                        double3 xformOp:translate = (-1.1447924959105826, -0.40286507423706563, 0.4807006946587933)
                    }

                    over "left_active_link2"
                    {
                        vector3f physics:angularVelocity = (0, 0, 0)
                        rel physics:simulationOwner
                        vector3f physics:velocity = (0, 0, 0)
                        quatd xformOp:orient = (0.7469471067416492, -0.2131669924184255, 0.4434482979258326, -0.4471951029922445)
                        double3 xformOp:translate = (-1.1716733268528063, -0.3906502427806613, 0.527008981736449)
                    }

                    over "left_passive_link"
                    {
                        vector3f physics:angularVelocity = (0, 0, 0)
                        rel physics:simulationOwner
                        vector3f physics:velocity = (0, 0, 0)
                        quatd xformOp:orient = (0.11679635755179199, 0.49156393741316967, 0.021246261949504668, 0.8627120624233028)
                        double3 xformOp:translate = (-1.1421051340967416, -0.4140079523008495, 0.4745676101123948)
                    }

                    over "joints"
                    {
                        over "left_gripper_joint"
                        {
                            float physics:lowerLimit = 0
                            float physics:upperLimit = 93.718704
                            float state:angular:physics:position = 6.6501596e-12
                            float state:angular:physics:velocity = 0
                        }

                        over "left_passive_joint"
                        {
                            float state:angular:physics:position = 4.1058476e-7
                            float state:angular:physics:velocity = 0
                        }

                        over "left_active_joint2"
                        {
                            float state:angular:physics:position = -2.5421613e-7
                            float state:angular:physics:velocity = 0
                        }
                    }
                }

                over "base_link"
                {
                    vector3f physics:angularVelocity = (0, 0, 0)
                    rel physics:simulationOwner
                    vector3f physics:velocity = (0, 0, 0)
                    quatd xformOp:orient = (0.9999999999999947, 1.2327210248631847e-8, -1.4971171807954064e-8, 1.0140041882844578e-7)
                    double3 xformOp:translate = (-1.4622361810268103e-7, 2.9051280492353726e-7, 0.5040060136877325)
                }

                over "left_link1"
                {
                    vector3f physics:angularVelocity = (0, 0, 0)
                    rel physics:simulationOwner
                    vector3f physics:velocity = (0, 0, 0)
                    quatd xformOp:orient = (-0.5370031690853655, 0.4120549630376328, 0.4481101660801345, 0.5839825193308136)
                    double3 xformOp:translate = (0.09849962870924323, 0.28024988615489477, 0.6705958698354986)
                }

                over "left_link2"
                {
                    vector3f physics:angularVelocity = (0, 0, 0)
                    rel physics:simulationOwner
                    vector3f physics:velocity = (0, 0, 0)
                    quatd xformOp:orient = (0.6154978180705071, -0.35826963675297335, 0.5755285844700835, -0.4019603858456697)
                    double3 xformOp:translate = (0.09849962870924323, 0.2802508398292112, 0.6705958698354986)
                }

                over "left_link3"
                {
                    vector3f physics:angularVelocity = (0, 0, 0)
                    rel physics:simulationOwner
                    vector3f physics:velocity = (0, 0, 0)
                    quatd xformOp:orient = (-0.015345531801968241, 0.2543070363237964, 0.9419028515383947, 0.21888687533464118)
                    double3 xformOp:translate = (0.1388867823347315, 0.48611956083751195, 0.22777907591688895)
                }

                over "left_link4"
                {
                    vector3f physics:angularVelocity = (0, 0, 0)
                    rel physics:simulationOwner
                    vector3f physics:velocity = (0, 0, 0)
                    quatd xformOp:orient = (0.6829412039216568, -0.20878157701211836, 0.5041238808621026, 0.4856548958168791)
                    double3 xformOp:translate = (0.1388867823347315, 0.48611956083751195, 0.22777907591688895)
                }

                over "left_link5"
                {
                    vector3f physics:angularVelocity = (0, 0, 0)
                    rel physics:simulationOwner
                    vector3f physics:velocity = (0, 0, 0)
                    quatd xformOp:orient = (0.013060343627370756, 0.6998792130732283, -0.3352829037618129, 0.6305425354227744)
                    double3 xformOp:translate = (0.5152853457197413, 0.2961695715186643, 0.13972209435332084)
                }

                over "left_link6"
                {
                    vector3f physics:angularVelocity = (0, 0, 0)
                    rel physics:simulationOwner
                    vector3f physics:velocity = (0, 0, 0)
                    quatd xformOp:orient = (0.5041007365625054, 0.8263214855222816, -0.13950144379513515, -0.20884108106515403)
                    double3 xformOp:translate = (0.5152858225568995, 0.2961695715186643, 0.13972209435332084)
                }

                over "left_link7"
                {
                    vector3f physics:angularVelocity = (0, 0, 0)
                    rel physics:simulationOwner
                    vector3f physics:velocity = (0, 0, 0)
                    quatd xformOp:orient = (-0.04903359399694395, 0.24631462941751112, 0.9407499749835551, 0.2278470859218911)
                    double3 xformOp:translate = (0.5152858225568995, 0.2961695715186643, 0.13972209435332084)
                }

                over "right_link6"
                {
                    vector3f physics:angularVelocity = (0, 0, 0)
                    rel physics:simulationOwner
                    vector3f physics:velocity = (0, 0, 0)
                    quatd xformOp:orient = (-0.45657167210442345, 0.838328807950562, -0.01033086698813131, -0.2977253620020206)
                    double3 xformOp:translate = (0.48049387614576666, -0.38447351014637476, 0.011531457718494176)
                }

                over "joints"
                {
                    over "left_joint1"
                    {
                        float drive:angular:physics:targetPosition = 55.2
                        float physics:lowerLimit = -170.00229
                        float physics:upperLimit = 170.00229
                        float state:angular:physics:position = 55.199924
                        float state:angular:physics:velocity = 0
                    }

                    over "left_joint2"
                    {
                        float drive:angular:physics:targetPosition = -80.1
                        float physics:lowerLimit = -114.99262
                        float physics:upperLimit = 99.99832
                        float state:angular:physics:position = -80.0999
                        float state:angular:physics:velocity = 0
                    }

                    over "left_joint3"
                    {
                        float physics:lowerLimit = -168.99962
                        float physics:upperLimit = 168.99962
                        float state:angular:physics:position = -0.000012194124
                        float state:angular:physics:velocity = 0
                    }

                    over "left_joint4"
                    {
                        float drive:angular:physics:targetPosition = -85.9
                        float physics:lowerLimit = -110.00789
                        float physics:upperLimit = 150.00035
                        float state:angular:physics:position = -85.900085
                        float state:angular:physics:velocity = 0
                    }

                    over "left_joint5"
                    {
                        float physics:lowerLimit = -168.99962
                        float physics:upperLimit = 168.99962
                        float state:angular:physics:position = 0.000060436014
                        float state:angular:physics:velocity = 0
                    }

                    over "left_joint6"
                    {
                        float physics:lowerLimit = -45.000103
                        float physics:upperLimit = 45.000103
                        float state:angular:physics:position = 0.0000026768635
                        float state:angular:physics:velocity = 0
                    }

                    over "left_joint7"
                    {
                        float physics:lowerLimit = -90.997154
                        float physics:upperLimit = 90.997154
                        float state:angular:physics:position = -5.8457736e-8
                        float state:angular:physics:velocity = 0
                    }

                    over "right_joint1"
                    {
                        float drive:angular:physics:targetPosition = 56.7
                        float physics:lowerLimit = -170.00229
                        float physics:upperLimit = 170.00229
                        float state:angular:physics:position = 56.699135
                        float state:angular:physics:velocity = 0
                    }

                    over "right_joint2"
                    {
                        float drive:angular:physics:targetPosition = -79.1
                        float physics:lowerLimit = -99.99832
                        float physics:upperLimit = 114.99262
                        float state:angular:physics:position = -79.10065
                        float state:angular:physics:velocity = 0
                    }

                    over "right_joint3"
                    {
                        float physics:lowerLimit = -168.99962
                        float physics:upperLimit = 168.99962
                        float state:angular:physics:position = 0.00013133592
                        float state:angular:physics:velocity = 0
                    }

                    over "right_joint4"
                    {
                        float drive:angular:physics:targetPosition = -66.9
                        float physics:lowerLimit = -150.00035
                        float physics:upperLimit = 110.00216
                        float state:angular:physics:position = -66.909744
                        float state:angular:physics:velocity = 0
                    }

                    over "right_joint5"
                    {
                        float physics:lowerLimit = -168.99962
                        float physics:upperLimit = 168.99962
                        float state:angular:physics:position = -0.00077381876
                        float state:angular:physics:velocity = 0
                    }

                    over "right_joint6"
                    {
                        float physics:lowerLimit = -45.000103
                        float physics:upperLimit = 45.000103
                        float state:angular:physics:position = 0.000202166
                        float state:angular:physics:velocity = 0
                    }

                    over "right_joint7"
                    {
                        float physics:lowerLimit = -90.997154
                        float physics:upperLimit = 90.997154
                        float state:angular:physics:position = 0.000006511778
                        float state:angular:physics:velocity = 0
                    }
                }
            }

            over "SteeringChassis"
            {
                over "base_link"
                {
                    vector3f physics:angularVelocity = (0, 0, 0)
                    rel physics:simulationOwner
                    vector3f physics:velocity = (0, 0, 0)
                    quatd xformOp:orient = (0.9999999999999948, 2.791984902593826e-9, 3.37189959319445e-9, 1.0206337024081435e-7)
                    double3 xformOp:translate = (-3.2169969266249154e-7, 2.9051280492353726e-7, 3.623663212826145e-7)
                }

                over "wheel_steering_link1"
                {
                    vector3f physics:angularVelocity = (0, 0, 0)
                    rel physics:simulationOwner
                    vector3f physics:velocity = (0, 0, 0)
                    quatd xformOp:orient = (0.9999999999999948, 4.087980455552992e-9, 8.2998391067288e-9, 1.017373948854298e-7)
                    double3 xformOp:translate = (0.24699941890089328, -0.24699945008778101, 0.053500336676719384)
                }

                over "wheel_driving_link1"
                {
                    vector3f physics:angularVelocity = (0, 0, 0)
                    rel physics:simulationOwner
                    vector3f physics:velocity = (0, 0, 0)
                    quatd xformOp:orient = (-0.7071067021611974, 0.7071068602118831, -8.429369648813334e-8, 3.161014099906294e-8)
                    double3 xformOp:translate = (0.24699941890089328, -0.24699945008778101, 0.05350032922613879)
                }

                over "wheel_steering_link2"
                {
                    vector3f physics:angularVelocity = (0, 0, 0)
                    rel physics:simulationOwner
                    vector3f physics:velocity = (0, 0, 0)
                    quatd xformOp:orient = (0.9999999999999948, 4.087980455552992e-9, 8.2998391067288e-9, 1.017373948854298e-7)
                    double3 xformOp:translate = (0.24699989573805148, 0.24700003111339086, 0.05350034412729998)
                }

                over "wheel_driving_link2"
                {
                    vector3f physics:angularVelocity = (0, 0, 0)
                    rel physics:simulationOwner
                    vector3f physics:velocity = (0, 0, 0)
                    quatd xformOp:orient = (-0.7071067021611974, 0.7071068602118831, -8.429369648813334e-8, 3.161014099906294e-8)
                    double3 xformOp:translate = (0.24699989573805148, 0.24700003111339086, 0.05350032177555819)
                }

                over "wheel_steering_link3"
                {
                    vector3f physics:angularVelocity = (0, 0, 0)
                    rel physics:simulationOwner
                    vector3f physics:velocity = (0, 0, 0)
                    quatd xformOp:orient = (0.9999999999999948, 4.087980455552992e-9, 8.2998391067288e-9, 1.017373948854298e-7)
                    double3 xformOp:translate = (-0.2470000623002795, -0.24699945008778101, 0.053500306874397)
                }

                over "wheel_driving_link3"
                {
                    vector3f physics:angularVelocity = (0, 0, 0)
                    rel physics:simulationOwner
                    vector3f physics:velocity = (0, 0, 0)
                    quatd xformOp:orient = (-0.7071067021611974, 0.7071068602118831, -8.429369648813334e-8, 3.161014099906294e-8)
                    double3 xformOp:translate = (-0.2470000623002795, -0.24699945008778101, 0.0535002994238164)
                }

                over "wheel_steering_link4"
                {
                    vector3f physics:angularVelocity = (0, 0, 0)
                    rel physics:simulationOwner
                    vector3f physics:velocity = (0, 0, 0)
                    quatd xformOp:orient = (0.9999999999999948, 4.087980455552992e-9, 8.2998391067288e-9, 1.017373948854298e-7)
                    double3 xformOp:translate = (-0.2470000623002795, 0.24700003111339086, 0.053500359028461175)
                }

                over "wheel_driving_link4"
                {
                    vector3f physics:angularVelocity = (0, 0, 0)
                    rel physics:simulationOwner
                    vector3f physics:velocity = (0, 0, 0)
                    quatd xformOp:orient = (-0.7071067021611974, 0.7071068602118831, -8.429369648813334e-8, 3.161014099906294e-8)
                    double3 xformOp:translate = (-0.2470000623002795, 0.24700003111339086, 0.053500336676719384)
                }

                over "joints"
                {
                    over "wheel_steering_joint1"
                    {
                        float physics:lowerLimit = -169.88197
                        float physics:upperLimit = 169.88197
                        float state:angular:physics:position = 0
                        float state:angular:physics:velocity = 0
                    }

                    over "wheel_driving_joint1"
                    {
                        float physics:lowerLimit = -inf
                        float physics:upperLimit = inf
                    }

                    over "wheel_steering_joint2"
                    {
                        float physics:lowerLimit = -169.88197
                        float physics:upperLimit = 169.88197
                        float state:angular:physics:position = 0
                        float state:angular:physics:velocity = 0
                    }

                    over "wheel_driving_joint2"
                    {
                        float physics:lowerLimit = -inf
                        float physics:upperLimit = inf
                    }

                    over "wheel_steering_joint3"
                    {
                        float physics:lowerLimit = -169.88197
                        float physics:upperLimit = 169.88197
                        float state:angular:physics:position = 0
                        float state:angular:physics:velocity = 0
                    }

                    over "wheel_driving_joint3"
                    {
                        float physics:lowerLimit = -inf
                        float physics:upperLimit = inf
                    }

                    over "wheel_steering_joint4"
                    {
                        float physics:lowerLimit = -169.88197
                        float physics:upperLimit = 169.88197
                        float state:angular:physics:position = 0
                        float state:angular:physics:velocity = 0
                    }

                    over "wheel_driving_joint4"
                    {
                        float physics:lowerLimit = -inf
                        float physics:upperLimit = inf
                    }
                }
            }

            over "base_link"
            {
                vector3f physics:angularVelocity = (0, 0, 0)
                rel physics:simulationOwner
                vector3f physics:velocity = (0, 0, 0)
                quatd xformOp:orient = (0.9999999999999886, 4.925188522995276e-9, 5.581880326061312e-9, -1.5104694448189472e-7)
                double3 xformOp:translate = (-1.4622361810268103e-7, 2.9051280492353726e-7, -7.409226632226762e-8)
            }

            over "torso_lift_link1"
            {
                vector3f physics:angularVelocity = (0, 0, 0)
                rel physics:simulationOwner
                vector3f physics:velocity = (0, 0, 0)
                quatd xformOp:orient = (0.9999999999999947, 1.2868660537048293e-8, -1.2868660537048298e-8, 1.0162153407799897e-7)
                double3 xformOp:translate = (-1.4622361810268103e-7, 2.9051280492353726e-7, 0.5040060136877325)
            }

            over "head_link1"
            {
                vector3f physics:angularVelocity = (0, 0, 0)
                rel physics:simulationOwner
                vector3f physics:velocity = (0, 0, 0)
                quatd xformOp:orient = (0.9999999999999942, -1.3222562624270035e-8, -3.173415029824809e-8, 1.0180582988511537e-7)
                double3 xformOp:translate = (0.11449989955274908, 2.9051280492353726e-7, 0.7540358160101202)
            }

            over "head_link2"
            {
                vector3f physics:angularVelocity = (0, 0, 0)
                rel physics:simulationOwner
                vector3f physics:velocity = (0, 0, 0)
                quatd xformOp:orient = (0.707106860211885, 0.7071067021611979, 6.322027493844642e-8, -3.16101379861218e-8)
                double3 xformOp:translate = (0.061943861649917054, 2.9051280492353726e-7, 0.7967848632894781)
            }

            over "joints"
            {
                over "body_joint"
                {
                    float drive:linear:physics:targetPosition = 0.504
                    float physics:lowerLimit = 0
                    float physics:upperLimit = 0.75
                    float state:linear:physics:position = 0.50400573
                    float state:linear:physics:velocity = 0
                }

                over "head_joint1"
                {
                    float state:angular:physics:position = -3.9004337e-7
                    float state:angular:physics:velocity = 0
                }

                over "head_joint2"
                {
                    float state:angular:physics:position = -0.000037516787
                    float state:angular:physics:velocity = 0
                }
            }
        }

        def "Galbot_G1_Foxtrot" (
            prepend payload = @file:/home/fiveages/Documents/FaSim-Isaac/robots/humanoid/Galbot/Galbot_G1/Galbot_G1.usda@
            variants = {
                string Head = "Head_Foxtrot"
            }
        )
        {
            string[] isaac:changelog (
                displayName = "Changelog"
            )
            string isaac:description (
                displayName = "Description"
            )
            token isaac:license (
                displayName = "License"
            )
            string isaac:namespace (
                displayName = "Namespace"
            )
            rel isaac:physics:robotJoints (
                displayName = "Robot Joints"
            )
            rel isaac:physics:robotLinks (
                displayName = "Robot Links"
            )
            token isaac:robotType (
                displayName = "Robot Type"
            )
            string isaac:source (
                displayName = "Source"
            )
            string isaac:version (
                displayName = "Version"
            )
            quatd xformOp:orient = (1, 0, 0, 0)
            double3 xformOp:scale = (1, 1, 1)
            double3 xformOp:translate = (1.4934633054222077, -0.8690496431831392, 0.7613881067173824)
            uniform token[] xformOpOrder = ["xformOp:translate", "xformOp:orient", "xformOp:scale"]

            over "leg_link4"
            {
                vector3f physics:angularVelocity = (0, 0, 0)
                rel physics:simulationOwner
                vector3f physics:velocity = (0, 0, 0)
                quatd xformOp:orient = (0.7071067083564114, 0.000005970345539098094, 0.000005943300837176591, 0.7071068539664944)
                double3 xformOp:translate = (-0.027059344287826192, 4.3692681117590837e-7, 0.39299865208693885)
            }

            over "leg_link3"
            {
                vector3f physics:angularVelocity = (0, 0, 0)
                rel physics:simulationOwner
                vector3f physics:velocity = (0, 0, 0)
                quatd xformOp:orient = (-0.000006048097547352732, 0.000005963778886474447, 0.7071067811735231, 0.7071067811485571)
                double3 xformOp:translate = (-0.027062920566512716, 4.3692681117590837e-7, 0.16899867497512244)
            }

            over "leg_link2"
            {
                vector3f physics:angularVelocity = (0, 0, 0)
                rel physics:simulationOwner
                vector3f physics:velocity = (0, 0, 0)
                quatd xformOp:orient = (0.5906653525339777, 0.5906653212777125, -0.3887343757113018, 0.3887344912612634)
                double3 xformOp:translate = (-0.18132450961680568, 4.3692681117590837e-7, -0.1891959742443905)
            }

            over "OmniChassis"
            {
                over "OmniWheel_13"
                {
                    over "wheel"
                    {
                        vector3f physics:angularVelocity = (0, 0, 0)
                        rel physics:simulationOwner
                        vector3f physics:velocity = (0, 0, 0)
                        quatd xformOp:orient = (0.9999965756020643, 0.0018504873321499654, -0.0018505352680227886, 1.312041263558938e-8)
                        double3 xformOp:translate = (0.0061838130775306865, 0.006186222059763935, -0.5970085550086841)
                    }

                    over "wheel_passive_9"
                    {
                        vector3f physics:angularVelocity = (0, 0, 0)
                        rel physics:simulationOwner
                        vector3f physics:velocity = (0, 0, 0)
                        quatd xformOp:orient = (0.9516250786977926, -0.3072559905792643, -0.0017657807797292785, -0.0005898006554278192)
                        double3 xformOp:translate = (0.006238267079016424, 0.026465768275926393, -0.6116281289594516)
                    }

                    over "wheel_passive_7"
                    {
                        vector3f physics:angularVelocity = (0, 0, 0)
                        rel physics:simulationOwner
                        vector3f physics:velocity = (0, 0, 0)
                        quatd xformOp:orient = (-0.5892802317477107, 0.8079265281308132, 0.0011125296884630248, 0.0015152199665334853)
                        double3 xformOp:translate = (0.006272489943896176, -0.0014517984159674313, -0.6208132345216617)
                    }

                    over "wheel_passive_5"
                    {
                        vector3f physics:angularVelocity = (0, 0, 0)
                        rel physics:simulationOwner
                        vector3f physics:velocity = (0, 0, 0)
                        quatd xformOp:orient = (-0.00185053098025095, 0.9999965755071438, -8.947565315447246e-9, 0.0018505429138948963)
                        double3 xformOp:translate = (0.006184318502903352, -0.018814108365146964, -0.5971010837691173)
                    }

                    over "wheel_passive_4"
                    {
                        vector3f physics:angularVelocity = (0, 0, 0)
                        rel physics:simulationOwner
                        vector3f physics:velocity = (0, 0, 0)
                        quatd xformOp:orient = (0.3072559173094165, 0.9516251023346992, -0.0005898160175031299, 0.0017657864786572387)
                        double3 xformOp:translate = (0.006130033425611359, -0.014093998505984473, -0.5823889810579166)
                    }

                    over "wheel_passive_2"
                    {
                        vector3f physics:angularVelocity = (0, 0, 0)
                        rel physics:simulationOwner
                        vector3f physics:velocity = (0, 0, 0)
                        quatd xformOp:orient = (0.8079265322484228, 0.589280226048032, -0.0015152241900791097, 0.0011125526830780468)
                        double3 xformOp:translate = (0.006095810560730719, 0.013823568185911128, -0.5732038829462871)
                    }

                    over "wheel_passive_1"
                    {
                        vector3f physics:angularVelocity = (0, 0, 0)
                        rel physics:simulationOwner
                        vector3f physics:velocity = (0, 0, 0)
                        quatd xformOp:orient = (0.9504814286934983, 0.31077578334255634, -0.0017658412749603234, 0.0005899162470116593)
                        double3 xformOp:translate = (0.0061293596209974766, 0.026356860820841987, -0.5822392839925632)
                    }

                    over "wheel_passive_3"
                    {
                        vector3f physics:angularVelocity = (0, 0, 0)
                        rel physics:simulationOwner
                        vector3f physics:velocity = (0, 0, 0)
                        quatd xformOp:orient = (0.5862860646884214, 0.8101019175357318, -0.0011126010755413336, 0.0015151488182327838)
                        double3 xformOp:translate = (0.006096484702143634, -0.0016278036529797646, -0.5732610736029491)
                    }

                    over "wheel_passive_0"
                    {
                        vector3f physics:angularVelocity = (0, 0, 0)
                        rel physics:simulationOwner
                        vector3f physics:velocity = (0, 0, 0)
                        quatd xformOp:orient = (0.9999965756161712, 0.0018504873403344796, -0.0018505276359596545, 5.540932503930759e-8)
                        double3 xformOp:translate = (0.00618381341432972, 0.031185709547697726, -0.5969160336988315)
                    }

                    over "wheel_passive_8"
                    {
                        vector3f physics:angularVelocity = (0, 0, 0)
                        rel physics:simulationOwner
                        vector3f physics:velocity = (0, 0, 0)
                        quatd xformOp:orient = (0.8101018982809594, -0.5862860914427213, -0.0015150956820506125, -0.001112594929639111)
                        double3 xformOp:translate = (0.00627181580248326, 0.013999573422921685, -0.6207560513155803)
                    }

                    over "wheel_passive_6"
                    {
                        vector3f physics:angularVelocity = (0, 0, 0)
                        rel physics:simulationOwner
                        vector3f physics:velocity = (0, 0, 0)
                        quatd xformOp:orient = (-0.3107758252319694, 0.9504814150609032, 0.0005898640309785355, 0.0017658243504583768)
                        double3 xformOp:translate = (0.006238772296233819, -0.013985259638291225, -0.6117778409259662)
                    }
                }

                over "OmniWheel_12"
                {
                    over "wheel"
                    {
                        vector3f physics:angularVelocity = (0, 0, 0)
                        rel physics:simulationOwner
                        vector3f physics:velocity = (0, 0, 0)
                        quatd xformOp:orient = (0.9999965756020118, 0.0018505352522145949, 0.001850487374889254, -7.435791529806956e-8)
                        double3 xformOp:translate = (-0.006189529755344481, 0.006187122437488313, -0.5988560829298839)
                    }

                    over "wheel_passive_9"
                    {
                        vector3f physics:angularVelocity = (0, 0, 0)
                        rel physics:simulationOwner
                        vector3f physics:velocity = (0, 0, 0)
                        quatd xformOp:orient = (0.9516250948220396, -0.30725594095611924, 0.0017657550527228497, 0.0005897128179601403)
                        double3 xformOp:translate = (-0.006243980483422007, 0.026466668662440185, -0.6134756568806514)
                    }

                    over "wheel_passive_8"
                    {
                        vector3f physics:angularVelocity = (0, 0, 0)
                        rel physics:simulationOwner
                        vector3f physics:velocity = (0, 0, 0)
                        quatd xformOp:orient = (0.8101019391372429, -0.5862860351239186, 0.0015151107977436058, 0.0011125034941896071)
                        double3 xformOp:translate = (-0.00627753121911212, 0.014000473814851588, -0.6226035792367801)
                    }

                    over "wheel_passive_6"
                    {
                        vector3f physics:angularVelocity = (0, 0, 0)
                        rel physics:simulationOwner
                        vector3f physics:velocity = (0, 0, 0)
                        quatd xformOp:orient = (-0.3107758756178649, 0.9504813986906827, -0.0005898856781217381, -0.001765760980349022)
                        double3 xformOp:translate = (-0.006244492230012, -0.013984359251693945, -0.613625368847166)
                    }

                    over "wheel_passive_5"
                    {
                        vector3f physics:angularVelocity = (0, 0, 0)
                        rel physics:simulationOwner
                        vector3f physics:velocity = (0, 0, 0)
                        quatd xformOp:orient = (-0.0018505788661856634, 0.9999965755351092, -4.4225536847918037e-8, -0.0018504799142216228)
                        double3 xformOp:translate = (-0.006190039216127374, -0.018813207987339098, -0.5989486116903171)
                    }

                    over "wheel_passive_3"
                    {
                        vector3f physics:angularVelocity = (0, 0, 0)
                        rel physics:simulationOwner
                        vector3f physics:velocity = (0, 0, 0)
                        quatd xformOp:orient = (0.5862860444669683, 0.8101019323103357, 0.0011125357147018806, -0.0015151219819911623)
                        double3 xformOp:translate = (-0.006101528291576841, -0.001626228939874963, -0.5751085940735683)
                    }

                    over "wheel_passive_2"
                    {
                        vector3f physics:angularVelocity = (0, 0, 0)
                        rel physics:simulationOwner
                        vector3f physics:velocity = (0, 0, 0)
                        quatd xformOp:orient = (0.8079265198589379, 0.5892802431956095, 0.0015151491116528978, -0.0011125696014908165)
                        double3 xformOp:translate = (-0.006101526005769742, 0.013824468549431757, -0.5750514183180675)
                    }

                    over "wheel_passive_4"
                    {
                        vector3f physics:angularVelocity = (0, 0, 0)
                        rel physics:simulationOwner
                        vector3f physics:velocity = (0, 0, 0)
                        quatd xformOp:orient = (0.30725587460130876, 0.9516251161911465, 0.0005897667639486364, -0.0017657667841590274)
                        double3 xformOp:translate = (-0.006135753376941722, -0.014093098136939375, -0.584236516429697)
                    }

                    over "wheel_passive_7"
                    {
                        vector3f physics:angularVelocity = (0, 0, 0)
                        rel physics:simulationOwner
                        vector3f physics:velocity = (0, 0, 0)
                        quatd xformOp:orient = (-0.589280258280353, 0.8079265089610741, -0.0011125398315208446, -0.0015151152217550655)
                        double3 xformOp:translate = (-0.006277533504919219, -0.001450223674454243, -0.6226607624428615)
                    }

                    over "wheel_passive_0"
                    {
                        vector3f physics:angularVelocity = (0, 0, 0)
                        rel physics:simulationOwner
                        vector3f physics:velocity = (0, 0, 0)
                        quatd xformOp:orient = (0.9999965755880519, 0.0018505352920440265, 0.0018504948767649285, -1.1662698188727816e-7)
                        double3 xformOp:translate = (-0.006189526056870065, 0.031186609925422104, -0.5987635616200313)
                    }

                    over "wheel_passive_1"
                    {
                        vector3f physics:angularVelocity = (0, 0, 0)
                        rel physics:simulationOwner
                        vector3f physics:velocity = (0, 0, 0)
                        quatd xformOp:orient = (0.9504814126931797, 0.3107758325795545, 0.0017657794230171785, -0.0005899426170998888)
                        double3 xformOp:translate = (-0.006135241630351729, 0.026357929777194755, -0.5840868044631824)
                    }
                }

                over "wheel_3"
                {
                    vector3f physics:angularVelocity = (0, 0, 0)
                    rel physics:simulationOwner
                    vector3f physics:velocity = (0, 0, 0)
                    quatd xformOp:orient = (0.9238763494818549, -0.001001520553830185, -0.002417796544152956, 0.3826821684956497)
                    double3 xformOp:translate = (-0.16774138927073645, -0.17649130043891148, -0.5270220849650249)
                }

                over "wheel_4"
                {
                    vector3f physics:angularVelocity = (0, 0, 0)
                    rel physics:simulationOwner
                    vector3f physics:velocity = (0, 0, 0)
                    quatd xformOp:orient = (0.3826821356072213, -0.0024178224115222707, -0.0010014581648156921, 0.9238763631046238)
                    double3 xformOp:translate = (0.18523993969349695, -0.17649130043891148, -0.5251745570438251)
                }

                over "OmniWheel_11"
                {
                    over "wheel"
                    {
                        vector3f physics:angularVelocity = (0, 0, 0)
                        rel physics:simulationOwner
                        vector3f physics:velocity = (0, 0, 0)
                        quatd xformOp:orient = (0.999996575601794, -0.001850487617499339, 0.0018505351286641353, 2.3541657314265883e-8)
                        double3 xformOp:translate = (-0.006187563148077224, -0.0061890890441702595, -0.5988561052816257)
                    }

                    over "wheel_passive_6"
                    {
                        vector3f physics:angularVelocity = (0, 0, 0)
                        rel physics:simulationOwner
                        vector3f physics:velocity = (0, 0, 0)
                        quatd xformOp:orient = (-0.3072559866988227, 0.9516250799293101, -0.0005897942823014106, -0.0017657944307778175)
                        double3 xformOp:translate = (-0.006241339526479983, -0.026469309618599723, -0.6134756792323932)
                    }

                    over "wheel_passive_7"
                    {
                        vector3f physics:angularVelocity = (0, 0, 0)
                        rel physics:simulationOwner
                        vector3f physics:velocity = (0, 0, 0)
                        quatd xformOp:orient = (-0.586286039015493, 0.8101019361388386, -0.0011125860034599565, -0.0015151475221328137)
                        double3 xformOp:translate = (-0.006274890262170096, -0.014003114771011127, -0.6226035941379413)
                    }

                    over "wheel_passive_2"
                    {
                        vector3f physics:angularVelocity = (0, 0, 0)
                        rel physics:simulationOwner
                        vector3f physics:velocity = (0, 0, 0)
                        quatd xformOp:orient = (0.8101019510859268, 0.5862860183283762, 0.001515152010763921, -0.0011125977791066114)
                        double3 xformOp:translate = (-0.006099561684310473, 0.0016242623331912398, -0.5751086238758907)
                    }

                    over "wheel_passive_0"
                    {
                        vector3f physics:angularVelocity = (0, 0, 0)
                        rel physics:simulationOwner
                        vector3f physics:velocity = (0, 0, 0)
                        quatd xformOp:orient = (0.999996575587602, -0.0018504875682190556, 0.0018505428456420936, 7.527824712290377e-8)
                        double3 xformOp:translate = (-0.006187566846553416, 0.018810398443761756, -0.5989486265914783)
                    }

                    over "wheel_passive_1"
                    {
                        vector3f physics:angularVelocity = (0, 0, 0)
                        rel physics:simulationOwner
                        vector3f physics:velocity = (0, 0, 0)
                        quatd xformOp:orient = (0.951625097703879, 0.3072559315326717, 0.0017657962008882616, -0.0005898490058881392)
                        double3 xformOp:translate = (-0.006133112419999698, 0.014090457180781613, -0.5842365313308582)
                    }

                    over "wheel_passive_3"
                    {
                        vector3f physics:angularVelocity = (0, 0, 0)
                        rel physics:simulationOwner
                        vector3f physics:velocity = (0, 0, 0)
                        quatd xformOp:orient = (0.5892802555450323, 0.8079265107054073, 0.0011125948700264085, -0.0015152085077724533)
                        double3 xformOp:translate = (-0.00609888504882683, -0.013827109505591295, -0.5750514332192287)
                    }

                    over "wheel_passive_9"
                    {
                        vector3f physics:angularVelocity = (0, 0, 0)
                        rel physics:simulationOwner
                        vector3f physics:velocity = (0, 0, 0)
                        quatd xformOp:orient = (0.9504814266545888, -0.310775789845257, 0.0017658205780427022, 0.0005898376050801637)
                        double3 xformOp:translate = (-0.006242019860439818, 0.013981549708116603, -0.6136253837483272)
                    }

                    over "wheel_passive_4"
                    {
                        vector3f physics:angularVelocity = (0, 0, 0)
                        rel physics:simulationOwner
                        vector3f physics:velocity = (0, 0, 0)
                        quatd xformOp:orient = (0.3107757692718749, 0.9504814333334616, 0.0005898903824176194, -0.0017658287515451895)
                        double3 xformOp:translate = (-0.006132600673407929, -0.026360570733354294, -0.5840868193643436)
                    }

                    over "wheel_passive_5"
                    {
                        vector3f physics:angularVelocity = (0, 0, 0)
                        rel physics:simulationOwner
                        vector3f physics:velocity = (0, 0, 0)
                        quatd xformOp:orient = (0.0018504446044374672, 0.9999965756947475, 4.422553592516346e-8, -0.00185052790931519)
                        double3 xformOp:translate = (-0.006187053687296107, -0.031189419469001223, -0.5987635765211925)
                    }

                    over "wheel_passive_8"
                    {
                        vector3f physics:angularVelocity = (0, 0, 0)
                        rel physics:simulationOwner
                        vector3f physics:velocity = (0, 0, 0)
                        quatd xformOp:orient = (0.8079265523984445, -0.5892801984758453, 0.0015151903412912232, 0.0011125700254420046)
                        double3 xformOp:translate = (-0.006275566897653739, 0.001448257067771408, -0.6226607773440227)
                    }
                }

                over "OmniWheel_10"
                {
                    over "wheel_passive_4"
                    {
                        vector3f physics:angularVelocity = (0, 0, 0)
                        rel physics:simulationOwner
                        vector3f physics:velocity = (0, 0, 0)
                        quatd xformOp:orient = (0.3107757743506934, 0.9504814318097359, -0.0005897633002484213, 0.0017657975226962272)
                        double3 xformOp:translate = (0.006130820465775955, -0.026355737150816516, -0.5822392914431438)
                    }

                    over "wheel_passive_3"
                    {
                        vector3f physics:angularVelocity = (0, 0, 0)
                        rel physics:simulationOwner
                        vector3f physics:velocity = (0, 0, 0)
                        quatd xformOp:orient = (0.5892802276729059, 0.80792653124811, -0.0011124517711144492, 0.0015151997301442773)
                        double3 xformOp:translate = (0.0060977771676800074, -0.013821601578910325, -0.5732038978474483)
                    }

                    over "wheel_passive_0"
                    {
                        vector3f physics:angularVelocity = (0, 0, 0)
                        rel physics:simulationOwner
                        vector3f physics:velocity = (0, 0, 0)
                        quatd xformOp:orient = (0.9999965756163539, -0.0018505349724723967, -0.0018504799057005512, 5.448940708505401e-9)
                        double3 xformOp:translate = (0.006185779347680054, 0.018815232035171547, -0.5971010986702785)
                    }

                    over "wheel_passive_1"
                    {
                        vector3f physics:angularVelocity = (0, 0, 0)
                        rel physics:simulationOwner
                        vector3f physics:velocity = (0, 0, 0)
                        quatd xformOp:orient = (0.9516251170978427, 0.30725587173535507, -0.0017657276853390229, 0.0005899138966577322)
                        double3 xformOp:translate = (0.006131325682993349, 0.014095290763398438, -0.5823890034096584)
                    }

                    over "wheel_passive_7"
                    {
                        vector3f physics:angularVelocity = (0, 0, 0)
                        rel physics:simulationOwner
                        vector3f physics:velocity = (0, 0, 0)
                        quatd xformOp:orient = (-0.5862860656355809, 0.8101019171126826, 0.001112573525540255, 0.0015150287316491957)
                        double3 xformOp:translate = (0.006273782409431661, -0.013997606815920882, -0.6207560662167415)
                    }

                    over "wheel_passive_2"
                    {
                        vector3f physics:angularVelocity = (0, 0, 0)
                        rel physics:simulationOwner
                        vector3f physics:velocity = (0, 0, 0)
                        quatd xformOp:orient = (0.8101019632625133, 0.5862860017019579, -0.0015150496414506436, 0.001112632525757016)
                        double3 xformOp:translate = (0.006097776959526513, 0.0016290959103946179, -0.5732610885041103)
                    }

                    over "wheel_passive_8"
                    {
                        vector3f physics:angularVelocity = (0, 0, 0)
                        rel physics:simulationOwner
                        vector3f physics:velocity = (0, 0, 0)
                        quatd xformOp:orient = (0.807926536283901, -0.5892802208214296, -0.0015151828320182665, -0.0011124468216804732)
                        double3 xformOp:translate = (0.006273782201278166, 0.0014530906733849491, -0.6208132494228229)
                    }

                    over "wheel_passive_6"
                    {
                        vector3f physics:angularVelocity = (0, 0, 0)
                        rel physics:simulationOwner
                        vector3f physics:velocity = (0, 0, 0)
                        quatd xformOp:orient = (-0.307255987435853, 0.9516250798251569, 0.000589848309622657, 0.0017657042659092867)
                        double3 xformOp:translate = (0.006239559336398415, -0.026464476018509764, -0.6116281513111934)
                    }

                    over "wheel"
                    {
                        vector3f physics:angularVelocity = (0, 0, 0)
                        rel physics:simulationOwner
                        vector3f physics:velocity = (0, 0, 0)
                        quatd xformOp:orient = (0.9999965756029238, -0.0018505347937680299, -0.001850487341151076, 5.716600179613843e-8)
                        double3 xformOp:translate = (0.006185779684479087, -0.006184255452763132, -0.5970085773604259)
                    }

                    over "wheel_passive_5"
                    {
                        vector3f physics:angularVelocity = (0, 0, 0)
                        rel physics:simulationOwner
                        vector3f physics:velocity = (0, 0, 0)
                        quatd xformOp:orient = (0.0018504915971133628, 0.9999965756683802, 3.6481323385509815e-8, 0.0018504951665652566)
                        double3 xformOp:translate = (0.006185274259104645, -0.03118458587767403, -0.5969160485999927)
                    }

                    over "wheel_passive_9"
                    {
                        vector3f physics:angularVelocity = (0, 0, 0)
                        rel physics:simulationOwner
                        vector3f physics:velocity = (0, 0, 0)
                        quatd xformOp:orient = (0.9504814123462639, -0.3107758338610192, -0.001765801962067784, -0.0005897589935044208)
                        double3 xformOp:translate = (0.006240233141012297, 0.013986383308313144, -0.6117778558271274)
                    }

                    over "joints"
                    {
                        over "wheel_passive_0_joint"
                        {
                            float physics:lowerLimit = -inf
                            float physics:upperLimit = inf
                        }

                        over "wheel_passive_1_joint"
                        {
                            float physics:lowerLimit = -inf
                            float physics:upperLimit = inf
                        }

                        over "wheel_passive_2_joint"
                        {
                            float physics:lowerLimit = -inf
                            float physics:upperLimit = inf
                        }
                    }
                }

                over "wheel_2"
                {
                    vector3f physics:angularVelocity = (0, 0, 0)
                    rel physics:simulationOwner
                    vector3f physics:velocity = (0, 0, 0)
                    quatd xformOp:orient = (0.9238763689275493, 0.0010014583722659548, -0.0024178226795246414, -0.38268212154719977)
                    double3 xformOp:translate = (-0.16774138927073645, 0.17649408164116664, -0.5270221073167667)
                }

                over "base_link"
                {
                    vector3f physics:angularVelocity = (0, 0, 0)
                    rel physics:simulationOwner
                    vector3f physics:velocity = (0, 0, 0)
                    quatd xformOp:orient = (0.9999965756016457, -3.358576990720917e-8, -0.0026170183376798004, -3.5535956640310256e-8)
                    double3 xformOp:translate = (0.00912514210133386, 0.0000013906011275821584, -0.5979313541190967)
                }

                over "wheel_1"
                {
                    vector3f physics:angularVelocity = (0, 0, 0)
                    rel physics:simulationOwner
                    vector3f physics:velocity = (0, 0, 0)
                    quatd xformOp:orient = (-0.3826821215468936, -0.002417796502381718, 0.0010015204400882105, 0.9238763689289005)
                    double3 xformOp:translate = (0.18523993969349695, 0.17649408164116664, -0.5251745793955669)
                }

                over "joints"
                {
                    over "wheel1_joint"
                    {
                        float physics:lowerLimit = -inf
                        float physics:upperLimit = inf
                    }
                }
            }

            over "Arms_Default"
            {
                over "right_link4"
                {
                    vector3f physics:angularVelocity = (0, 0, 0)
                    rel physics:simulationOwner
                    vector3f physics:velocity = (0, 0, 0)
                    quatd xformOp:orient = (0.826589996504466, -0.2578161738028109, -0.3991011309268982, 0.3016588893059455)
                    double3 xformOp:translate = (-0.32641939046209956, -0.3227799950793111, -0.06626654224858974)
                }

                over "Galbot_Gripper_Left"
                {
                    over "gripper_r_inner_knuckle_link"
                    {
                        vector3f physics:angularVelocity = (0, 0, 0)
                        rel physics:simulationOwner
                        vector3f physics:velocity = (0, 0, 0)
                        quatd xformOp:orient = (0.2595339903614249, 0.3557911920754828, -0.28140748618641387, 0.8525635238542794)
                        double3 xformOp:translate = (-0.9171058384504729, 0.07353973852480289, 0.7281192832597583)
                    }

                    over "gripper_l_finger_link"
                    {
                        vector3f physics:angularVelocity = (0, 0, 0)
                        rel physics:simulationOwner
                        vector3f physics:velocity = (0, 0, 0)
                        quatd xformOp:orient = (0.4058521088656744, 0.39985110810480545, -0.2142351271147357, 0.7934144360841798)
                        double3 xformOp:translate = (-0.8767711464914196, 0.1326278139160657, 0.7632741376978265)
                    }

                    over "gripper_r_finger_link"
                    {
                        vector3f physics:angularVelocity = (0, 0, 0)
                        rel physics:simulationOwner
                        vector3f physics:velocity = (0, 0, 0)
                        quatd xformOp:orient = (0.4058523774056942, 0.39985109852760614, -0.21423501115108715, 0.7934143348575864)
                        double3 xformOp:translate = (-0.9446508178742672, 0.08444311073080168, 0.7619926467066644)
                    }

                    over "gripper_l_inner_knuckle_link"
                    {
                        vector3f physics:angularVelocity = (0, 0, 0)
                        rel physics:simulationOwner
                        vector3f physics:velocity = (0, 0, 0)
                        quatd xformOp:orient = (0.5394426336153748, 0.43137128463318525, -0.14034390673074862, 0.7093828639568165)
                        double3 xformOp:translate = (-0.8747083427613429, 0.10363599859493355, 0.7289197583626901)
                    }

                    over "gripper_l_knuckle_link"
                    {
                        vector3f physics:angularVelocity = (0, 0, 0)
                        rel physics:simulationOwner
                        vector3f physics:velocity = (0, 0, 0)
                        quatd xformOp:orient = (0.5394427835300898, 0.43137126535233034, -0.1403438286785628, 0.7093827771221122)
                        double3 xformOp:translate = (-0.8629380946138685, 0.10874369600696232, 0.725474500646766)
                    }

                    over "gripper_flange"
                    {
                        vector3f physics:angularVelocity = (0, 0, 0)
                        rel physics:simulationOwner
                        vector3f physics:velocity = (0, 0, 0)
                        quatd xformOp:orient = (-0.5697182400374412, 0.0042434665323584225, 0.7125157835461347, -0.4095416684027004)
                        double3 xformOp:translate = (-0.8659135460564062, 0.04817255243302232, 0.6594021363129476)
                    }

                    over "gripper_r_knuckle_link"
                    {
                        vector3f physics:angularVelocity = (0, 0, 0)
                        rel physics:simulationOwner
                        vector3f physics:velocity = (0, 0, 0)
                        quatd xformOp:orient = (0.2595334937977443, 0.35579109546727966, -0.2814075017160834, 0.8525637102065993)
                        double3 xformOp:translate = (-0.9257194235094719, 0.0641779416085253, 0.7242891282392743)
                    }

                    over "joints"
                    {
                        over "gripper_l_inner_knuckle_joint"
                        {
                            float state:angular:physics:position = 51.099483
                            float state:angular:physics:velocity = 0
                        }

                        over "gripper_l_knuckle_joint"
                        {
                            float state:angular:physics:position = 51.099472
                            float state:angular:physics:velocity = 0
                        }

                        over "gripper_r_inner_knuckle_joint"
                        {
                            float state:angular:physics:position = -51.0995
                            float state:angular:physics:velocity = 0
                        }

                        over "left_gripper_joint"
                        {
                            float drive:angular:physics:targetPosition = 51.100002
                            float physics:lowerLimit = 0
                            float physics:upperLimit = 97.57471
                            float state:angular:physics:position = 51.099445
                            float state:angular:physics:velocity = 0
                        }

                        over "gripper_l_finger_joint"
                        {
                            float state:angular:physics:position = -51.09947
                            float state:angular:physics:velocity = 0
                        }

                        over "gripper_r_finger_joint"
                        {
                            float state:angular:physics:position = 51.099487
                            float state:angular:physics:velocity = 0
                        }
                    }
                }

                over "right_link3"
                {
                    vector3f physics:angularVelocity = (0, 0, 0)
                    rel physics:simulationOwner
                    vector3f physics:velocity = (0, 0, 0)
                    quatd xformOp:orient = (0.19653324160074354, 0.47540363014034415, 0.6071726655517682, -0.6055637271188289)
                    double3 xformOp:translate = (-0.3264193904620676, -0.3227799950810355, -0.06626678066716885)
                }

                over "left_link3"
                {
                    vector3f physics:angularVelocity = (0, 0, 0)
                    rel physics:simulationOwner
                    vector3f physics:velocity = (0, 0, 0)
                    quatd xformOp:orient = (0.6552089025976908, 0.5532360598101413, 0.456869233254611, -0.23643531840193277)
                    double3 xformOp:translate = (0.32640881818497647, -0.3293536384194444, -0.010359869720922177)
                }

                over "arm_base"
                {
                    vector3f physics:angularVelocity = (0, 0, 0)
                    rel physics:simulationOwner
                    vector3f physics:velocity = (0, 0, 0)
                    quatd xformOp:orient = (0.99999999998809, 0.000004880579579552904, 2.2397123013979632e-11, 7.032332674909642e-11)
                    double3 xformOp:translate = (4.3705560948126276e-7, 1.3934502884893618e-8, 8.969391052104925e-8)
                }

                over "right_link1"
                {
                    vector3f physics:angularVelocity = (0, 0, 0)
                    rel physics:simulationOwner
                    vector3f physics:velocity = (0, 0, 0)
                    quatd xformOp:orient = (0.5479751788094868, -0.4469040867005508, -0.5479750307970388, 0.4469041354944504)
                    double3 xformOp:translate = (-0.20842985316659046, 1.8076240060338478e-8, 2.9912552435007456e-7)
                }

                over "left_link5"
                {
                    vector3f physics:angularVelocity = (0, 0, 0)
                    rel physics:simulationOwner
                    vector3f physics:velocity = (0, 0, 0)
                    quatd xformOp:orient = (0.5188700214549835, -0.02177335006176624, -0.3045420432480189, 0.7984697652113789)
                    double3 xformOp:translate = (0.2001194064612779, -0.4963000746850026, 0.28252209362877956)
                }

                over "left_link2"
                {
                    vector3f physics:angularVelocity = (0, 0, 0)
                    rel physics:simulationOwner
                    vector3f physics:velocity = (0, 0, 0)
                    quatd xformOp:orient = (-0.17104052965463845, -0.002689186543326958, -0.015489818689349998, 0.9851385542187288)
                    double3 xformOp:translate = (0.20843072727777567, 9.794489885806001e-9, 1.1868087534949723e-7)
                }

                over "left_link6"
                {
                    vector3f physics:angularVelocity = (0, 0, 0)
                    rel physics:simulationOwner
                    vector3f physics:velocity = (0, 0, 0)
                    quatd xformOp:orient = (0.8218275968966942, 0.0015844419343042533, 0.4955122127922145, 0.2811841700674572)
                    double3 xformOp:translate = (0.2001194064612779, -0.4963000746850026, 0.28252209362877956)
                }

                over "Galbot_Gripper_Right"
                {
                    over "gripper_r_finger_link"
                    {
                        vector3f physics:angularVelocity = (0, 0, 0)
                        rel physics:simulationOwner
                        vector3f physics:velocity = (0, 0, 0)
                        quatd xformOp:orient = (-0.47875900116689946, -0.35261342637678916, 0.7447517447193122, -0.3029825557322301)
                        double3 xformOp:translate = (-0.8918657602563957, 0.08842511265212805, 0.7995748051672289)
                    }

                    over "gripper_flange"
                    {
                        vector3f physics:angularVelocity = (0, 0, 0)
                        rel physics:simulationOwner
                        vector3f physics:velocity = (0, 0, 0)
                        quatd xformOp:orient = (-0.5878691063458382, 0.0891984519631086, 0.7408600619045895, 0.3123778459594383)
                        double3 xformOp:translate = (-0.8387327509953373, 0.10844973610474273, 0.6813149301652051)
                    }

                    over "gripper_l_finger_link"
                    {
                        vector3f physics:angularVelocity = (0, 0, 0)
                        rel physics:simulationOwner
                        vector3f physics:velocity = (0, 0, 0)
                        quatd xformOp:orient = (-0.47875893797726377, -0.3526134145612987, 0.744751769248453, -0.3029826090382143)
                        double3 xformOp:translate = (-0.8616810118750262, 0.06740634656038602, 0.8037827791738448)
                    }

                    over "gripper_l_inner_knuckle_link"
                    {
                        vector3f physics:angularVelocity = (0, 0, 0)
                        rel physics:simulationOwner
                        vector3f physics:velocity = (0, 0, 0)
                        quatd xformOp:orient = (-0.45178778470593883, -0.2891947507692632, 0.7715942578354964, -0.34190129422582394)
                        double3 xformOp:translate = (-0.8425779621093028, 0.07358697161392214, 0.7635102378479204)
                    }

                    over "gripper_r_inner_knuckle_link"
                    {
                        vector3f physics:angularVelocity = (0, 0, 0)
                        rel physics:simulationOwner
                        vector3f physics:velocity = (0, 0, 0)
                        quatd xformOp:orient = (-0.5023864023720472, -0.4135693843910187, 0.7127073126787306, -0.26194761587074533)
                        double3 xformOp:translate = (-0.8849745111612037, 0.10310915664524223, 0.757599805764724)
                    }

                    over "gripper_r_knuckle_link"
                    {
                        vector3f physics:angularVelocity = (0, 0, 0)
                        rel physics:simulationOwner
                        vector3f physics:velocity = (0, 0, 0)
                        quatd xformOp:orient = (-0.5023863924671151, -0.41356933136280083, 0.7127072564576645, -0.26194787155575905)
                        double3 xformOp:translate = (-0.8938484516512606, 0.1112638990879442, 0.7520084387068713)
                    }

                    over "gripper_l_knuckle_link"
                    {
                        vector3f physics:angularVelocity = (0, 0, 0)
                        rel physics:simulationOwner
                        vector3f physics:velocity = (0, 0, 0)
                        quatd xformOp:orient = (-0.45178778470593883, -0.2891947507692632, 0.7715942578354964, -0.34190129422582394)
                        double3 xformOp:translate = (-0.8310680660096565, 0.06754835148908889, 0.7607604629408695)
                    }

                    over "joints"
                    {
                        over "gripper_l_inner_knuckle_joint"
                        {
                            float state:angular:physics:position = 80.998856
                            float state:angular:physics:velocity = 0
                        }

                        over "gripper_l_knuckle_joint"
                        {
                            float state:angular:physics:position = 80.99885
                            float state:angular:physics:velocity = 0
                        }

                        over "gripper_r_inner_knuckle_joint"
                        {
                            float state:angular:physics:position = -80.99886
                            float state:angular:physics:velocity = 0
                        }

                        over "right_gripper_joint"
                        {
                            float drive:angular:physics:targetPosition = 81
                            float physics:lowerLimit = 0
                            float physics:upperLimit = 97.57471
                            float state:angular:physics:position = 80.99885
                            float state:angular:physics:velocity = 0
                        }

                        over "gripper_l_finger_joint"
                        {
                            float state:angular:physics:position = -80.998856
                            float state:angular:physics:velocity = 0
                        }

                        over "gripper_r_finger_joint"
                        {
                            float state:angular:physics:position = 80.998856
                            float state:angular:physics:velocity = 0
                        }
                    }
                }

                over "left_link4"
                {
                    vector3f physics:angularVelocity = (0, 0, 0)
                    rel physics:simulationOwner
                    vector3f physics:velocity = (0, 0, 0)
                    quatd xformOp:orient = (0.38229256058209987, 0.3515002738954695, 0.34925976120880187, 0.7799471615278577)
                    double3 xformOp:translate = (0.3264097718592591, -0.3293536384177391, -0.010359631302210737)
                }

                over "right_link5"
                {
                    vector3f physics:angularVelocity = (0, 0, 0)
                    rel physics:simulationOwner
                    vector3f physics:velocity = (0, 0, 0)
                    quatd xformOp:orient = (-0.4955115755279258, -0.0689017475362909, -0.40218385075343105, 0.7667913522578487)
                    double3 xformOp:translate = (-0.22097356693851467, -0.5694035648459396, 0.17385375958116445)
                }

                over "right_link2"
                {
                    vector3f physics:angularVelocity = (0, 0, 0)
                    rel physics:simulationOwner
                    vector3f physics:velocity = (0, 0, 0)
                    quatd xformOp:orient = (0.9802119124497172, 0.09958078115933525, 0.017291382574116096, -0.1702036509715351)
                    double3 xformOp:translate = (-0.20842889949227406, 1.807622118654706e-8, 2.991256571327483e-7)
                }

                over "right_link7"
                {
                    vector3f physics:angularVelocity = (0, 0, 0)
                    rel physics:simulationOwner
                    vector3f physics:velocity = (0, 0, 0)
                    quatd xformOp:orient = (0.06599264164477878, 0.5909242716890022, 0.6347664890465721, -0.4934825029938289)
                    double3 xformOp:translate = (-0.22097356693851467, -0.5694035648459396, 0.17385375958116445)
                }

                over "right_link6"
                {
                    vector3f physics:angularVelocity = (0, 0, 0)
                    rel physics:simulationOwner
                    vector3f physics:velocity = (0, 0, 0)
                    quatd xformOp:orient = (0.37118275152712216, -0.4645104595082863, -0.09990278677712386, 0.7977924737488566)
                    double3 xformOp:translate = (-0.22097356693851467, -0.5694035648459396, 0.17385375958116445)
                }

                over "left_link1"
                {
                    vector3f physics:angularVelocity = (0, 0, 0)
                    rel physics:simulationOwner
                    vector3f physics:velocity = (0, 0, 0)
                    quatd xformOp:orient = (0.49207747873706226, 0.5077989822484809, 0.4920774579625731, 0.5077989010546156)
                    double3 xformOp:translate = (0.20843072727777567, 9.794489885806001e-9, 1.1868087534949723e-7)
                }

                over "left_link7"
                {
                    vector3f physics:angularVelocity = (0, 0, 0)
                    rel physics:simulationOwner
                    vector3f physics:velocity = (0, 0, 0)
                    quatd xformOp:orient = (0.5799994749998693, 0.582240217128466, 0.5492073327236063, -0.1515527770801147)
                    double3 xformOp:translate = (0.2001194064612779, -0.4963000746850026, 0.28252209362877956)
                }

                over "joints"
                {
                    over "left_joint1"
                    {
                        float drive:angular:physics:targetPosition = 61.8
                        float physics:lowerLimit = -172.13371
                        float physics:upperLimit = 172.13371
                        float state:angular:physics:position = 61.801075
                        float state:angular:physics:velocity = 0
                    }

                    over "left_joint2"
                    {
                        float drive:angular:physics:targetPosition = -70.3
                        float physics:lowerLimit = -92.137344
                        float physics:upperLimit = 92.137344
                        float state:angular:physics:position = -70.30088
                        float state:angular:physics:velocity = 0
                    }

                    over "left_joint3"
                    {
                        float physics:lowerLimit = -167.13007
                        float physics:upperLimit = 167.13007
                        float state:angular:physics:position = 0.000014181967
                        float state:angular:physics:velocity = 0
                    }

                    over "left_joint4"
                    {
                        float drive:angular:physics:targetPosition = 72.9
                        float physics:lowerLimit = -107.135086
                        float physics:upperLimit = 147.13498
                        float state:angular:physics:position = 72.89921
                        float state:angular:physics:velocity = 0
                    }

                    over "left_joint5"
                    {
                        float physics:lowerLimit = -167.13007
                        float physics:upperLimit = 167.13007
                        float state:angular:physics:position = -0.000023975263
                        float state:angular:physics:velocity = 0
                    }

                    over "left_joint6"
                    {
                        float physics:lowerLimit = -42.135315
                        float physics:upperLimit = 47.137238
                        float state:angular:physics:position = 4.7604254e-7
                        float state:angular:physics:velocity = 0
                    }

                    over "left_joint7"
                    {
                        float physics:lowerLimit = -88.13236
                        float physics:upperLimit = 88.13236
                        float state:angular:physics:position = 0.0000021624867
                        float state:angular:physics:velocity = 0
                    }

                    over "right_joint1"
                    {
                        float drive:angular:physics:targetPosition = 71.6
                        float physics:lowerLimit = -172.13371
                        float physics:upperLimit = 172.13371
                        float state:angular:physics:position = 71.60116
                        float state:angular:physics:velocity = 0
                    }

                    over "right_joint2"
                    {
                        float drive:angular:physics:targetPosition = -70.3
                        float physics:lowerLimit = -92.137344
                        float physics:upperLimit = 92.137344
                        float state:angular:physics:position = -70.2988
                        float state:angular:physics:velocity = 0
                    }

                    over "right_joint3"
                    {
                        float physics:lowerLimit = -167.13007
                        float physics:upperLimit = 167.13007
                        float state:angular:physics:position = -0.000021449488
                        float state:angular:physics:velocity = 0
                    }

                    over "right_joint4"
                    {
                        float drive:angular:physics:targetPosition = 66
                        float physics:lowerLimit = -107.135086
                        float physics:upperLimit = 147.13498
                        float state:angular:physics:position = 65.99871
                        float state:angular:physics:velocity = 0
                    }

                    over "right_joint5"
                    {
                        float physics:lowerLimit = -167.13007
                        float physics:upperLimit = 167.13007
                        float state:angular:physics:position = 0.00008742905
                        float state:angular:physics:velocity = 0
                    }

                    over "right_joint6"
                    {
                        float physics:lowerLimit = -42.135315
                        float physics:upperLimit = 47.137238
                        float state:angular:physics:position = 4.019109e-8
                        float state:angular:physics:velocity = 0
                    }

                    over "right_joint7"
                    {
                        float physics:lowerLimit = -88.13236
                        float physics:upperLimit = 88.13236
                        float state:angular:physics:position = -0.0000014676857
                        float state:angular:physics:velocity = 0
                    }
                }
            }

            over "Head_Golf"
            {
                over "head_link2"
                {
                    vector3f physics:angularVelocity = (0, 0, 0)
                    rel physics:simulationOwner
                    vector3f physics:velocity = (0, 0, 0)
                    quatd xformOp:orient = (-0.000003441972029548352, 0.7071068373641874, -0.00000332960079014837, 0.7071067249926869)
                    double3 xformOp:translate = (3.2807954575275744e-7, 0.3771101697785946, 0.000001939993146793384)
                }

                over "head_link1"
                {
                    vector3f physics:angularVelocity = (0, 0, 0)
                    rel physics:simulationOwner
                    vector3f physics:velocity = (0, 0, 0)
                    quatd xformOp:orient = (0.5000023534895001, -0.49999767833682845, -0.499997647661449, -0.5000023204903753)
                    double3 xformOp:translate = (0.0000012817538461717959, 0.3771101697794379, 0.000002059202569126839)
                }

                over "torso_base_link"
                {
                    vector3f physics:angularVelocity = (0, 0, 0)
                    rel physics:simulationOwner
                    vector3f physics:velocity = (0, 0, 0)
                    quatd xformOp:orient = (0.9999999999888985, 0.0000047119951093541605, 2.738898326742893e-9, -8.763582854878924e-10)
                    double3 xformOp:translate = (3.2058956200842204e-7, 1.6531857749413348e-7, -0.000001531620208217177)
                }

                over "joints"
                {
                    over "head_joint1"
                    {
                        float physics:lowerLimit = -87.135414
                        float physics:upperLimit = 87.135414
                        float state:angular:physics:position = 0
                        float state:angular:physics:velocity = 0
                    }

                    over "head_joint2"
                    {
                        float physics:lowerLimit = -12.281126
                        float physics:upperLimit = 28.281126
                        float state:angular:physics:position = 0
                        float state:angular:physics:velocity = 0
                    }
                }
            }

            over "leg_link1"
            {
                vector3f physics:angularVelocity = (0, 0, 0)
                rel physics:simulationOwner
                vector3f physics:velocity = (0, 0, 0)
                quatd xformOp:orient = (-0.3802380886719431, 0.3802380000749207, 0.5961703046752531, 0.5961703003719224)
                double3 xformOp:translate = (0.008429738048599589, 4.3692681117590837e-7, -0.5972319678204403)
            }

            over "omni_chassis_leg_mount_link"
            {
                vector3f physics:angularVelocity = (0, 0, 0)
                rel physics:simulationOwner
                vector3f physics:velocity = (0, 0, 0)
                quatd xformOp:orient = (0.9999965756014073, -3.284490733572165e-8, -0.0026170184199875587, 2.1734379673021214e-7)
                double3 xformOp:translate = (0.008429738048599589, 0.0000013906011275821584, -0.5972318933146343)
            }

            over "leg_link5"
            {
                vector3f physics:angularVelocity = (0, 0, 0)
                rel physics:simulationOwner
                vector3f physics:velocity = (0, 0, 0)
                quatd xformOp:orient = (0.49999575406250973, 0.5000041763544448, 0.5000042359012739, 0.49999583361100025)
                double3 xformOp:translate = (-0.027059344287826192, 4.3692681117590837e-7, 0.39299865208693885)
            }

            over "joints"
            {
                over "body_joint5"
                {
                    float physics:lowerLimit = -9.425155
                    float physics:upperLimit = 9.425155
                    float state:angular:physics:position = -6.7464376e-9
                    float state:angular:physics:velocity = -0
                }

                over "body_joint4"
                {
                    float physics:lowerLimit = -91.13467
                    float physics:upperLimit = 91.13467
                    float state:angular:physics:position = -2.7525175e-7
                    float state:angular:physics:velocity = -0
                }

                over "body_joint3"
                {
                    float drive:angular:physics:targetPosition = 66.700005
                    float physics:lowerLimit = 0
                    float physics:upperLimit = 133.28143
                    float state:angular:physics:position = 66.7012
                    float state:angular:physics:velocity = -0
                }

                over "body_joint2"
                {
                    float drive:angular:physics:targetPosition = 109.700005
                    float physics:lowerLimit = 0
                    float physics:upperLimit = 148.09239
                    float state:angular:physics:position = 109.70132
                    float state:angular:physics:velocity = -0
                }

                over "body_joint1"
                {
                    float drive:angular:physics:targetPosition = 43.3
                    float physics:lowerLimit = 0
                    float physics:upperLimit = 53.70906
                    float state:angular:physics:position = 43.300564
                    float state:angular:physics:velocity = -0
                }
            }

            over "Head_Foxtrot"
            {
                over "torso_base_link"
                {
                    vector3f physics:angularVelocity = (0, 0, 0)
                    rel physics:simulationOwner
                    vector3f physics:velocity = (0, 0, 0)
                    quatd xformOp:orient = (0.9999999999884978, 0.00000479629846176534, 2.738902477474848e-9, -8.763540198887204e-10)
                    double3 xformOp:translate = (4.370558404076519e-7, 4.6108941109679336e-8, -0.0000015792363758926342)
                }

                over "head_link2"
                {
                    vector3f physics:angularVelocity = (0, 0, 0)
                    rel physics:simulationOwner
                    vector3f physics:velocity = (0, 0, 0)
                    quatd xformOp:orient = (-0.000003473580496059009, 0.7071068426311777, -0.0000034771145611385017, 0.7071067197248312)
                    double3 xformOp:translate = (4.442479024646673e-7, 0.36211006487274133, 0.0000017624387007586506)
                }

                over "head_link1"
                {
                    vector3f physics:angularVelocity = (0, 0, 0)
                    rel physics:simulationOwner
                    vector3f physics:velocity = (0, 0, 0)
                    quatd xformOp:orient = (0.5000024164103509, -0.4999976154139279, -0.4999975619776719, -0.5000024061747904)
                    double3 xformOp:translate = (0.0000013979222188709173, 0.36211006487272224, 0.0000017624388330972351)
                }

                over "joints"
                {
                    over "head_joint1"
                    {
                        float state:angular:physics:position = 0
                        float state:angular:physics:velocity = 0
                    }

                    over "head_joint2"
                    {
                        float state:angular:physics:position = 0
                        float state:angular:physics:velocity = 0
                    }
                }
            }
        }
    }
}

def "Render" (
    hide_in_stage_window = true
    no_delete = true
)
{
    def "OmniverseKit"
    {
        def "HydraTextures" (
            hide_in_stage_window = true
            no_delete = true
        )
        {
            def RenderProduct "omni_kit_widget_viewport_ViewportTexture_0" (
                prepend apiSchemas = ["OmniRtxSettingsCommonAdvancedAPI_1", "OmniRtxSettingsRtAdvancedAPI_1", "OmniRtxSettingsPtAdvancedAPI_1", "OmniRtxPostColorGradingAPI_1", "OmniRtxPostChromaticAberrationAPI_1", "OmniRtxPostBloomPhysicalAPI_1", "OmniRtxPostMatteObjectAPI_1", "OmniRtxPostCompositingAPI_1", "OmniRtxPostDofAPI_1", "OmniRtxPostMotionBlurAPI_1", "OmniRtxPostTvNoiseAPI_1", "OmniRtxPostTonemapIrayReinhardAPI_1", "OmniRtxPostDebugSettingsAPI_1", "OmniRtxDebugSettingsAPI_1"]
                hide_in_stage_window = true
                no_delete = true
            )
            {
                rel camera = </OmniverseKit_Persp>
                token omni:rtx:ambientOcclusion:denoiserMode = "none"
                token omni:rtx:background:source:texture:textureMode = "repeatMirrored"
                token omni:rtx:background:source:type = "domeLight"
                bool omni:rtx:debug:view:pixelDebug:enableFixedTextPos = 1
                token omni:rtx:directLighting:sampledLighting:denoisingTechnique = "None"
                bool omni:rtx:dlss:frameGeneration = 0
                bool omni:rtx:indirectDiffuse:denoiser:enabled = 0
                bool omni:rtx:material:db:syncLoads = 1
                token omni:rtx:post:dlss:execMode = "performance"
                bool omni:rtx:post:registeredCompositing:invertColorCorrection = 1
                bool omni:rtx:post:registeredCompositing:invertToneMap = 1
                bool omni:rtx:pt:adaptiveSampling:filterError = 0
                uint omni:rtx:pt:adaptiveSampling:fixedSppIterations = 2
                uint omni:rtx:pt:maxSamplesPerLaunch = 2073600
                uint omni:rtx:pt:mgpu:maxPixelsPerRegionExponent = 12
                bool omni:rtx:reflections:denoiser:enabled = 0
                token omni:rtx:rendermode = "RealTimePathTracing"
                color3f omni:rtx:rt:ambientLight:color = (0.1, 0.1, 0.1)
                bool omni:rtx:rt:demoire = 0
                bool omni:rtx:rt:lightcache:spatialCache:dontResolveConflicts = 1
                int omni:rtx:rt:sss:samples = 1
                uint omni:rtx:rtpt:maxVolumeBounces = 15
                float omni:rtx:rtpt:modulatingRoughnessThreshold = 0.08
                bool omni:rtx:scene:hydra:materialSyncLoads = 1
                bool omni:rtx:scene:hydra:mdlMaterialWarmup = 1
                rel orderedVars = </Render/Vars/LdrColor>
                custom bool overrideClipRange = 0
                uniform int2 resolution = (1273, 630)
            }
        }
    }

    def RenderSettings "OmniverseGlobalRenderSettings" (
        prepend apiSchemas = ["OmniRtxSettingsGlobalRtAdvancedAPI_1", "OmniRtxSettingsGlobalPtAdvancedAPI_1"]
        no_delete = true
    )
    {
        rel products = </Render/OmniverseKit/HydraTextures/omni_kit_widget_viewport_ViewportTexture_0>
    }

    def "Vars"
    {
        def RenderVar "LdrColor" (
            hide_in_stage_window = true
            no_delete = true
        )
        {
            uniform string sourceName = "LdrColor"
        }
    }
}

over "OmniverseKit_Persp" (
    prepend apiSchemas = ["OmniRtxCameraAutoExposureAPI_1", "OmniRtxCameraExposureAPI_1"]
    customData = {
        dictionary omni = {
            dictionary kit = {
                bool hide_in_stage_window = 1
                bool no_delete = 1
            }
        }
    }
    hide_in_stage_window = true
    kind = "component"
    no_delete = true
)
{
    float2 clippingRange = (0.01, 10000000)
    float exposure:fStop = 5
    float exposure:responsivity = 1.1026709
    float exposure:time = 0.02
    float focalLength = 18.147562
    float focusDistance = 400
    custom uniform vector3d omni:kit:centerOfInterest = (0, 0, -102.26393017942937)
    float3 xformOp:rotateXYZ = (69.603134, -2.1240141e-13, -1.088284)
    float3 xformOp:scale = (1, 1, 1)
    double3 xformOp:translate = (-12.975619535336637, -2.662531122765708, 3.1546500246018807)
    uniform token[] xformOpOrder = ["xformOp:translate", "xformOp:rotateXYZ", "xformOp:scale"]
}

over "OmniverseKit_Front" (
    customData = {
        dictionary omni = {
            dictionary kit = {
                bool hide_in_stage_window = 1
                bool no_delete = 1
            }
        }
    }
    hide_in_stage_window = true
    kind = "component"
    no_delete = true
)
{
    float2 clippingRange = (1, 10000000)
    float horizontalAperture = 50
    custom uniform vector3d omni:kit:centerOfInterest = (0, 0, -5)
    token projection = "orthographic"
    float verticalAperture = 50
    float3 xformOp:rotateXYZ = (90, -1.2722219e-14, 90)
    float3 xformOp:scale = (1, 1, 1)
    double3 xformOp:translate = (5, 0, 0)
    uniform token[] xformOpOrder = ["xformOp:translate", "xformOp:rotateXYZ", "xformOp:scale"]
}

over "OmniverseKit_Right" (
    customData = {
        dictionary omni = {
            dictionary kit = {
                bool hide_in_stage_window = 1
                bool no_delete = 1
            }
        }
    }
    hide_in_stage_window = true
    kind = "component"
    no_delete = true
)
{
    float2 clippingRange = (1, 10000000)
    float horizontalAperture = 50
    custom uniform vector3d omni:kit:centerOfInterest = (0, 0, -5)
    token projection = "orthographic"
    float verticalAperture = 50
    float3 xformOp:rotateXYZ = (90, -1.41245e-30, 1.2722219e-14)
    float3 xformOp:scale = (1, 1, 1)
    double3 xformOp:translate = (0, -5, 0)
    uniform token[] xformOpOrder = ["xformOp:translate", "xformOp:rotateXYZ", "xformOp:scale"]
}

over "OmniverseKit_Top" (
    customData = {
        dictionary omni = {
            dictionary kit = {
                bool hide_in_stage_window = 1
                bool no_delete = 1
            }
        }
    }
    hide_in_stage_window = true
    kind = "component"
    no_delete = true
)
{
    float2 clippingRange = (1, 10000000)
    float horizontalAperture = 50
    custom uniform vector3d omni:kit:centerOfInterest = (0, 0, -5)
    token projection = "orthographic"
    float verticalAperture = 50
    float3 xformOp:rotateXYZ = (-1.2722219e-14, -7.016709e-15, -90)
    float3 xformOp:scale = (1, 1, 1)
    double3 xformOp:translate = (0, 0, 5)
    uniform token[] xformOpOrder = ["xformOp:translate", "xformOp:rotateXYZ", "xformOp:scale"]
}

