#usda 1.0
(
    metersPerUnit = 1
    upAxis = "Z"
)

def Scope "Instances"
{
    def Xform "mesh" (
        prepend references = @./geometries.usd@</Geometries/mesh>
    )
    {
        over "mesh"
        {
            over "silver" (
                apiSchemas = ["MaterialBindingAPI"]
            )
            {
                custom rel material:binding
                prepend rel material:binding = </Instances/mesh/VisualMaterials/silver>
            }

            over "Material________002" (
                apiSchemas = ["MaterialBindingAPI"]
            )
            {
                custom rel material:binding
                prepend rel material:binding = </Instances/mesh/VisualMaterials/Material________002>
            }

            over "black_metal" (
                apiSchemas = ["MaterialBindingAPI"]
            )
            {
                custom rel material:binding
                prepend rel material:binding = </Instances/mesh/VisualMaterials/black_metal>
            }

            over "a0000000_0000_0000_0000_000000000000_003" (
                apiSchemas = ["MaterialBindingAPI"]
            )
            {
                custom rel material:binding
                prepend rel material:binding = </Instances/mesh/VisualMaterials/a0000000_0000_0000_0000_000000000000_003>
            }

            over "black_plastic" (
                apiSchemas = ["MaterialBindingAPI"]
            )
            {
                custom rel material:binding
                prepend rel material:binding = </Instances/mesh/VisualMaterials/black_plastic>
            }

            over "black_metal0" (
                apiSchemas = ["MaterialBindingAPI"]
            )
            {
                custom rel material:binding
                prepend rel material:binding = </Instances/mesh/VisualMaterials/black_metal>
            }

            over "black_metal1" (
                apiSchemas = ["MaterialBindingAPI"]
            )
            {
                custom rel material:binding
                prepend rel material:binding = </Instances/mesh/VisualMaterials/black_metal>
            }

            over "silver0" (
                apiSchemas = ["MaterialBindingAPI"]
            )
            {
                custom rel material:binding
                prepend rel material:binding = </Instances/mesh/VisualMaterials/silver>
            }
        }

        def Scope "VisualMaterials"
        {
            def Material "silver" (
                instanceable = true
                prepend references = @./materials.usda@</Materials/silver>
            )
            {
            }

            def Material "Material________002" (
                instanceable = true
                prepend references = @./materials.usda@</Materials/Material________002>
            )
            {
            }

            def Material "black_metal" (
                instanceable = true
                prepend references = @./materials.usda@</Materials/black_metal>
            )
            {
            }

            def Material "a0000000_0000_0000_0000_000000000000_003" (
                instanceable = true
                prepend references = @./materials.usda@</Materials/a0000000_0000_0000_0000_000000000000_003>
            )
            {
            }

            def Material "black_plastic" (
                instanceable = true
                prepend references = @./materials.usda@</Materials/black_plastic>
            )
            {
            }
        }
    }

    def Xform "mesh_1" (
        prepend references = @./geometries.usd@</Geometries/mesh>
    )
    {
        over "mesh" (
            apiSchemas = ["PhysicsCollisionAPI", "PhysicsMeshCollisionAPI"]
        )
        {
            token physics:approximation = "convexHull"
            uniform token purpose = "guide"

            over "silver" (
                apiSchemas = ["MaterialBindingAPI"]
            )
            {
                custom rel material:binding
                prepend rel material:binding = </Instances/mesh_1/VisualMaterials/silver>
            }

            over "Material________002" (
                apiSchemas = ["MaterialBindingAPI"]
            )
            {
                custom rel material:binding
                prepend rel material:binding = </Instances/mesh_1/VisualMaterials/Material________002>
            }

            over "black_metal" (
                apiSchemas = ["MaterialBindingAPI"]
            )
            {
                custom rel material:binding
                prepend rel material:binding = </Instances/mesh_1/VisualMaterials/black_metal>
            }

            over "a0000000_0000_0000_0000_000000000000_003" (
                apiSchemas = ["MaterialBindingAPI"]
            )
            {
                custom rel material:binding
                prepend rel material:binding = </Instances/mesh_1/VisualMaterials/a0000000_0000_0000_0000_000000000000_003>
            }

            over "black_plastic" (
                apiSchemas = ["MaterialBindingAPI"]
            )
            {
                custom rel material:binding
                prepend rel material:binding = </Instances/mesh_1/VisualMaterials/black_plastic>
            }

            over "black_metal0" (
                apiSchemas = ["MaterialBindingAPI"]
            )
            {
                custom rel material:binding
                prepend rel material:binding = </Instances/mesh_1/VisualMaterials/black_metal>
            }

            over "black_metal1" (
                apiSchemas = ["MaterialBindingAPI"]
            )
            {
                custom rel material:binding
                prepend rel material:binding = </Instances/mesh_1/VisualMaterials/black_metal>
            }

            over "silver0" (
                apiSchemas = ["MaterialBindingAPI"]
            )
            {
                custom rel material:binding
                prepend rel material:binding = </Instances/mesh_1/VisualMaterials/silver>
            }
        }

        def Scope "VisualMaterials"
        {
            def Material "silver" (
                instanceable = true
                prepend references = @./materials.usda@</Materials/silver>
            )
            {
            }

            def Material "Material________002" (
                instanceable = true
                prepend references = @./materials.usda@</Materials/Material________002>
            )
            {
            }

            def Material "black_metal" (
                instanceable = true
                prepend references = @./materials.usda@</Materials/black_metal>
            )
            {
            }

            def Material "a0000000_0000_0000_0000_000000000000_003" (
                instanceable = true
                prepend references = @./materials.usda@</Materials/a0000000_0000_0000_0000_000000000000_003>
            )
            {
            }

            def Material "black_plastic" (
                instanceable = true
                prepend references = @./materials.usda@</Materials/black_plastic>
            )
            {
            }
        }
    }

    def Xform "mesh_1_1" (
        prepend references = @./geometries.usd@</Geometries/mesh_1>
    )
    {
        over "mesh_1"
        {
            over "subset_" (
                apiSchemas = ["MaterialBindingAPI"]
            )
            {
                custom rel material:binding
                prepend rel material:binding = </Instances/mesh_1_1/VisualMaterials/Material________002>
            }

            over "black_metal" (
                apiSchemas = ["MaterialBindingAPI"]
            )
            {
                custom rel material:binding
                prepend rel material:binding = </Instances/mesh_1_1/VisualMaterials/black_metal>
            }

            over "black_metal0" (
                apiSchemas = ["MaterialBindingAPI"]
            )
            {
                custom rel material:binding
                prepend rel material:binding = </Instances/mesh_1_1/VisualMaterials/black_metal>
            }

            over "black_metal1" (
                apiSchemas = ["MaterialBindingAPI"]
            )
            {
                custom rel material:binding
                prepend rel material:binding = </Instances/mesh_1_1/VisualMaterials/black_metal>
            }

            over "black_metal2" (
                apiSchemas = ["MaterialBindingAPI"]
            )
            {
                custom rel material:binding
                prepend rel material:binding = </Instances/mesh_1_1/VisualMaterials/black_metal>
            }
        }

        def Scope "VisualMaterials"
        {
            def Material "Material________002" (
                instanceable = true
                prepend references = @./materials.usda@</Materials/Material________002>
            )
            {
            }

            def Material "black_metal" (
                instanceable = true
                prepend references = @./materials.usda@</Materials/black_metal>
            )
            {
            }
        }
    }

    def Xform "mesh_1_2" (
        prepend references = @./geometries.usd@</Geometries/mesh_1>
    )
    {
        over "mesh_1" (
            apiSchemas = ["PhysicsCollisionAPI", "PhysicsMeshCollisionAPI"]
        )
        {
            token physics:approximation = "convexHull"
            uniform token purpose = "guide"

            over "subset_" (
                apiSchemas = ["MaterialBindingAPI"]
            )
            {
                custom rel material:binding
                prepend rel material:binding = </Instances/mesh_1_2/VisualMaterials/Material________002>
            }

            over "black_metal" (
                apiSchemas = ["MaterialBindingAPI"]
            )
            {
                custom rel material:binding
                prepend rel material:binding = </Instances/mesh_1_2/VisualMaterials/black_metal>
            }

            over "black_metal0" (
                apiSchemas = ["MaterialBindingAPI"]
            )
            {
                custom rel material:binding
                prepend rel material:binding = </Instances/mesh_1_2/VisualMaterials/black_metal>
            }

            over "black_metal1" (
                apiSchemas = ["MaterialBindingAPI"]
            )
            {
                custom rel material:binding
                prepend rel material:binding = </Instances/mesh_1_2/VisualMaterials/black_metal>
            }

            over "black_metal2" (
                apiSchemas = ["MaterialBindingAPI"]
            )
            {
                custom rel material:binding
                prepend rel material:binding = </Instances/mesh_1_2/VisualMaterials/black_metal>
            }
        }

        def Scope "VisualMaterials"
        {
            def Material "Material________002" (
                instanceable = true
                prepend references = @./materials.usda@</Materials/Material________002>
            )
            {
            }

            def Material "black_metal" (
                instanceable = true
                prepend references = @./materials.usda@</Materials/black_metal>
            )
            {
            }
        }
    }

    def Xform "mesh_2" (
        prepend references = @./geometries.usd@</Geometries/mesh_2>
    )
    {
        over "mesh_2"
        {
            over "subset_" (
                apiSchemas = ["MaterialBindingAPI"]
            )
            {
                custom rel material:binding
                prepend rel material:binding = </Instances/mesh_2/VisualMaterials/a0000000_0000_0000_0000_000000000000_002>
            }

            over "a0000000_0000_0000_0000_000000000000" (
                apiSchemas = ["MaterialBindingAPI"]
            )
            {
                custom rel material:binding
                prepend rel material:binding = </Instances/mesh_2/VisualMaterials/a0000000_0000_0000_0000_000000000000>
            }

            over "a0000000_0000_0000_0000_0000000000000" (
                apiSchemas = ["MaterialBindingAPI"]
            )
            {
                custom rel material:binding
                prepend rel material:binding = </Instances/mesh_2/VisualMaterials/a0000000_0000_0000_0000_000000000000>
            }

            over "a0000000_0000_0000_0000_0000000000001" (
                apiSchemas = ["MaterialBindingAPI"]
            )
            {
                custom rel material:binding
                prepend rel material:binding = </Instances/mesh_2/VisualMaterials/a0000000_0000_0000_0000_000000000000>
            }

            over "a0000000_0000_0000_0000_0000000000002" (
                apiSchemas = ["MaterialBindingAPI"]
            )
            {
                custom rel material:binding
                prepend rel material:binding = </Instances/mesh_2/VisualMaterials/a0000000_0000_0000_0000_000000000000>
            }

            over "a0000000_0000_0000_0000_0000000000003" (
                apiSchemas = ["MaterialBindingAPI"]
            )
            {
                custom rel material:binding
                prepend rel material:binding = </Instances/mesh_2/VisualMaterials/a0000000_0000_0000_0000_000000000000>
            }

            over "a0000000_0000_0000_0000_0000000000004" (
                apiSchemas = ["MaterialBindingAPI"]
            )
            {
                custom rel material:binding
                prepend rel material:binding = </Instances/mesh_2/VisualMaterials/a0000000_0000_0000_0000_000000000000>
            }

            over "a0000000_0000_0000_0000_0000000000005" (
                apiSchemas = ["MaterialBindingAPI"]
            )
            {
                custom rel material:binding
                prepend rel material:binding = </Instances/mesh_2/VisualMaterials/a0000000_0000_0000_0000_000000000000>
            }

            over "a0000000_0000_0000_0000_0000000000006" (
                apiSchemas = ["MaterialBindingAPI"]
            )
            {
                custom rel material:binding
                prepend rel material:binding = </Instances/mesh_2/VisualMaterials/a0000000_0000_0000_0000_000000000000>
            }

            over "a0000000_0000_0000_0000_0000000000007" (
                apiSchemas = ["MaterialBindingAPI"]
            )
            {
                custom rel material:binding
                prepend rel material:binding = </Instances/mesh_2/VisualMaterials/a0000000_0000_0000_0000_000000000000>
            }

            over "a0000000_0000_0000_0000_0000000000008" (
                apiSchemas = ["MaterialBindingAPI"]
            )
            {
                custom rel material:binding
                prepend rel material:binding = </Instances/mesh_2/VisualMaterials/a0000000_0000_0000_0000_000000000000>
            }

            over "a0000000_0000_0000_0000_0000000000009" (
                apiSchemas = ["MaterialBindingAPI"]
            )
            {
                custom rel material:binding
                prepend rel material:binding = </Instances/mesh_2/VisualMaterials/a0000000_0000_0000_0000_000000000000>
            }

            over "a0000000_0000_0000_0000_00000000000010" (
                apiSchemas = ["MaterialBindingAPI"]
            )
            {
                custom rel material:binding
                prepend rel material:binding = </Instances/mesh_2/VisualMaterials/a0000000_0000_0000_0000_000000000000>
            }

            over "a0000000_0000_0000_0000_00000000000011" (
                apiSchemas = ["MaterialBindingAPI"]
            )
            {
                custom rel material:binding
                prepend rel material:binding = </Instances/mesh_2/VisualMaterials/a0000000_0000_0000_0000_000000000000>
            }

            over "a0000000_0000_0000_0000_00000000000012" (
                apiSchemas = ["MaterialBindingAPI"]
            )
            {
                custom rel material:binding
                prepend rel material:binding = </Instances/mesh_2/VisualMaterials/a0000000_0000_0000_0000_000000000000>
            }

            over "a0000000_0000_0000_0000_00000000000013" (
                apiSchemas = ["MaterialBindingAPI"]
            )
            {
                custom rel material:binding
                prepend rel material:binding = </Instances/mesh_2/VisualMaterials/a0000000_0000_0000_0000_000000000000>
            }

            over "a0000000_0000_0000_0000_00000000000014" (
                apiSchemas = ["MaterialBindingAPI"]
            )
            {
                custom rel material:binding
                prepend rel material:binding = </Instances/mesh_2/VisualMaterials/a0000000_0000_0000_0000_000000000000>
            }

            over "a0000000_0000_0000_0000_00000000000015" (
                apiSchemas = ["MaterialBindingAPI"]
            )
            {
                custom rel material:binding
                prepend rel material:binding = </Instances/mesh_2/VisualMaterials/a0000000_0000_0000_0000_000000000000>
            }

            over "a0000000_0000_0000_0000_000000000000_002" (
                apiSchemas = ["MaterialBindingAPI"]
            )
            {
                custom rel material:binding
                prepend rel material:binding = </Instances/mesh_2/VisualMaterials/a0000000_0000_0000_0000_000000000000_002>
            }

            over "a0000000_0000_0000_0000_000000000000_0020" (
                apiSchemas = ["MaterialBindingAPI"]
            )
            {
                custom rel material:binding
                prepend rel material:binding = </Instances/mesh_2/VisualMaterials/a0000000_0000_0000_0000_000000000000_002>
            }

            over "a0000000_0000_0000_0000_000000000000_0021" (
                apiSchemas = ["MaterialBindingAPI"]
            )
            {
                custom rel material:binding
                prepend rel material:binding = </Instances/mesh_2/VisualMaterials/a0000000_0000_0000_0000_000000000000_002>
            }

            over "a0000000_0000_0000_0000_000000000000_0022" (
                apiSchemas = ["MaterialBindingAPI"]
            )
            {
                custom rel material:binding
                prepend rel material:binding = </Instances/mesh_2/VisualMaterials/a0000000_0000_0000_0000_000000000000_002>
            }

            over "a0000000_0000_0000_0000_00000000000016" (
                apiSchemas = ["MaterialBindingAPI"]
            )
            {
                custom rel material:binding
                prepend rel material:binding = </Instances/mesh_2/VisualMaterials/a0000000_0000_0000_0000_000000000000>
            }

            over "a0000000_0000_0000_0000_000000000000_0023" (
                apiSchemas = ["MaterialBindingAPI"]
            )
            {
                custom rel material:binding
                prepend rel material:binding = </Instances/mesh_2/VisualMaterials/a0000000_0000_0000_0000_000000000000_002>
            }

            over "a0000000_0000_0000_0000_000000000000_0024" (
                apiSchemas = ["MaterialBindingAPI"]
            )
            {
                custom rel material:binding
                prepend rel material:binding = </Instances/mesh_2/VisualMaterials/a0000000_0000_0000_0000_000000000000_002>
            }

            over "a0000000_0000_0000_0000_00000000000017" (
                apiSchemas = ["MaterialBindingAPI"]
            )
            {
                custom rel material:binding
                prepend rel material:binding = </Instances/mesh_2/VisualMaterials/a0000000_0000_0000_0000_000000000000>
            }

            over "a0000000_0000_0000_0000_00000000000018" (
                apiSchemas = ["MaterialBindingAPI"]
            )
            {
                custom rel material:binding
                prepend rel material:binding = </Instances/mesh_2/VisualMaterials/a0000000_0000_0000_0000_000000000000>
            }

            over "a0000000_0000_0000_0000_00000000000019" (
                apiSchemas = ["MaterialBindingAPI"]
            )
            {
                custom rel material:binding
                prepend rel material:binding = </Instances/mesh_2/VisualMaterials/a0000000_0000_0000_0000_000000000000>
            }

            over "a0000000_0000_0000_0000_00000000000020" (
                apiSchemas = ["MaterialBindingAPI"]
            )
            {
                custom rel material:binding
                prepend rel material:binding = </Instances/mesh_2/VisualMaterials/a0000000_0000_0000_0000_000000000000>
            }

            over "a0000000_0000_0000_0000_00000000000021" (
                apiSchemas = ["MaterialBindingAPI"]
            )
            {
                custom rel material:binding
                prepend rel material:binding = </Instances/mesh_2/VisualMaterials/a0000000_0000_0000_0000_000000000000>
            }

            over "a0000000_0000_0000_0000_00000000000022" (
                apiSchemas = ["MaterialBindingAPI"]
            )
            {
                custom rel material:binding
                prepend rel material:binding = </Instances/mesh_2/VisualMaterials/a0000000_0000_0000_0000_000000000000>
            }

            over "a0000000_0000_0000_0000_00000000000023" (
                apiSchemas = ["MaterialBindingAPI"]
            )
            {
                custom rel material:binding
                prepend rel material:binding = </Instances/mesh_2/VisualMaterials/a0000000_0000_0000_0000_000000000000>
            }

            over "a0000000_0000_0000_0000_00000000000024" (
                apiSchemas = ["MaterialBindingAPI"]
            )
            {
                custom rel material:binding
                prepend rel material:binding = </Instances/mesh_2/VisualMaterials/a0000000_0000_0000_0000_000000000000>
            }

            over "a0000000_0000_0000_0000_00000000000025" (
                apiSchemas = ["MaterialBindingAPI"]
            )
            {
                custom rel material:binding
                prepend rel material:binding = </Instances/mesh_2/VisualMaterials/a0000000_0000_0000_0000_000000000000>
            }

            over "a0000000_0000_0000_0000_00000000000026" (
                apiSchemas = ["MaterialBindingAPI"]
            )
            {
                custom rel material:binding
                prepend rel material:binding = </Instances/mesh_2/VisualMaterials/a0000000_0000_0000_0000_000000000000>
            }

            over "a0000000_0000_0000_0000_00000000000027" (
                apiSchemas = ["MaterialBindingAPI"]
            )
            {
                custom rel material:binding
                prepend rel material:binding = </Instances/mesh_2/VisualMaterials/a0000000_0000_0000_0000_000000000000>
            }

            over "a0000000_0000_0000_0000_00000000000028" (
                apiSchemas = ["MaterialBindingAPI"]
            )
            {
                custom rel material:binding
                prepend rel material:binding = </Instances/mesh_2/VisualMaterials/a0000000_0000_0000_0000_000000000000>
            }

            over "a0000000_0000_0000_0000_00000000000029" (
                apiSchemas = ["MaterialBindingAPI"]
            )
            {
                custom rel material:binding
                prepend rel material:binding = </Instances/mesh_2/VisualMaterials/a0000000_0000_0000_0000_000000000000>
            }

            over "a0000000_0000_0000_0000_00000000000030" (
                apiSchemas = ["MaterialBindingAPI"]
            )
            {
                custom rel material:binding
                prepend rel material:binding = </Instances/mesh_2/VisualMaterials/a0000000_0000_0000_0000_000000000000>
            }

            over "a0000000_0000_0000_0000_000000000000_0025" (
                apiSchemas = ["MaterialBindingAPI"]
            )
            {
                custom rel material:binding
                prepend rel material:binding = </Instances/mesh_2/VisualMaterials/a0000000_0000_0000_0000_000000000000_002>
            }

            over "a0000000_0000_0000_0000_00000000000031" (
                apiSchemas = ["MaterialBindingAPI"]
            )
            {
                custom rel material:binding
                prepend rel material:binding = </Instances/mesh_2/VisualMaterials/a0000000_0000_0000_0000_000000000000>
            }

            over "a0000000_0000_0000_0000_00000000000032" (
                apiSchemas = ["MaterialBindingAPI"]
            )
            {
                custom rel material:binding
                prepend rel material:binding = </Instances/mesh_2/VisualMaterials/a0000000_0000_0000_0000_000000000000>
            }

            over "a0000000_0000_0000_0000_00000000000033" (
                apiSchemas = ["MaterialBindingAPI"]
            )
            {
                custom rel material:binding
                prepend rel material:binding = </Instances/mesh_2/VisualMaterials/a0000000_0000_0000_0000_000000000000>
            }

            over "a0000000_0000_0000_0000_00000000000034" (
                apiSchemas = ["MaterialBindingAPI"]
            )
            {
                custom rel material:binding
                prepend rel material:binding = </Instances/mesh_2/VisualMaterials/a0000000_0000_0000_0000_000000000000>
            }

            over "a0000000_0000_0000_0000_00000000000035" (
                apiSchemas = ["MaterialBindingAPI"]
            )
            {
                custom rel material:binding
                prepend rel material:binding = </Instances/mesh_2/VisualMaterials/a0000000_0000_0000_0000_000000000000>
            }

            over "a0000000_0000_0000_0000_00000000000036" (
                apiSchemas = ["MaterialBindingAPI"]
            )
            {
                custom rel material:binding
                prepend rel material:binding = </Instances/mesh_2/VisualMaterials/a0000000_0000_0000_0000_000000000000>
            }

            over "a0000000_0000_0000_0000_00000000000037" (
                apiSchemas = ["MaterialBindingAPI"]
            )
            {
                custom rel material:binding
                prepend rel material:binding = </Instances/mesh_2/VisualMaterials/a0000000_0000_0000_0000_000000000000>
            }

            over "a0000000_0000_0000_0000_00000000000038" (
                apiSchemas = ["MaterialBindingAPI"]
            )
            {
                custom rel material:binding
                prepend rel material:binding = </Instances/mesh_2/VisualMaterials/a0000000_0000_0000_0000_000000000000>
            }

            over "a0000000_0000_0000_0000_00000000000039" (
                apiSchemas = ["MaterialBindingAPI"]
            )
            {
                custom rel material:binding
                prepend rel material:binding = </Instances/mesh_2/VisualMaterials/a0000000_0000_0000_0000_000000000000>
            }

            over "a0000000_0000_0000_0000_00000000000040" (
                apiSchemas = ["MaterialBindingAPI"]
            )
            {
                custom rel material:binding
                prepend rel material:binding = </Instances/mesh_2/VisualMaterials/a0000000_0000_0000_0000_000000000000>
            }

            over "a0000000_0000_0000_0000_00000000000041" (
                apiSchemas = ["MaterialBindingAPI"]
            )
            {
                custom rel material:binding
                prepend rel material:binding = </Instances/mesh_2/VisualMaterials/a0000000_0000_0000_0000_000000000000>
            }

            over "a0000000_0000_0000_0000_00000000000042" (
                apiSchemas = ["MaterialBindingAPI"]
            )
            {
                custom rel material:binding
                prepend rel material:binding = </Instances/mesh_2/VisualMaterials/a0000000_0000_0000_0000_000000000000>
            }

            over "a0000000_0000_0000_0000_00000000000043" (
                apiSchemas = ["MaterialBindingAPI"]
            )
            {
                custom rel material:binding
                prepend rel material:binding = </Instances/mesh_2/VisualMaterials/a0000000_0000_0000_0000_000000000000>
            }

            over "a0000000_0000_0000_0000_00000000000044" (
                apiSchemas = ["MaterialBindingAPI"]
            )
            {
                custom rel material:binding
                prepend rel material:binding = </Instances/mesh_2/VisualMaterials/a0000000_0000_0000_0000_000000000000>
            }

            over "a0000000_0000_0000_0000_00000000000045" (
                apiSchemas = ["MaterialBindingAPI"]
            )
            {
                custom rel material:binding
                prepend rel material:binding = </Instances/mesh_2/VisualMaterials/a0000000_0000_0000_0000_000000000000>
            }

            over "a0000000_0000_0000_0000_00000000000046" (
                apiSchemas = ["MaterialBindingAPI"]
            )
            {
                custom rel material:binding
                prepend rel material:binding = </Instances/mesh_2/VisualMaterials/a0000000_0000_0000_0000_000000000000>
            }

            over "a0000000_0000_0000_0000_000000000000_0026" (
                apiSchemas = ["MaterialBindingAPI"]
            )
            {
                custom rel material:binding
                prepend rel material:binding = </Instances/mesh_2/VisualMaterials/a0000000_0000_0000_0000_000000000000_002>
            }

            over "a0000000_0000_0000_0000_00000000000047" (
                apiSchemas = ["MaterialBindingAPI"]
            )
            {
                custom rel material:binding
                prepend rel material:binding = </Instances/mesh_2/VisualMaterials/a0000000_0000_0000_0000_000000000000>
            }

            over "a0000000_0000_0000_0000_00000000000048" (
                apiSchemas = ["MaterialBindingAPI"]
            )
            {
                custom rel material:binding
                prepend rel material:binding = </Instances/mesh_2/VisualMaterials/a0000000_0000_0000_0000_000000000000>
            }

            over "a0000000_0000_0000_0000_00000000000049" (
                apiSchemas = ["MaterialBindingAPI"]
            )
            {
                custom rel material:binding
                prepend rel material:binding = </Instances/mesh_2/VisualMaterials/a0000000_0000_0000_0000_000000000000>
            }

            over "a0000000_0000_0000_0000_00000000000050" (
                apiSchemas = ["MaterialBindingAPI"]
            )
            {
                custom rel material:binding
                prepend rel material:binding = </Instances/mesh_2/VisualMaterials/a0000000_0000_0000_0000_000000000000>
            }

            over "a0000000_0000_0000_0000_00000000000051" (
                apiSchemas = ["MaterialBindingAPI"]
            )
            {
                custom rel material:binding
                prepend rel material:binding = </Instances/mesh_2/VisualMaterials/a0000000_0000_0000_0000_000000000000>
            }

            over "a0000000_0000_0000_0000_00000000000052" (
                apiSchemas = ["MaterialBindingAPI"]
            )
            {
                custom rel material:binding
                prepend rel material:binding = </Instances/mesh_2/VisualMaterials/a0000000_0000_0000_0000_000000000000>
            }

            over "a0000000_0000_0000_0000_00000000000053" (
                apiSchemas = ["MaterialBindingAPI"]
            )
            {
                custom rel material:binding
                prepend rel material:binding = </Instances/mesh_2/VisualMaterials/a0000000_0000_0000_0000_000000000000>
            }

            over "a0000000_0000_0000_0000_00000000000054" (
                apiSchemas = ["MaterialBindingAPI"]
            )
            {
                custom rel material:binding
                prepend rel material:binding = </Instances/mesh_2/VisualMaterials/a0000000_0000_0000_0000_000000000000>
            }

            over "a0000000_0000_0000_0000_00000000000055" (
                apiSchemas = ["MaterialBindingAPI"]
            )
            {
                custom rel material:binding
                prepend rel material:binding = </Instances/mesh_2/VisualMaterials/a0000000_0000_0000_0000_000000000000>
            }

            over "a0000000_0000_0000_0000_00000000000056" (
                apiSchemas = ["MaterialBindingAPI"]
            )
            {
                custom rel material:binding
                prepend rel material:binding = </Instances/mesh_2/VisualMaterials/a0000000_0000_0000_0000_000000000000>
            }

            over "a0000000_0000_0000_0000_00000000000057" (
                apiSchemas = ["MaterialBindingAPI"]
            )
            {
                custom rel material:binding
                prepend rel material:binding = </Instances/mesh_2/VisualMaterials/a0000000_0000_0000_0000_000000000000>
            }

            over "a0000000_0000_0000_0000_00000000000058" (
                apiSchemas = ["MaterialBindingAPI"]
            )
            {
                custom rel material:binding
                prepend rel material:binding = </Instances/mesh_2/VisualMaterials/a0000000_0000_0000_0000_000000000000>
            }

            over "a0000000_0000_0000_0000_00000000000059" (
                apiSchemas = ["MaterialBindingAPI"]
            )
            {
                custom rel material:binding
                prepend rel material:binding = </Instances/mesh_2/VisualMaterials/a0000000_0000_0000_0000_000000000000>
            }

            over "a0000000_0000_0000_0000_00000000000060" (
                apiSchemas = ["MaterialBindingAPI"]
            )
            {
                custom rel material:binding
                prepend rel material:binding = </Instances/mesh_2/VisualMaterials/a0000000_0000_0000_0000_000000000000>
            }

            over "a0000000_0000_0000_0000_00000000000061" (
                apiSchemas = ["MaterialBindingAPI"]
            )
            {
                custom rel material:binding
                prepend rel material:binding = </Instances/mesh_2/VisualMaterials/a0000000_0000_0000_0000_000000000000>
            }

            over "a0000000_0000_0000_0000_00000000000062" (
                apiSchemas = ["MaterialBindingAPI"]
            )
            {
                custom rel material:binding
                prepend rel material:binding = </Instances/mesh_2/VisualMaterials/a0000000_0000_0000_0000_000000000000>
            }

            over "a0000000_0000_0000_0000_00000000000063" (
                apiSchemas = ["MaterialBindingAPI"]
            )
            {
                custom rel material:binding
                prepend rel material:binding = </Instances/mesh_2/VisualMaterials/a0000000_0000_0000_0000_000000000000>
            }

            over "a0000000_0000_0000_0000_00000000000064" (
                apiSchemas = ["MaterialBindingAPI"]
            )
            {
                custom rel material:binding
                prepend rel material:binding = </Instances/mesh_2/VisualMaterials/a0000000_0000_0000_0000_000000000000>
            }

            over "a0000000_0000_0000_0000_00000000000065" (
                apiSchemas = ["MaterialBindingAPI"]
            )
            {
                custom rel material:binding
                prepend rel material:binding = </Instances/mesh_2/VisualMaterials/a0000000_0000_0000_0000_000000000000>
            }

            over "a0000000_0000_0000_0000_00000000000066" (
                apiSchemas = ["MaterialBindingAPI"]
            )
            {
                custom rel material:binding
                prepend rel material:binding = </Instances/mesh_2/VisualMaterials/a0000000_0000_0000_0000_000000000000>
            }

            over "a0000000_0000_0000_0000_00000000000067" (
                apiSchemas = ["MaterialBindingAPI"]
            )
            {
                custom rel material:binding
                prepend rel material:binding = </Instances/mesh_2/VisualMaterials/a0000000_0000_0000_0000_000000000000>
            }

            over "a0000000_0000_0000_0000_00000000000068" (
                apiSchemas = ["MaterialBindingAPI"]
            )
            {
                custom rel material:binding
                prepend rel material:binding = </Instances/mesh_2/VisualMaterials/a0000000_0000_0000_0000_000000000000>
            }

            over "a0000000_0000_0000_0000_00000000000069" (
                apiSchemas = ["MaterialBindingAPI"]
            )
            {
                custom rel material:binding
                prepend rel material:binding = </Instances/mesh_2/VisualMaterials/a0000000_0000_0000_0000_000000000000>
            }

            over "a0000000_0000_0000_0000_00000000000070" (
                apiSchemas = ["MaterialBindingAPI"]
            )
            {
                custom rel material:binding
                prepend rel material:binding = </Instances/mesh_2/VisualMaterials/a0000000_0000_0000_0000_000000000000>
            }

            over "a0000000_0000_0000_0000_00000000000071" (
                apiSchemas = ["MaterialBindingAPI"]
            )
            {
                custom rel material:binding
                prepend rel material:binding = </Instances/mesh_2/VisualMaterials/a0000000_0000_0000_0000_000000000000>
            }

            over "a0000000_0000_0000_0000_00000000000072" (
                apiSchemas = ["MaterialBindingAPI"]
            )
            {
                custom rel material:binding
                prepend rel material:binding = </Instances/mesh_2/VisualMaterials/a0000000_0000_0000_0000_000000000000>
            }

            over "a0000000_0000_0000_0000_00000000000073" (
                apiSchemas = ["MaterialBindingAPI"]
            )
            {
                custom rel material:binding
                prepend rel material:binding = </Instances/mesh_2/VisualMaterials/a0000000_0000_0000_0000_000000000000>
            }

            over "a0000000_0000_0000_0000_00000000000074" (
                apiSchemas = ["MaterialBindingAPI"]
            )
            {
                custom rel material:binding
                prepend rel material:binding = </Instances/mesh_2/VisualMaterials/a0000000_0000_0000_0000_000000000000>
            }

            over "a0000000_0000_0000_0000_00000000000075" (
                apiSchemas = ["MaterialBindingAPI"]
            )
            {
                custom rel material:binding
                prepend rel material:binding = </Instances/mesh_2/VisualMaterials/a0000000_0000_0000_0000_000000000000>
            }

            over "a0000000_0000_0000_0000_00000000000076" (
                apiSchemas = ["MaterialBindingAPI"]
            )
            {
                custom rel material:binding
                prepend rel material:binding = </Instances/mesh_2/VisualMaterials/a0000000_0000_0000_0000_000000000000>
            }

            over "a0000000_0000_0000_0000_00000000000077" (
                apiSchemas = ["MaterialBindingAPI"]
            )
            {
                custom rel material:binding
                prepend rel material:binding = </Instances/mesh_2/VisualMaterials/a0000000_0000_0000_0000_000000000000>
            }

            over "a0000000_0000_0000_0000_00000000000078" (
                apiSchemas = ["MaterialBindingAPI"]
            )
            {
                custom rel material:binding
                prepend rel material:binding = </Instances/mesh_2/VisualMaterials/a0000000_0000_0000_0000_000000000000>
            }

            over "a0000000_0000_0000_0000_00000000000079" (
                apiSchemas = ["MaterialBindingAPI"]
            )
            {
                custom rel material:binding
                prepend rel material:binding = </Instances/mesh_2/VisualMaterials/a0000000_0000_0000_0000_000000000000>
            }

            over "a0000000_0000_0000_0000_00000000000080" (
                apiSchemas = ["MaterialBindingAPI"]
            )
            {
                custom rel material:binding
                prepend rel material:binding = </Instances/mesh_2/VisualMaterials/a0000000_0000_0000_0000_000000000000>
            }

            over "a0000000_0000_0000_0000_00000000000081" (
                apiSchemas = ["MaterialBindingAPI"]
            )
            {
                custom rel material:binding
                prepend rel material:binding = </Instances/mesh_2/VisualMaterials/a0000000_0000_0000_0000_000000000000>
            }

            over "a0000000_0000_0000_0000_00000000000082" (
                apiSchemas = ["MaterialBindingAPI"]
            )
            {
                custom rel material:binding
                prepend rel material:binding = </Instances/mesh_2/VisualMaterials/a0000000_0000_0000_0000_000000000000>
            }

            over "a0000000_0000_0000_0000_00000000000083" (
                apiSchemas = ["MaterialBindingAPI"]
            )
            {
                custom rel material:binding
                prepend rel material:binding = </Instances/mesh_2/VisualMaterials/a0000000_0000_0000_0000_000000000000>
            }

            over "a0000000_0000_0000_0000_00000000000084" (
                apiSchemas = ["MaterialBindingAPI"]
            )
            {
                custom rel material:binding
                prepend rel material:binding = </Instances/mesh_2/VisualMaterials/a0000000_0000_0000_0000_000000000000>
            }

            over "a0000000_0000_0000_0000_00000000000085" (
                apiSchemas = ["MaterialBindingAPI"]
            )
            {
                custom rel material:binding
                prepend rel material:binding = </Instances/mesh_2/VisualMaterials/a0000000_0000_0000_0000_000000000000>
            }

            over "a0000000_0000_0000_0000_00000000000086" (
                apiSchemas = ["MaterialBindingAPI"]
            )
            {
                custom rel material:binding
                prepend rel material:binding = </Instances/mesh_2/VisualMaterials/a0000000_0000_0000_0000_000000000000>
            }

            over "a0000000_0000_0000_0000_00000000000087" (
                apiSchemas = ["MaterialBindingAPI"]
            )
            {
                custom rel material:binding
                prepend rel material:binding = </Instances/mesh_2/VisualMaterials/a0000000_0000_0000_0000_000000000000>
            }

            over "a0000000_0000_0000_0000_00000000000088" (
                apiSchemas = ["MaterialBindingAPI"]
            )
            {
                custom rel material:binding
                prepend rel material:binding = </Instances/mesh_2/VisualMaterials/a0000000_0000_0000_0000_000000000000>
            }

            over "a0000000_0000_0000_0000_00000000000089" (
                apiSchemas = ["MaterialBindingAPI"]
            )
            {
                custom rel material:binding
                prepend rel material:binding = </Instances/mesh_2/VisualMaterials/a0000000_0000_0000_0000_000000000000>
            }

            over "a0000000_0000_0000_0000_00000000000090" (
                apiSchemas = ["MaterialBindingAPI"]
            )
            {
                custom rel material:binding
                prepend rel material:binding = </Instances/mesh_2/VisualMaterials/a0000000_0000_0000_0000_000000000000>
            }

            over "a0000000_0000_0000_0000_000000000000_0027" (
                apiSchemas = ["MaterialBindingAPI"]
            )
            {
                custom rel material:binding
                prepend rel material:binding = </Instances/mesh_2/VisualMaterials/a0000000_0000_0000_0000_000000000000_002>
            }

            over "a0000000_0000_0000_0000_00000000000091" (
                apiSchemas = ["MaterialBindingAPI"]
            )
            {
                custom rel material:binding
                prepend rel material:binding = </Instances/mesh_2/VisualMaterials/a0000000_0000_0000_0000_000000000000>
            }

            over "a0000000_0000_0000_0000_00000000000092" (
                apiSchemas = ["MaterialBindingAPI"]
            )
            {
                custom rel material:binding
                prepend rel material:binding = </Instances/mesh_2/VisualMaterials/a0000000_0000_0000_0000_000000000000>
            }

            over "a0000000_0000_0000_0000_00000000000093" (
                apiSchemas = ["MaterialBindingAPI"]
            )
            {
                custom rel material:binding
                prepend rel material:binding = </Instances/mesh_2/VisualMaterials/a0000000_0000_0000_0000_000000000000>
            }

            over "a0000000_0000_0000_0000_00000000000094" (
                apiSchemas = ["MaterialBindingAPI"]
            )
            {
                custom rel material:binding
                prepend rel material:binding = </Instances/mesh_2/VisualMaterials/a0000000_0000_0000_0000_000000000000>
            }

            over "a0000000_0000_0000_0000_00000000000095" (
                apiSchemas = ["MaterialBindingAPI"]
            )
            {
                custom rel material:binding
                prepend rel material:binding = </Instances/mesh_2/VisualMaterials/a0000000_0000_0000_0000_000000000000>
            }

            over "a0000000_0000_0000_0000_00000000000096" (
                apiSchemas = ["MaterialBindingAPI"]
            )
            {
                custom rel material:binding
                prepend rel material:binding = </Instances/mesh_2/VisualMaterials/a0000000_0000_0000_0000_000000000000>
            }

            over "a0000000_0000_0000_0000_00000000000097" (
                apiSchemas = ["MaterialBindingAPI"]
            )
            {
                custom rel material:binding
                prepend rel material:binding = </Instances/mesh_2/VisualMaterials/a0000000_0000_0000_0000_000000000000>
            }

            over "a0000000_0000_0000_0000_00000000000098" (
                apiSchemas = ["MaterialBindingAPI"]
            )
            {
                custom rel material:binding
                prepend rel material:binding = </Instances/mesh_2/VisualMaterials/a0000000_0000_0000_0000_000000000000>
            }

            over "a0000000_0000_0000_0000_00000000000099" (
                apiSchemas = ["MaterialBindingAPI"]
            )
            {
                custom rel material:binding
                prepend rel material:binding = </Instances/mesh_2/VisualMaterials/a0000000_0000_0000_0000_000000000000>
            }

            over "a0000000_0000_0000_0000_000000000000100" (
                apiSchemas = ["MaterialBindingAPI"]
            )
            {
                custom rel material:binding
                prepend rel material:binding = </Instances/mesh_2/VisualMaterials/a0000000_0000_0000_0000_000000000000>
            }

            over "a0000000_0000_0000_0000_000000000000101" (
                apiSchemas = ["MaterialBindingAPI"]
            )
            {
                custom rel material:binding
                prepend rel material:binding = </Instances/mesh_2/VisualMaterials/a0000000_0000_0000_0000_000000000000>
            }

            over "a0000000_0000_0000_0000_000000000000102" (
                apiSchemas = ["MaterialBindingAPI"]
            )
            {
                custom rel material:binding
                prepend rel material:binding = </Instances/mesh_2/VisualMaterials/a0000000_0000_0000_0000_000000000000>
            }

            over "a0000000_0000_0000_0000_000000000000103" (
                apiSchemas = ["MaterialBindingAPI"]
            )
            {
                custom rel material:binding
                prepend rel material:binding = </Instances/mesh_2/VisualMaterials/a0000000_0000_0000_0000_000000000000>
            }

            over "a0000000_0000_0000_0000_000000000000104" (
                apiSchemas = ["MaterialBindingAPI"]
            )
            {
                custom rel material:binding
                prepend rel material:binding = </Instances/mesh_2/VisualMaterials/a0000000_0000_0000_0000_000000000000>
            }

            over "a0000000_0000_0000_0000_000000000000105" (
                apiSchemas = ["MaterialBindingAPI"]
            )
            {
                custom rel material:binding
                prepend rel material:binding = </Instances/mesh_2/VisualMaterials/a0000000_0000_0000_0000_000000000000>
            }

            over "a0000000_0000_0000_0000_000000000000106" (
                apiSchemas = ["MaterialBindingAPI"]
            )
            {
                custom rel material:binding
                prepend rel material:binding = </Instances/mesh_2/VisualMaterials/a0000000_0000_0000_0000_000000000000>
            }

            over "a0000000_0000_0000_0000_000000000000107" (
                apiSchemas = ["MaterialBindingAPI"]
            )
            {
                custom rel material:binding
                prepend rel material:binding = </Instances/mesh_2/VisualMaterials/a0000000_0000_0000_0000_000000000000>
            }

            over "a0000000_0000_0000_0000_000000000000108" (
                apiSchemas = ["MaterialBindingAPI"]
            )
            {
                custom rel material:binding
                prepend rel material:binding = </Instances/mesh_2/VisualMaterials/a0000000_0000_0000_0000_000000000000>
            }

            over "a0000000_0000_0000_0000_000000000000109" (
                apiSchemas = ["MaterialBindingAPI"]
            )
            {
                custom rel material:binding
                prepend rel material:binding = </Instances/mesh_2/VisualMaterials/a0000000_0000_0000_0000_000000000000>
            }

            over "a0000000_0000_0000_0000_000000000000110" (
                apiSchemas = ["MaterialBindingAPI"]
            )
            {
                custom rel material:binding
                prepend rel material:binding = </Instances/mesh_2/VisualMaterials/a0000000_0000_0000_0000_000000000000>
            }

            over "a0000000_0000_0000_0000_000000000000111" (
                apiSchemas = ["MaterialBindingAPI"]
            )
            {
                custom rel material:binding
                prepend rel material:binding = </Instances/mesh_2/VisualMaterials/a0000000_0000_0000_0000_000000000000>
            }

            over "a0000000_0000_0000_0000_000000000000112" (
                apiSchemas = ["MaterialBindingAPI"]
            )
            {
                custom rel material:binding
                prepend rel material:binding = </Instances/mesh_2/VisualMaterials/a0000000_0000_0000_0000_000000000000>
            }

            over "a0000000_0000_0000_0000_000000000000113" (
                apiSchemas = ["MaterialBindingAPI"]
            )
            {
                custom rel material:binding
                prepend rel material:binding = </Instances/mesh_2/VisualMaterials/a0000000_0000_0000_0000_000000000000>
            }

            over "a0000000_0000_0000_0000_000000000000114" (
                apiSchemas = ["MaterialBindingAPI"]
            )
            {
                custom rel material:binding
                prepend rel material:binding = </Instances/mesh_2/VisualMaterials/a0000000_0000_0000_0000_000000000000>
            }

            over "a0000000_0000_0000_0000_000000000000115" (
                apiSchemas = ["MaterialBindingAPI"]
            )
            {
                custom rel material:binding
                prepend rel material:binding = </Instances/mesh_2/VisualMaterials/a0000000_0000_0000_0000_000000000000>
            }

            over "a0000000_0000_0000_0000_000000000000116" (
                apiSchemas = ["MaterialBindingAPI"]
            )
            {
                custom rel material:binding
                prepend rel material:binding = </Instances/mesh_2/VisualMaterials/a0000000_0000_0000_0000_000000000000>
            }

            over "a0000000_0000_0000_0000_000000000000117" (
                apiSchemas = ["MaterialBindingAPI"]
            )
            {
                custom rel material:binding
                prepend rel material:binding = </Instances/mesh_2/VisualMaterials/a0000000_0000_0000_0000_000000000000>
            }

            over "a0000000_0000_0000_0000_000000000000118" (
                apiSchemas = ["MaterialBindingAPI"]
            )
            {
                custom rel material:binding
                prepend rel material:binding = </Instances/mesh_2/VisualMaterials/a0000000_0000_0000_0000_000000000000>
            }

            over "a0000000_0000_0000_0000_000000000000119" (
                apiSchemas = ["MaterialBindingAPI"]
            )
            {
                custom rel material:binding
                prepend rel material:binding = </Instances/mesh_2/VisualMaterials/a0000000_0000_0000_0000_000000000000>
            }

            over "a0000000_0000_0000_0000_000000000000120" (
                apiSchemas = ["MaterialBindingAPI"]
            )
            {
                custom rel material:binding
                prepend rel material:binding = </Instances/mesh_2/VisualMaterials/a0000000_0000_0000_0000_000000000000>
            }

            over "a0000000_0000_0000_0000_000000000000121" (
                apiSchemas = ["MaterialBindingAPI"]
            )
            {
                custom rel material:binding
                prepend rel material:binding = </Instances/mesh_2/VisualMaterials/a0000000_0000_0000_0000_000000000000>
            }

            over "a0000000_0000_0000_0000_000000000000122" (
                apiSchemas = ["MaterialBindingAPI"]
            )
            {
                custom rel material:binding
                prepend rel material:binding = </Instances/mesh_2/VisualMaterials/a0000000_0000_0000_0000_000000000000>
            }

            over "a0000000_0000_0000_0000_000000000000123" (
                apiSchemas = ["MaterialBindingAPI"]
            )
            {
                custom rel material:binding
                prepend rel material:binding = </Instances/mesh_2/VisualMaterials/a0000000_0000_0000_0000_000000000000>
            }

            over "a0000000_0000_0000_0000_000000000000124" (
                apiSchemas = ["MaterialBindingAPI"]
            )
            {
                custom rel material:binding
                prepend rel material:binding = </Instances/mesh_2/VisualMaterials/a0000000_0000_0000_0000_000000000000>
            }

            over "a0000000_0000_0000_0000_000000000000125" (
                apiSchemas = ["MaterialBindingAPI"]
            )
            {
                custom rel material:binding
                prepend rel material:binding = </Instances/mesh_2/VisualMaterials/a0000000_0000_0000_0000_000000000000>
            }

            over "a0000000_0000_0000_0000_000000000000126" (
                apiSchemas = ["MaterialBindingAPI"]
            )
            {
                custom rel material:binding
                prepend rel material:binding = </Instances/mesh_2/VisualMaterials/a0000000_0000_0000_0000_000000000000>
            }

            over "a0000000_0000_0000_0000_000000000000127" (
                apiSchemas = ["MaterialBindingAPI"]
            )
            {
                custom rel material:binding
                prepend rel material:binding = </Instances/mesh_2/VisualMaterials/a0000000_0000_0000_0000_000000000000>
            }

            over "a0000000_0000_0000_0000_000000000000128" (
                apiSchemas = ["MaterialBindingAPI"]
            )
            {
                custom rel material:binding
                prepend rel material:binding = </Instances/mesh_2/VisualMaterials/a0000000_0000_0000_0000_000000000000>
            }

            over "a0000000_0000_0000_0000_000000000000129" (
                apiSchemas = ["MaterialBindingAPI"]
            )
            {
                custom rel material:binding
                prepend rel material:binding = </Instances/mesh_2/VisualMaterials/a0000000_0000_0000_0000_000000000000>
            }

            over "a0000000_0000_0000_0000_000000000000130" (
                apiSchemas = ["MaterialBindingAPI"]
            )
            {
                custom rel material:binding
                prepend rel material:binding = </Instances/mesh_2/VisualMaterials/a0000000_0000_0000_0000_000000000000>
            }

            over "a0000000_0000_0000_0000_000000000000131" (
                apiSchemas = ["MaterialBindingAPI"]
            )
            {
                custom rel material:binding
                prepend rel material:binding = </Instances/mesh_2/VisualMaterials/a0000000_0000_0000_0000_000000000000>
            }

            over "a0000000_0000_0000_0000_000000000000132" (
                apiSchemas = ["MaterialBindingAPI"]
            )
            {
                custom rel material:binding
                prepend rel material:binding = </Instances/mesh_2/VisualMaterials/a0000000_0000_0000_0000_000000000000>
            }

            over "a0000000_0000_0000_0000_000000000000133" (
                apiSchemas = ["MaterialBindingAPI"]
            )
            {
                custom rel material:binding
                prepend rel material:binding = </Instances/mesh_2/VisualMaterials/a0000000_0000_0000_0000_000000000000>
            }

            over "a0000000_0000_0000_0000_000000000000_0028" (
                apiSchemas = ["MaterialBindingAPI"]
            )
            {
                custom rel material:binding
                prepend rel material:binding = </Instances/mesh_2/VisualMaterials/a0000000_0000_0000_0000_000000000000_002>
            }

            over "a0000000_0000_0000_0000_000000000000134" (
                apiSchemas = ["MaterialBindingAPI"]
            )
            {
                custom rel material:binding
                prepend rel material:binding = </Instances/mesh_2/VisualMaterials/a0000000_0000_0000_0000_000000000000>
            }

            over "a0000000_0000_0000_0000_000000000000135" (
                apiSchemas = ["MaterialBindingAPI"]
            )
            {
                custom rel material:binding
                prepend rel material:binding = </Instances/mesh_2/VisualMaterials/a0000000_0000_0000_0000_000000000000>
            }

            over "a0000000_0000_0000_0000_000000000000136" (
                apiSchemas = ["MaterialBindingAPI"]
            )
            {
                custom rel material:binding
                prepend rel material:binding = </Instances/mesh_2/VisualMaterials/a0000000_0000_0000_0000_000000000000>
            }

            over "a0000000_0000_0000_0000_000000000000_0029" (
                apiSchemas = ["MaterialBindingAPI"]
            )
            {
                custom rel material:binding
                prepend rel material:binding = </Instances/mesh_2/VisualMaterials/a0000000_0000_0000_0000_000000000000_002>
            }

            over "a0000000_0000_0000_0000_000000000000137" (
                apiSchemas = ["MaterialBindingAPI"]
            )
            {
                custom rel material:binding
                prepend rel material:binding = </Instances/mesh_2/VisualMaterials/a0000000_0000_0000_0000_000000000000>
            }

            over "a0000000_0000_0000_0000_000000000000138" (
                apiSchemas = ["MaterialBindingAPI"]
            )
            {
                custom rel material:binding
                prepend rel material:binding = </Instances/mesh_2/VisualMaterials/a0000000_0000_0000_0000_000000000000>
            }

            over "a0000000_0000_0000_0000_000000000000139" (
                apiSchemas = ["MaterialBindingAPI"]
            )
            {
                custom rel material:binding
                prepend rel material:binding = </Instances/mesh_2/VisualMaterials/a0000000_0000_0000_0000_000000000000>
            }

            over "a0000000_0000_0000_0000_000000000000140" (
                apiSchemas = ["MaterialBindingAPI"]
            )
            {
                custom rel material:binding
                prepend rel material:binding = </Instances/mesh_2/VisualMaterials/a0000000_0000_0000_0000_000000000000>
            }

            over "a0000000_0000_0000_0000_000000000000141" (
                apiSchemas = ["MaterialBindingAPI"]
            )
            {
                custom rel material:binding
                prepend rel material:binding = </Instances/mesh_2/VisualMaterials/a0000000_0000_0000_0000_000000000000>
            }

            over "a0000000_0000_0000_0000_000000000000142" (
                apiSchemas = ["MaterialBindingAPI"]
            )
            {
                custom rel material:binding
                prepend rel material:binding = </Instances/mesh_2/VisualMaterials/a0000000_0000_0000_0000_000000000000>
            }

            over "a0000000_0000_0000_0000_000000000000143" (
                apiSchemas = ["MaterialBindingAPI"]
            )
            {
                custom rel material:binding
                prepend rel material:binding = </Instances/mesh_2/VisualMaterials/a0000000_0000_0000_0000_000000000000>
            }

            over "a0000000_0000_0000_0000_000000000000144" (
                apiSchemas = ["MaterialBindingAPI"]
            )
            {
                custom rel material:binding
                prepend rel material:binding = </Instances/mesh_2/VisualMaterials/a0000000_0000_0000_0000_000000000000>
            }

            over "a0000000_0000_0000_0000_000000000000145" (
                apiSchemas = ["MaterialBindingAPI"]
            )
            {
                custom rel material:binding
                prepend rel material:binding = </Instances/mesh_2/VisualMaterials/a0000000_0000_0000_0000_000000000000>
            }

            over "a0000000_0000_0000_0000_000000000000146" (
                apiSchemas = ["MaterialBindingAPI"]
            )
            {
                custom rel material:binding
                prepend rel material:binding = </Instances/mesh_2/VisualMaterials/a0000000_0000_0000_0000_000000000000>
            }

            over "a0000000_0000_0000_0000_000000000000147" (
                apiSchemas = ["MaterialBindingAPI"]
            )
            {
                custom rel material:binding
                prepend rel material:binding = </Instances/mesh_2/VisualMaterials/a0000000_0000_0000_0000_000000000000>
            }

            over "a0000000_0000_0000_0000_000000000000148" (
                apiSchemas = ["MaterialBindingAPI"]
            )
            {
                custom rel material:binding
                prepend rel material:binding = </Instances/mesh_2/VisualMaterials/a0000000_0000_0000_0000_000000000000>
            }

            over "a0000000_0000_0000_0000_000000000000149" (
                apiSchemas = ["MaterialBindingAPI"]
            )
            {
                custom rel material:binding
                prepend rel material:binding = </Instances/mesh_2/VisualMaterials/a0000000_0000_0000_0000_000000000000>
            }

            over "a0000000_0000_0000_0000_000000000000150" (
                apiSchemas = ["MaterialBindingAPI"]
            )
            {
                custom rel material:binding
                prepend rel material:binding = </Instances/mesh_2/VisualMaterials/a0000000_0000_0000_0000_000000000000>
            }

            over "a0000000_0000_0000_0000_000000000000151" (
                apiSchemas = ["MaterialBindingAPI"]
            )
            {
                custom rel material:binding
                prepend rel material:binding = </Instances/mesh_2/VisualMaterials/a0000000_0000_0000_0000_000000000000>
            }

            over "a0000000_0000_0000_0000_000000000000152" (
                apiSchemas = ["MaterialBindingAPI"]
            )
            {
                custom rel material:binding
                prepend rel material:binding = </Instances/mesh_2/VisualMaterials/a0000000_0000_0000_0000_000000000000>
            }

            over "a0000000_0000_0000_0000_000000000000153" (
                apiSchemas = ["MaterialBindingAPI"]
            )
            {
                custom rel material:binding
                prepend rel material:binding = </Instances/mesh_2/VisualMaterials/a0000000_0000_0000_0000_000000000000>
            }

            over "a0000000_0000_0000_0000_000000000000154" (
                apiSchemas = ["MaterialBindingAPI"]
            )
            {
                custom rel material:binding
                prepend rel material:binding = </Instances/mesh_2/VisualMaterials/a0000000_0000_0000_0000_000000000000>
            }

            over "a0000000_0000_0000_0000_000000000000155" (
                apiSchemas = ["MaterialBindingAPI"]
            )
            {
                custom rel material:binding
                prepend rel material:binding = </Instances/mesh_2/VisualMaterials/a0000000_0000_0000_0000_000000000000>
            }

            over "a0000000_0000_0000_0000_000000000000156" (
                apiSchemas = ["MaterialBindingAPI"]
            )
            {
                custom rel material:binding
                prepend rel material:binding = </Instances/mesh_2/VisualMaterials/a0000000_0000_0000_0000_000000000000>
            }

            over "a0000000_0000_0000_0000_000000000000157" (
                apiSchemas = ["MaterialBindingAPI"]
            )
            {
                custom rel material:binding
                prepend rel material:binding = </Instances/mesh_2/VisualMaterials/a0000000_0000_0000_0000_000000000000>
            }

            over "a0000000_0000_0000_0000_000000000000158" (
                apiSchemas = ["MaterialBindingAPI"]
            )
            {
                custom rel material:binding
                prepend rel material:binding = </Instances/mesh_2/VisualMaterials/a0000000_0000_0000_0000_000000000000>
            }

            over "a0000000_0000_0000_0000_000000000000159" (
                apiSchemas = ["MaterialBindingAPI"]
            )
            {
                custom rel material:binding
                prepend rel material:binding = </Instances/mesh_2/VisualMaterials/a0000000_0000_0000_0000_000000000000>
            }

            over "a0000000_0000_0000_0000_000000000000160" (
                apiSchemas = ["MaterialBindingAPI"]
            )
            {
                custom rel material:binding
                prepend rel material:binding = </Instances/mesh_2/VisualMaterials/a0000000_0000_0000_0000_000000000000>
            }

            over "a0000000_0000_0000_0000_000000000000161" (
                apiSchemas = ["MaterialBindingAPI"]
            )
            {
                custom rel material:binding
                prepend rel material:binding = </Instances/mesh_2/VisualMaterials/a0000000_0000_0000_0000_000000000000>
            }

            over "a0000000_0000_0000_0000_000000000000162" (
                apiSchemas = ["MaterialBindingAPI"]
            )
            {
                custom rel material:binding
                prepend rel material:binding = </Instances/mesh_2/VisualMaterials/a0000000_0000_0000_0000_000000000000>
            }

            over "a0000000_0000_0000_0000_000000000000163" (
                apiSchemas = ["MaterialBindingAPI"]
            )
            {
                custom rel material:binding
                prepend rel material:binding = </Instances/mesh_2/VisualMaterials/a0000000_0000_0000_0000_000000000000>
            }

            over "a0000000_0000_0000_0000_000000000000164" (
                apiSchemas = ["MaterialBindingAPI"]
            )
            {
                custom rel material:binding
                prepend rel material:binding = </Instances/mesh_2/VisualMaterials/a0000000_0000_0000_0000_000000000000>
            }

            over "a0000000_0000_0000_0000_000000000000165" (
                apiSchemas = ["MaterialBindingAPI"]
            )
            {
                custom rel material:binding
                prepend rel material:binding = </Instances/mesh_2/VisualMaterials/a0000000_0000_0000_0000_000000000000>
            }

            over "a0000000_0000_0000_0000_000000000000166" (
                apiSchemas = ["MaterialBindingAPI"]
            )
            {
                custom rel material:binding
                prepend rel material:binding = </Instances/mesh_2/VisualMaterials/a0000000_0000_0000_0000_000000000000>
            }

            over "a0000000_0000_0000_0000_000000000000167" (
                apiSchemas = ["MaterialBindingAPI"]
            )
            {
                custom rel material:binding
                prepend rel material:binding = </Instances/mesh_2/VisualMaterials/a0000000_0000_0000_0000_000000000000>
            }

            over "a0000000_0000_0000_0000_000000000000168" (
                apiSchemas = ["MaterialBindingAPI"]
            )
            {
                custom rel material:binding
                prepend rel material:binding = </Instances/mesh_2/VisualMaterials/a0000000_0000_0000_0000_000000000000>
            }

            over "a0000000_0000_0000_0000_000000000000169" (
                apiSchemas = ["MaterialBindingAPI"]
            )
            {
                custom rel material:binding
                prepend rel material:binding = </Instances/mesh_2/VisualMaterials/a0000000_0000_0000_0000_000000000000>
            }

            over "a0000000_0000_0000_0000_000000000000170" (
                apiSchemas = ["MaterialBindingAPI"]
            )
            {
                custom rel material:binding
                prepend rel material:binding = </Instances/mesh_2/VisualMaterials/a0000000_0000_0000_0000_000000000000>
            }

            over "a0000000_0000_0000_0000_000000000000171" (
                apiSchemas = ["MaterialBindingAPI"]
            )
            {
                custom rel material:binding
                prepend rel material:binding = </Instances/mesh_2/VisualMaterials/a0000000_0000_0000_0000_000000000000>
            }

            over "a0000000_0000_0000_0000_000000000000172" (
                apiSchemas = ["MaterialBindingAPI"]
            )
            {
                custom rel material:binding
                prepend rel material:binding = </Instances/mesh_2/VisualMaterials/a0000000_0000_0000_0000_000000000000>
            }

            over "a0000000_0000_0000_0000_000000000000173" (
                apiSchemas = ["MaterialBindingAPI"]
            )
            {
                custom rel material:binding
                prepend rel material:binding = </Instances/mesh_2/VisualMaterials/a0000000_0000_0000_0000_000000000000>
            }

            over "a0000000_0000_0000_0000_000000000000174" (
                apiSchemas = ["MaterialBindingAPI"]
            )
            {
                custom rel material:binding
                prepend rel material:binding = </Instances/mesh_2/VisualMaterials/a0000000_0000_0000_0000_000000000000>
            }

            over "a0000000_0000_0000_0000_000000000000175" (
                apiSchemas = ["MaterialBindingAPI"]
            )
            {
                custom rel material:binding
                prepend rel material:binding = </Instances/mesh_2/VisualMaterials/a0000000_0000_0000_0000_000000000000>
            }

            over "a0000000_0000_0000_0000_000000000000176" (
                apiSchemas = ["MaterialBindingAPI"]
            )
            {
                custom rel material:binding
                prepend rel material:binding = </Instances/mesh_2/VisualMaterials/a0000000_0000_0000_0000_000000000000>
            }

            over "a0000000_0000_0000_0000_000000000000177" (
                apiSchemas = ["MaterialBindingAPI"]
            )
            {
                custom rel material:binding
                prepend rel material:binding = </Instances/mesh_2/VisualMaterials/a0000000_0000_0000_0000_000000000000>
            }

            over "a0000000_0000_0000_0000_000000000000178" (
                apiSchemas = ["MaterialBindingAPI"]
            )
            {
                custom rel material:binding
                prepend rel material:binding = </Instances/mesh_2/VisualMaterials/a0000000_0000_0000_0000_000000000000>
            }

            over "a0000000_0000_0000_0000_000000000000179" (
                apiSchemas = ["MaterialBindingAPI"]
            )
            {
                custom rel material:binding
                prepend rel material:binding = </Instances/mesh_2/VisualMaterials/a0000000_0000_0000_0000_000000000000>
            }

            over "a0000000_0000_0000_0000_000000000000180" (
                apiSchemas = ["MaterialBindingAPI"]
            )
            {
                custom rel material:binding
                prepend rel material:binding = </Instances/mesh_2/VisualMaterials/a0000000_0000_0000_0000_000000000000>
            }

            over "a0000000_0000_0000_0000_000000000000181" (
                apiSchemas = ["MaterialBindingAPI"]
            )
            {
                custom rel material:binding
                prepend rel material:binding = </Instances/mesh_2/VisualMaterials/a0000000_0000_0000_0000_000000000000>
            }

            over "a0000000_0000_0000_0000_000000000000182" (
                apiSchemas = ["MaterialBindingAPI"]
            )
            {
                custom rel material:binding
                prepend rel material:binding = </Instances/mesh_2/VisualMaterials/a0000000_0000_0000_0000_000000000000>
            }

            over "a0000000_0000_0000_0000_000000000000183" (
                apiSchemas = ["MaterialBindingAPI"]
            )
            {
                custom rel material:binding
                prepend rel material:binding = </Instances/mesh_2/VisualMaterials/a0000000_0000_0000_0000_000000000000>
            }

            over "a0000000_0000_0000_0000_000000000000184" (
                apiSchemas = ["MaterialBindingAPI"]
            )
            {
                custom rel material:binding
                prepend rel material:binding = </Instances/mesh_2/VisualMaterials/a0000000_0000_0000_0000_000000000000>
            }

            over "a0000000_0000_0000_0000_000000000000185" (
                apiSchemas = ["MaterialBindingAPI"]
            )
            {
                custom rel material:binding
                prepend rel material:binding = </Instances/mesh_2/VisualMaterials/a0000000_0000_0000_0000_000000000000>
            }

            over "a0000000_0000_0000_0000_000000000000186" (
                apiSchemas = ["MaterialBindingAPI"]
            )
            {
                custom rel material:binding
                prepend rel material:binding = </Instances/mesh_2/VisualMaterials/a0000000_0000_0000_0000_000000000000>
            }

            over "a0000000_0000_0000_0000_000000000000187" (
                apiSchemas = ["MaterialBindingAPI"]
            )
            {
                custom rel material:binding
                prepend rel material:binding = </Instances/mesh_2/VisualMaterials/a0000000_0000_0000_0000_000000000000>
            }

            over "a0000000_0000_0000_0000_000000000000188" (
                apiSchemas = ["MaterialBindingAPI"]
            )
            {
                custom rel material:binding
                prepend rel material:binding = </Instances/mesh_2/VisualMaterials/a0000000_0000_0000_0000_000000000000>
            }

            over "a0000000_0000_0000_0000_000000000000189" (
                apiSchemas = ["MaterialBindingAPI"]
            )
            {
                custom rel material:binding
                prepend rel material:binding = </Instances/mesh_2/VisualMaterials/a0000000_0000_0000_0000_000000000000>
            }

            over "a0000000_0000_0000_0000_000000000000190" (
                apiSchemas = ["MaterialBindingAPI"]
            )
            {
                custom rel material:binding
                prepend rel material:binding = </Instances/mesh_2/VisualMaterials/a0000000_0000_0000_0000_000000000000>
            }

            over "a0000000_0000_0000_0000_000000000000191" (
                apiSchemas = ["MaterialBindingAPI"]
            )
            {
                custom rel material:binding
                prepend rel material:binding = </Instances/mesh_2/VisualMaterials/a0000000_0000_0000_0000_000000000000>
            }

            over "a0000000_0000_0000_0000_000000000000192" (
                apiSchemas = ["MaterialBindingAPI"]
            )
            {
                custom rel material:binding
                prepend rel material:binding = </Instances/mesh_2/VisualMaterials/a0000000_0000_0000_0000_000000000000>
            }

            over "a0000000_0000_0000_0000_000000000000193" (
                apiSchemas = ["MaterialBindingAPI"]
            )
            {
                custom rel material:binding
                prepend rel material:binding = </Instances/mesh_2/VisualMaterials/a0000000_0000_0000_0000_000000000000>
            }

            over "a0000000_0000_0000_0000_000000000000194" (
                apiSchemas = ["MaterialBindingAPI"]
            )
            {
                custom rel material:binding
                prepend rel material:binding = </Instances/mesh_2/VisualMaterials/a0000000_0000_0000_0000_000000000000>
            }

            over "a0000000_0000_0000_0000_000000000000195" (
                apiSchemas = ["MaterialBindingAPI"]
            )
            {
                custom rel material:binding
                prepend rel material:binding = </Instances/mesh_2/VisualMaterials/a0000000_0000_0000_0000_000000000000>
            }

            over "a0000000_0000_0000_0000_000000000000196" (
                apiSchemas = ["MaterialBindingAPI"]
            )
            {
                custom rel material:binding
                prepend rel material:binding = </Instances/mesh_2/VisualMaterials/a0000000_0000_0000_0000_000000000000>
            }

            over "a0000000_0000_0000_0000_000000000000197" (
                apiSchemas = ["MaterialBindingAPI"]
            )
            {
                custom rel material:binding
                prepend rel material:binding = </Instances/mesh_2/VisualMaterials/a0000000_0000_0000_0000_000000000000>
            }

            over "a0000000_0000_0000_0000_000000000000198" (
                apiSchemas = ["MaterialBindingAPI"]
            )
            {
                custom rel material:binding
                prepend rel material:binding = </Instances/mesh_2/VisualMaterials/a0000000_0000_0000_0000_000000000000>
            }

            over "a0000000_0000_0000_0000_000000000000199" (
                apiSchemas = ["MaterialBindingAPI"]
            )
            {
                custom rel material:binding
                prepend rel material:binding = </Instances/mesh_2/VisualMaterials/a0000000_0000_0000_0000_000000000000>
            }

            over "a0000000_0000_0000_0000_000000000000200" (
                apiSchemas = ["MaterialBindingAPI"]
            )
            {
                custom rel material:binding
                prepend rel material:binding = </Instances/mesh_2/VisualMaterials/a0000000_0000_0000_0000_000000000000>
            }

            over "a0000000_0000_0000_0000_000000000000201" (
                apiSchemas = ["MaterialBindingAPI"]
            )
            {
                custom rel material:binding
                prepend rel material:binding = </Instances/mesh_2/VisualMaterials/a0000000_0000_0000_0000_000000000000>
            }

            over "a0000000_0000_0000_0000_000000000000202" (
                apiSchemas = ["MaterialBindingAPI"]
            )
            {
                custom rel material:binding
                prepend rel material:binding = </Instances/mesh_2/VisualMaterials/a0000000_0000_0000_0000_000000000000>
            }

            over "a0000000_0000_0000_0000_000000000000203" (
                apiSchemas = ["MaterialBindingAPI"]
            )
            {
                custom rel material:binding
                prepend rel material:binding = </Instances/mesh_2/VisualMaterials/a0000000_0000_0000_0000_000000000000>
            }

            over "a0000000_0000_0000_0000_000000000000204" (
                apiSchemas = ["MaterialBindingAPI"]
            )
            {
                custom rel material:binding
                prepend rel material:binding = </Instances/mesh_2/VisualMaterials/a0000000_0000_0000_0000_000000000000>
            }

            over "a0000000_0000_0000_0000_000000000000205" (
                apiSchemas = ["MaterialBindingAPI"]
            )
            {
                custom rel material:binding
                prepend rel material:binding = </Instances/mesh_2/VisualMaterials/a0000000_0000_0000_0000_000000000000>
            }

            over "a0000000_0000_0000_0000_000000000000206" (
                apiSchemas = ["MaterialBindingAPI"]
            )
            {
                custom rel material:binding
                prepend rel material:binding = </Instances/mesh_2/VisualMaterials/a0000000_0000_0000_0000_000000000000>
            }

            over "a0000000_0000_0000_0000_000000000000207" (
                apiSchemas = ["MaterialBindingAPI"]
            )
            {
                custom rel material:binding
                prepend rel material:binding = </Instances/mesh_2/VisualMaterials/a0000000_0000_0000_0000_000000000000>
            }

            over "a0000000_0000_0000_0000_000000000000208" (
                apiSchemas = ["MaterialBindingAPI"]
            )
            {
                custom rel material:binding
                prepend rel material:binding = </Instances/mesh_2/VisualMaterials/a0000000_0000_0000_0000_000000000000>
            }

            over "a0000000_0000_0000_0000_000000000000209" (
                apiSchemas = ["MaterialBindingAPI"]
            )
            {
                custom rel material:binding
                prepend rel material:binding = </Instances/mesh_2/VisualMaterials/a0000000_0000_0000_0000_000000000000>
            }

            over "a0000000_0000_0000_0000_000000000000210" (
                apiSchemas = ["MaterialBindingAPI"]
            )
            {
                custom rel material:binding
                prepend rel material:binding = </Instances/mesh_2/VisualMaterials/a0000000_0000_0000_0000_000000000000>
            }

            over "a0000000_0000_0000_0000_000000000000211" (
                apiSchemas = ["MaterialBindingAPI"]
            )
            {
                custom rel material:binding
                prepend rel material:binding = </Instances/mesh_2/VisualMaterials/a0000000_0000_0000_0000_000000000000>
            }

            over "a0000000_0000_0000_0000_000000000000212" (
                apiSchemas = ["MaterialBindingAPI"]
            )
            {
                custom rel material:binding
                prepend rel material:binding = </Instances/mesh_2/VisualMaterials/a0000000_0000_0000_0000_000000000000>
            }

            over "a0000000_0000_0000_0000_000000000000213" (
                apiSchemas = ["MaterialBindingAPI"]
            )
            {
                custom rel material:binding
                prepend rel material:binding = </Instances/mesh_2/VisualMaterials/a0000000_0000_0000_0000_000000000000>
            }

            over "a0000000_0000_0000_0000_000000000000214" (
                apiSchemas = ["MaterialBindingAPI"]
            )
            {
                custom rel material:binding
                prepend rel material:binding = </Instances/mesh_2/VisualMaterials/a0000000_0000_0000_0000_000000000000>
            }

            over "a0000000_0000_0000_0000_000000000000215" (
                apiSchemas = ["MaterialBindingAPI"]
            )
            {
                custom rel material:binding
                prepend rel material:binding = </Instances/mesh_2/VisualMaterials/a0000000_0000_0000_0000_000000000000>
            }

            over "a0000000_0000_0000_0000_000000000000216" (
                apiSchemas = ["MaterialBindingAPI"]
            )
            {
                custom rel material:binding
                prepend rel material:binding = </Instances/mesh_2/VisualMaterials/a0000000_0000_0000_0000_000000000000>
            }

            over "a0000000_0000_0000_0000_000000000000217" (
                apiSchemas = ["MaterialBindingAPI"]
            )
            {
                custom rel material:binding
                prepend rel material:binding = </Instances/mesh_2/VisualMaterials/a0000000_0000_0000_0000_000000000000>
            }

            over "a0000000_0000_0000_0000_000000000000218" (
                apiSchemas = ["MaterialBindingAPI"]
            )
            {
                custom rel material:binding
                prepend rel material:binding = </Instances/mesh_2/VisualMaterials/a0000000_0000_0000_0000_000000000000>
            }

            over "a0000000_0000_0000_0000_000000000000219" (
                apiSchemas = ["MaterialBindingAPI"]
            )
            {
                custom rel material:binding
                prepend rel material:binding = </Instances/mesh_2/VisualMaterials/a0000000_0000_0000_0000_000000000000>
            }

            over "a0000000_0000_0000_0000_000000000000220" (
                apiSchemas = ["MaterialBindingAPI"]
            )
            {
                custom rel material:binding
                prepend rel material:binding = </Instances/mesh_2/VisualMaterials/a0000000_0000_0000_0000_000000000000>
            }

            over "a0000000_0000_0000_0000_000000000000221" (
                apiSchemas = ["MaterialBindingAPI"]
            )
            {
                custom rel material:binding
                prepend rel material:binding = </Instances/mesh_2/VisualMaterials/a0000000_0000_0000_0000_000000000000>
            }

            over "a0000000_0000_0000_0000_000000000000222" (
                apiSchemas = ["MaterialBindingAPI"]
            )
            {
                custom rel material:binding
                prepend rel material:binding = </Instances/mesh_2/VisualMaterials/a0000000_0000_0000_0000_000000000000>
            }

            over "a0000000_0000_0000_0000_000000000000223" (
                apiSchemas = ["MaterialBindingAPI"]
            )
            {
                custom rel material:binding
                prepend rel material:binding = </Instances/mesh_2/VisualMaterials/a0000000_0000_0000_0000_000000000000>
            }

            over "a0000000_0000_0000_0000_000000000000224" (
                apiSchemas = ["MaterialBindingAPI"]
            )
            {
                custom rel material:binding
                prepend rel material:binding = </Instances/mesh_2/VisualMaterials/a0000000_0000_0000_0000_000000000000>
            }

            over "a0000000_0000_0000_0000_000000000000_00210" (
                apiSchemas = ["MaterialBindingAPI"]
            )
            {
                custom rel material:binding
                prepend rel material:binding = </Instances/mesh_2/VisualMaterials/a0000000_0000_0000_0000_000000000000_002>
            }

            over "a0000000_0000_0000_0000_000000000000225" (
                apiSchemas = ["MaterialBindingAPI"]
            )
            {
                custom rel material:binding
                prepend rel material:binding = </Instances/mesh_2/VisualMaterials/a0000000_0000_0000_0000_000000000000>
            }

            over "a0000000_0000_0000_0000_000000000000226" (
                apiSchemas = ["MaterialBindingAPI"]
            )
            {
                custom rel material:binding
                prepend rel material:binding = </Instances/mesh_2/VisualMaterials/a0000000_0000_0000_0000_000000000000>
            }

            over "a0000000_0000_0000_0000_000000000000227" (
                apiSchemas = ["MaterialBindingAPI"]
            )
            {
                custom rel material:binding
                prepend rel material:binding = </Instances/mesh_2/VisualMaterials/a0000000_0000_0000_0000_000000000000>
            }

            over "a0000000_0000_0000_0000_000000000000228" (
                apiSchemas = ["MaterialBindingAPI"]
            )
            {
                custom rel material:binding
                prepend rel material:binding = </Instances/mesh_2/VisualMaterials/a0000000_0000_0000_0000_000000000000>
            }

            over "a0000000_0000_0000_0000_000000000000229" (
                apiSchemas = ["MaterialBindingAPI"]
            )
            {
                custom rel material:binding
                prepend rel material:binding = </Instances/mesh_2/VisualMaterials/a0000000_0000_0000_0000_000000000000>
            }

            over "a0000000_0000_0000_0000_000000000000230" (
                apiSchemas = ["MaterialBindingAPI"]
            )
            {
                custom rel material:binding
                prepend rel material:binding = </Instances/mesh_2/VisualMaterials/a0000000_0000_0000_0000_000000000000>
            }

            over "a0000000_0000_0000_0000_000000000000231" (
                apiSchemas = ["MaterialBindingAPI"]
            )
            {
                custom rel material:binding
                prepend rel material:binding = </Instances/mesh_2/VisualMaterials/a0000000_0000_0000_0000_000000000000>
            }

            over "a0000000_0000_0000_0000_000000000000232" (
                apiSchemas = ["MaterialBindingAPI"]
            )
            {
                custom rel material:binding
                prepend rel material:binding = </Instances/mesh_2/VisualMaterials/a0000000_0000_0000_0000_000000000000>
            }

            over "a0000000_0000_0000_0000_000000000000233" (
                apiSchemas = ["MaterialBindingAPI"]
            )
            {
                custom rel material:binding
                prepend rel material:binding = </Instances/mesh_2/VisualMaterials/a0000000_0000_0000_0000_000000000000>
            }

            over "a0000000_0000_0000_0000_000000000000234" (
                apiSchemas = ["MaterialBindingAPI"]
            )
            {
                custom rel material:binding
                prepend rel material:binding = </Instances/mesh_2/VisualMaterials/a0000000_0000_0000_0000_000000000000>
            }

            over "a0000000_0000_0000_0000_000000000000235" (
                apiSchemas = ["MaterialBindingAPI"]
            )
            {
                custom rel material:binding
                prepend rel material:binding = </Instances/mesh_2/VisualMaterials/a0000000_0000_0000_0000_000000000000>
            }

            over "a0000000_0000_0000_0000_000000000000236" (
                apiSchemas = ["MaterialBindingAPI"]
            )
            {
                custom rel material:binding
                prepend rel material:binding = </Instances/mesh_2/VisualMaterials/a0000000_0000_0000_0000_000000000000>
            }

            over "a0000000_0000_0000_0000_000000000000237" (
                apiSchemas = ["MaterialBindingAPI"]
            )
            {
                custom rel material:binding
                prepend rel material:binding = </Instances/mesh_2/VisualMaterials/a0000000_0000_0000_0000_000000000000>
            }

            over "a0000000_0000_0000_0000_000000000000238" (
                apiSchemas = ["MaterialBindingAPI"]
            )
            {
                custom rel material:binding
                prepend rel material:binding = </Instances/mesh_2/VisualMaterials/a0000000_0000_0000_0000_000000000000>
            }

            over "a0000000_0000_0000_0000_000000000000239" (
                apiSchemas = ["MaterialBindingAPI"]
            )
            {
                custom rel material:binding
                prepend rel material:binding = </Instances/mesh_2/VisualMaterials/a0000000_0000_0000_0000_000000000000>
            }

            over "a0000000_0000_0000_0000_000000000000240" (
                apiSchemas = ["MaterialBindingAPI"]
            )
            {
                custom rel material:binding
                prepend rel material:binding = </Instances/mesh_2/VisualMaterials/a0000000_0000_0000_0000_000000000000>
            }

            over "a0000000_0000_0000_0000_000000000000241" (
                apiSchemas = ["MaterialBindingAPI"]
            )
            {
                custom rel material:binding
                prepend rel material:binding = </Instances/mesh_2/VisualMaterials/a0000000_0000_0000_0000_000000000000>
            }

            over "a0000000_0000_0000_0000_000000000000242" (
                apiSchemas = ["MaterialBindingAPI"]
            )
            {
                custom rel material:binding
                prepend rel material:binding = </Instances/mesh_2/VisualMaterials/a0000000_0000_0000_0000_000000000000>
            }

            over "a0000000_0000_0000_0000_000000000000_00211" (
                apiSchemas = ["MaterialBindingAPI"]
            )
            {
                custom rel material:binding
                prepend rel material:binding = </Instances/mesh_2/VisualMaterials/a0000000_0000_0000_0000_000000000000_002>
            }

            over "a0000000_0000_0000_0000_000000000000243" (
                apiSchemas = ["MaterialBindingAPI"]
            )
            {
                custom rel material:binding
                prepend rel material:binding = </Instances/mesh_2/VisualMaterials/a0000000_0000_0000_0000_000000000000>
            }

            over "a0000000_0000_0000_0000_000000000000244" (
                apiSchemas = ["MaterialBindingAPI"]
            )
            {
                custom rel material:binding
                prepend rel material:binding = </Instances/mesh_2/VisualMaterials/a0000000_0000_0000_0000_000000000000>
            }

            over "a0000000_0000_0000_0000_000000000000245" (
                apiSchemas = ["MaterialBindingAPI"]
            )
            {
                custom rel material:binding
                prepend rel material:binding = </Instances/mesh_2/VisualMaterials/a0000000_0000_0000_0000_000000000000>
            }

            over "a0000000_0000_0000_0000_000000000000246" (
                apiSchemas = ["MaterialBindingAPI"]
            )
            {
                custom rel material:binding
                prepend rel material:binding = </Instances/mesh_2/VisualMaterials/a0000000_0000_0000_0000_000000000000>
            }

            over "a0000000_0000_0000_0000_000000000000247" (
                apiSchemas = ["MaterialBindingAPI"]
            )
            {
                custom rel material:binding
                prepend rel material:binding = </Instances/mesh_2/VisualMaterials/a0000000_0000_0000_0000_000000000000>
            }

            over "a0000000_0000_0000_0000_000000000000248" (
                apiSchemas = ["MaterialBindingAPI"]
            )
            {
                custom rel material:binding
                prepend rel material:binding = </Instances/mesh_2/VisualMaterials/a0000000_0000_0000_0000_000000000000>
            }

            over "a0000000_0000_0000_0000_000000000000249" (
                apiSchemas = ["MaterialBindingAPI"]
            )
            {
                custom rel material:binding
                prepend rel material:binding = </Instances/mesh_2/VisualMaterials/a0000000_0000_0000_0000_000000000000>
            }

            over "a0000000_0000_0000_0000_000000000000250" (
                apiSchemas = ["MaterialBindingAPI"]
            )
            {
                custom rel material:binding
                prepend rel material:binding = </Instances/mesh_2/VisualMaterials/a0000000_0000_0000_0000_000000000000>
            }

            over "a0000000_0000_0000_0000_000000000000251" (
                apiSchemas = ["MaterialBindingAPI"]
            )
            {
                custom rel material:binding
                prepend rel material:binding = </Instances/mesh_2/VisualMaterials/a0000000_0000_0000_0000_000000000000>
            }

            over "a0000000_0000_0000_0000_000000000000252" (
                apiSchemas = ["MaterialBindingAPI"]
            )
            {
                custom rel material:binding
                prepend rel material:binding = </Instances/mesh_2/VisualMaterials/a0000000_0000_0000_0000_000000000000>
            }

            over "a0000000_0000_0000_0000_000000000000253" (
                apiSchemas = ["MaterialBindingAPI"]
            )
            {
                custom rel material:binding
                prepend rel material:binding = </Instances/mesh_2/VisualMaterials/a0000000_0000_0000_0000_000000000000>
            }

            over "a0000000_0000_0000_0000_000000000000254" (
                apiSchemas = ["MaterialBindingAPI"]
            )
            {
                custom rel material:binding
                prepend rel material:binding = </Instances/mesh_2/VisualMaterials/a0000000_0000_0000_0000_000000000000>
            }

            over "a0000000_0000_0000_0000_000000000000255" (
                apiSchemas = ["MaterialBindingAPI"]
            )
            {
                custom rel material:binding
                prepend rel material:binding = </Instances/mesh_2/VisualMaterials/a0000000_0000_0000_0000_000000000000>
            }

            over "a0000000_0000_0000_0000_000000000000256" (
                apiSchemas = ["MaterialBindingAPI"]
            )
            {
                custom rel material:binding
                prepend rel material:binding = </Instances/mesh_2/VisualMaterials/a0000000_0000_0000_0000_000000000000>
            }

            over "a0000000_0000_0000_0000_000000000000257" (
                apiSchemas = ["MaterialBindingAPI"]
            )
            {
                custom rel material:binding
                prepend rel material:binding = </Instances/mesh_2/VisualMaterials/a0000000_0000_0000_0000_000000000000>
            }

            over "a0000000_0000_0000_0000_000000000000258" (
                apiSchemas = ["MaterialBindingAPI"]
            )
            {
                custom rel material:binding
                prepend rel material:binding = </Instances/mesh_2/VisualMaterials/a0000000_0000_0000_0000_000000000000>
            }

            over "a0000000_0000_0000_0000_000000000000259" (
                apiSchemas = ["MaterialBindingAPI"]
            )
            {
                custom rel material:binding
                prepend rel material:binding = </Instances/mesh_2/VisualMaterials/a0000000_0000_0000_0000_000000000000>
            }

            over "a0000000_0000_0000_0000_000000000000260" (
                apiSchemas = ["MaterialBindingAPI"]
            )
            {
                custom rel material:binding
                prepend rel material:binding = </Instances/mesh_2/VisualMaterials/a0000000_0000_0000_0000_000000000000>
            }

            over "a0000000_0000_0000_0000_000000000000261" (
                apiSchemas = ["MaterialBindingAPI"]
            )
            {
                custom rel material:binding
                prepend rel material:binding = </Instances/mesh_2/VisualMaterials/a0000000_0000_0000_0000_000000000000>
            }

            over "a0000000_0000_0000_0000_000000000000262" (
                apiSchemas = ["MaterialBindingAPI"]
            )
            {
                custom rel material:binding
                prepend rel material:binding = </Instances/mesh_2/VisualMaterials/a0000000_0000_0000_0000_000000000000>
            }

            over "a0000000_0000_0000_0000_000000000000263" (
                apiSchemas = ["MaterialBindingAPI"]
            )
            {
                custom rel material:binding
                prepend rel material:binding = </Instances/mesh_2/VisualMaterials/a0000000_0000_0000_0000_000000000000>
            }

            over "a0000000_0000_0000_0000_000000000000264" (
                apiSchemas = ["MaterialBindingAPI"]
            )
            {
                custom rel material:binding
                prepend rel material:binding = </Instances/mesh_2/VisualMaterials/a0000000_0000_0000_0000_000000000000>
            }

            over "a0000000_0000_0000_0000_000000000000265" (
                apiSchemas = ["MaterialBindingAPI"]
            )
            {
                custom rel material:binding
                prepend rel material:binding = </Instances/mesh_2/VisualMaterials/a0000000_0000_0000_0000_000000000000>
            }

            over "a0000000_0000_0000_0000_000000000000266" (
                apiSchemas = ["MaterialBindingAPI"]
            )
            {
                custom rel material:binding
                prepend rel material:binding = </Instances/mesh_2/VisualMaterials/a0000000_0000_0000_0000_000000000000>
            }

            over "a0000000_0000_0000_0000_000000000000267" (
                apiSchemas = ["MaterialBindingAPI"]
            )
            {
                custom rel material:binding
                prepend rel material:binding = </Instances/mesh_2/VisualMaterials/a0000000_0000_0000_0000_000000000000>
            }

            over "a0000000_0000_0000_0000_000000000000268" (
                apiSchemas = ["MaterialBindingAPI"]
            )
            {
                custom rel material:binding
                prepend rel material:binding = </Instances/mesh_2/VisualMaterials/a0000000_0000_0000_0000_000000000000>
            }

            over "a0000000_0000_0000_0000_000000000000269" (
                apiSchemas = ["MaterialBindingAPI"]
            )
            {
                custom rel material:binding
                prepend rel material:binding = </Instances/mesh_2/VisualMaterials/a0000000_0000_0000_0000_000000000000>
            }

            over "a0000000_0000_0000_0000_000000000000270" (
                apiSchemas = ["MaterialBindingAPI"]
            )
            {
                custom rel material:binding
                prepend rel material:binding = </Instances/mesh_2/VisualMaterials/a0000000_0000_0000_0000_000000000000>
            }

            over "a0000000_0000_0000_0000_000000000000271" (
                apiSchemas = ["MaterialBindingAPI"]
            )
            {
                custom rel material:binding
                prepend rel material:binding = </Instances/mesh_2/VisualMaterials/a0000000_0000_0000_0000_000000000000>
            }

            over "a0000000_0000_0000_0000_000000000000272" (
                apiSchemas = ["MaterialBindingAPI"]
            )
            {
                custom rel material:binding
                prepend rel material:binding = </Instances/mesh_2/VisualMaterials/a0000000_0000_0000_0000_000000000000>
            }

            over "a0000000_0000_0000_0000_000000000000273" (
                apiSchemas = ["MaterialBindingAPI"]
            )
            {
                custom rel material:binding
                prepend rel material:binding = </Instances/mesh_2/VisualMaterials/a0000000_0000_0000_0000_000000000000>
            }

            over "a0000000_0000_0000_0000_000000000000_00212" (
                apiSchemas = ["MaterialBindingAPI"]
            )
            {
                custom rel material:binding
                prepend rel material:binding = </Instances/mesh_2/VisualMaterials/a0000000_0000_0000_0000_000000000000_002>
            }

            over "a0000000_0000_0000_0000_000000000000274" (
                apiSchemas = ["MaterialBindingAPI"]
            )
            {
                custom rel material:binding
                prepend rel material:binding = </Instances/mesh_2/VisualMaterials/a0000000_0000_0000_0000_000000000000>
            }

            over "a0000000_0000_0000_0000_000000000000275" (
                apiSchemas = ["MaterialBindingAPI"]
            )
            {
                custom rel material:binding
                prepend rel material:binding = </Instances/mesh_2/VisualMaterials/a0000000_0000_0000_0000_000000000000>
            }

            over "a0000000_0000_0000_0000_000000000000276" (
                apiSchemas = ["MaterialBindingAPI"]
            )
            {
                custom rel material:binding
                prepend rel material:binding = </Instances/mesh_2/VisualMaterials/a0000000_0000_0000_0000_000000000000>
            }

            over "a0000000_0000_0000_0000_000000000000277" (
                apiSchemas = ["MaterialBindingAPI"]
            )
            {
                custom rel material:binding
                prepend rel material:binding = </Instances/mesh_2/VisualMaterials/a0000000_0000_0000_0000_000000000000>
            }

            over "a0000000_0000_0000_0000_000000000000278" (
                apiSchemas = ["MaterialBindingAPI"]
            )
            {
                custom rel material:binding
                prepend rel material:binding = </Instances/mesh_2/VisualMaterials/a0000000_0000_0000_0000_000000000000>
            }

            over "a0000000_0000_0000_0000_000000000000279" (
                apiSchemas = ["MaterialBindingAPI"]
            )
            {
                custom rel material:binding
                prepend rel material:binding = </Instances/mesh_2/VisualMaterials/a0000000_0000_0000_0000_000000000000>
            }

            over "a0000000_0000_0000_0000_000000000000280" (
                apiSchemas = ["MaterialBindingAPI"]
            )
            {
                custom rel material:binding
                prepend rel material:binding = </Instances/mesh_2/VisualMaterials/a0000000_0000_0000_0000_000000000000>
            }

            over "a0000000_0000_0000_0000_000000000000281" (
                apiSchemas = ["MaterialBindingAPI"]
            )
            {
                custom rel material:binding
                prepend rel material:binding = </Instances/mesh_2/VisualMaterials/a0000000_0000_0000_0000_000000000000>
            }

            over "a0000000_0000_0000_0000_000000000000282" (
                apiSchemas = ["MaterialBindingAPI"]
            )
            {
                custom rel material:binding
                prepend rel material:binding = </Instances/mesh_2/VisualMaterials/a0000000_0000_0000_0000_000000000000>
            }

            over "a0000000_0000_0000_0000_000000000000283" (
                apiSchemas = ["MaterialBindingAPI"]
            )
            {
                custom rel material:binding
                prepend rel material:binding = </Instances/mesh_2/VisualMaterials/a0000000_0000_0000_0000_000000000000>
            }

            over "a0000000_0000_0000_0000_000000000000284" (
                apiSchemas = ["MaterialBindingAPI"]
            )
            {
                custom rel material:binding
                prepend rel material:binding = </Instances/mesh_2/VisualMaterials/a0000000_0000_0000_0000_000000000000>
            }

            over "a0000000_0000_0000_0000_000000000000285" (
                apiSchemas = ["MaterialBindingAPI"]
            )
            {
                custom rel material:binding
                prepend rel material:binding = </Instances/mesh_2/VisualMaterials/a0000000_0000_0000_0000_000000000000>
            }

            over "a0000000_0000_0000_0000_000000000000286" (
                apiSchemas = ["MaterialBindingAPI"]
            )
            {
                custom rel material:binding
                prepend rel material:binding = </Instances/mesh_2/VisualMaterials/a0000000_0000_0000_0000_000000000000>
            }

            over "a0000000_0000_0000_0000_000000000000287" (
                apiSchemas = ["MaterialBindingAPI"]
            )
            {
                custom rel material:binding
                prepend rel material:binding = </Instances/mesh_2/VisualMaterials/a0000000_0000_0000_0000_000000000000>
            }

            over "a0000000_0000_0000_0000_000000000000288" (
                apiSchemas = ["MaterialBindingAPI"]
            )
            {
                custom rel material:binding
                prepend rel material:binding = </Instances/mesh_2/VisualMaterials/a0000000_0000_0000_0000_000000000000>
            }

            over "a0000000_0000_0000_0000_000000000000289" (
                apiSchemas = ["MaterialBindingAPI"]
            )
            {
                custom rel material:binding
                prepend rel material:binding = </Instances/mesh_2/VisualMaterials/a0000000_0000_0000_0000_000000000000>
            }

            over "a0000000_0000_0000_0000_000000000000290" (
                apiSchemas = ["MaterialBindingAPI"]
            )
            {
                custom rel material:binding
                prepend rel material:binding = </Instances/mesh_2/VisualMaterials/a0000000_0000_0000_0000_000000000000>
            }

            over "a0000000_0000_0000_0000_000000000000291" (
                apiSchemas = ["MaterialBindingAPI"]
            )
            {
                custom rel material:binding
                prepend rel material:binding = </Instances/mesh_2/VisualMaterials/a0000000_0000_0000_0000_000000000000>
            }

            over "a0000000_0000_0000_0000_000000000000292" (
                apiSchemas = ["MaterialBindingAPI"]
            )
            {
                custom rel material:binding
                prepend rel material:binding = </Instances/mesh_2/VisualMaterials/a0000000_0000_0000_0000_000000000000>
            }

            over "a0000000_0000_0000_0000_000000000000293" (
                apiSchemas = ["MaterialBindingAPI"]
            )
            {
                custom rel material:binding
                prepend rel material:binding = </Instances/mesh_2/VisualMaterials/a0000000_0000_0000_0000_000000000000>
            }

            over "a0000000_0000_0000_0000_000000000000294" (
                apiSchemas = ["MaterialBindingAPI"]
            )
            {
                custom rel material:binding
                prepend rel material:binding = </Instances/mesh_2/VisualMaterials/a0000000_0000_0000_0000_000000000000>
            }

            over "a0000000_0000_0000_0000_000000000000295" (
                apiSchemas = ["MaterialBindingAPI"]
            )
            {
                custom rel material:binding
                prepend rel material:binding = </Instances/mesh_2/VisualMaterials/a0000000_0000_0000_0000_000000000000>
            }

            over "a0000000_0000_0000_0000_000000000000296" (
                apiSchemas = ["MaterialBindingAPI"]
            )
            {
                custom rel material:binding
                prepend rel material:binding = </Instances/mesh_2/VisualMaterials/a0000000_0000_0000_0000_000000000000>
            }

            over "a0000000_0000_0000_0000_000000000000297" (
                apiSchemas = ["MaterialBindingAPI"]
            )
            {
                custom rel material:binding
                prepend rel material:binding = </Instances/mesh_2/VisualMaterials/a0000000_0000_0000_0000_000000000000>
            }

            over "a0000000_0000_0000_0000_000000000000298" (
                apiSchemas = ["MaterialBindingAPI"]
            )
            {
                custom rel material:binding
                prepend rel material:binding = </Instances/mesh_2/VisualMaterials/a0000000_0000_0000_0000_000000000000>
            }

            over "a0000000_0000_0000_0000_000000000000299" (
                apiSchemas = ["MaterialBindingAPI"]
            )
            {
                custom rel material:binding
                prepend rel material:binding = </Instances/mesh_2/VisualMaterials/a0000000_0000_0000_0000_000000000000>
            }

            over "a0000000_0000_0000_0000_000000000000300" (
                apiSchemas = ["MaterialBindingAPI"]
            )
            {
                custom rel material:binding
                prepend rel material:binding = </Instances/mesh_2/VisualMaterials/a0000000_0000_0000_0000_000000000000>
            }

            over "a0000000_0000_0000_0000_000000000000301" (
                apiSchemas = ["MaterialBindingAPI"]
            )
            {
                custom rel material:binding
                prepend rel material:binding = </Instances/mesh_2/VisualMaterials/a0000000_0000_0000_0000_000000000000>
            }

            over "a0000000_0000_0000_0000_000000000000302" (
                apiSchemas = ["MaterialBindingAPI"]
            )
            {
                custom rel material:binding
                prepend rel material:binding = </Instances/mesh_2/VisualMaterials/a0000000_0000_0000_0000_000000000000>
            }

            over "a0000000_0000_0000_0000_000000000000303" (
                apiSchemas = ["MaterialBindingAPI"]
            )
            {
                custom rel material:binding
                prepend rel material:binding = </Instances/mesh_2/VisualMaterials/a0000000_0000_0000_0000_000000000000>
            }

            over "a0000000_0000_0000_0000_000000000000304" (
                apiSchemas = ["MaterialBindingAPI"]
            )
            {
                custom rel material:binding
                prepend rel material:binding = </Instances/mesh_2/VisualMaterials/a0000000_0000_0000_0000_000000000000>
            }

            over "a0000000_0000_0000_0000_000000000000305" (
                apiSchemas = ["MaterialBindingAPI"]
            )
            {
                custom rel material:binding
                prepend rel material:binding = </Instances/mesh_2/VisualMaterials/a0000000_0000_0000_0000_000000000000>
            }

            over "a0000000_0000_0000_0000_000000000000306" (
                apiSchemas = ["MaterialBindingAPI"]
            )
            {
                custom rel material:binding
                prepend rel material:binding = </Instances/mesh_2/VisualMaterials/a0000000_0000_0000_0000_000000000000>
            }

            over "a0000000_0000_0000_0000_000000000000307" (
                apiSchemas = ["MaterialBindingAPI"]
            )
            {
                custom rel material:binding
                prepend rel material:binding = </Instances/mesh_2/VisualMaterials/a0000000_0000_0000_0000_000000000000>
            }

            over "a0000000_0000_0000_0000_000000000000308" (
                apiSchemas = ["MaterialBindingAPI"]
            )
            {
                custom rel material:binding
                prepend rel material:binding = </Instances/mesh_2/VisualMaterials/a0000000_0000_0000_0000_000000000000>
            }

            over "a0000000_0000_0000_0000_000000000000309" (
                apiSchemas = ["MaterialBindingAPI"]
            )
            {
                custom rel material:binding
                prepend rel material:binding = </Instances/mesh_2/VisualMaterials/a0000000_0000_0000_0000_000000000000>
            }

            over "a0000000_0000_0000_0000_000000000000310" (
                apiSchemas = ["MaterialBindingAPI"]
            )
            {
                custom rel material:binding
                prepend rel material:binding = </Instances/mesh_2/VisualMaterials/a0000000_0000_0000_0000_000000000000>
            }

            over "a0000000_0000_0000_0000_000000000000311" (
                apiSchemas = ["MaterialBindingAPI"]
            )
            {
                custom rel material:binding
                prepend rel material:binding = </Instances/mesh_2/VisualMaterials/a0000000_0000_0000_0000_000000000000>
            }

            over "a0000000_0000_0000_0000_000000000000312" (
                apiSchemas = ["MaterialBindingAPI"]
            )
            {
                custom rel material:binding
                prepend rel material:binding = </Instances/mesh_2/VisualMaterials/a0000000_0000_0000_0000_000000000000>
            }

            over "a0000000_0000_0000_0000_000000000000313" (
                apiSchemas = ["MaterialBindingAPI"]
            )
            {
                custom rel material:binding
                prepend rel material:binding = </Instances/mesh_2/VisualMaterials/a0000000_0000_0000_0000_000000000000>
            }

            over "a0000000_0000_0000_0000_000000000000314" (
                apiSchemas = ["MaterialBindingAPI"]
            )
            {
                custom rel material:binding
                prepend rel material:binding = </Instances/mesh_2/VisualMaterials/a0000000_0000_0000_0000_000000000000>
            }

            over "a0000000_0000_0000_0000_000000000000315" (
                apiSchemas = ["MaterialBindingAPI"]
            )
            {
                custom rel material:binding
                prepend rel material:binding = </Instances/mesh_2/VisualMaterials/a0000000_0000_0000_0000_000000000000>
            }

            over "a0000000_0000_0000_0000_000000000000316" (
                apiSchemas = ["MaterialBindingAPI"]
            )
            {
                custom rel material:binding
                prepend rel material:binding = </Instances/mesh_2/VisualMaterials/a0000000_0000_0000_0000_000000000000>
            }

            over "a0000000_0000_0000_0000_000000000000317" (
                apiSchemas = ["MaterialBindingAPI"]
            )
            {
                custom rel material:binding
                prepend rel material:binding = </Instances/mesh_2/VisualMaterials/a0000000_0000_0000_0000_000000000000>
            }

            over "a0000000_0000_0000_0000_000000000000318" (
                apiSchemas = ["MaterialBindingAPI"]
            )
            {
                custom rel material:binding
                prepend rel material:binding = </Instances/mesh_2/VisualMaterials/a0000000_0000_0000_0000_000000000000>
            }

            over "a0000000_0000_0000_0000_000000000000319" (
                apiSchemas = ["MaterialBindingAPI"]
            )
            {
                custom rel material:binding
                prepend rel material:binding = </Instances/mesh_2/VisualMaterials/a0000000_0000_0000_0000_000000000000>
            }

            over "a0000000_0000_0000_0000_000000000000320" (
                apiSchemas = ["MaterialBindingAPI"]
            )
            {
                custom rel material:binding
                prepend rel material:binding = </Instances/mesh_2/VisualMaterials/a0000000_0000_0000_0000_000000000000>
            }

            over "a0000000_0000_0000_0000_000000000000321" (
                apiSchemas = ["MaterialBindingAPI"]
            )
            {
                custom rel material:binding
                prepend rel material:binding = </Instances/mesh_2/VisualMaterials/a0000000_0000_0000_0000_000000000000>
            }

            over "a0000000_0000_0000_0000_000000000000322" (
                apiSchemas = ["MaterialBindingAPI"]
            )
            {
                custom rel material:binding
                prepend rel material:binding = </Instances/mesh_2/VisualMaterials/a0000000_0000_0000_0000_000000000000>
            }

            over "a0000000_0000_0000_0000_000000000000323" (
                apiSchemas = ["MaterialBindingAPI"]
            )
            {
                custom rel material:binding
                prepend rel material:binding = </Instances/mesh_2/VisualMaterials/a0000000_0000_0000_0000_000000000000>
            }

            over "a0000000_0000_0000_0000_000000000000324" (
                apiSchemas = ["MaterialBindingAPI"]
            )
            {
                custom rel material:binding
                prepend rel material:binding = </Instances/mesh_2/VisualMaterials/a0000000_0000_0000_0000_000000000000>
            }

            over "a0000000_0000_0000_0000_000000000000325" (
                apiSchemas = ["MaterialBindingAPI"]
            )
            {
                custom rel material:binding
                prepend rel material:binding = </Instances/mesh_2/VisualMaterials/a0000000_0000_0000_0000_000000000000>
            }

            over "a0000000_0000_0000_0000_000000000000326" (
                apiSchemas = ["MaterialBindingAPI"]
            )
            {
                custom rel material:binding
                prepend rel material:binding = </Instances/mesh_2/VisualMaterials/a0000000_0000_0000_0000_000000000000>
            }

            over "a0000000_0000_0000_0000_000000000000327" (
                apiSchemas = ["MaterialBindingAPI"]
            )
            {
                custom rel material:binding
                prepend rel material:binding = </Instances/mesh_2/VisualMaterials/a0000000_0000_0000_0000_000000000000>
            }

            over "Material________003" (
                apiSchemas = ["MaterialBindingAPI"]
            )
            {
                custom rel material:binding
                prepend rel material:binding = </Instances/mesh_2/VisualMaterials/Material________002>
            }

            over "a0000000_0000_0000_0000_000000000000328" (
                apiSchemas = ["MaterialBindingAPI"]
            )
            {
                custom rel material:binding
                prepend rel material:binding = </Instances/mesh_2/VisualMaterials/a0000000_0000_0000_0000_000000000000>
            }

            over "a0000000_0000_0000_0000_000000000000329" (
                apiSchemas = ["MaterialBindingAPI"]
            )
            {
                custom rel material:binding
                prepend rel material:binding = </Instances/mesh_2/VisualMaterials/a0000000_0000_0000_0000_000000000000>
            }

            over "a0000000_0000_0000_0000_000000000000330" (
                apiSchemas = ["MaterialBindingAPI"]
            )
            {
                custom rel material:binding
                prepend rel material:binding = </Instances/mesh_2/VisualMaterials/a0000000_0000_0000_0000_000000000000>
            }

            over "a0000000_0000_0000_0000_000000000000331" (
                apiSchemas = ["MaterialBindingAPI"]
            )
            {
                custom rel material:binding
                prepend rel material:binding = </Instances/mesh_2/VisualMaterials/a0000000_0000_0000_0000_000000000000>
            }

            over "a0000000_0000_0000_0000_000000000000332" (
                apiSchemas = ["MaterialBindingAPI"]
            )
            {
                custom rel material:binding
                prepend rel material:binding = </Instances/mesh_2/VisualMaterials/a0000000_0000_0000_0000_000000000000>
            }

            over "a0000000_0000_0000_0000_000000000000333" (
                apiSchemas = ["MaterialBindingAPI"]
            )
            {
                custom rel material:binding
                prepend rel material:binding = </Instances/mesh_2/VisualMaterials/a0000000_0000_0000_0000_000000000000>
            }

            over "a0000000_0000_0000_0000_000000000000334" (
                apiSchemas = ["MaterialBindingAPI"]
            )
            {
                custom rel material:binding
                prepend rel material:binding = </Instances/mesh_2/VisualMaterials/a0000000_0000_0000_0000_000000000000>
            }

            over "a0000000_0000_0000_0000_000000000000335" (
                apiSchemas = ["MaterialBindingAPI"]
            )
            {
                custom rel material:binding
                prepend rel material:binding = </Instances/mesh_2/VisualMaterials/a0000000_0000_0000_0000_000000000000>
            }

            over "a0000000_0000_0000_0000_000000000000336" (
                apiSchemas = ["MaterialBindingAPI"]
            )
            {
                custom rel material:binding
                prepend rel material:binding = </Instances/mesh_2/VisualMaterials/a0000000_0000_0000_0000_000000000000>
            }

            over "a0000000_0000_0000_0000_000000000000337" (
                apiSchemas = ["MaterialBindingAPI"]
            )
            {
                custom rel material:binding
                prepend rel material:binding = </Instances/mesh_2/VisualMaterials/a0000000_0000_0000_0000_000000000000>
            }

            over "a0000000_0000_0000_0000_000000000000338" (
                apiSchemas = ["MaterialBindingAPI"]
            )
            {
                custom rel material:binding
                prepend rel material:binding = </Instances/mesh_2/VisualMaterials/a0000000_0000_0000_0000_000000000000>
            }

            over "a0000000_0000_0000_0000_000000000000339" (
                apiSchemas = ["MaterialBindingAPI"]
            )
            {
                custom rel material:binding
                prepend rel material:binding = </Instances/mesh_2/VisualMaterials/a0000000_0000_0000_0000_000000000000>
            }

            over "a0000000_0000_0000_0000_000000000000340" (
                apiSchemas = ["MaterialBindingAPI"]
            )
            {
                custom rel material:binding
                prepend rel material:binding = </Instances/mesh_2/VisualMaterials/a0000000_0000_0000_0000_000000000000>
            }

            over "a0000000_0000_0000_0000_000000000000341" (
                apiSchemas = ["MaterialBindingAPI"]
            )
            {
                custom rel material:binding
                prepend rel material:binding = </Instances/mesh_2/VisualMaterials/a0000000_0000_0000_0000_000000000000>
            }

            over "a0000000_0000_0000_0000_000000000000342" (
                apiSchemas = ["MaterialBindingAPI"]
            )
            {
                custom rel material:binding
                prepend rel material:binding = </Instances/mesh_2/VisualMaterials/a0000000_0000_0000_0000_000000000000>
            }

            over "a0000000_0000_0000_0000_000000000000343" (
                apiSchemas = ["MaterialBindingAPI"]
            )
            {
                custom rel material:binding
                prepend rel material:binding = </Instances/mesh_2/VisualMaterials/a0000000_0000_0000_0000_000000000000>
            }

            over "a0000000_0000_0000_0000_000000000000344" (
                apiSchemas = ["MaterialBindingAPI"]
            )
            {
                custom rel material:binding
                prepend rel material:binding = </Instances/mesh_2/VisualMaterials/a0000000_0000_0000_0000_000000000000>
            }

            over "a0000000_0000_0000_0000_000000000000345" (
                apiSchemas = ["MaterialBindingAPI"]
            )
            {
                custom rel material:binding
                prepend rel material:binding = </Instances/mesh_2/VisualMaterials/a0000000_0000_0000_0000_000000000000>
            }

            over "a0000000_0000_0000_0000_000000000000346" (
                apiSchemas = ["MaterialBindingAPI"]
            )
            {
                custom rel material:binding
                prepend rel material:binding = </Instances/mesh_2/VisualMaterials/a0000000_0000_0000_0000_000000000000>
            }

            over "a0000000_0000_0000_0000_000000000000347" (
                apiSchemas = ["MaterialBindingAPI"]
            )
            {
                custom rel material:binding
                prepend rel material:binding = </Instances/mesh_2/VisualMaterials/a0000000_0000_0000_0000_000000000000>
            }

            over "a0000000_0000_0000_0000_000000000000348" (
                apiSchemas = ["MaterialBindingAPI"]
            )
            {
                custom rel material:binding
                prepend rel material:binding = </Instances/mesh_2/VisualMaterials/a0000000_0000_0000_0000_000000000000>
            }

            over "a0000000_0000_0000_0000_000000000000349" (
                apiSchemas = ["MaterialBindingAPI"]
            )
            {
                custom rel material:binding
                prepend rel material:binding = </Instances/mesh_2/VisualMaterials/a0000000_0000_0000_0000_000000000000>
            }

            over "a0000000_0000_0000_0000_000000000000350" (
                apiSchemas = ["MaterialBindingAPI"]
            )
            {
                custom rel material:binding
                prepend rel material:binding = </Instances/mesh_2/VisualMaterials/a0000000_0000_0000_0000_000000000000>
            }

            over "a0000000_0000_0000_0000_000000000000351" (
                apiSchemas = ["MaterialBindingAPI"]
            )
            {
                custom rel material:binding
                prepend rel material:binding = </Instances/mesh_2/VisualMaterials/a0000000_0000_0000_0000_000000000000>
            }

            over "a0000000_0000_0000_0000_000000000000352" (
                apiSchemas = ["MaterialBindingAPI"]
            )
            {
                custom rel material:binding
                prepend rel material:binding = </Instances/mesh_2/VisualMaterials/a0000000_0000_0000_0000_000000000000>
            }

            over "a0000000_0000_0000_0000_000000000000353" (
                apiSchemas = ["MaterialBindingAPI"]
            )
            {
                custom rel material:binding
                prepend rel material:binding = </Instances/mesh_2/VisualMaterials/a0000000_0000_0000_0000_000000000000>
            }

            over "a0000000_0000_0000_0000_000000000000354" (
                apiSchemas = ["MaterialBindingAPI"]
            )
            {
                custom rel material:binding
                prepend rel material:binding = </Instances/mesh_2/VisualMaterials/a0000000_0000_0000_0000_000000000000>
            }

            over "a0000000_0000_0000_0000_000000000000355" (
                apiSchemas = ["MaterialBindingAPI"]
            )
            {
                custom rel material:binding
                prepend rel material:binding = </Instances/mesh_2/VisualMaterials/a0000000_0000_0000_0000_000000000000>
            }

            over "a0000000_0000_0000_0000_000000000000356" (
                apiSchemas = ["MaterialBindingAPI"]
            )
            {
                custom rel material:binding
                prepend rel material:binding = </Instances/mesh_2/VisualMaterials/a0000000_0000_0000_0000_000000000000>
            }

            over "a0000000_0000_0000_0000_000000000000357" (
                apiSchemas = ["MaterialBindingAPI"]
            )
            {
                custom rel material:binding
                prepend rel material:binding = </Instances/mesh_2/VisualMaterials/a0000000_0000_0000_0000_000000000000>
            }

            over "a0000000_0000_0000_0000_000000000000358" (
                apiSchemas = ["MaterialBindingAPI"]
            )
            {
                custom rel material:binding
                prepend rel material:binding = </Instances/mesh_2/VisualMaterials/a0000000_0000_0000_0000_000000000000>
            }

            over "a0000000_0000_0000_0000_000000000000359" (
                apiSchemas = ["MaterialBindingAPI"]
            )
            {
                custom rel material:binding
                prepend rel material:binding = </Instances/mesh_2/VisualMaterials/a0000000_0000_0000_0000_000000000000>
            }

            over "a0000000_0000_0000_0000_000000000000360" (
                apiSchemas = ["MaterialBindingAPI"]
            )
            {
                custom rel material:binding
                prepend rel material:binding = </Instances/mesh_2/VisualMaterials/a0000000_0000_0000_0000_000000000000>
            }

            over "a0000000_0000_0000_0000_000000000000361" (
                apiSchemas = ["MaterialBindingAPI"]
            )
            {
                custom rel material:binding
                prepend rel material:binding = </Instances/mesh_2/VisualMaterials/a0000000_0000_0000_0000_000000000000>
            }

            over "a0000000_0000_0000_0000_000000000000362" (
                apiSchemas = ["MaterialBindingAPI"]
            )
            {
                custom rel material:binding
                prepend rel material:binding = </Instances/mesh_2/VisualMaterials/a0000000_0000_0000_0000_000000000000>
            }

            over "a0000000_0000_0000_0000_000000000000363" (
                apiSchemas = ["MaterialBindingAPI"]
            )
            {
                custom rel material:binding
                prepend rel material:binding = </Instances/mesh_2/VisualMaterials/a0000000_0000_0000_0000_000000000000>
            }

            over "a0000000_0000_0000_0000_000000000000364" (
                apiSchemas = ["MaterialBindingAPI"]
            )
            {
                custom rel material:binding
                prepend rel material:binding = </Instances/mesh_2/VisualMaterials/a0000000_0000_0000_0000_000000000000>
            }

            over "a0000000_0000_0000_0000_000000000000365" (
                apiSchemas = ["MaterialBindingAPI"]
            )
            {
                custom rel material:binding
                prepend rel material:binding = </Instances/mesh_2/VisualMaterials/a0000000_0000_0000_0000_000000000000>
            }

            over "a0000000_0000_0000_0000_000000000000_00213" (
                apiSchemas = ["MaterialBindingAPI"]
            )
            {
                custom rel material:binding
                prepend rel material:binding = </Instances/mesh_2/VisualMaterials/a0000000_0000_0000_0000_000000000000_002>
            }

            over "a0000000_0000_0000_0000_000000000000366" (
                apiSchemas = ["MaterialBindingAPI"]
            )
            {
                custom rel material:binding
                prepend rel material:binding = </Instances/mesh_2/VisualMaterials/a0000000_0000_0000_0000_000000000000>
            }

            over "a0000000_0000_0000_0000_000000000000367" (
                apiSchemas = ["MaterialBindingAPI"]
            )
            {
                custom rel material:binding
                prepend rel material:binding = </Instances/mesh_2/VisualMaterials/a0000000_0000_0000_0000_000000000000>
            }

            over "a0000000_0000_0000_0000_000000000000368" (
                apiSchemas = ["MaterialBindingAPI"]
            )
            {
                custom rel material:binding
                prepend rel material:binding = </Instances/mesh_2/VisualMaterials/a0000000_0000_0000_0000_000000000000>
            }

            over "a0000000_0000_0000_0000_000000000000369" (
                apiSchemas = ["MaterialBindingAPI"]
            )
            {
                custom rel material:binding
                prepend rel material:binding = </Instances/mesh_2/VisualMaterials/a0000000_0000_0000_0000_000000000000>
            }

            over "a0000000_0000_0000_0000_000000000000370" (
                apiSchemas = ["MaterialBindingAPI"]
            )
            {
                custom rel material:binding
                prepend rel material:binding = </Instances/mesh_2/VisualMaterials/a0000000_0000_0000_0000_000000000000>
            }

            over "a0000000_0000_0000_0000_000000000000371" (
                apiSchemas = ["MaterialBindingAPI"]
            )
            {
                custom rel material:binding
                prepend rel material:binding = </Instances/mesh_2/VisualMaterials/a0000000_0000_0000_0000_000000000000>
            }

            over "a0000000_0000_0000_0000_000000000000372" (
                apiSchemas = ["MaterialBindingAPI"]
            )
            {
                custom rel material:binding
                prepend rel material:binding = </Instances/mesh_2/VisualMaterials/a0000000_0000_0000_0000_000000000000>
            }

            over "a0000000_0000_0000_0000_000000000000373" (
                apiSchemas = ["MaterialBindingAPI"]
            )
            {
                custom rel material:binding
                prepend rel material:binding = </Instances/mesh_2/VisualMaterials/a0000000_0000_0000_0000_000000000000>
            }

            over "a0000000_0000_0000_0000_000000000000374" (
                apiSchemas = ["MaterialBindingAPI"]
            )
            {
                custom rel material:binding
                prepend rel material:binding = </Instances/mesh_2/VisualMaterials/a0000000_0000_0000_0000_000000000000>
            }

            over "a0000000_0000_0000_0000_000000000000375" (
                apiSchemas = ["MaterialBindingAPI"]
            )
            {
                custom rel material:binding
                prepend rel material:binding = </Instances/mesh_2/VisualMaterials/a0000000_0000_0000_0000_000000000000>
            }

            over "a0000000_0000_0000_0000_000000000000376" (
                apiSchemas = ["MaterialBindingAPI"]
            )
            {
                custom rel material:binding
                prepend rel material:binding = </Instances/mesh_2/VisualMaterials/a0000000_0000_0000_0000_000000000000>
            }

            over "a0000000_0000_0000_0000_000000000000377" (
                apiSchemas = ["MaterialBindingAPI"]
            )
            {
                custom rel material:binding
                prepend rel material:binding = </Instances/mesh_2/VisualMaterials/a0000000_0000_0000_0000_000000000000>
            }

            over "a0000000_0000_0000_0000_000000000000378" (
                apiSchemas = ["MaterialBindingAPI"]
            )
            {
                custom rel material:binding
                prepend rel material:binding = </Instances/mesh_2/VisualMaterials/a0000000_0000_0000_0000_000000000000>
            }

            over "a0000000_0000_0000_0000_000000000000379" (
                apiSchemas = ["MaterialBindingAPI"]
            )
            {
                custom rel material:binding
                prepend rel material:binding = </Instances/mesh_2/VisualMaterials/a0000000_0000_0000_0000_000000000000>
            }

            over "a0000000_0000_0000_0000_000000000000380" (
                apiSchemas = ["MaterialBindingAPI"]
            )
            {
                custom rel material:binding
                prepend rel material:binding = </Instances/mesh_2/VisualMaterials/a0000000_0000_0000_0000_000000000000>
            }

            over "a0000000_0000_0000_0000_000000000000381" (
                apiSchemas = ["MaterialBindingAPI"]
            )
            {
                custom rel material:binding
                prepend rel material:binding = </Instances/mesh_2/VisualMaterials/a0000000_0000_0000_0000_000000000000>
            }

            over "a0000000_0000_0000_0000_000000000000382" (
                apiSchemas = ["MaterialBindingAPI"]
            )
            {
                custom rel material:binding
                prepend rel material:binding = </Instances/mesh_2/VisualMaterials/a0000000_0000_0000_0000_000000000000>
            }

            over "a0000000_0000_0000_0000_000000000000383" (
                apiSchemas = ["MaterialBindingAPI"]
            )
            {
                custom rel material:binding
                prepend rel material:binding = </Instances/mesh_2/VisualMaterials/a0000000_0000_0000_0000_000000000000>
            }

            over "a0000000_0000_0000_0000_000000000000384" (
                apiSchemas = ["MaterialBindingAPI"]
            )
            {
                custom rel material:binding
                prepend rel material:binding = </Instances/mesh_2/VisualMaterials/a0000000_0000_0000_0000_000000000000>
            }

            over "a0000000_0000_0000_0000_000000000000385" (
                apiSchemas = ["MaterialBindingAPI"]
            )
            {
                custom rel material:binding
                prepend rel material:binding = </Instances/mesh_2/VisualMaterials/a0000000_0000_0000_0000_000000000000>
            }

            over "a0000000_0000_0000_0000_000000000000386" (
                apiSchemas = ["MaterialBindingAPI"]
            )
            {
                custom rel material:binding
                prepend rel material:binding = </Instances/mesh_2/VisualMaterials/a0000000_0000_0000_0000_000000000000>
            }

            over "a0000000_0000_0000_0000_000000000000387" (
                apiSchemas = ["MaterialBindingAPI"]
            )
            {
                custom rel material:binding
                prepend rel material:binding = </Instances/mesh_2/VisualMaterials/a0000000_0000_0000_0000_000000000000>
            }

            over "a0000000_0000_0000_0000_000000000000388" (
                apiSchemas = ["MaterialBindingAPI"]
            )
            {
                custom rel material:binding
                prepend rel material:binding = </Instances/mesh_2/VisualMaterials/a0000000_0000_0000_0000_000000000000>
            }

            over "a0000000_0000_0000_0000_000000000000389" (
                apiSchemas = ["MaterialBindingAPI"]
            )
            {
                custom rel material:binding
                prepend rel material:binding = </Instances/mesh_2/VisualMaterials/a0000000_0000_0000_0000_000000000000>
            }

            over "a0000000_0000_0000_0000_000000000000390" (
                apiSchemas = ["MaterialBindingAPI"]
            )
            {
                custom rel material:binding
                prepend rel material:binding = </Instances/mesh_2/VisualMaterials/a0000000_0000_0000_0000_000000000000>
            }

            over "a0000000_0000_0000_0000_000000000000391" (
                apiSchemas = ["MaterialBindingAPI"]
            )
            {
                custom rel material:binding
                prepend rel material:binding = </Instances/mesh_2/VisualMaterials/a0000000_0000_0000_0000_000000000000>
            }

            over "a0000000_0000_0000_0000_000000000000_00214" (
                apiSchemas = ["MaterialBindingAPI"]
            )
            {
                custom rel material:binding
                prepend rel material:binding = </Instances/mesh_2/VisualMaterials/a0000000_0000_0000_0000_000000000000_002>
            }

            over "a0000000_0000_0000_0000_000000000000392" (
                apiSchemas = ["MaterialBindingAPI"]
            )
            {
                custom rel material:binding
                prepend rel material:binding = </Instances/mesh_2/VisualMaterials/a0000000_0000_0000_0000_000000000000>
            }

            over "a0000000_0000_0000_0000_000000000000393" (
                apiSchemas = ["MaterialBindingAPI"]
            )
            {
                custom rel material:binding
                prepend rel material:binding = </Instances/mesh_2/VisualMaterials/a0000000_0000_0000_0000_000000000000>
            }

            over "a0000000_0000_0000_0000_000000000000394" (
                apiSchemas = ["MaterialBindingAPI"]
            )
            {
                custom rel material:binding
                prepend rel material:binding = </Instances/mesh_2/VisualMaterials/a0000000_0000_0000_0000_000000000000>
            }

            over "a0000000_0000_0000_0000_000000000000395" (
                apiSchemas = ["MaterialBindingAPI"]
            )
            {
                custom rel material:binding
                prepend rel material:binding = </Instances/mesh_2/VisualMaterials/a0000000_0000_0000_0000_000000000000>
            }

            over "a0000000_0000_0000_0000_000000000000396" (
                apiSchemas = ["MaterialBindingAPI"]
            )
            {
                custom rel material:binding
                prepend rel material:binding = </Instances/mesh_2/VisualMaterials/a0000000_0000_0000_0000_000000000000>
            }

            over "a0000000_0000_0000_0000_000000000000397" (
                apiSchemas = ["MaterialBindingAPI"]
            )
            {
                custom rel material:binding
                prepend rel material:binding = </Instances/mesh_2/VisualMaterials/a0000000_0000_0000_0000_000000000000>
            }

            over "a0000000_0000_0000_0000_000000000000398" (
                apiSchemas = ["MaterialBindingAPI"]
            )
            {
                custom rel material:binding
                prepend rel material:binding = </Instances/mesh_2/VisualMaterials/a0000000_0000_0000_0000_000000000000>
            }

            over "a0000000_0000_0000_0000_000000000000399" (
                apiSchemas = ["MaterialBindingAPI"]
            )
            {
                custom rel material:binding
                prepend rel material:binding = </Instances/mesh_2/VisualMaterials/a0000000_0000_0000_0000_000000000000>
            }

            over "a0000000_0000_0000_0000_000000000000400" (
                apiSchemas = ["MaterialBindingAPI"]
            )
            {
                custom rel material:binding
                prepend rel material:binding = </Instances/mesh_2/VisualMaterials/a0000000_0000_0000_0000_000000000000>
            }

            over "a0000000_0000_0000_0000_000000000000401" (
                apiSchemas = ["MaterialBindingAPI"]
            )
            {
                custom rel material:binding
                prepend rel material:binding = </Instances/mesh_2/VisualMaterials/a0000000_0000_0000_0000_000000000000>
            }

            over "a0000000_0000_0000_0000_000000000000402" (
                apiSchemas = ["MaterialBindingAPI"]
            )
            {
                custom rel material:binding
                prepend rel material:binding = </Instances/mesh_2/VisualMaterials/a0000000_0000_0000_0000_000000000000>
            }

            over "a0000000_0000_0000_0000_000000000000403" (
                apiSchemas = ["MaterialBindingAPI"]
            )
            {
                custom rel material:binding
                prepend rel material:binding = </Instances/mesh_2/VisualMaterials/a0000000_0000_0000_0000_000000000000>
            }

            over "a0000000_0000_0000_0000_000000000000404" (
                apiSchemas = ["MaterialBindingAPI"]
            )
            {
                custom rel material:binding
                prepend rel material:binding = </Instances/mesh_2/VisualMaterials/a0000000_0000_0000_0000_000000000000>
            }

            over "a0000000_0000_0000_0000_000000000000405" (
                apiSchemas = ["MaterialBindingAPI"]
            )
            {
                custom rel material:binding
                prepend rel material:binding = </Instances/mesh_2/VisualMaterials/a0000000_0000_0000_0000_000000000000>
            }

            over "a0000000_0000_0000_0000_000000000000406" (
                apiSchemas = ["MaterialBindingAPI"]
            )
            {
                custom rel material:binding
                prepend rel material:binding = </Instances/mesh_2/VisualMaterials/a0000000_0000_0000_0000_000000000000>
            }

            over "a0000000_0000_0000_0000_000000000000407" (
                apiSchemas = ["MaterialBindingAPI"]
            )
            {
                custom rel material:binding
                prepend rel material:binding = </Instances/mesh_2/VisualMaterials/a0000000_0000_0000_0000_000000000000>
            }

            over "a0000000_0000_0000_0000_000000000000408" (
                apiSchemas = ["MaterialBindingAPI"]
            )
            {
                custom rel material:binding
                prepend rel material:binding = </Instances/mesh_2/VisualMaterials/a0000000_0000_0000_0000_000000000000>
            }

            over "a0000000_0000_0000_0000_000000000000409" (
                apiSchemas = ["MaterialBindingAPI"]
            )
            {
                custom rel material:binding
                prepend rel material:binding = </Instances/mesh_2/VisualMaterials/a0000000_0000_0000_0000_000000000000>
            }

            over "a0000000_0000_0000_0000_000000000000410" (
                apiSchemas = ["MaterialBindingAPI"]
            )
            {
                custom rel material:binding
                prepend rel material:binding = </Instances/mesh_2/VisualMaterials/a0000000_0000_0000_0000_000000000000>
            }

            over "a0000000_0000_0000_0000_000000000000411" (
                apiSchemas = ["MaterialBindingAPI"]
            )
            {
                custom rel material:binding
                prepend rel material:binding = </Instances/mesh_2/VisualMaterials/a0000000_0000_0000_0000_000000000000>
            }

            over "a0000000_0000_0000_0000_000000000000412" (
                apiSchemas = ["MaterialBindingAPI"]
            )
            {
                custom rel material:binding
                prepend rel material:binding = </Instances/mesh_2/VisualMaterials/a0000000_0000_0000_0000_000000000000>
            }

            over "a0000000_0000_0000_0000_000000000000413" (
                apiSchemas = ["MaterialBindingAPI"]
            )
            {
                custom rel material:binding
                prepend rel material:binding = </Instances/mesh_2/VisualMaterials/a0000000_0000_0000_0000_000000000000>
            }

            over "a0000000_0000_0000_0000_000000000000414" (
                apiSchemas = ["MaterialBindingAPI"]
            )
            {
                custom rel material:binding
                prepend rel material:binding = </Instances/mesh_2/VisualMaterials/a0000000_0000_0000_0000_000000000000>
            }

            over "a0000000_0000_0000_0000_000000000000415" (
                apiSchemas = ["MaterialBindingAPI"]
            )
            {
                custom rel material:binding
                prepend rel material:binding = </Instances/mesh_2/VisualMaterials/a0000000_0000_0000_0000_000000000000>
            }

            over "a0000000_0000_0000_0000_000000000000416" (
                apiSchemas = ["MaterialBindingAPI"]
            )
            {
                custom rel material:binding
                prepend rel material:binding = </Instances/mesh_2/VisualMaterials/a0000000_0000_0000_0000_000000000000>
            }

            over "a0000000_0000_0000_0000_000000000000417" (
                apiSchemas = ["MaterialBindingAPI"]
            )
            {
                custom rel material:binding
                prepend rel material:binding = </Instances/mesh_2/VisualMaterials/a0000000_0000_0000_0000_000000000000>
            }

            over "a0000000_0000_0000_0000_000000000000418" (
                apiSchemas = ["MaterialBindingAPI"]
            )
            {
                custom rel material:binding
                prepend rel material:binding = </Instances/mesh_2/VisualMaterials/a0000000_0000_0000_0000_000000000000>
            }

            over "a0000000_0000_0000_0000_000000000000419" (
                apiSchemas = ["MaterialBindingAPI"]
            )
            {
                custom rel material:binding
                prepend rel material:binding = </Instances/mesh_2/VisualMaterials/a0000000_0000_0000_0000_000000000000>
            }

            over "a0000000_0000_0000_0000_000000000000420" (
                apiSchemas = ["MaterialBindingAPI"]
            )
            {
                custom rel material:binding
                prepend rel material:binding = </Instances/mesh_2/VisualMaterials/a0000000_0000_0000_0000_000000000000>
            }

            over "a0000000_0000_0000_0000_000000000000421" (
                apiSchemas = ["MaterialBindingAPI"]
            )
            {
                custom rel material:binding
                prepend rel material:binding = </Instances/mesh_2/VisualMaterials/a0000000_0000_0000_0000_000000000000>
            }

            over "a0000000_0000_0000_0000_000000000000422" (
                apiSchemas = ["MaterialBindingAPI"]
            )
            {
                custom rel material:binding
                prepend rel material:binding = </Instances/mesh_2/VisualMaterials/a0000000_0000_0000_0000_000000000000>
            }

            over "a0000000_0000_0000_0000_000000000000423" (
                apiSchemas = ["MaterialBindingAPI"]
            )
            {
                custom rel material:binding
                prepend rel material:binding = </Instances/mesh_2/VisualMaterials/a0000000_0000_0000_0000_000000000000>
            }

            over "a0000000_0000_0000_0000_000000000000424" (
                apiSchemas = ["MaterialBindingAPI"]
            )
            {
                custom rel material:binding
                prepend rel material:binding = </Instances/mesh_2/VisualMaterials/a0000000_0000_0000_0000_000000000000>
            }

            over "a0000000_0000_0000_0000_000000000000425" (
                apiSchemas = ["MaterialBindingAPI"]
            )
            {
                custom rel material:binding
                prepend rel material:binding = </Instances/mesh_2/VisualMaterials/a0000000_0000_0000_0000_000000000000>
            }

            over "a0000000_0000_0000_0000_000000000000426" (
                apiSchemas = ["MaterialBindingAPI"]
            )
            {
                custom rel material:binding
                prepend rel material:binding = </Instances/mesh_2/VisualMaterials/a0000000_0000_0000_0000_000000000000>
            }

            over "a0000000_0000_0000_0000_000000000000427" (
                apiSchemas = ["MaterialBindingAPI"]
            )
            {
                custom rel material:binding
                prepend rel material:binding = </Instances/mesh_2/VisualMaterials/a0000000_0000_0000_0000_000000000000>
            }

            over "a0000000_0000_0000_0000_000000000000428" (
                apiSchemas = ["MaterialBindingAPI"]
            )
            {
                custom rel material:binding
                prepend rel material:binding = </Instances/mesh_2/VisualMaterials/a0000000_0000_0000_0000_000000000000>
            }

            over "a0000000_0000_0000_0000_000000000000429" (
                apiSchemas = ["MaterialBindingAPI"]
            )
            {
                custom rel material:binding
                prepend rel material:binding = </Instances/mesh_2/VisualMaterials/a0000000_0000_0000_0000_000000000000>
            }

            over "a0000000_0000_0000_0000_000000000000430" (
                apiSchemas = ["MaterialBindingAPI"]
            )
            {
                custom rel material:binding
                prepend rel material:binding = </Instances/mesh_2/VisualMaterials/a0000000_0000_0000_0000_000000000000>
            }

            over "a0000000_0000_0000_0000_000000000000_00215" (
                apiSchemas = ["MaterialBindingAPI"]
            )
            {
                custom rel material:binding
                prepend rel material:binding = </Instances/mesh_2/VisualMaterials/a0000000_0000_0000_0000_000000000000_002>
            }

            over "a0000000_0000_0000_0000_000000000000431" (
                apiSchemas = ["MaterialBindingAPI"]
            )
            {
                custom rel material:binding
                prepend rel material:binding = </Instances/mesh_2/VisualMaterials/a0000000_0000_0000_0000_000000000000>
            }

            over "a0000000_0000_0000_0000_000000000000432" (
                apiSchemas = ["MaterialBindingAPI"]
            )
            {
                custom rel material:binding
                prepend rel material:binding = </Instances/mesh_2/VisualMaterials/a0000000_0000_0000_0000_000000000000>
            }

            over "a0000000_0000_0000_0000_000000000000433" (
                apiSchemas = ["MaterialBindingAPI"]
            )
            {
                custom rel material:binding
                prepend rel material:binding = </Instances/mesh_2/VisualMaterials/a0000000_0000_0000_0000_000000000000>
            }

            over "a0000000_0000_0000_0000_000000000000434" (
                apiSchemas = ["MaterialBindingAPI"]
            )
            {
                custom rel material:binding
                prepend rel material:binding = </Instances/mesh_2/VisualMaterials/a0000000_0000_0000_0000_000000000000>
            }

            over "a0000000_0000_0000_0000_000000000000435" (
                apiSchemas = ["MaterialBindingAPI"]
            )
            {
                custom rel material:binding
                prepend rel material:binding = </Instances/mesh_2/VisualMaterials/a0000000_0000_0000_0000_000000000000>
            }

            over "a0000000_0000_0000_0000_000000000000436" (
                apiSchemas = ["MaterialBindingAPI"]
            )
            {
                custom rel material:binding
                prepend rel material:binding = </Instances/mesh_2/VisualMaterials/a0000000_0000_0000_0000_000000000000>
            }

            over "a0000000_0000_0000_0000_000000000000437" (
                apiSchemas = ["MaterialBindingAPI"]
            )
            {
                custom rel material:binding
                prepend rel material:binding = </Instances/mesh_2/VisualMaterials/a0000000_0000_0000_0000_000000000000>
            }

            over "a0000000_0000_0000_0000_000000000000438" (
                apiSchemas = ["MaterialBindingAPI"]
            )
            {
                custom rel material:binding
                prepend rel material:binding = </Instances/mesh_2/VisualMaterials/a0000000_0000_0000_0000_000000000000>
            }

            over "a0000000_0000_0000_0000_000000000000439" (
                apiSchemas = ["MaterialBindingAPI"]
            )
            {
                custom rel material:binding
                prepend rel material:binding = </Instances/mesh_2/VisualMaterials/a0000000_0000_0000_0000_000000000000>
            }

            over "a0000000_0000_0000_0000_000000000000440" (
                apiSchemas = ["MaterialBindingAPI"]
            )
            {
                custom rel material:binding
                prepend rel material:binding = </Instances/mesh_2/VisualMaterials/a0000000_0000_0000_0000_000000000000>
            }

            over "a0000000_0000_0000_0000_000000000000441" (
                apiSchemas = ["MaterialBindingAPI"]
            )
            {
                custom rel material:binding
                prepend rel material:binding = </Instances/mesh_2/VisualMaterials/a0000000_0000_0000_0000_000000000000>
            }

            over "a0000000_0000_0000_0000_000000000000442" (
                apiSchemas = ["MaterialBindingAPI"]
            )
            {
                custom rel material:binding
                prepend rel material:binding = </Instances/mesh_2/VisualMaterials/a0000000_0000_0000_0000_000000000000>
            }

            over "a0000000_0000_0000_0000_000000000000443" (
                apiSchemas = ["MaterialBindingAPI"]
            )
            {
                custom rel material:binding
                prepend rel material:binding = </Instances/mesh_2/VisualMaterials/a0000000_0000_0000_0000_000000000000>
            }

            over "a0000000_0000_0000_0000_000000000000444" (
                apiSchemas = ["MaterialBindingAPI"]
            )
            {
                custom rel material:binding
                prepend rel material:binding = </Instances/mesh_2/VisualMaterials/a0000000_0000_0000_0000_000000000000>
            }

            over "a0000000_0000_0000_0000_000000000000445" (
                apiSchemas = ["MaterialBindingAPI"]
            )
            {
                custom rel material:binding
                prepend rel material:binding = </Instances/mesh_2/VisualMaterials/a0000000_0000_0000_0000_000000000000>
            }

            over "a0000000_0000_0000_0000_000000000000446" (
                apiSchemas = ["MaterialBindingAPI"]
            )
            {
                custom rel material:binding
                prepend rel material:binding = </Instances/mesh_2/VisualMaterials/a0000000_0000_0000_0000_000000000000>
            }

            over "a0000000_0000_0000_0000_000000000000447" (
                apiSchemas = ["MaterialBindingAPI"]
            )
            {
                custom rel material:binding
                prepend rel material:binding = </Instances/mesh_2/VisualMaterials/a0000000_0000_0000_0000_000000000000>
            }

            over "Material________0030" (
                apiSchemas = ["MaterialBindingAPI"]
            )
            {
                custom rel material:binding
                prepend rel material:binding = </Instances/mesh_2/VisualMaterials/Material________002>
            }

            over "a0000000_0000_0000_0000_000000000000448" (
                apiSchemas = ["MaterialBindingAPI"]
            )
            {
                custom rel material:binding
                prepend rel material:binding = </Instances/mesh_2/VisualMaterials/a0000000_0000_0000_0000_000000000000>
            }

            over "a0000000_0000_0000_0000_000000000000449" (
                apiSchemas = ["MaterialBindingAPI"]
            )
            {
                custom rel material:binding
                prepend rel material:binding = </Instances/mesh_2/VisualMaterials/a0000000_0000_0000_0000_000000000000>
            }

            over "a0000000_0000_0000_0000_000000000000450" (
                apiSchemas = ["MaterialBindingAPI"]
            )
            {
                custom rel material:binding
                prepend rel material:binding = </Instances/mesh_2/VisualMaterials/a0000000_0000_0000_0000_000000000000>
            }

            over "a0000000_0000_0000_0000_000000000000451" (
                apiSchemas = ["MaterialBindingAPI"]
            )
            {
                custom rel material:binding
                prepend rel material:binding = </Instances/mesh_2/VisualMaterials/a0000000_0000_0000_0000_000000000000>
            }

            over "a0000000_0000_0000_0000_000000000000452" (
                apiSchemas = ["MaterialBindingAPI"]
            )
            {
                custom rel material:binding
                prepend rel material:binding = </Instances/mesh_2/VisualMaterials/a0000000_0000_0000_0000_000000000000>
            }

            over "a0000000_0000_0000_0000_000000000000453" (
                apiSchemas = ["MaterialBindingAPI"]
            )
            {
                custom rel material:binding
                prepend rel material:binding = </Instances/mesh_2/VisualMaterials/a0000000_0000_0000_0000_000000000000>
            }

            over "a0000000_0000_0000_0000_000000000000454" (
                apiSchemas = ["MaterialBindingAPI"]
            )
            {
                custom rel material:binding
                prepend rel material:binding = </Instances/mesh_2/VisualMaterials/a0000000_0000_0000_0000_000000000000>
            }

            over "a0000000_0000_0000_0000_000000000000455" (
                apiSchemas = ["MaterialBindingAPI"]
            )
            {
                custom rel material:binding
                prepend rel material:binding = </Instances/mesh_2/VisualMaterials/a0000000_0000_0000_0000_000000000000>
            }

            over "a0000000_0000_0000_0000_000000000000456" (
                apiSchemas = ["MaterialBindingAPI"]
            )
            {
                custom rel material:binding
                prepend rel material:binding = </Instances/mesh_2/VisualMaterials/a0000000_0000_0000_0000_000000000000>
            }

            over "a0000000_0000_0000_0000_000000000000457" (
                apiSchemas = ["MaterialBindingAPI"]
            )
            {
                custom rel material:binding
                prepend rel material:binding = </Instances/mesh_2/VisualMaterials/a0000000_0000_0000_0000_000000000000>
            }

            over "a0000000_0000_0000_0000_000000000000458" (
                apiSchemas = ["MaterialBindingAPI"]
            )
            {
                custom rel material:binding
                prepend rel material:binding = </Instances/mesh_2/VisualMaterials/a0000000_0000_0000_0000_000000000000>
            }

            over "a0000000_0000_0000_0000_000000000000459" (
                apiSchemas = ["MaterialBindingAPI"]
            )
            {
                custom rel material:binding
                prepend rel material:binding = </Instances/mesh_2/VisualMaterials/a0000000_0000_0000_0000_000000000000>
            }

            over "a0000000_0000_0000_0000_000000000000460" (
                apiSchemas = ["MaterialBindingAPI"]
            )
            {
                custom rel material:binding
                prepend rel material:binding = </Instances/mesh_2/VisualMaterials/a0000000_0000_0000_0000_000000000000>
            }

            over "a0000000_0000_0000_0000_000000000000461" (
                apiSchemas = ["MaterialBindingAPI"]
            )
            {
                custom rel material:binding
                prepend rel material:binding = </Instances/mesh_2/VisualMaterials/a0000000_0000_0000_0000_000000000000>
            }

            over "a0000000_0000_0000_0000_000000000000_00216" (
                apiSchemas = ["MaterialBindingAPI"]
            )
            {
                custom rel material:binding
                prepend rel material:binding = </Instances/mesh_2/VisualMaterials/a0000000_0000_0000_0000_000000000000_002>
            }

            over "a0000000_0000_0000_0000_000000000000462" (
                apiSchemas = ["MaterialBindingAPI"]
            )
            {
                custom rel material:binding
                prepend rel material:binding = </Instances/mesh_2/VisualMaterials/a0000000_0000_0000_0000_000000000000>
            }

            over "a0000000_0000_0000_0000_000000000000463" (
                apiSchemas = ["MaterialBindingAPI"]
            )
            {
                custom rel material:binding
                prepend rel material:binding = </Instances/mesh_2/VisualMaterials/a0000000_0000_0000_0000_000000000000>
            }

            over "a0000000_0000_0000_0000_000000000000464" (
                apiSchemas = ["MaterialBindingAPI"]
            )
            {
                custom rel material:binding
                prepend rel material:binding = </Instances/mesh_2/VisualMaterials/a0000000_0000_0000_0000_000000000000>
            }

            over "a0000000_0000_0000_0000_000000000000465" (
                apiSchemas = ["MaterialBindingAPI"]
            )
            {
                custom rel material:binding
                prepend rel material:binding = </Instances/mesh_2/VisualMaterials/a0000000_0000_0000_0000_000000000000>
            }

            over "a0000000_0000_0000_0000_000000000000466" (
                apiSchemas = ["MaterialBindingAPI"]
            )
            {
                custom rel material:binding
                prepend rel material:binding = </Instances/mesh_2/VisualMaterials/a0000000_0000_0000_0000_000000000000>
            }

            over "a0000000_0000_0000_0000_000000000000467" (
                apiSchemas = ["MaterialBindingAPI"]
            )
            {
                custom rel material:binding
                prepend rel material:binding = </Instances/mesh_2/VisualMaterials/a0000000_0000_0000_0000_000000000000>
            }

            over "a0000000_0000_0000_0000_000000000000468" (
                apiSchemas = ["MaterialBindingAPI"]
            )
            {
                custom rel material:binding
                prepend rel material:binding = </Instances/mesh_2/VisualMaterials/a0000000_0000_0000_0000_000000000000>
            }

            over "a0000000_0000_0000_0000_000000000000469" (
                apiSchemas = ["MaterialBindingAPI"]
            )
            {
                custom rel material:binding
                prepend rel material:binding = </Instances/mesh_2/VisualMaterials/a0000000_0000_0000_0000_000000000000>
            }

            over "a0000000_0000_0000_0000_000000000000470" (
                apiSchemas = ["MaterialBindingAPI"]
            )
            {
                custom rel material:binding
                prepend rel material:binding = </Instances/mesh_2/VisualMaterials/a0000000_0000_0000_0000_000000000000>
            }

            over "a0000000_0000_0000_0000_000000000000471" (
                apiSchemas = ["MaterialBindingAPI"]
            )
            {
                custom rel material:binding
                prepend rel material:binding = </Instances/mesh_2/VisualMaterials/a0000000_0000_0000_0000_000000000000>
            }

            over "a0000000_0000_0000_0000_000000000000472" (
                apiSchemas = ["MaterialBindingAPI"]
            )
            {
                custom rel material:binding
                prepend rel material:binding = </Instances/mesh_2/VisualMaterials/a0000000_0000_0000_0000_000000000000>
            }

            over "a0000000_0000_0000_0000_000000000000473" (
                apiSchemas = ["MaterialBindingAPI"]
            )
            {
                custom rel material:binding
                prepend rel material:binding = </Instances/mesh_2/VisualMaterials/a0000000_0000_0000_0000_000000000000>
            }

            over "black_metal" (
                apiSchemas = ["MaterialBindingAPI"]
            )
            {
                custom rel material:binding
                prepend rel material:binding = </Instances/mesh_2/VisualMaterials/black_metal>
            }

            over "a0000000_0000_0000_0000_000000000000474" (
                apiSchemas = ["MaterialBindingAPI"]
            )
            {
                custom rel material:binding
                prepend rel material:binding = </Instances/mesh_2/VisualMaterials/a0000000_0000_0000_0000_000000000000>
            }

            over "a0000000_0000_0000_0000_000000000000475" (
                apiSchemas = ["MaterialBindingAPI"]
            )
            {
                custom rel material:binding
                prepend rel material:binding = </Instances/mesh_2/VisualMaterials/a0000000_0000_0000_0000_000000000000>
            }

            over "a0000000_0000_0000_0000_000000000000476" (
                apiSchemas = ["MaterialBindingAPI"]
            )
            {
                custom rel material:binding
                prepend rel material:binding = </Instances/mesh_2/VisualMaterials/a0000000_0000_0000_0000_000000000000>
            }

            over "a0000000_0000_0000_0000_000000000000477" (
                apiSchemas = ["MaterialBindingAPI"]
            )
            {
                custom rel material:binding
                prepend rel material:binding = </Instances/mesh_2/VisualMaterials/a0000000_0000_0000_0000_000000000000>
            }

            over "a0000000_0000_0000_0000_000000000000478" (
                apiSchemas = ["MaterialBindingAPI"]
            )
            {
                custom rel material:binding
                prepend rel material:binding = </Instances/mesh_2/VisualMaterials/a0000000_0000_0000_0000_000000000000>
            }

            over "a0000000_0000_0000_0000_000000000000479" (
                apiSchemas = ["MaterialBindingAPI"]
            )
            {
                custom rel material:binding
                prepend rel material:binding = </Instances/mesh_2/VisualMaterials/a0000000_0000_0000_0000_000000000000>
            }

            over "a0000000_0000_0000_0000_000000000000480" (
                apiSchemas = ["MaterialBindingAPI"]
            )
            {
                custom rel material:binding
                prepend rel material:binding = </Instances/mesh_2/VisualMaterials/a0000000_0000_0000_0000_000000000000>
            }

            over "a0000000_0000_0000_0000_000000000000481" (
                apiSchemas = ["MaterialBindingAPI"]
            )
            {
                custom rel material:binding
                prepend rel material:binding = </Instances/mesh_2/VisualMaterials/a0000000_0000_0000_0000_000000000000>
            }

            over "a0000000_0000_0000_0000_000000000000482" (
                apiSchemas = ["MaterialBindingAPI"]
            )
            {
                custom rel material:binding
                prepend rel material:binding = </Instances/mesh_2/VisualMaterials/a0000000_0000_0000_0000_000000000000>
            }

            over "a0000000_0000_0000_0000_000000000000483" (
                apiSchemas = ["MaterialBindingAPI"]
            )
            {
                custom rel material:binding
                prepend rel material:binding = </Instances/mesh_2/VisualMaterials/a0000000_0000_0000_0000_000000000000>
            }

            over "a0000000_0000_0000_0000_000000000000484" (
                apiSchemas = ["MaterialBindingAPI"]
            )
            {
                custom rel material:binding
                prepend rel material:binding = </Instances/mesh_2/VisualMaterials/a0000000_0000_0000_0000_000000000000>
            }

            over "a0000000_0000_0000_0000_000000000000485" (
                apiSchemas = ["MaterialBindingAPI"]
            )
            {
                custom rel material:binding
                prepend rel material:binding = </Instances/mesh_2/VisualMaterials/a0000000_0000_0000_0000_000000000000>
            }

            over "a0000000_0000_0000_0000_000000000000486" (
                apiSchemas = ["MaterialBindingAPI"]
            )
            {
                custom rel material:binding
                prepend rel material:binding = </Instances/mesh_2/VisualMaterials/a0000000_0000_0000_0000_000000000000>
            }

            over "a0000000_0000_0000_0000_000000000000487" (
                apiSchemas = ["MaterialBindingAPI"]
            )
            {
                custom rel material:binding
                prepend rel material:binding = </Instances/mesh_2/VisualMaterials/a0000000_0000_0000_0000_000000000000>
            }

            over "a0000000_0000_0000_0000_000000000000488" (
                apiSchemas = ["MaterialBindingAPI"]
            )
            {
                custom rel material:binding
                prepend rel material:binding = </Instances/mesh_2/VisualMaterials/a0000000_0000_0000_0000_000000000000>
            }

            over "a0000000_0000_0000_0000_000000000000489" (
                apiSchemas = ["MaterialBindingAPI"]
            )
            {
                custom rel material:binding
                prepend rel material:binding = </Instances/mesh_2/VisualMaterials/a0000000_0000_0000_0000_000000000000>
            }

            over "a0000000_0000_0000_0000_000000000000490" (
                apiSchemas = ["MaterialBindingAPI"]
            )
            {
                custom rel material:binding
                prepend rel material:binding = </Instances/mesh_2/VisualMaterials/a0000000_0000_0000_0000_000000000000>
            }

            over "a0000000_0000_0000_0000_000000000000491" (
                apiSchemas = ["MaterialBindingAPI"]
            )
            {
                custom rel material:binding
                prepend rel material:binding = </Instances/mesh_2/VisualMaterials/a0000000_0000_0000_0000_000000000000>
            }

            over "Material________0031" (
                apiSchemas = ["MaterialBindingAPI"]
            )
            {
                custom rel material:binding
                prepend rel material:binding = </Instances/mesh_2/VisualMaterials/Material________002>
            }

            over "a0000000_0000_0000_0000_000000000000492" (
                apiSchemas = ["MaterialBindingAPI"]
            )
            {
                custom rel material:binding
                prepend rel material:binding = </Instances/mesh_2/VisualMaterials/a0000000_0000_0000_0000_000000000000>
            }

            over "a0000000_0000_0000_0000_000000000000493" (
                apiSchemas = ["MaterialBindingAPI"]
            )
            {
                custom rel material:binding
                prepend rel material:binding = </Instances/mesh_2/VisualMaterials/a0000000_0000_0000_0000_000000000000>
            }

            over "a0000000_0000_0000_0000_000000000000494" (
                apiSchemas = ["MaterialBindingAPI"]
            )
            {
                custom rel material:binding
                prepend rel material:binding = </Instances/mesh_2/VisualMaterials/a0000000_0000_0000_0000_000000000000>
            }

            over "a0000000_0000_0000_0000_000000000000495" (
                apiSchemas = ["MaterialBindingAPI"]
            )
            {
                custom rel material:binding
                prepend rel material:binding = </Instances/mesh_2/VisualMaterials/a0000000_0000_0000_0000_000000000000>
            }

            over "a0000000_0000_0000_0000_000000000000496" (
                apiSchemas = ["MaterialBindingAPI"]
            )
            {
                custom rel material:binding
                prepend rel material:binding = </Instances/mesh_2/VisualMaterials/a0000000_0000_0000_0000_000000000000>
            }

            over "a0000000_0000_0000_0000_000000000000_00217" (
                apiSchemas = ["MaterialBindingAPI"]
            )
            {
                custom rel material:binding
                prepend rel material:binding = </Instances/mesh_2/VisualMaterials/a0000000_0000_0000_0000_000000000000_002>
            }

            over "a0000000_0000_0000_0000_000000000000497" (
                apiSchemas = ["MaterialBindingAPI"]
            )
            {
                custom rel material:binding
                prepend rel material:binding = </Instances/mesh_2/VisualMaterials/a0000000_0000_0000_0000_000000000000>
            }

            over "a0000000_0000_0000_0000_000000000000498" (
                apiSchemas = ["MaterialBindingAPI"]
            )
            {
                custom rel material:binding
                prepend rel material:binding = </Instances/mesh_2/VisualMaterials/a0000000_0000_0000_0000_000000000000>
            }

            over "a0000000_0000_0000_0000_000000000000499" (
                apiSchemas = ["MaterialBindingAPI"]
            )
            {
                custom rel material:binding
                prepend rel material:binding = </Instances/mesh_2/VisualMaterials/a0000000_0000_0000_0000_000000000000>
            }

            over "a0000000_0000_0000_0000_000000000000500" (
                apiSchemas = ["MaterialBindingAPI"]
            )
            {
                custom rel material:binding
                prepend rel material:binding = </Instances/mesh_2/VisualMaterials/a0000000_0000_0000_0000_000000000000>
            }

            over "yin_" (
                apiSchemas = ["MaterialBindingAPI"]
            )
            {
                custom rel material:binding
                prepend rel material:binding = </Instances/mesh_2/VisualMaterials/yin_>
            }

            over "a0000000_0000_0000_0000_000000000000501" (
                apiSchemas = ["MaterialBindingAPI"]
            )
            {
                custom rel material:binding
                prepend rel material:binding = </Instances/mesh_2/VisualMaterials/a0000000_0000_0000_0000_000000000000>
            }

            over "Material________0032" (
                apiSchemas = ["MaterialBindingAPI"]
            )
            {
                custom rel material:binding
                prepend rel material:binding = </Instances/mesh_2/VisualMaterials/Material________002>
            }

            over "a0000000_0000_0000_0000_000000000000502" (
                apiSchemas = ["MaterialBindingAPI"]
            )
            {
                custom rel material:binding
                prepend rel material:binding = </Instances/mesh_2/VisualMaterials/a0000000_0000_0000_0000_000000000000>
            }

            over "a0000000_0000_0000_0000_000000000000503" (
                apiSchemas = ["MaterialBindingAPI"]
            )
            {
                custom rel material:binding
                prepend rel material:binding = </Instances/mesh_2/VisualMaterials/a0000000_0000_0000_0000_000000000000>
            }

            over "a0000000_0000_0000_0000_000000000000504" (
                apiSchemas = ["MaterialBindingAPI"]
            )
            {
                custom rel material:binding
                prepend rel material:binding = </Instances/mesh_2/VisualMaterials/a0000000_0000_0000_0000_000000000000>
            }

            over "a0000000_0000_0000_0000_000000000000505" (
                apiSchemas = ["MaterialBindingAPI"]
            )
            {
                custom rel material:binding
                prepend rel material:binding = </Instances/mesh_2/VisualMaterials/a0000000_0000_0000_0000_000000000000>
            }

            over "a0000000_0000_0000_0000_000000000000506" (
                apiSchemas = ["MaterialBindingAPI"]
            )
            {
                custom rel material:binding
                prepend rel material:binding = </Instances/mesh_2/VisualMaterials/a0000000_0000_0000_0000_000000000000>
            }

            over "a0000000_0000_0000_0000_000000000000507" (
                apiSchemas = ["MaterialBindingAPI"]
            )
            {
                custom rel material:binding
                prepend rel material:binding = </Instances/mesh_2/VisualMaterials/a0000000_0000_0000_0000_000000000000>
            }

            over "a0000000_0000_0000_0000_000000000000508" (
                apiSchemas = ["MaterialBindingAPI"]
            )
            {
                custom rel material:binding
                prepend rel material:binding = </Instances/mesh_2/VisualMaterials/a0000000_0000_0000_0000_000000000000>
            }

            over "a0000000_0000_0000_0000_000000000000509" (
                apiSchemas = ["MaterialBindingAPI"]
            )
            {
                custom rel material:binding
                prepend rel material:binding = </Instances/mesh_2/VisualMaterials/a0000000_0000_0000_0000_000000000000>
            }

            over "a0000000_0000_0000_0000_000000000000510" (
                apiSchemas = ["MaterialBindingAPI"]
            )
            {
                custom rel material:binding
                prepend rel material:binding = </Instances/mesh_2/VisualMaterials/a0000000_0000_0000_0000_000000000000>
            }

            over "a0000000_0000_0000_0000_000000000000511" (
                apiSchemas = ["MaterialBindingAPI"]
            )
            {
                custom rel material:binding
                prepend rel material:binding = </Instances/mesh_2/VisualMaterials/a0000000_0000_0000_0000_000000000000>
            }

            over "a0000000_0000_0000_0000_000000000000512" (
                apiSchemas = ["MaterialBindingAPI"]
            )
            {
                custom rel material:binding
                prepend rel material:binding = </Instances/mesh_2/VisualMaterials/a0000000_0000_0000_0000_000000000000>
            }

            over "a0000000_0000_0000_0000_000000000000513" (
                apiSchemas = ["MaterialBindingAPI"]
            )
            {
                custom rel material:binding
                prepend rel material:binding = </Instances/mesh_2/VisualMaterials/a0000000_0000_0000_0000_000000000000>
            }

            over "a0000000_0000_0000_0000_000000000000514" (
                apiSchemas = ["MaterialBindingAPI"]
            )
            {
                custom rel material:binding
                prepend rel material:binding = </Instances/mesh_2/VisualMaterials/a0000000_0000_0000_0000_000000000000>
            }

            over "a0000000_0000_0000_0000_000000000000515" (
                apiSchemas = ["MaterialBindingAPI"]
            )
            {
                custom rel material:binding
                prepend rel material:binding = </Instances/mesh_2/VisualMaterials/a0000000_0000_0000_0000_000000000000>
            }

            over "a0000000_0000_0000_0000_000000000000516" (
                apiSchemas = ["MaterialBindingAPI"]
            )
            {
                custom rel material:binding
                prepend rel material:binding = </Instances/mesh_2/VisualMaterials/a0000000_0000_0000_0000_000000000000>
            }

            over "a0000000_0000_0000_0000_000000000000517" (
                apiSchemas = ["MaterialBindingAPI"]
            )
            {
                custom rel material:binding
                prepend rel material:binding = </Instances/mesh_2/VisualMaterials/a0000000_0000_0000_0000_000000000000>
            }

            over "a0000000_0000_0000_0000_000000000000518" (
                apiSchemas = ["MaterialBindingAPI"]
            )
            {
                custom rel material:binding
                prepend rel material:binding = </Instances/mesh_2/VisualMaterials/a0000000_0000_0000_0000_000000000000>
            }

            over "a0000000_0000_0000_0000_000000000000519" (
                apiSchemas = ["MaterialBindingAPI"]
            )
            {
                custom rel material:binding
                prepend rel material:binding = </Instances/mesh_2/VisualMaterials/a0000000_0000_0000_0000_000000000000>
            }

            over "Material________0033" (
                apiSchemas = ["MaterialBindingAPI"]
            )
            {
                custom rel material:binding
                prepend rel material:binding = </Instances/mesh_2/VisualMaterials/Material________002>
            }

            over "a0000000_0000_0000_0000_000000000000520" (
                apiSchemas = ["MaterialBindingAPI"]
            )
            {
                custom rel material:binding
                prepend rel material:binding = </Instances/mesh_2/VisualMaterials/a0000000_0000_0000_0000_000000000000>
            }

            over "a0000000_0000_0000_0000_000000000000521" (
                apiSchemas = ["MaterialBindingAPI"]
            )
            {
                custom rel material:binding
                prepend rel material:binding = </Instances/mesh_2/VisualMaterials/a0000000_0000_0000_0000_000000000000>
            }

            over "a0000000_0000_0000_0000_000000000000522" (
                apiSchemas = ["MaterialBindingAPI"]
            )
            {
                custom rel material:binding
                prepend rel material:binding = </Instances/mesh_2/VisualMaterials/a0000000_0000_0000_0000_000000000000>
            }

            over "a0000000_0000_0000_0000_000000000000523" (
                apiSchemas = ["MaterialBindingAPI"]
            )
            {
                custom rel material:binding
                prepend rel material:binding = </Instances/mesh_2/VisualMaterials/a0000000_0000_0000_0000_000000000000>
            }

            over "a0000000_0000_0000_0000_000000000000524" (
                apiSchemas = ["MaterialBindingAPI"]
            )
            {
                custom rel material:binding
                prepend rel material:binding = </Instances/mesh_2/VisualMaterials/a0000000_0000_0000_0000_000000000000>
            }

            over "a0000000_0000_0000_0000_000000000000525" (
                apiSchemas = ["MaterialBindingAPI"]
            )
            {
                custom rel material:binding
                prepend rel material:binding = </Instances/mesh_2/VisualMaterials/a0000000_0000_0000_0000_000000000000>
            }

            over "a0000000_0000_0000_0000_000000000000526" (
                apiSchemas = ["MaterialBindingAPI"]
            )
            {
                custom rel material:binding
                prepend rel material:binding = </Instances/mesh_2/VisualMaterials/a0000000_0000_0000_0000_000000000000>
            }

            over "a0000000_0000_0000_0000_000000000000527" (
                apiSchemas = ["MaterialBindingAPI"]
            )
            {
                custom rel material:binding
                prepend rel material:binding = </Instances/mesh_2/VisualMaterials/a0000000_0000_0000_0000_000000000000>
            }

            over "a0000000_0000_0000_0000_000000000000_00218" (
                apiSchemas = ["MaterialBindingAPI"]
            )
            {
                custom rel material:binding
                prepend rel material:binding = </Instances/mesh_2/VisualMaterials/a0000000_0000_0000_0000_000000000000_002>
            }

            over "a0000000_0000_0000_0000_000000000000528" (
                apiSchemas = ["MaterialBindingAPI"]
            )
            {
                custom rel material:binding
                prepend rel material:binding = </Instances/mesh_2/VisualMaterials/a0000000_0000_0000_0000_000000000000>
            }

            over "a0000000_0000_0000_0000_000000000000529" (
                apiSchemas = ["MaterialBindingAPI"]
            )
            {
                custom rel material:binding
                prepend rel material:binding = </Instances/mesh_2/VisualMaterials/a0000000_0000_0000_0000_000000000000>
            }

            over "a0000000_0000_0000_0000_000000000000530" (
                apiSchemas = ["MaterialBindingAPI"]
            )
            {
                custom rel material:binding
                prepend rel material:binding = </Instances/mesh_2/VisualMaterials/a0000000_0000_0000_0000_000000000000>
            }

            over "a0000000_0000_0000_0000_000000000000531" (
                apiSchemas = ["MaterialBindingAPI"]
            )
            {
                custom rel material:binding
                prepend rel material:binding = </Instances/mesh_2/VisualMaterials/a0000000_0000_0000_0000_000000000000>
            }

            over "a0000000_0000_0000_0000_000000000000532" (
                apiSchemas = ["MaterialBindingAPI"]
            )
            {
                custom rel material:binding
                prepend rel material:binding = </Instances/mesh_2/VisualMaterials/a0000000_0000_0000_0000_000000000000>
            }

            over "a0000000_0000_0000_0000_000000000000533" (
                apiSchemas = ["MaterialBindingAPI"]
            )
            {
                custom rel material:binding
                prepend rel material:binding = </Instances/mesh_2/VisualMaterials/a0000000_0000_0000_0000_000000000000>
            }

            over "a0000000_0000_0000_0000_000000000000534" (
                apiSchemas = ["MaterialBindingAPI"]
            )
            {
                custom rel material:binding
                prepend rel material:binding = </Instances/mesh_2/VisualMaterials/a0000000_0000_0000_0000_000000000000>
            }

            over "a0000000_0000_0000_0000_000000000000535" (
                apiSchemas = ["MaterialBindingAPI"]
            )
            {
                custom rel material:binding
                prepend rel material:binding = </Instances/mesh_2/VisualMaterials/a0000000_0000_0000_0000_000000000000>
            }

            over "a0000000_0000_0000_0000_000000000000536" (
                apiSchemas = ["MaterialBindingAPI"]
            )
            {
                custom rel material:binding
                prepend rel material:binding = </Instances/mesh_2/VisualMaterials/a0000000_0000_0000_0000_000000000000>
            }

            over "a0000000_0000_0000_0000_000000000000537" (
                apiSchemas = ["MaterialBindingAPI"]
            )
            {
                custom rel material:binding
                prepend rel material:binding = </Instances/mesh_2/VisualMaterials/a0000000_0000_0000_0000_000000000000>
            }

            over "a0000000_0000_0000_0000_000000000000538" (
                apiSchemas = ["MaterialBindingAPI"]
            )
            {
                custom rel material:binding
                prepend rel material:binding = </Instances/mesh_2/VisualMaterials/a0000000_0000_0000_0000_000000000000>
            }

            over "a0000000_0000_0000_0000_000000000000539" (
                apiSchemas = ["MaterialBindingAPI"]
            )
            {
                custom rel material:binding
                prepend rel material:binding = </Instances/mesh_2/VisualMaterials/a0000000_0000_0000_0000_000000000000>
            }

            over "a0000000_0000_0000_0000_000000000000540" (
                apiSchemas = ["MaterialBindingAPI"]
            )
            {
                custom rel material:binding
                prepend rel material:binding = </Instances/mesh_2/VisualMaterials/a0000000_0000_0000_0000_000000000000>
            }

            over "a0000000_0000_0000_0000_000000000000541" (
                apiSchemas = ["MaterialBindingAPI"]
            )
            {
                custom rel material:binding
                prepend rel material:binding = </Instances/mesh_2/VisualMaterials/a0000000_0000_0000_0000_000000000000>
            }

            over "a0000000_0000_0000_0000_000000000000542" (
                apiSchemas = ["MaterialBindingAPI"]
            )
            {
                custom rel material:binding
                prepend rel material:binding = </Instances/mesh_2/VisualMaterials/a0000000_0000_0000_0000_000000000000>
            }

            over "a0000000_0000_0000_0000_000000000000543" (
                apiSchemas = ["MaterialBindingAPI"]
            )
            {
                custom rel material:binding
                prepend rel material:binding = </Instances/mesh_2/VisualMaterials/a0000000_0000_0000_0000_000000000000>
            }

            over "a0000000_0000_0000_0000_000000000000544" (
                apiSchemas = ["MaterialBindingAPI"]
            )
            {
                custom rel material:binding
                prepend rel material:binding = </Instances/mesh_2/VisualMaterials/a0000000_0000_0000_0000_000000000000>
            }

            over "a0000000_0000_0000_0000_000000000000545" (
                apiSchemas = ["MaterialBindingAPI"]
            )
            {
                custom rel material:binding
                prepend rel material:binding = </Instances/mesh_2/VisualMaterials/a0000000_0000_0000_0000_000000000000>
            }

            over "a0000000_0000_0000_0000_000000000000546" (
                apiSchemas = ["MaterialBindingAPI"]
            )
            {
                custom rel material:binding
                prepend rel material:binding = </Instances/mesh_2/VisualMaterials/a0000000_0000_0000_0000_000000000000>
            }

            over "black_metal0" (
                apiSchemas = ["MaterialBindingAPI"]
            )
            {
                custom rel material:binding
                prepend rel material:binding = </Instances/mesh_2/VisualMaterials/black_metal>
            }

            over "a0000000_0000_0000_0000_000000000000547" (
                apiSchemas = ["MaterialBindingAPI"]
            )
            {
                custom rel material:binding
                prepend rel material:binding = </Instances/mesh_2/VisualMaterials/a0000000_0000_0000_0000_000000000000>
            }

            over "a0000000_0000_0000_0000_000000000000548" (
                apiSchemas = ["MaterialBindingAPI"]
            )
            {
                custom rel material:binding
                prepend rel material:binding = </Instances/mesh_2/VisualMaterials/a0000000_0000_0000_0000_000000000000>
            }

            over "a0000000_0000_0000_0000_000000000000549" (
                apiSchemas = ["MaterialBindingAPI"]
            )
            {
                custom rel material:binding
                prepend rel material:binding = </Instances/mesh_2/VisualMaterials/a0000000_0000_0000_0000_000000000000>
            }

            over "a0000000_0000_0000_0000_000000000000550" (
                apiSchemas = ["MaterialBindingAPI"]
            )
            {
                custom rel material:binding
                prepend rel material:binding = </Instances/mesh_2/VisualMaterials/a0000000_0000_0000_0000_000000000000>
            }

            over "a0000000_0000_0000_0000_000000000000551" (
                apiSchemas = ["MaterialBindingAPI"]
            )
            {
                custom rel material:binding
                prepend rel material:binding = </Instances/mesh_2/VisualMaterials/a0000000_0000_0000_0000_000000000000>
            }

            over "a0000000_0000_0000_0000_000000000000552" (
                apiSchemas = ["MaterialBindingAPI"]
            )
            {
                custom rel material:binding
                prepend rel material:binding = </Instances/mesh_2/VisualMaterials/a0000000_0000_0000_0000_000000000000>
            }

            over "a0000000_0000_0000_0000_000000000000553" (
                apiSchemas = ["MaterialBindingAPI"]
            )
            {
                custom rel material:binding
                prepend rel material:binding = </Instances/mesh_2/VisualMaterials/a0000000_0000_0000_0000_000000000000>
            }

            over "a0000000_0000_0000_0000_000000000000554" (
                apiSchemas = ["MaterialBindingAPI"]
            )
            {
                custom rel material:binding
                prepend rel material:binding = </Instances/mesh_2/VisualMaterials/a0000000_0000_0000_0000_000000000000>
            }

            over "a0000000_0000_0000_0000_000000000000555" (
                apiSchemas = ["MaterialBindingAPI"]
            )
            {
                custom rel material:binding
                prepend rel material:binding = </Instances/mesh_2/VisualMaterials/a0000000_0000_0000_0000_000000000000>
            }

            over "a0000000_0000_0000_0000_000000000000556" (
                apiSchemas = ["MaterialBindingAPI"]
            )
            {
                custom rel material:binding
                prepend rel material:binding = </Instances/mesh_2/VisualMaterials/a0000000_0000_0000_0000_000000000000>
            }

            over "a0000000_0000_0000_0000_000000000000557" (
                apiSchemas = ["MaterialBindingAPI"]
            )
            {
                custom rel material:binding
                prepend rel material:binding = </Instances/mesh_2/VisualMaterials/a0000000_0000_0000_0000_000000000000>
            }

            over "yin_0" (
                apiSchemas = ["MaterialBindingAPI"]
            )
            {
                custom rel material:binding
                prepend rel material:binding = </Instances/mesh_2/VisualMaterials/yin_>
            }

            over "a0000000_0000_0000_0000_000000000000558" (
                apiSchemas = ["MaterialBindingAPI"]
            )
            {
                custom rel material:binding
                prepend rel material:binding = </Instances/mesh_2/VisualMaterials/a0000000_0000_0000_0000_000000000000>
            }

            over "a0000000_0000_0000_0000_000000000000559" (
                apiSchemas = ["MaterialBindingAPI"]
            )
            {
                custom rel material:binding
                prepend rel material:binding = </Instances/mesh_2/VisualMaterials/a0000000_0000_0000_0000_000000000000>
            }

            over "a0000000_0000_0000_0000_000000000000560" (
                apiSchemas = ["MaterialBindingAPI"]
            )
            {
                custom rel material:binding
                prepend rel material:binding = </Instances/mesh_2/VisualMaterials/a0000000_0000_0000_0000_000000000000>
            }

            over "a0000000_0000_0000_0000_000000000000561" (
                apiSchemas = ["MaterialBindingAPI"]
            )
            {
                custom rel material:binding
                prepend rel material:binding = </Instances/mesh_2/VisualMaterials/a0000000_0000_0000_0000_000000000000>
            }

            over "a0000000_0000_0000_0000_000000000000562" (
                apiSchemas = ["MaterialBindingAPI"]
            )
            {
                custom rel material:binding
                prepend rel material:binding = </Instances/mesh_2/VisualMaterials/a0000000_0000_0000_0000_000000000000>
            }

            over "a0000000_0000_0000_0000_000000000000563" (
                apiSchemas = ["MaterialBindingAPI"]
            )
            {
                custom rel material:binding
                prepend rel material:binding = </Instances/mesh_2/VisualMaterials/a0000000_0000_0000_0000_000000000000>
            }

            over "a0000000_0000_0000_0000_000000000000564" (
                apiSchemas = ["MaterialBindingAPI"]
            )
            {
                custom rel material:binding
                prepend rel material:binding = </Instances/mesh_2/VisualMaterials/a0000000_0000_0000_0000_000000000000>
            }

            over "a0000000_0000_0000_0000_000000000000565" (
                apiSchemas = ["MaterialBindingAPI"]
            )
            {
                custom rel material:binding
                prepend rel material:binding = </Instances/mesh_2/VisualMaterials/a0000000_0000_0000_0000_000000000000>
            }

            over "a0000000_0000_0000_0000_000000000000566" (
                apiSchemas = ["MaterialBindingAPI"]
            )
            {
                custom rel material:binding
                prepend rel material:binding = </Instances/mesh_2/VisualMaterials/a0000000_0000_0000_0000_000000000000>
            }

            over "a0000000_0000_0000_0000_000000000000567" (
                apiSchemas = ["MaterialBindingAPI"]
            )
            {
                custom rel material:binding
                prepend rel material:binding = </Instances/mesh_2/VisualMaterials/a0000000_0000_0000_0000_000000000000>
            }

            over "a0000000_0000_0000_0000_000000000000568" (
                apiSchemas = ["MaterialBindingAPI"]
            )
            {
                custom rel material:binding
                prepend rel material:binding = </Instances/mesh_2/VisualMaterials/a0000000_0000_0000_0000_000000000000>
            }

            over "a0000000_0000_0000_0000_000000000000569" (
                apiSchemas = ["MaterialBindingAPI"]
            )
            {
                custom rel material:binding
                prepend rel material:binding = </Instances/mesh_2/VisualMaterials/a0000000_0000_0000_0000_000000000000>
            }

            over "a0000000_0000_0000_0000_000000000000570" (
                apiSchemas = ["MaterialBindingAPI"]
            )
            {
                custom rel material:binding
                prepend rel material:binding = </Instances/mesh_2/VisualMaterials/a0000000_0000_0000_0000_000000000000>
            }

            over "a0000000_0000_0000_0000_000000000000571" (
                apiSchemas = ["MaterialBindingAPI"]
            )
            {
                custom rel material:binding
                prepend rel material:binding = </Instances/mesh_2/VisualMaterials/a0000000_0000_0000_0000_000000000000>
            }

            over "a0000000_0000_0000_0000_000000000000572" (
                apiSchemas = ["MaterialBindingAPI"]
            )
            {
                custom rel material:binding
                prepend rel material:binding = </Instances/mesh_2/VisualMaterials/a0000000_0000_0000_0000_000000000000>
            }

            over "a0000000_0000_0000_0000_000000000000573" (
                apiSchemas = ["MaterialBindingAPI"]
            )
            {
                custom rel material:binding
                prepend rel material:binding = </Instances/mesh_2/VisualMaterials/a0000000_0000_0000_0000_000000000000>
            }

            over "a0000000_0000_0000_0000_000000000000574" (
                apiSchemas = ["MaterialBindingAPI"]
            )
            {
                custom rel material:binding
                prepend rel material:binding = </Instances/mesh_2/VisualMaterials/a0000000_0000_0000_0000_000000000000>
            }

            over "a0000000_0000_0000_0000_000000000000575" (
                apiSchemas = ["MaterialBindingAPI"]
            )
            {
                custom rel material:binding
                prepend rel material:binding = </Instances/mesh_2/VisualMaterials/a0000000_0000_0000_0000_000000000000>
            }

            over "a0000000_0000_0000_0000_000000000000576" (
                apiSchemas = ["MaterialBindingAPI"]
            )
            {
                custom rel material:binding
                prepend rel material:binding = </Instances/mesh_2/VisualMaterials/a0000000_0000_0000_0000_000000000000>
            }

            over "a0000000_0000_0000_0000_000000000000577" (
                apiSchemas = ["MaterialBindingAPI"]
            )
            {
                custom rel material:binding
                prepend rel material:binding = </Instances/mesh_2/VisualMaterials/a0000000_0000_0000_0000_000000000000>
            }

            over "a0000000_0000_0000_0000_000000000000578" (
                apiSchemas = ["MaterialBindingAPI"]
            )
            {
                custom rel material:binding
                prepend rel material:binding = </Instances/mesh_2/VisualMaterials/a0000000_0000_0000_0000_000000000000>
            }

            over "a0000000_0000_0000_0000_000000000000579" (
                apiSchemas = ["MaterialBindingAPI"]
            )
            {
                custom rel material:binding
                prepend rel material:binding = </Instances/mesh_2/VisualMaterials/a0000000_0000_0000_0000_000000000000>
            }

            over "a0000000_0000_0000_0000_000000000000_00219" (
                apiSchemas = ["MaterialBindingAPI"]
            )
            {
                custom rel material:binding
                prepend rel material:binding = </Instances/mesh_2/VisualMaterials/a0000000_0000_0000_0000_000000000000_002>
            }

            over "a0000000_0000_0000_0000_000000000000580" (
                apiSchemas = ["MaterialBindingAPI"]
            )
            {
                custom rel material:binding
                prepend rel material:binding = </Instances/mesh_2/VisualMaterials/a0000000_0000_0000_0000_000000000000>
            }

            over "a0000000_0000_0000_0000_000000000000581" (
                apiSchemas = ["MaterialBindingAPI"]
            )
            {
                custom rel material:binding
                prepend rel material:binding = </Instances/mesh_2/VisualMaterials/a0000000_0000_0000_0000_000000000000>
            }

            over "a0000000_0000_0000_0000_000000000000582" (
                apiSchemas = ["MaterialBindingAPI"]
            )
            {
                custom rel material:binding
                prepend rel material:binding = </Instances/mesh_2/VisualMaterials/a0000000_0000_0000_0000_000000000000>
            }

            over "a0000000_0000_0000_0000_000000000000583" (
                apiSchemas = ["MaterialBindingAPI"]
            )
            {
                custom rel material:binding
                prepend rel material:binding = </Instances/mesh_2/VisualMaterials/a0000000_0000_0000_0000_000000000000>
            }

            over "a0000000_0000_0000_0000_000000000000584" (
                apiSchemas = ["MaterialBindingAPI"]
            )
            {
                custom rel material:binding
                prepend rel material:binding = </Instances/mesh_2/VisualMaterials/a0000000_0000_0000_0000_000000000000>
            }

            over "a0000000_0000_0000_0000_000000000000585" (
                apiSchemas = ["MaterialBindingAPI"]
            )
            {
                custom rel material:binding
                prepend rel material:binding = </Instances/mesh_2/VisualMaterials/a0000000_0000_0000_0000_000000000000>
            }

            over "a0000000_0000_0000_0000_000000000000586" (
                apiSchemas = ["MaterialBindingAPI"]
            )
            {
                custom rel material:binding
                prepend rel material:binding = </Instances/mesh_2/VisualMaterials/a0000000_0000_0000_0000_000000000000>
            }

            over "a0000000_0000_0000_0000_000000000000587" (
                apiSchemas = ["MaterialBindingAPI"]
            )
            {
                custom rel material:binding
                prepend rel material:binding = </Instances/mesh_2/VisualMaterials/a0000000_0000_0000_0000_000000000000>
            }

            over "a0000000_0000_0000_0000_000000000000588" (
                apiSchemas = ["MaterialBindingAPI"]
            )
            {
                custom rel material:binding
                prepend rel material:binding = </Instances/mesh_2/VisualMaterials/a0000000_0000_0000_0000_000000000000>
            }

            over "a0000000_0000_0000_0000_000000000000589" (
                apiSchemas = ["MaterialBindingAPI"]
            )
            {
                custom rel material:binding
                prepend rel material:binding = </Instances/mesh_2/VisualMaterials/a0000000_0000_0000_0000_000000000000>
            }

            over "a0000000_0000_0000_0000_000000000000590" (
                apiSchemas = ["MaterialBindingAPI"]
            )
            {
                custom rel material:binding
                prepend rel material:binding = </Instances/mesh_2/VisualMaterials/a0000000_0000_0000_0000_000000000000>
            }

            over "a0000000_0000_0000_0000_000000000000591" (
                apiSchemas = ["MaterialBindingAPI"]
            )
            {
                custom rel material:binding
                prepend rel material:binding = </Instances/mesh_2/VisualMaterials/a0000000_0000_0000_0000_000000000000>
            }

            over "a0000000_0000_0000_0000_000000000000592" (
                apiSchemas = ["MaterialBindingAPI"]
            )
            {
                custom rel material:binding
                prepend rel material:binding = </Instances/mesh_2/VisualMaterials/a0000000_0000_0000_0000_000000000000>
            }

            over "a0000000_0000_0000_0000_000000000000593" (
                apiSchemas = ["MaterialBindingAPI"]
            )
            {
                custom rel material:binding
                prepend rel material:binding = </Instances/mesh_2/VisualMaterials/a0000000_0000_0000_0000_000000000000>
            }

            over "a0000000_0000_0000_0000_000000000000594" (
                apiSchemas = ["MaterialBindingAPI"]
            )
            {
                custom rel material:binding
                prepend rel material:binding = </Instances/mesh_2/VisualMaterials/a0000000_0000_0000_0000_000000000000>
            }

            over "a0000000_0000_0000_0000_000000000000595" (
                apiSchemas = ["MaterialBindingAPI"]
            )
            {
                custom rel material:binding
                prepend rel material:binding = </Instances/mesh_2/VisualMaterials/a0000000_0000_0000_0000_000000000000>
            }

            over "a0000000_0000_0000_0000_000000000000596" (
                apiSchemas = ["MaterialBindingAPI"]
            )
            {
                custom rel material:binding
                prepend rel material:binding = </Instances/mesh_2/VisualMaterials/a0000000_0000_0000_0000_000000000000>
            }

            over "Material________0034" (
                apiSchemas = ["MaterialBindingAPI"]
            )
            {
                custom rel material:binding
                prepend rel material:binding = </Instances/mesh_2/VisualMaterials/Material________002>
            }

            over "a0000000_0000_0000_0000_000000000000597" (
                apiSchemas = ["MaterialBindingAPI"]
            )
            {
                custom rel material:binding
                prepend rel material:binding = </Instances/mesh_2/VisualMaterials/a0000000_0000_0000_0000_000000000000>
            }

            over "a0000000_0000_0000_0000_000000000000598" (
                apiSchemas = ["MaterialBindingAPI"]
            )
            {
                custom rel material:binding
                prepend rel material:binding = </Instances/mesh_2/VisualMaterials/a0000000_0000_0000_0000_000000000000>
            }

            over "a0000000_0000_0000_0000_000000000000599" (
                apiSchemas = ["MaterialBindingAPI"]
            )
            {
                custom rel material:binding
                prepend rel material:binding = </Instances/mesh_2/VisualMaterials/a0000000_0000_0000_0000_000000000000>
            }

            over "a0000000_0000_0000_0000_000000000000600" (
                apiSchemas = ["MaterialBindingAPI"]
            )
            {
                custom rel material:binding
                prepend rel material:binding = </Instances/mesh_2/VisualMaterials/a0000000_0000_0000_0000_000000000000>
            }

            over "a0000000_0000_0000_0000_000000000000601" (
                apiSchemas = ["MaterialBindingAPI"]
            )
            {
                custom rel material:binding
                prepend rel material:binding = </Instances/mesh_2/VisualMaterials/a0000000_0000_0000_0000_000000000000>
            }

            over "a0000000_0000_0000_0000_000000000000602" (
                apiSchemas = ["MaterialBindingAPI"]
            )
            {
                custom rel material:binding
                prepend rel material:binding = </Instances/mesh_2/VisualMaterials/a0000000_0000_0000_0000_000000000000>
            }

            over "a0000000_0000_0000_0000_000000000000603" (
                apiSchemas = ["MaterialBindingAPI"]
            )
            {
                custom rel material:binding
                prepend rel material:binding = </Instances/mesh_2/VisualMaterials/a0000000_0000_0000_0000_000000000000>
            }

            over "a0000000_0000_0000_0000_000000000000604" (
                apiSchemas = ["MaterialBindingAPI"]
            )
            {
                custom rel material:binding
                prepend rel material:binding = </Instances/mesh_2/VisualMaterials/a0000000_0000_0000_0000_000000000000>
            }

            over "a0000000_0000_0000_0000_000000000000605" (
                apiSchemas = ["MaterialBindingAPI"]
            )
            {
                custom rel material:binding
                prepend rel material:binding = </Instances/mesh_2/VisualMaterials/a0000000_0000_0000_0000_000000000000>
            }

            over "a0000000_0000_0000_0000_000000000000606" (
                apiSchemas = ["MaterialBindingAPI"]
            )
            {
                custom rel material:binding
                prepend rel material:binding = </Instances/mesh_2/VisualMaterials/a0000000_0000_0000_0000_000000000000>
            }

            over "a0000000_0000_0000_0000_000000000000607" (
                apiSchemas = ["MaterialBindingAPI"]
            )
            {
                custom rel material:binding
                prepend rel material:binding = </Instances/mesh_2/VisualMaterials/a0000000_0000_0000_0000_000000000000>
            }

            over "a0000000_0000_0000_0000_000000000000608" (
                apiSchemas = ["MaterialBindingAPI"]
            )
            {
                custom rel material:binding
                prepend rel material:binding = </Instances/mesh_2/VisualMaterials/a0000000_0000_0000_0000_000000000000>
            }

            over "a0000000_0000_0000_0000_000000000000609" (
                apiSchemas = ["MaterialBindingAPI"]
            )
            {
                custom rel material:binding
                prepend rel material:binding = </Instances/mesh_2/VisualMaterials/a0000000_0000_0000_0000_000000000000>
            }

            over "a0000000_0000_0000_0000_000000000000610" (
                apiSchemas = ["MaterialBindingAPI"]
            )
            {
                custom rel material:binding
                prepend rel material:binding = </Instances/mesh_2/VisualMaterials/a0000000_0000_0000_0000_000000000000>
            }

            over "a0000000_0000_0000_0000_000000000000611" (
                apiSchemas = ["MaterialBindingAPI"]
            )
            {
                custom rel material:binding
                prepend rel material:binding = </Instances/mesh_2/VisualMaterials/a0000000_0000_0000_0000_000000000000>
            }

            over "a0000000_0000_0000_0000_000000000000612" (
                apiSchemas = ["MaterialBindingAPI"]
            )
            {
                custom rel material:binding
                prepend rel material:binding = </Instances/mesh_2/VisualMaterials/a0000000_0000_0000_0000_000000000000>
            }

            over "a0000000_0000_0000_0000_000000000000613" (
                apiSchemas = ["MaterialBindingAPI"]
            )
            {
                custom rel material:binding
                prepend rel material:binding = </Instances/mesh_2/VisualMaterials/a0000000_0000_0000_0000_000000000000>
            }

            over "a0000000_0000_0000_0000_000000000000614" (
                apiSchemas = ["MaterialBindingAPI"]
            )
            {
                custom rel material:binding
                prepend rel material:binding = </Instances/mesh_2/VisualMaterials/a0000000_0000_0000_0000_000000000000>
            }

            over "a0000000_0000_0000_0000_000000000000615" (
                apiSchemas = ["MaterialBindingAPI"]
            )
            {
                custom rel material:binding
                prepend rel material:binding = </Instances/mesh_2/VisualMaterials/a0000000_0000_0000_0000_000000000000>
            }

            over "a0000000_0000_0000_0000_000000000000616" (
                apiSchemas = ["MaterialBindingAPI"]
            )
            {
                custom rel material:binding
                prepend rel material:binding = </Instances/mesh_2/VisualMaterials/a0000000_0000_0000_0000_000000000000>
            }

            over "a0000000_0000_0000_0000_000000000000617" (
                apiSchemas = ["MaterialBindingAPI"]
            )
            {
                custom rel material:binding
                prepend rel material:binding = </Instances/mesh_2/VisualMaterials/a0000000_0000_0000_0000_000000000000>
            }

            over "a0000000_0000_0000_0000_000000000000618" (
                apiSchemas = ["MaterialBindingAPI"]
            )
            {
                custom rel material:binding
                prepend rel material:binding = </Instances/mesh_2/VisualMaterials/a0000000_0000_0000_0000_000000000000>
            }

            over "a0000000_0000_0000_0000_000000000000619" (
                apiSchemas = ["MaterialBindingAPI"]
            )
            {
                custom rel material:binding
                prepend rel material:binding = </Instances/mesh_2/VisualMaterials/a0000000_0000_0000_0000_000000000000>
            }

            over "a0000000_0000_0000_0000_000000000000620" (
                apiSchemas = ["MaterialBindingAPI"]
            )
            {
                custom rel material:binding
                prepend rel material:binding = </Instances/mesh_2/VisualMaterials/a0000000_0000_0000_0000_000000000000>
            }

            over "a0000000_0000_0000_0000_000000000000621" (
                apiSchemas = ["MaterialBindingAPI"]
            )
            {
                custom rel material:binding
                prepend rel material:binding = </Instances/mesh_2/VisualMaterials/a0000000_0000_0000_0000_000000000000>
            }

            over "a0000000_0000_0000_0000_000000000000622" (
                apiSchemas = ["MaterialBindingAPI"]
            )
            {
                custom rel material:binding
                prepend rel material:binding = </Instances/mesh_2/VisualMaterials/a0000000_0000_0000_0000_000000000000>
            }

            over "a0000000_0000_0000_0000_000000000000623" (
                apiSchemas = ["MaterialBindingAPI"]
            )
            {
                custom rel material:binding
                prepend rel material:binding = </Instances/mesh_2/VisualMaterials/a0000000_0000_0000_0000_000000000000>
            }

            over "a0000000_0000_0000_0000_000000000000624" (
                apiSchemas = ["MaterialBindingAPI"]
            )
            {
                custom rel material:binding
                prepend rel material:binding = </Instances/mesh_2/VisualMaterials/a0000000_0000_0000_0000_000000000000>
            }

            over "a0000000_0000_0000_0000_000000000000625" (
                apiSchemas = ["MaterialBindingAPI"]
            )
            {
                custom rel material:binding
                prepend rel material:binding = </Instances/mesh_2/VisualMaterials/a0000000_0000_0000_0000_000000000000>
            }

            over "a0000000_0000_0000_0000_000000000000626" (
                apiSchemas = ["MaterialBindingAPI"]
            )
            {
                custom rel material:binding
                prepend rel material:binding = </Instances/mesh_2/VisualMaterials/a0000000_0000_0000_0000_000000000000>
            }

            over "a0000000_0000_0000_0000_000000000000627" (
                apiSchemas = ["MaterialBindingAPI"]
            )
            {
                custom rel material:binding
                prepend rel material:binding = </Instances/mesh_2/VisualMaterials/a0000000_0000_0000_0000_000000000000>
            }

            over "a0000000_0000_0000_0000_000000000000628" (
                apiSchemas = ["MaterialBindingAPI"]
            )
            {
                custom rel material:binding
                prepend rel material:binding = </Instances/mesh_2/VisualMaterials/a0000000_0000_0000_0000_000000000000>
            }

            over "a0000000_0000_0000_0000_000000000000629" (
                apiSchemas = ["MaterialBindingAPI"]
            )
            {
                custom rel material:binding
                prepend rel material:binding = </Instances/mesh_2/VisualMaterials/a0000000_0000_0000_0000_000000000000>
            }

            over "a0000000_0000_0000_0000_000000000000630" (
                apiSchemas = ["MaterialBindingAPI"]
            )
            {
                custom rel material:binding
                prepend rel material:binding = </Instances/mesh_2/VisualMaterials/a0000000_0000_0000_0000_000000000000>
            }

            over "a0000000_0000_0000_0000_000000000000631" (
                apiSchemas = ["MaterialBindingAPI"]
            )
            {
                custom rel material:binding
                prepend rel material:binding = </Instances/mesh_2/VisualMaterials/a0000000_0000_0000_0000_000000000000>
            }

            over "a0000000_0000_0000_0000_000000000000632" (
                apiSchemas = ["MaterialBindingAPI"]
            )
            {
                custom rel material:binding
                prepend rel material:binding = </Instances/mesh_2/VisualMaterials/a0000000_0000_0000_0000_000000000000>
            }

            over "a0000000_0000_0000_0000_000000000000633" (
                apiSchemas = ["MaterialBindingAPI"]
            )
            {
                custom rel material:binding
                prepend rel material:binding = </Instances/mesh_2/VisualMaterials/a0000000_0000_0000_0000_000000000000>
            }

            over "a0000000_0000_0000_0000_000000000000634" (
                apiSchemas = ["MaterialBindingAPI"]
            )
            {
                custom rel material:binding
                prepend rel material:binding = </Instances/mesh_2/VisualMaterials/a0000000_0000_0000_0000_000000000000>
            }

            over "a0000000_0000_0000_0000_000000000000635" (
                apiSchemas = ["MaterialBindingAPI"]
            )
            {
                custom rel material:binding
                prepend rel material:binding = </Instances/mesh_2/VisualMaterials/a0000000_0000_0000_0000_000000000000>
            }

            over "a0000000_0000_0000_0000_000000000000636" (
                apiSchemas = ["MaterialBindingAPI"]
            )
            {
                custom rel material:binding
                prepend rel material:binding = </Instances/mesh_2/VisualMaterials/a0000000_0000_0000_0000_000000000000>
            }

            over "a0000000_0000_0000_0000_000000000000637" (
                apiSchemas = ["MaterialBindingAPI"]
            )
            {
                custom rel material:binding
                prepend rel material:binding = </Instances/mesh_2/VisualMaterials/a0000000_0000_0000_0000_000000000000>
            }

            over "a0000000_0000_0000_0000_000000000000638" (
                apiSchemas = ["MaterialBindingAPI"]
            )
            {
                custom rel material:binding
                prepend rel material:binding = </Instances/mesh_2/VisualMaterials/a0000000_0000_0000_0000_000000000000>
            }

            over "a0000000_0000_0000_0000_000000000000639" (
                apiSchemas = ["MaterialBindingAPI"]
            )
            {
                custom rel material:binding
                prepend rel material:binding = </Instances/mesh_2/VisualMaterials/a0000000_0000_0000_0000_000000000000>
            }

            over "a0000000_0000_0000_0000_000000000000640" (
                apiSchemas = ["MaterialBindingAPI"]
            )
            {
                custom rel material:binding
                prepend rel material:binding = </Instances/mesh_2/VisualMaterials/a0000000_0000_0000_0000_000000000000>
            }

            over "a0000000_0000_0000_0000_000000000000641" (
                apiSchemas = ["MaterialBindingAPI"]
            )
            {
                custom rel material:binding
                prepend rel material:binding = </Instances/mesh_2/VisualMaterials/a0000000_0000_0000_0000_000000000000>
            }

            over "a0000000_0000_0000_0000_000000000000642" (
                apiSchemas = ["MaterialBindingAPI"]
            )
            {
                custom rel material:binding
                prepend rel material:binding = </Instances/mesh_2/VisualMaterials/a0000000_0000_0000_0000_000000000000>
            }

            over "a0000000_0000_0000_0000_000000000000643" (
                apiSchemas = ["MaterialBindingAPI"]
            )
            {
                custom rel material:binding
                prepend rel material:binding = </Instances/mesh_2/VisualMaterials/a0000000_0000_0000_0000_000000000000>
            }

            over "a0000000_0000_0000_0000_000000000000644" (
                apiSchemas = ["MaterialBindingAPI"]
            )
            {
                custom rel material:binding
                prepend rel material:binding = </Instances/mesh_2/VisualMaterials/a0000000_0000_0000_0000_000000000000>
            }

            over "a0000000_0000_0000_0000_000000000000645" (
                apiSchemas = ["MaterialBindingAPI"]
            )
            {
                custom rel material:binding
                prepend rel material:binding = </Instances/mesh_2/VisualMaterials/a0000000_0000_0000_0000_000000000000>
            }

            over "a0000000_0000_0000_0000_000000000000646" (
                apiSchemas = ["MaterialBindingAPI"]
            )
            {
                custom rel material:binding
                prepend rel material:binding = </Instances/mesh_2/VisualMaterials/a0000000_0000_0000_0000_000000000000>
            }

            over "a0000000_0000_0000_0000_000000000000647" (
                apiSchemas = ["MaterialBindingAPI"]
            )
            {
                custom rel material:binding
                prepend rel material:binding = </Instances/mesh_2/VisualMaterials/a0000000_0000_0000_0000_000000000000>
            }

            over "a0000000_0000_0000_0000_000000000000648" (
                apiSchemas = ["MaterialBindingAPI"]
            )
            {
                custom rel material:binding
                prepend rel material:binding = </Instances/mesh_2/VisualMaterials/a0000000_0000_0000_0000_000000000000>
            }

            over "a0000000_0000_0000_0000_000000000000_00220" (
                apiSchemas = ["MaterialBindingAPI"]
            )
            {
                custom rel material:binding
                prepend rel material:binding = </Instances/mesh_2/VisualMaterials/a0000000_0000_0000_0000_000000000000_002>
            }

            over "a0000000_0000_0000_0000_000000000000649" (
                apiSchemas = ["MaterialBindingAPI"]
            )
            {
                custom rel material:binding
                prepend rel material:binding = </Instances/mesh_2/VisualMaterials/a0000000_0000_0000_0000_000000000000>
            }

            over "a0000000_0000_0000_0000_000000000000650" (
                apiSchemas = ["MaterialBindingAPI"]
            )
            {
                custom rel material:binding
                prepend rel material:binding = </Instances/mesh_2/VisualMaterials/a0000000_0000_0000_0000_000000000000>
            }

            over "a0000000_0000_0000_0000_000000000000651" (
                apiSchemas = ["MaterialBindingAPI"]
            )
            {
                custom rel material:binding
                prepend rel material:binding = </Instances/mesh_2/VisualMaterials/a0000000_0000_0000_0000_000000000000>
            }

            over "a0000000_0000_0000_0000_000000000000652" (
                apiSchemas = ["MaterialBindingAPI"]
            )
            {
                custom rel material:binding
                prepend rel material:binding = </Instances/mesh_2/VisualMaterials/a0000000_0000_0000_0000_000000000000>
            }

            over "a0000000_0000_0000_0000_000000000000653" (
                apiSchemas = ["MaterialBindingAPI"]
            )
            {
                custom rel material:binding
                prepend rel material:binding = </Instances/mesh_2/VisualMaterials/a0000000_0000_0000_0000_000000000000>
            }

            over "a0000000_0000_0000_0000_000000000000654" (
                apiSchemas = ["MaterialBindingAPI"]
            )
            {
                custom rel material:binding
                prepend rel material:binding = </Instances/mesh_2/VisualMaterials/a0000000_0000_0000_0000_000000000000>
            }

            over "a0000000_0000_0000_0000_000000000000655" (
                apiSchemas = ["MaterialBindingAPI"]
            )
            {
                custom rel material:binding
                prepend rel material:binding = </Instances/mesh_2/VisualMaterials/a0000000_0000_0000_0000_000000000000>
            }

            over "a0000000_0000_0000_0000_000000000000656" (
                apiSchemas = ["MaterialBindingAPI"]
            )
            {
                custom rel material:binding
                prepend rel material:binding = </Instances/mesh_2/VisualMaterials/a0000000_0000_0000_0000_000000000000>
            }

            over "a0000000_0000_0000_0000_000000000000_00221" (
                apiSchemas = ["MaterialBindingAPI"]
            )
            {
                custom rel material:binding
                prepend rel material:binding = </Instances/mesh_2/VisualMaterials/a0000000_0000_0000_0000_000000000000_002>
            }

            over "a0000000_0000_0000_0000_000000000000657" (
                apiSchemas = ["MaterialBindingAPI"]
            )
            {
                custom rel material:binding
                prepend rel material:binding = </Instances/mesh_2/VisualMaterials/a0000000_0000_0000_0000_000000000000>
            }

            over "a0000000_0000_0000_0000_000000000000658" (
                apiSchemas = ["MaterialBindingAPI"]
            )
            {
                custom rel material:binding
                prepend rel material:binding = </Instances/mesh_2/VisualMaterials/a0000000_0000_0000_0000_000000000000>
            }

            over "a0000000_0000_0000_0000_000000000000659" (
                apiSchemas = ["MaterialBindingAPI"]
            )
            {
                custom rel material:binding
                prepend rel material:binding = </Instances/mesh_2/VisualMaterials/a0000000_0000_0000_0000_000000000000>
            }

            over "a0000000_0000_0000_0000_000000000000660" (
                apiSchemas = ["MaterialBindingAPI"]
            )
            {
                custom rel material:binding
                prepend rel material:binding = </Instances/mesh_2/VisualMaterials/a0000000_0000_0000_0000_000000000000>
            }

            over "a0000000_0000_0000_0000_000000000000661" (
                apiSchemas = ["MaterialBindingAPI"]
            )
            {
                custom rel material:binding
                prepend rel material:binding = </Instances/mesh_2/VisualMaterials/a0000000_0000_0000_0000_000000000000>
            }

            over "a0000000_0000_0000_0000_000000000000662" (
                apiSchemas = ["MaterialBindingAPI"]
            )
            {
                custom rel material:binding
                prepend rel material:binding = </Instances/mesh_2/VisualMaterials/a0000000_0000_0000_0000_000000000000>
            }

            over "a0000000_0000_0000_0000_000000000000663" (
                apiSchemas = ["MaterialBindingAPI"]
            )
            {
                custom rel material:binding
                prepend rel material:binding = </Instances/mesh_2/VisualMaterials/a0000000_0000_0000_0000_000000000000>
            }

            over "a0000000_0000_0000_0000_000000000000664" (
                apiSchemas = ["MaterialBindingAPI"]
            )
            {
                custom rel material:binding
                prepend rel material:binding = </Instances/mesh_2/VisualMaterials/a0000000_0000_0000_0000_000000000000>
            }

            over "a0000000_0000_0000_0000_000000000000665" (
                apiSchemas = ["MaterialBindingAPI"]
            )
            {
                custom rel material:binding
                prepend rel material:binding = </Instances/mesh_2/VisualMaterials/a0000000_0000_0000_0000_000000000000>
            }

            over "a0000000_0000_0000_0000_000000000000666" (
                apiSchemas = ["MaterialBindingAPI"]
            )
            {
                custom rel material:binding
                prepend rel material:binding = </Instances/mesh_2/VisualMaterials/a0000000_0000_0000_0000_000000000000>
            }

            over "a0000000_0000_0000_0000_000000000000667" (
                apiSchemas = ["MaterialBindingAPI"]
            )
            {
                custom rel material:binding
                prepend rel material:binding = </Instances/mesh_2/VisualMaterials/a0000000_0000_0000_0000_000000000000>
            }

            over "a0000000_0000_0000_0000_000000000000668" (
                apiSchemas = ["MaterialBindingAPI"]
            )
            {
                custom rel material:binding
                prepend rel material:binding = </Instances/mesh_2/VisualMaterials/a0000000_0000_0000_0000_000000000000>
            }

            over "a0000000_0000_0000_0000_000000000000669" (
                apiSchemas = ["MaterialBindingAPI"]
            )
            {
                custom rel material:binding
                prepend rel material:binding = </Instances/mesh_2/VisualMaterials/a0000000_0000_0000_0000_000000000000>
            }

            over "a0000000_0000_0000_0000_000000000000670" (
                apiSchemas = ["MaterialBindingAPI"]
            )
            {
                custom rel material:binding
                prepend rel material:binding = </Instances/mesh_2/VisualMaterials/a0000000_0000_0000_0000_000000000000>
            }

            over "a0000000_0000_0000_0000_000000000000_00222" (
                apiSchemas = ["MaterialBindingAPI"]
            )
            {
                custom rel material:binding
                prepend rel material:binding = </Instances/mesh_2/VisualMaterials/a0000000_0000_0000_0000_000000000000_002>
            }

            over "a0000000_0000_0000_0000_000000000000671" (
                apiSchemas = ["MaterialBindingAPI"]
            )
            {
                custom rel material:binding
                prepend rel material:binding = </Instances/mesh_2/VisualMaterials/a0000000_0000_0000_0000_000000000000>
            }

            over "a0000000_0000_0000_0000_000000000000672" (
                apiSchemas = ["MaterialBindingAPI"]
            )
            {
                custom rel material:binding
                prepend rel material:binding = </Instances/mesh_2/VisualMaterials/a0000000_0000_0000_0000_000000000000>
            }

            over "a0000000_0000_0000_0000_000000000000673" (
                apiSchemas = ["MaterialBindingAPI"]
            )
            {
                custom rel material:binding
                prepend rel material:binding = </Instances/mesh_2/VisualMaterials/a0000000_0000_0000_0000_000000000000>
            }

            over "a0000000_0000_0000_0000_000000000000674" (
                apiSchemas = ["MaterialBindingAPI"]
            )
            {
                custom rel material:binding
                prepend rel material:binding = </Instances/mesh_2/VisualMaterials/a0000000_0000_0000_0000_000000000000>
            }

            over "a0000000_0000_0000_0000_000000000000675" (
                apiSchemas = ["MaterialBindingAPI"]
            )
            {
                custom rel material:binding
                prepend rel material:binding = </Instances/mesh_2/VisualMaterials/a0000000_0000_0000_0000_000000000000>
            }

            over "a0000000_0000_0000_0000_000000000000676" (
                apiSchemas = ["MaterialBindingAPI"]
            )
            {
                custom rel material:binding
                prepend rel material:binding = </Instances/mesh_2/VisualMaterials/a0000000_0000_0000_0000_000000000000>
            }

            over "a0000000_0000_0000_0000_000000000000677" (
                apiSchemas = ["MaterialBindingAPI"]
            )
            {
                custom rel material:binding
                prepend rel material:binding = </Instances/mesh_2/VisualMaterials/a0000000_0000_0000_0000_000000000000>
            }

            over "a0000000_0000_0000_0000_000000000000_00223" (
                apiSchemas = ["MaterialBindingAPI"]
            )
            {
                custom rel material:binding
                prepend rel material:binding = </Instances/mesh_2/VisualMaterials/a0000000_0000_0000_0000_000000000000_002>
            }

            over "a0000000_0000_0000_0000_000000000000678" (
                apiSchemas = ["MaterialBindingAPI"]
            )
            {
                custom rel material:binding
                prepend rel material:binding = </Instances/mesh_2/VisualMaterials/a0000000_0000_0000_0000_000000000000>
            }

            over "a0000000_0000_0000_0000_000000000000679" (
                apiSchemas = ["MaterialBindingAPI"]
            )
            {
                custom rel material:binding
                prepend rel material:binding = </Instances/mesh_2/VisualMaterials/a0000000_0000_0000_0000_000000000000>
            }

            over "a0000000_0000_0000_0000_000000000000680" (
                apiSchemas = ["MaterialBindingAPI"]
            )
            {
                custom rel material:binding
                prepend rel material:binding = </Instances/mesh_2/VisualMaterials/a0000000_0000_0000_0000_000000000000>
            }

            over "a0000000_0000_0000_0000_000000000000681" (
                apiSchemas = ["MaterialBindingAPI"]
            )
            {
                custom rel material:binding
                prepend rel material:binding = </Instances/mesh_2/VisualMaterials/a0000000_0000_0000_0000_000000000000>
            }

            over "a0000000_0000_0000_0000_000000000000682" (
                apiSchemas = ["MaterialBindingAPI"]
            )
            {
                custom rel material:binding
                prepend rel material:binding = </Instances/mesh_2/VisualMaterials/a0000000_0000_0000_0000_000000000000>
            }

            over "a0000000_0000_0000_0000_000000000000683" (
                apiSchemas = ["MaterialBindingAPI"]
            )
            {
                custom rel material:binding
                prepend rel material:binding = </Instances/mesh_2/VisualMaterials/a0000000_0000_0000_0000_000000000000>
            }

            over "a0000000_0000_0000_0000_000000000000684" (
                apiSchemas = ["MaterialBindingAPI"]
            )
            {
                custom rel material:binding
                prepend rel material:binding = </Instances/mesh_2/VisualMaterials/a0000000_0000_0000_0000_000000000000>
            }

            over "a0000000_0000_0000_0000_000000000000685" (
                apiSchemas = ["MaterialBindingAPI"]
            )
            {
                custom rel material:binding
                prepend rel material:binding = </Instances/mesh_2/VisualMaterials/a0000000_0000_0000_0000_000000000000>
            }

            over "a0000000_0000_0000_0000_000000000000686" (
                apiSchemas = ["MaterialBindingAPI"]
            )
            {
                custom rel material:binding
                prepend rel material:binding = </Instances/mesh_2/VisualMaterials/a0000000_0000_0000_0000_000000000000>
            }

            over "a0000000_0000_0000_0000_000000000000687" (
                apiSchemas = ["MaterialBindingAPI"]
            )
            {
                custom rel material:binding
                prepend rel material:binding = </Instances/mesh_2/VisualMaterials/a0000000_0000_0000_0000_000000000000>
            }

            over "a0000000_0000_0000_0000_000000000000688" (
                apiSchemas = ["MaterialBindingAPI"]
            )
            {
                custom rel material:binding
                prepend rel material:binding = </Instances/mesh_2/VisualMaterials/a0000000_0000_0000_0000_000000000000>
            }

            over "a0000000_0000_0000_0000_000000000000689" (
                apiSchemas = ["MaterialBindingAPI"]
            )
            {
                custom rel material:binding
                prepend rel material:binding = </Instances/mesh_2/VisualMaterials/a0000000_0000_0000_0000_000000000000>
            }

            over "a0000000_0000_0000_0000_000000000000690" (
                apiSchemas = ["MaterialBindingAPI"]
            )
            {
                custom rel material:binding
                prepend rel material:binding = </Instances/mesh_2/VisualMaterials/a0000000_0000_0000_0000_000000000000>
            }

            over "a0000000_0000_0000_0000_000000000000691" (
                apiSchemas = ["MaterialBindingAPI"]
            )
            {
                custom rel material:binding
                prepend rel material:binding = </Instances/mesh_2/VisualMaterials/a0000000_0000_0000_0000_000000000000>
            }

            over "a0000000_0000_0000_0000_000000000000692" (
                apiSchemas = ["MaterialBindingAPI"]
            )
            {
                custom rel material:binding
                prepend rel material:binding = </Instances/mesh_2/VisualMaterials/a0000000_0000_0000_0000_000000000000>
            }

            over "a0000000_0000_0000_0000_000000000000693" (
                apiSchemas = ["MaterialBindingAPI"]
            )
            {
                custom rel material:binding
                prepend rel material:binding = </Instances/mesh_2/VisualMaterials/a0000000_0000_0000_0000_000000000000>
            }

            over "a0000000_0000_0000_0000_000000000000694" (
                apiSchemas = ["MaterialBindingAPI"]
            )
            {
                custom rel material:binding
                prepend rel material:binding = </Instances/mesh_2/VisualMaterials/a0000000_0000_0000_0000_000000000000>
            }

            over "a0000000_0000_0000_0000_000000000000695" (
                apiSchemas = ["MaterialBindingAPI"]
            )
            {
                custom rel material:binding
                prepend rel material:binding = </Instances/mesh_2/VisualMaterials/a0000000_0000_0000_0000_000000000000>
            }

            over "a0000000_0000_0000_0000_000000000000696" (
                apiSchemas = ["MaterialBindingAPI"]
            )
            {
                custom rel material:binding
                prepend rel material:binding = </Instances/mesh_2/VisualMaterials/a0000000_0000_0000_0000_000000000000>
            }

            over "a0000000_0000_0000_0000_000000000000697" (
                apiSchemas = ["MaterialBindingAPI"]
            )
            {
                custom rel material:binding
                prepend rel material:binding = </Instances/mesh_2/VisualMaterials/a0000000_0000_0000_0000_000000000000>
            }

            over "a0000000_0000_0000_0000_000000000000698" (
                apiSchemas = ["MaterialBindingAPI"]
            )
            {
                custom rel material:binding
                prepend rel material:binding = </Instances/mesh_2/VisualMaterials/a0000000_0000_0000_0000_000000000000>
            }

            over "a0000000_0000_0000_0000_000000000000699" (
                apiSchemas = ["MaterialBindingAPI"]
            )
            {
                custom rel material:binding
                prepend rel material:binding = </Instances/mesh_2/VisualMaterials/a0000000_0000_0000_0000_000000000000>
            }

            over "a0000000_0000_0000_0000_000000000000700" (
                apiSchemas = ["MaterialBindingAPI"]
            )
            {
                custom rel material:binding
                prepend rel material:binding = </Instances/mesh_2/VisualMaterials/a0000000_0000_0000_0000_000000000000>
            }

            over "a0000000_0000_0000_0000_000000000000701" (
                apiSchemas = ["MaterialBindingAPI"]
            )
            {
                custom rel material:binding
                prepend rel material:binding = </Instances/mesh_2/VisualMaterials/a0000000_0000_0000_0000_000000000000>
            }

            over "a0000000_0000_0000_0000_000000000000702" (
                apiSchemas = ["MaterialBindingAPI"]
            )
            {
                custom rel material:binding
                prepend rel material:binding = </Instances/mesh_2/VisualMaterials/a0000000_0000_0000_0000_000000000000>
            }

            over "a0000000_0000_0000_0000_000000000000703" (
                apiSchemas = ["MaterialBindingAPI"]
            )
            {
                custom rel material:binding
                prepend rel material:binding = </Instances/mesh_2/VisualMaterials/a0000000_0000_0000_0000_000000000000>
            }

            over "a0000000_0000_0000_0000_000000000000704" (
                apiSchemas = ["MaterialBindingAPI"]
            )
            {
                custom rel material:binding
                prepend rel material:binding = </Instances/mesh_2/VisualMaterials/a0000000_0000_0000_0000_000000000000>
            }

            over "a0000000_0000_0000_0000_000000000000705" (
                apiSchemas = ["MaterialBindingAPI"]
            )
            {
                custom rel material:binding
                prepend rel material:binding = </Instances/mesh_2/VisualMaterials/a0000000_0000_0000_0000_000000000000>
            }

            over "a0000000_0000_0000_0000_000000000000706" (
                apiSchemas = ["MaterialBindingAPI"]
            )
            {
                custom rel material:binding
                prepend rel material:binding = </Instances/mesh_2/VisualMaterials/a0000000_0000_0000_0000_000000000000>
            }

            over "a0000000_0000_0000_0000_000000000000_00224" (
                apiSchemas = ["MaterialBindingAPI"]
            )
            {
                custom rel material:binding
                prepend rel material:binding = </Instances/mesh_2/VisualMaterials/a0000000_0000_0000_0000_000000000000_002>
            }

            over "a0000000_0000_0000_0000_000000000000707" (
                apiSchemas = ["MaterialBindingAPI"]
            )
            {
                custom rel material:binding
                prepend rel material:binding = </Instances/mesh_2/VisualMaterials/a0000000_0000_0000_0000_000000000000>
            }

            over "a0000000_0000_0000_0000_000000000000708" (
                apiSchemas = ["MaterialBindingAPI"]
            )
            {
                custom rel material:binding
                prepend rel material:binding = </Instances/mesh_2/VisualMaterials/a0000000_0000_0000_0000_000000000000>
            }

            over "a0000000_0000_0000_0000_000000000000709" (
                apiSchemas = ["MaterialBindingAPI"]
            )
            {
                custom rel material:binding
                prepend rel material:binding = </Instances/mesh_2/VisualMaterials/a0000000_0000_0000_0000_000000000000>
            }

            over "a0000000_0000_0000_0000_000000000000710" (
                apiSchemas = ["MaterialBindingAPI"]
            )
            {
                custom rel material:binding
                prepend rel material:binding = </Instances/mesh_2/VisualMaterials/a0000000_0000_0000_0000_000000000000>
            }

            over "a0000000_0000_0000_0000_000000000000711" (
                apiSchemas = ["MaterialBindingAPI"]
            )
            {
                custom rel material:binding
                prepend rel material:binding = </Instances/mesh_2/VisualMaterials/a0000000_0000_0000_0000_000000000000>
            }

            over "a0000000_0000_0000_0000_000000000000712" (
                apiSchemas = ["MaterialBindingAPI"]
            )
            {
                custom rel material:binding
                prepend rel material:binding = </Instances/mesh_2/VisualMaterials/a0000000_0000_0000_0000_000000000000>
            }

            over "a0000000_0000_0000_0000_000000000000713" (
                apiSchemas = ["MaterialBindingAPI"]
            )
            {
                custom rel material:binding
                prepend rel material:binding = </Instances/mesh_2/VisualMaterials/a0000000_0000_0000_0000_000000000000>
            }

            over "a0000000_0000_0000_0000_000000000000714" (
                apiSchemas = ["MaterialBindingAPI"]
            )
            {
                custom rel material:binding
                prepend rel material:binding = </Instances/mesh_2/VisualMaterials/a0000000_0000_0000_0000_000000000000>
            }

            over "a0000000_0000_0000_0000_000000000000715" (
                apiSchemas = ["MaterialBindingAPI"]
            )
            {
                custom rel material:binding
                prepend rel material:binding = </Instances/mesh_2/VisualMaterials/a0000000_0000_0000_0000_000000000000>
            }

            over "a0000000_0000_0000_0000_000000000000716" (
                apiSchemas = ["MaterialBindingAPI"]
            )
            {
                custom rel material:binding
                prepend rel material:binding = </Instances/mesh_2/VisualMaterials/a0000000_0000_0000_0000_000000000000>
            }

            over "a0000000_0000_0000_0000_000000000000717" (
                apiSchemas = ["MaterialBindingAPI"]
            )
            {
                custom rel material:binding
                prepend rel material:binding = </Instances/mesh_2/VisualMaterials/a0000000_0000_0000_0000_000000000000>
            }

            over "a0000000_0000_0000_0000_000000000000718" (
                apiSchemas = ["MaterialBindingAPI"]
            )
            {
                custom rel material:binding
                prepend rel material:binding = </Instances/mesh_2/VisualMaterials/a0000000_0000_0000_0000_000000000000>
            }

            over "a0000000_0000_0000_0000_000000000000719" (
                apiSchemas = ["MaterialBindingAPI"]
            )
            {
                custom rel material:binding
                prepend rel material:binding = </Instances/mesh_2/VisualMaterials/a0000000_0000_0000_0000_000000000000>
            }

            over "a0000000_0000_0000_0000_000000000000720" (
                apiSchemas = ["MaterialBindingAPI"]
            )
            {
                custom rel material:binding
                prepend rel material:binding = </Instances/mesh_2/VisualMaterials/a0000000_0000_0000_0000_000000000000>
            }

            over "a0000000_0000_0000_0000_000000000000721" (
                apiSchemas = ["MaterialBindingAPI"]
            )
            {
                custom rel material:binding
                prepend rel material:binding = </Instances/mesh_2/VisualMaterials/a0000000_0000_0000_0000_000000000000>
            }

            over "a0000000_0000_0000_0000_000000000000722" (
                apiSchemas = ["MaterialBindingAPI"]
            )
            {
                custom rel material:binding
                prepend rel material:binding = </Instances/mesh_2/VisualMaterials/a0000000_0000_0000_0000_000000000000>
            }

            over "a0000000_0000_0000_0000_000000000000723" (
                apiSchemas = ["MaterialBindingAPI"]
            )
            {
                custom rel material:binding
                prepend rel material:binding = </Instances/mesh_2/VisualMaterials/a0000000_0000_0000_0000_000000000000>
            }

            over "a0000000_0000_0000_0000_000000000000724" (
                apiSchemas = ["MaterialBindingAPI"]
            )
            {
                custom rel material:binding
                prepend rel material:binding = </Instances/mesh_2/VisualMaterials/a0000000_0000_0000_0000_000000000000>
            }

            over "a0000000_0000_0000_0000_000000000000725" (
                apiSchemas = ["MaterialBindingAPI"]
            )
            {
                custom rel material:binding
                prepend rel material:binding = </Instances/mesh_2/VisualMaterials/a0000000_0000_0000_0000_000000000000>
            }

            over "a0000000_0000_0000_0000_000000000000726" (
                apiSchemas = ["MaterialBindingAPI"]
            )
            {
                custom rel material:binding
                prepend rel material:binding = </Instances/mesh_2/VisualMaterials/a0000000_0000_0000_0000_000000000000>
            }

            over "a0000000_0000_0000_0000_000000000000727" (
                apiSchemas = ["MaterialBindingAPI"]
            )
            {
                custom rel material:binding
                prepend rel material:binding = </Instances/mesh_2/VisualMaterials/a0000000_0000_0000_0000_000000000000>
            }

            over "a0000000_0000_0000_0000_000000000000728" (
                apiSchemas = ["MaterialBindingAPI"]
            )
            {
                custom rel material:binding
                prepend rel material:binding = </Instances/mesh_2/VisualMaterials/a0000000_0000_0000_0000_000000000000>
            }

            over "a0000000_0000_0000_0000_000000000000729" (
                apiSchemas = ["MaterialBindingAPI"]
            )
            {
                custom rel material:binding
                prepend rel material:binding = </Instances/mesh_2/VisualMaterials/a0000000_0000_0000_0000_000000000000>
            }

            over "a0000000_0000_0000_0000_000000000000730" (
                apiSchemas = ["MaterialBindingAPI"]
            )
            {
                custom rel material:binding
                prepend rel material:binding = </Instances/mesh_2/VisualMaterials/a0000000_0000_0000_0000_000000000000>
            }

            over "a0000000_0000_0000_0000_000000000000731" (
                apiSchemas = ["MaterialBindingAPI"]
            )
            {
                custom rel material:binding
                prepend rel material:binding = </Instances/mesh_2/VisualMaterials/a0000000_0000_0000_0000_000000000000>
            }

            over "a0000000_0000_0000_0000_000000000000732" (
                apiSchemas = ["MaterialBindingAPI"]
            )
            {
                custom rel material:binding
                prepend rel material:binding = </Instances/mesh_2/VisualMaterials/a0000000_0000_0000_0000_000000000000>
            }

            over "a0000000_0000_0000_0000_000000000000733" (
                apiSchemas = ["MaterialBindingAPI"]
            )
            {
                custom rel material:binding
                prepend rel material:binding = </Instances/mesh_2/VisualMaterials/a0000000_0000_0000_0000_000000000000>
            }

            over "a0000000_0000_0000_0000_000000000000734" (
                apiSchemas = ["MaterialBindingAPI"]
            )
            {
                custom rel material:binding
                prepend rel material:binding = </Instances/mesh_2/VisualMaterials/a0000000_0000_0000_0000_000000000000>
            }

            over "a0000000_0000_0000_0000_000000000000735" (
                apiSchemas = ["MaterialBindingAPI"]
            )
            {
                custom rel material:binding
                prepend rel material:binding = </Instances/mesh_2/VisualMaterials/a0000000_0000_0000_0000_000000000000>
            }

            over "a0000000_0000_0000_0000_000000000000736" (
                apiSchemas = ["MaterialBindingAPI"]
            )
            {
                custom rel material:binding
                prepend rel material:binding = </Instances/mesh_2/VisualMaterials/a0000000_0000_0000_0000_000000000000>
            }

            over "a0000000_0000_0000_0000_000000000000737" (
                apiSchemas = ["MaterialBindingAPI"]
            )
            {
                custom rel material:binding
                prepend rel material:binding = </Instances/mesh_2/VisualMaterials/a0000000_0000_0000_0000_000000000000>
            }

            over "a0000000_0000_0000_0000_000000000000738" (
                apiSchemas = ["MaterialBindingAPI"]
            )
            {
                custom rel material:binding
                prepend rel material:binding = </Instances/mesh_2/VisualMaterials/a0000000_0000_0000_0000_000000000000>
            }

            over "a0000000_0000_0000_0000_000000000000739" (
                apiSchemas = ["MaterialBindingAPI"]
            )
            {
                custom rel material:binding
                prepend rel material:binding = </Instances/mesh_2/VisualMaterials/a0000000_0000_0000_0000_000000000000>
            }

            over "a0000000_0000_0000_0000_000000000000740" (
                apiSchemas = ["MaterialBindingAPI"]
            )
            {
                custom rel material:binding
                prepend rel material:binding = </Instances/mesh_2/VisualMaterials/a0000000_0000_0000_0000_000000000000>
            }

            over "a0000000_0000_0000_0000_000000000000741" (
                apiSchemas = ["MaterialBindingAPI"]
            )
            {
                custom rel material:binding
                prepend rel material:binding = </Instances/mesh_2/VisualMaterials/a0000000_0000_0000_0000_000000000000>
            }

            over "a0000000_0000_0000_0000_000000000000742" (
                apiSchemas = ["MaterialBindingAPI"]
            )
            {
                custom rel material:binding
                prepend rel material:binding = </Instances/mesh_2/VisualMaterials/a0000000_0000_0000_0000_000000000000>
            }

            over "a0000000_0000_0000_0000_000000000000743" (
                apiSchemas = ["MaterialBindingAPI"]
            )
            {
                custom rel material:binding
                prepend rel material:binding = </Instances/mesh_2/VisualMaterials/a0000000_0000_0000_0000_000000000000>
            }

            over "a0000000_0000_0000_0000_000000000000744" (
                apiSchemas = ["MaterialBindingAPI"]
            )
            {
                custom rel material:binding
                prepend rel material:binding = </Instances/mesh_2/VisualMaterials/a0000000_0000_0000_0000_000000000000>
            }

            over "a0000000_0000_0000_0000_000000000000745" (
                apiSchemas = ["MaterialBindingAPI"]
            )
            {
                custom rel material:binding
                prepend rel material:binding = </Instances/mesh_2/VisualMaterials/a0000000_0000_0000_0000_000000000000>
            }

            over "a0000000_0000_0000_0000_000000000000746" (
                apiSchemas = ["MaterialBindingAPI"]
            )
            {
                custom rel material:binding
                prepend rel material:binding = </Instances/mesh_2/VisualMaterials/a0000000_0000_0000_0000_000000000000>
            }

            over "a0000000_0000_0000_0000_000000000000747" (
                apiSchemas = ["MaterialBindingAPI"]
            )
            {
                custom rel material:binding
                prepend rel material:binding = </Instances/mesh_2/VisualMaterials/a0000000_0000_0000_0000_000000000000>
            }

            over "a0000000_0000_0000_0000_000000000000748" (
                apiSchemas = ["MaterialBindingAPI"]
            )
            {
                custom rel material:binding
                prepend rel material:binding = </Instances/mesh_2/VisualMaterials/a0000000_0000_0000_0000_000000000000>
            }

            over "a0000000_0000_0000_0000_000000000000749" (
                apiSchemas = ["MaterialBindingAPI"]
            )
            {
                custom rel material:binding
                prepend rel material:binding = </Instances/mesh_2/VisualMaterials/a0000000_0000_0000_0000_000000000000>
            }

            over "a0000000_0000_0000_0000_000000000000750" (
                apiSchemas = ["MaterialBindingAPI"]
            )
            {
                custom rel material:binding
                prepend rel material:binding = </Instances/mesh_2/VisualMaterials/a0000000_0000_0000_0000_000000000000>
            }

            over "a0000000_0000_0000_0000_000000000000751" (
                apiSchemas = ["MaterialBindingAPI"]
            )
            {
                custom rel material:binding
                prepend rel material:binding = </Instances/mesh_2/VisualMaterials/a0000000_0000_0000_0000_000000000000>
            }

            over "a0000000_0000_0000_0000_000000000000752" (
                apiSchemas = ["MaterialBindingAPI"]
            )
            {
                custom rel material:binding
                prepend rel material:binding = </Instances/mesh_2/VisualMaterials/a0000000_0000_0000_0000_000000000000>
            }

            over "a0000000_0000_0000_0000_000000000000753" (
                apiSchemas = ["MaterialBindingAPI"]
            )
            {
                custom rel material:binding
                prepend rel material:binding = </Instances/mesh_2/VisualMaterials/a0000000_0000_0000_0000_000000000000>
            }

            over "a0000000_0000_0000_0000_000000000000754" (
                apiSchemas = ["MaterialBindingAPI"]
            )
            {
                custom rel material:binding
                prepend rel material:binding = </Instances/mesh_2/VisualMaterials/a0000000_0000_0000_0000_000000000000>
            }

            over "a0000000_0000_0000_0000_000000000000755" (
                apiSchemas = ["MaterialBindingAPI"]
            )
            {
                custom rel material:binding
                prepend rel material:binding = </Instances/mesh_2/VisualMaterials/a0000000_0000_0000_0000_000000000000>
            }

            over "a0000000_0000_0000_0000_000000000000756" (
                apiSchemas = ["MaterialBindingAPI"]
            )
            {
                custom rel material:binding
                prepend rel material:binding = </Instances/mesh_2/VisualMaterials/a0000000_0000_0000_0000_000000000000>
            }

            over "a0000000_0000_0000_0000_000000000000757" (
                apiSchemas = ["MaterialBindingAPI"]
            )
            {
                custom rel material:binding
                prepend rel material:binding = </Instances/mesh_2/VisualMaterials/a0000000_0000_0000_0000_000000000000>
            }

            over "a0000000_0000_0000_0000_000000000000758" (
                apiSchemas = ["MaterialBindingAPI"]
            )
            {
                custom rel material:binding
                prepend rel material:binding = </Instances/mesh_2/VisualMaterials/a0000000_0000_0000_0000_000000000000>
            }

            over "a0000000_0000_0000_0000_000000000000759" (
                apiSchemas = ["MaterialBindingAPI"]
            )
            {
                custom rel material:binding
                prepend rel material:binding = </Instances/mesh_2/VisualMaterials/a0000000_0000_0000_0000_000000000000>
            }

            over "a0000000_0000_0000_0000_000000000000760" (
                apiSchemas = ["MaterialBindingAPI"]
            )
            {
                custom rel material:binding
                prepend rel material:binding = </Instances/mesh_2/VisualMaterials/a0000000_0000_0000_0000_000000000000>
            }

            over "a0000000_0000_0000_0000_000000000000761" (
                apiSchemas = ["MaterialBindingAPI"]
            )
            {
                custom rel material:binding
                prepend rel material:binding = </Instances/mesh_2/VisualMaterials/a0000000_0000_0000_0000_000000000000>
            }

            over "a0000000_0000_0000_0000_000000000000762" (
                apiSchemas = ["MaterialBindingAPI"]
            )
            {
                custom rel material:binding
                prepend rel material:binding = </Instances/mesh_2/VisualMaterials/a0000000_0000_0000_0000_000000000000>
            }

            over "a0000000_0000_0000_0000_000000000000763" (
                apiSchemas = ["MaterialBindingAPI"]
            )
            {
                custom rel material:binding
                prepend rel material:binding = </Instances/mesh_2/VisualMaterials/a0000000_0000_0000_0000_000000000000>
            }

            over "a0000000_0000_0000_0000_000000000000764" (
                apiSchemas = ["MaterialBindingAPI"]
            )
            {
                custom rel material:binding
                prepend rel material:binding = </Instances/mesh_2/VisualMaterials/a0000000_0000_0000_0000_000000000000>
            }

            over "a0000000_0000_0000_0000_000000000000765" (
                apiSchemas = ["MaterialBindingAPI"]
            )
            {
                custom rel material:binding
                prepend rel material:binding = </Instances/mesh_2/VisualMaterials/a0000000_0000_0000_0000_000000000000>
            }

            over "a0000000_0000_0000_0000_000000000000766" (
                apiSchemas = ["MaterialBindingAPI"]
            )
            {
                custom rel material:binding
                prepend rel material:binding = </Instances/mesh_2/VisualMaterials/a0000000_0000_0000_0000_000000000000>
            }

            over "a0000000_0000_0000_0000_000000000000767" (
                apiSchemas = ["MaterialBindingAPI"]
            )
            {
                custom rel material:binding
                prepend rel material:binding = </Instances/mesh_2/VisualMaterials/a0000000_0000_0000_0000_000000000000>
            }

            over "a0000000_0000_0000_0000_000000000000768" (
                apiSchemas = ["MaterialBindingAPI"]
            )
            {
                custom rel material:binding
                prepend rel material:binding = </Instances/mesh_2/VisualMaterials/a0000000_0000_0000_0000_000000000000>
            }

            over "a0000000_0000_0000_0000_000000000000769" (
                apiSchemas = ["MaterialBindingAPI"]
            )
            {
                custom rel material:binding
                prepend rel material:binding = </Instances/mesh_2/VisualMaterials/a0000000_0000_0000_0000_000000000000>
            }

            over "a0000000_0000_0000_0000_000000000000770" (
                apiSchemas = ["MaterialBindingAPI"]
            )
            {
                custom rel material:binding
                prepend rel material:binding = </Instances/mesh_2/VisualMaterials/a0000000_0000_0000_0000_000000000000>
            }

            over "a0000000_0000_0000_0000_000000000000771" (
                apiSchemas = ["MaterialBindingAPI"]
            )
            {
                custom rel material:binding
                prepend rel material:binding = </Instances/mesh_2/VisualMaterials/a0000000_0000_0000_0000_000000000000>
            }

            over "a0000000_0000_0000_0000_000000000000772" (
                apiSchemas = ["MaterialBindingAPI"]
            )
            {
                custom rel material:binding
                prepend rel material:binding = </Instances/mesh_2/VisualMaterials/a0000000_0000_0000_0000_000000000000>
            }

            over "a0000000_0000_0000_0000_000000000000773" (
                apiSchemas = ["MaterialBindingAPI"]
            )
            {
                custom rel material:binding
                prepend rel material:binding = </Instances/mesh_2/VisualMaterials/a0000000_0000_0000_0000_000000000000>
            }

            over "a0000000_0000_0000_0000_000000000000774" (
                apiSchemas = ["MaterialBindingAPI"]
            )
            {
                custom rel material:binding
                prepend rel material:binding = </Instances/mesh_2/VisualMaterials/a0000000_0000_0000_0000_000000000000>
            }

            over "a0000000_0000_0000_0000_000000000000775" (
                apiSchemas = ["MaterialBindingAPI"]
            )
            {
                custom rel material:binding
                prepend rel material:binding = </Instances/mesh_2/VisualMaterials/a0000000_0000_0000_0000_000000000000>
            }

            over "a0000000_0000_0000_0000_000000000000776" (
                apiSchemas = ["MaterialBindingAPI"]
            )
            {
                custom rel material:binding
                prepend rel material:binding = </Instances/mesh_2/VisualMaterials/a0000000_0000_0000_0000_000000000000>
            }

            over "a0000000_0000_0000_0000_000000000000777" (
                apiSchemas = ["MaterialBindingAPI"]
            )
            {
                custom rel material:binding
                prepend rel material:binding = </Instances/mesh_2/VisualMaterials/a0000000_0000_0000_0000_000000000000>
            }

            over "a0000000_0000_0000_0000_000000000000778" (
                apiSchemas = ["MaterialBindingAPI"]
            )
            {
                custom rel material:binding
                prepend rel material:binding = </Instances/mesh_2/VisualMaterials/a0000000_0000_0000_0000_000000000000>
            }

            over "a0000000_0000_0000_0000_000000000000779" (
                apiSchemas = ["MaterialBindingAPI"]
            )
            {
                custom rel material:binding
                prepend rel material:binding = </Instances/mesh_2/VisualMaterials/a0000000_0000_0000_0000_000000000000>
            }

            over "a0000000_0000_0000_0000_000000000000780" (
                apiSchemas = ["MaterialBindingAPI"]
            )
            {
                custom rel material:binding
                prepend rel material:binding = </Instances/mesh_2/VisualMaterials/a0000000_0000_0000_0000_000000000000>
            }

            over "a0000000_0000_0000_0000_000000000000781" (
                apiSchemas = ["MaterialBindingAPI"]
            )
            {
                custom rel material:binding
                prepend rel material:binding = </Instances/mesh_2/VisualMaterials/a0000000_0000_0000_0000_000000000000>
            }

            over "a0000000_0000_0000_0000_000000000000782" (
                apiSchemas = ["MaterialBindingAPI"]
            )
            {
                custom rel material:binding
                prepend rel material:binding = </Instances/mesh_2/VisualMaterials/a0000000_0000_0000_0000_000000000000>
            }

            over "a0000000_0000_0000_0000_000000000000783" (
                apiSchemas = ["MaterialBindingAPI"]
            )
            {
                custom rel material:binding
                prepend rel material:binding = </Instances/mesh_2/VisualMaterials/a0000000_0000_0000_0000_000000000000>
            }

            over "a0000000_0000_0000_0000_000000000000784" (
                apiSchemas = ["MaterialBindingAPI"]
            )
            {
                custom rel material:binding
                prepend rel material:binding = </Instances/mesh_2/VisualMaterials/a0000000_0000_0000_0000_000000000000>
            }

            over "a0000000_0000_0000_0000_000000000000785" (
                apiSchemas = ["MaterialBindingAPI"]
            )
            {
                custom rel material:binding
                prepend rel material:binding = </Instances/mesh_2/VisualMaterials/a0000000_0000_0000_0000_000000000000>
            }

            over "a0000000_0000_0000_0000_000000000000786" (
                apiSchemas = ["MaterialBindingAPI"]
            )
            {
                custom rel material:binding
                prepend rel material:binding = </Instances/mesh_2/VisualMaterials/a0000000_0000_0000_0000_000000000000>
            }

            over "a0000000_0000_0000_0000_000000000000787" (
                apiSchemas = ["MaterialBindingAPI"]
            )
            {
                custom rel material:binding
                prepend rel material:binding = </Instances/mesh_2/VisualMaterials/a0000000_0000_0000_0000_000000000000>
            }

            over "a0000000_0000_0000_0000_000000000000788" (
                apiSchemas = ["MaterialBindingAPI"]
            )
            {
                custom rel material:binding
                prepend rel material:binding = </Instances/mesh_2/VisualMaterials/a0000000_0000_0000_0000_000000000000>
            }

            over "a0000000_0000_0000_0000_000000000000789" (
                apiSchemas = ["MaterialBindingAPI"]
            )
            {
                custom rel material:binding
                prepend rel material:binding = </Instances/mesh_2/VisualMaterials/a0000000_0000_0000_0000_000000000000>
            }

            over "a0000000_0000_0000_0000_000000000000790" (
                apiSchemas = ["MaterialBindingAPI"]
            )
            {
                custom rel material:binding
                prepend rel material:binding = </Instances/mesh_2/VisualMaterials/a0000000_0000_0000_0000_000000000000>
            }

            over "a0000000_0000_0000_0000_000000000000791" (
                apiSchemas = ["MaterialBindingAPI"]
            )
            {
                custom rel material:binding
                prepend rel material:binding = </Instances/mesh_2/VisualMaterials/a0000000_0000_0000_0000_000000000000>
            }

            over "a0000000_0000_0000_0000_000000000000792" (
                apiSchemas = ["MaterialBindingAPI"]
            )
            {
                custom rel material:binding
                prepend rel material:binding = </Instances/mesh_2/VisualMaterials/a0000000_0000_0000_0000_000000000000>
            }

            over "a0000000_0000_0000_0000_000000000000793" (
                apiSchemas = ["MaterialBindingAPI"]
            )
            {
                custom rel material:binding
                prepend rel material:binding = </Instances/mesh_2/VisualMaterials/a0000000_0000_0000_0000_000000000000>
            }

            over "a0000000_0000_0000_0000_000000000000794" (
                apiSchemas = ["MaterialBindingAPI"]
            )
            {
                custom rel material:binding
                prepend rel material:binding = </Instances/mesh_2/VisualMaterials/a0000000_0000_0000_0000_000000000000>
            }

            over "a0000000_0000_0000_0000_000000000000795" (
                apiSchemas = ["MaterialBindingAPI"]
            )
            {
                custom rel material:binding
                prepend rel material:binding = </Instances/mesh_2/VisualMaterials/a0000000_0000_0000_0000_000000000000>
            }

            over "a0000000_0000_0000_0000_000000000000796" (
                apiSchemas = ["MaterialBindingAPI"]
            )
            {
                custom rel material:binding
                prepend rel material:binding = </Instances/mesh_2/VisualMaterials/a0000000_0000_0000_0000_000000000000>
            }

            over "a0000000_0000_0000_0000_000000000000797" (
                apiSchemas = ["MaterialBindingAPI"]
            )
            {
                custom rel material:binding
                prepend rel material:binding = </Instances/mesh_2/VisualMaterials/a0000000_0000_0000_0000_000000000000>
            }

            over "a0000000_0000_0000_0000_000000000000798" (
                apiSchemas = ["MaterialBindingAPI"]
            )
            {
                custom rel material:binding
                prepend rel material:binding = </Instances/mesh_2/VisualMaterials/a0000000_0000_0000_0000_000000000000>
            }

            over "a0000000_0000_0000_0000_000000000000799" (
                apiSchemas = ["MaterialBindingAPI"]
            )
            {
                custom rel material:binding
                prepend rel material:binding = </Instances/mesh_2/VisualMaterials/a0000000_0000_0000_0000_000000000000>
            }

            over "a0000000_0000_0000_0000_000000000000800" (
                apiSchemas = ["MaterialBindingAPI"]
            )
            {
                custom rel material:binding
                prepend rel material:binding = </Instances/mesh_2/VisualMaterials/a0000000_0000_0000_0000_000000000000>
            }

            over "a0000000_0000_0000_0000_000000000000801" (
                apiSchemas = ["MaterialBindingAPI"]
            )
            {
                custom rel material:binding
                prepend rel material:binding = </Instances/mesh_2/VisualMaterials/a0000000_0000_0000_0000_000000000000>
            }

            over "a0000000_0000_0000_0000_000000000000802" (
                apiSchemas = ["MaterialBindingAPI"]
            )
            {
                custom rel material:binding
                prepend rel material:binding = </Instances/mesh_2/VisualMaterials/a0000000_0000_0000_0000_000000000000>
            }

            over "a0000000_0000_0000_0000_000000000000803" (
                apiSchemas = ["MaterialBindingAPI"]
            )
            {
                custom rel material:binding
                prepend rel material:binding = </Instances/mesh_2/VisualMaterials/a0000000_0000_0000_0000_000000000000>
            }

            over "a0000000_0000_0000_0000_000000000000804" (
                apiSchemas = ["MaterialBindingAPI"]
            )
            {
                custom rel material:binding
                prepend rel material:binding = </Instances/mesh_2/VisualMaterials/a0000000_0000_0000_0000_000000000000>
            }

            over "a0000000_0000_0000_0000_000000000000805" (
                apiSchemas = ["MaterialBindingAPI"]
            )
            {
                custom rel material:binding
                prepend rel material:binding = </Instances/mesh_2/VisualMaterials/a0000000_0000_0000_0000_000000000000>
            }

            over "a0000000_0000_0000_0000_000000000000806" (
                apiSchemas = ["MaterialBindingAPI"]
            )
            {
                custom rel material:binding
                prepend rel material:binding = </Instances/mesh_2/VisualMaterials/a0000000_0000_0000_0000_000000000000>
            }

            over "a0000000_0000_0000_0000_000000000000807" (
                apiSchemas = ["MaterialBindingAPI"]
            )
            {
                custom rel material:binding
                prepend rel material:binding = </Instances/mesh_2/VisualMaterials/a0000000_0000_0000_0000_000000000000>
            }

            over "a0000000_0000_0000_0000_000000000000808" (
                apiSchemas = ["MaterialBindingAPI"]
            )
            {
                custom rel material:binding
                prepend rel material:binding = </Instances/mesh_2/VisualMaterials/a0000000_0000_0000_0000_000000000000>
            }

            over "a0000000_0000_0000_0000_000000000000809" (
                apiSchemas = ["MaterialBindingAPI"]
            )
            {
                custom rel material:binding
                prepend rel material:binding = </Instances/mesh_2/VisualMaterials/a0000000_0000_0000_0000_000000000000>
            }

            over "a0000000_0000_0000_0000_000000000000810" (
                apiSchemas = ["MaterialBindingAPI"]
            )
            {
                custom rel material:binding
                prepend rel material:binding = </Instances/mesh_2/VisualMaterials/a0000000_0000_0000_0000_000000000000>
            }

            over "a0000000_0000_0000_0000_000000000000811" (
                apiSchemas = ["MaterialBindingAPI"]
            )
            {
                custom rel material:binding
                prepend rel material:binding = </Instances/mesh_2/VisualMaterials/a0000000_0000_0000_0000_000000000000>
            }

            over "a0000000_0000_0000_0000_000000000000812" (
                apiSchemas = ["MaterialBindingAPI"]
            )
            {
                custom rel material:binding
                prepend rel material:binding = </Instances/mesh_2/VisualMaterials/a0000000_0000_0000_0000_000000000000>
            }

            over "a0000000_0000_0000_0000_000000000000813" (
                apiSchemas = ["MaterialBindingAPI"]
            )
            {
                custom rel material:binding
                prepend rel material:binding = </Instances/mesh_2/VisualMaterials/a0000000_0000_0000_0000_000000000000>
            }

            over "a0000000_0000_0000_0000_000000000000814" (
                apiSchemas = ["MaterialBindingAPI"]
            )
            {
                custom rel material:binding
                prepend rel material:binding = </Instances/mesh_2/VisualMaterials/a0000000_0000_0000_0000_000000000000>
            }

            over "a0000000_0000_0000_0000_000000000000815" (
                apiSchemas = ["MaterialBindingAPI"]
            )
            {
                custom rel material:binding
                prepend rel material:binding = </Instances/mesh_2/VisualMaterials/a0000000_0000_0000_0000_000000000000>
            }

            over "a0000000_0000_0000_0000_000000000000816" (
                apiSchemas = ["MaterialBindingAPI"]
            )
            {
                custom rel material:binding
                prepend rel material:binding = </Instances/mesh_2/VisualMaterials/a0000000_0000_0000_0000_000000000000>
            }

            over "a0000000_0000_0000_0000_000000000000817" (
                apiSchemas = ["MaterialBindingAPI"]
            )
            {
                custom rel material:binding
                prepend rel material:binding = </Instances/mesh_2/VisualMaterials/a0000000_0000_0000_0000_000000000000>
            }

            over "a0000000_0000_0000_0000_000000000000818" (
                apiSchemas = ["MaterialBindingAPI"]
            )
            {
                custom rel material:binding
                prepend rel material:binding = </Instances/mesh_2/VisualMaterials/a0000000_0000_0000_0000_000000000000>
            }

            over "a0000000_0000_0000_0000_000000000000819" (
                apiSchemas = ["MaterialBindingAPI"]
            )
            {
                custom rel material:binding
                prepend rel material:binding = </Instances/mesh_2/VisualMaterials/a0000000_0000_0000_0000_000000000000>
            }

            over "a0000000_0000_0000_0000_000000000000820" (
                apiSchemas = ["MaterialBindingAPI"]
            )
            {
                custom rel material:binding
                prepend rel material:binding = </Instances/mesh_2/VisualMaterials/a0000000_0000_0000_0000_000000000000>
            }

            over "a0000000_0000_0000_0000_000000000000821" (
                apiSchemas = ["MaterialBindingAPI"]
            )
            {
                custom rel material:binding
                prepend rel material:binding = </Instances/mesh_2/VisualMaterials/a0000000_0000_0000_0000_000000000000>
            }

            over "a0000000_0000_0000_0000_000000000000822" (
                apiSchemas = ["MaterialBindingAPI"]
            )
            {
                custom rel material:binding
                prepend rel material:binding = </Instances/mesh_2/VisualMaterials/a0000000_0000_0000_0000_000000000000>
            }

            over "a0000000_0000_0000_0000_000000000000823" (
                apiSchemas = ["MaterialBindingAPI"]
            )
            {
                custom rel material:binding
                prepend rel material:binding = </Instances/mesh_2/VisualMaterials/a0000000_0000_0000_0000_000000000000>
            }

            over "a0000000_0000_0000_0000_000000000000824" (
                apiSchemas = ["MaterialBindingAPI"]
            )
            {
                custom rel material:binding
                prepend rel material:binding = </Instances/mesh_2/VisualMaterials/a0000000_0000_0000_0000_000000000000>
            }

            over "a0000000_0000_0000_0000_000000000000825" (
                apiSchemas = ["MaterialBindingAPI"]
            )
            {
                custom rel material:binding
                prepend rel material:binding = </Instances/mesh_2/VisualMaterials/a0000000_0000_0000_0000_000000000000>
            }

            over "a0000000_0000_0000_0000_000000000000826" (
                apiSchemas = ["MaterialBindingAPI"]
            )
            {
                custom rel material:binding
                prepend rel material:binding = </Instances/mesh_2/VisualMaterials/a0000000_0000_0000_0000_000000000000>
            }

            over "a0000000_0000_0000_0000_000000000000827" (
                apiSchemas = ["MaterialBindingAPI"]
            )
            {
                custom rel material:binding
                prepend rel material:binding = </Instances/mesh_2/VisualMaterials/a0000000_0000_0000_0000_000000000000>
            }

            over "a0000000_0000_0000_0000_000000000000828" (
                apiSchemas = ["MaterialBindingAPI"]
            )
            {
                custom rel material:binding
                prepend rel material:binding = </Instances/mesh_2/VisualMaterials/a0000000_0000_0000_0000_000000000000>
            }

            over "a0000000_0000_0000_0000_000000000000829" (
                apiSchemas = ["MaterialBindingAPI"]
            )
            {
                custom rel material:binding
                prepend rel material:binding = </Instances/mesh_2/VisualMaterials/a0000000_0000_0000_0000_000000000000>
            }

            over "a0000000_0000_0000_0000_000000000000830" (
                apiSchemas = ["MaterialBindingAPI"]
            )
            {
                custom rel material:binding
                prepend rel material:binding = </Instances/mesh_2/VisualMaterials/a0000000_0000_0000_0000_000000000000>
            }

            over "a0000000_0000_0000_0000_000000000000831" (
                apiSchemas = ["MaterialBindingAPI"]
            )
            {
                custom rel material:binding
                prepend rel material:binding = </Instances/mesh_2/VisualMaterials/a0000000_0000_0000_0000_000000000000>
            }

            over "a0000000_0000_0000_0000_000000000000832" (
                apiSchemas = ["MaterialBindingAPI"]
            )
            {
                custom rel material:binding
                prepend rel material:binding = </Instances/mesh_2/VisualMaterials/a0000000_0000_0000_0000_000000000000>
            }

            over "a0000000_0000_0000_0000_000000000000833" (
                apiSchemas = ["MaterialBindingAPI"]
            )
            {
                custom rel material:binding
                prepend rel material:binding = </Instances/mesh_2/VisualMaterials/a0000000_0000_0000_0000_000000000000>
            }

            over "a0000000_0000_0000_0000_000000000000834" (
                apiSchemas = ["MaterialBindingAPI"]
            )
            {
                custom rel material:binding
                prepend rel material:binding = </Instances/mesh_2/VisualMaterials/a0000000_0000_0000_0000_000000000000>
            }

            over "a0000000_0000_0000_0000_000000000000835" (
                apiSchemas = ["MaterialBindingAPI"]
            )
            {
                custom rel material:binding
                prepend rel material:binding = </Instances/mesh_2/VisualMaterials/a0000000_0000_0000_0000_000000000000>
            }

            over "a0000000_0000_0000_0000_000000000000836" (
                apiSchemas = ["MaterialBindingAPI"]
            )
            {
                custom rel material:binding
                prepend rel material:binding = </Instances/mesh_2/VisualMaterials/a0000000_0000_0000_0000_000000000000>
            }

            over "a0000000_0000_0000_0000_000000000000837" (
                apiSchemas = ["MaterialBindingAPI"]
            )
            {
                custom rel material:binding
                prepend rel material:binding = </Instances/mesh_2/VisualMaterials/a0000000_0000_0000_0000_000000000000>
            }

            over "a0000000_0000_0000_0000_000000000000838" (
                apiSchemas = ["MaterialBindingAPI"]
            )
            {
                custom rel material:binding
                prepend rel material:binding = </Instances/mesh_2/VisualMaterials/a0000000_0000_0000_0000_000000000000>
            }

            over "a0000000_0000_0000_0000_000000000000839" (
                apiSchemas = ["MaterialBindingAPI"]
            )
            {
                custom rel material:binding
                prepend rel material:binding = </Instances/mesh_2/VisualMaterials/a0000000_0000_0000_0000_000000000000>
            }

            over "a0000000_0000_0000_0000_000000000000840" (
                apiSchemas = ["MaterialBindingAPI"]
            )
            {
                custom rel material:binding
                prepend rel material:binding = </Instances/mesh_2/VisualMaterials/a0000000_0000_0000_0000_000000000000>
            }

            over "a0000000_0000_0000_0000_000000000000841" (
                apiSchemas = ["MaterialBindingAPI"]
            )
            {
                custom rel material:binding
                prepend rel material:binding = </Instances/mesh_2/VisualMaterials/a0000000_0000_0000_0000_000000000000>
            }

            over "a0000000_0000_0000_0000_000000000000842" (
                apiSchemas = ["MaterialBindingAPI"]
            )
            {
                custom rel material:binding
                prepend rel material:binding = </Instances/mesh_2/VisualMaterials/a0000000_0000_0000_0000_000000000000>
            }

            over "a0000000_0000_0000_0000_000000000000_00225" (
                apiSchemas = ["MaterialBindingAPI"]
            )
            {
                custom rel material:binding
                prepend rel material:binding = </Instances/mesh_2/VisualMaterials/a0000000_0000_0000_0000_000000000000_002>
            }

            over "a0000000_0000_0000_0000_000000000000843" (
                apiSchemas = ["MaterialBindingAPI"]
            )
            {
                custom rel material:binding
                prepend rel material:binding = </Instances/mesh_2/VisualMaterials/a0000000_0000_0000_0000_000000000000>
            }

            over "a0000000_0000_0000_0000_000000000000844" (
                apiSchemas = ["MaterialBindingAPI"]
            )
            {
                custom rel material:binding
                prepend rel material:binding = </Instances/mesh_2/VisualMaterials/a0000000_0000_0000_0000_000000000000>
            }

            over "a0000000_0000_0000_0000_000000000000_00226" (
                apiSchemas = ["MaterialBindingAPI"]
            )
            {
                custom rel material:binding
                prepend rel material:binding = </Instances/mesh_2/VisualMaterials/a0000000_0000_0000_0000_000000000000_002>
            }

            over "a0000000_0000_0000_0000_000000000000845" (
                apiSchemas = ["MaterialBindingAPI"]
            )
            {
                custom rel material:binding
                prepend rel material:binding = </Instances/mesh_2/VisualMaterials/a0000000_0000_0000_0000_000000000000>
            }

            over "a0000000_0000_0000_0000_000000000000846" (
                apiSchemas = ["MaterialBindingAPI"]
            )
            {
                custom rel material:binding
                prepend rel material:binding = </Instances/mesh_2/VisualMaterials/a0000000_0000_0000_0000_000000000000>
            }

            over "a0000000_0000_0000_0000_000000000000847" (
                apiSchemas = ["MaterialBindingAPI"]
            )
            {
                custom rel material:binding
                prepend rel material:binding = </Instances/mesh_2/VisualMaterials/a0000000_0000_0000_0000_000000000000>
            }

            over "a0000000_0000_0000_0000_000000000000848" (
                apiSchemas = ["MaterialBindingAPI"]
            )
            {
                custom rel material:binding
                prepend rel material:binding = </Instances/mesh_2/VisualMaterials/a0000000_0000_0000_0000_000000000000>
            }

            over "a0000000_0000_0000_0000_000000000000849" (
                apiSchemas = ["MaterialBindingAPI"]
            )
            {
                custom rel material:binding
                prepend rel material:binding = </Instances/mesh_2/VisualMaterials/a0000000_0000_0000_0000_000000000000>
            }

            over "a0000000_0000_0000_0000_000000000000850" (
                apiSchemas = ["MaterialBindingAPI"]
            )
            {
                custom rel material:binding
                prepend rel material:binding = </Instances/mesh_2/VisualMaterials/a0000000_0000_0000_0000_000000000000>
            }

            over "a0000000_0000_0000_0000_000000000000851" (
                apiSchemas = ["MaterialBindingAPI"]
            )
            {
                custom rel material:binding
                prepend rel material:binding = </Instances/mesh_2/VisualMaterials/a0000000_0000_0000_0000_000000000000>
            }

            over "a0000000_0000_0000_0000_000000000000852" (
                apiSchemas = ["MaterialBindingAPI"]
            )
            {
                custom rel material:binding
                prepend rel material:binding = </Instances/mesh_2/VisualMaterials/a0000000_0000_0000_0000_000000000000>
            }

            over "a0000000_0000_0000_0000_000000000000853" (
                apiSchemas = ["MaterialBindingAPI"]
            )
            {
                custom rel material:binding
                prepend rel material:binding = </Instances/mesh_2/VisualMaterials/a0000000_0000_0000_0000_000000000000>
            }

            over "a0000000_0000_0000_0000_000000000000854" (
                apiSchemas = ["MaterialBindingAPI"]
            )
            {
                custom rel material:binding
                prepend rel material:binding = </Instances/mesh_2/VisualMaterials/a0000000_0000_0000_0000_000000000000>
            }

            over "a0000000_0000_0000_0000_000000000000855" (
                apiSchemas = ["MaterialBindingAPI"]
            )
            {
                custom rel material:binding
                prepend rel material:binding = </Instances/mesh_2/VisualMaterials/a0000000_0000_0000_0000_000000000000>
            }

            over "a0000000_0000_0000_0000_000000000000856" (
                apiSchemas = ["MaterialBindingAPI"]
            )
            {
                custom rel material:binding
                prepend rel material:binding = </Instances/mesh_2/VisualMaterials/a0000000_0000_0000_0000_000000000000>
            }

            over "a0000000_0000_0000_0000_000000000000857" (
                apiSchemas = ["MaterialBindingAPI"]
            )
            {
                custom rel material:binding
                prepend rel material:binding = </Instances/mesh_2/VisualMaterials/a0000000_0000_0000_0000_000000000000>
            }

            over "a0000000_0000_0000_0000_000000000000858" (
                apiSchemas = ["MaterialBindingAPI"]
            )
            {
                custom rel material:binding
                prepend rel material:binding = </Instances/mesh_2/VisualMaterials/a0000000_0000_0000_0000_000000000000>
            }

            over "a0000000_0000_0000_0000_000000000000859" (
                apiSchemas = ["MaterialBindingAPI"]
            )
            {
                custom rel material:binding
                prepend rel material:binding = </Instances/mesh_2/VisualMaterials/a0000000_0000_0000_0000_000000000000>
            }

            over "a0000000_0000_0000_0000_000000000000860" (
                apiSchemas = ["MaterialBindingAPI"]
            )
            {
                custom rel material:binding
                prepend rel material:binding = </Instances/mesh_2/VisualMaterials/a0000000_0000_0000_0000_000000000000>
            }

            over "a0000000_0000_0000_0000_000000000000861" (
                apiSchemas = ["MaterialBindingAPI"]
            )
            {
                custom rel material:binding
                prepend rel material:binding = </Instances/mesh_2/VisualMaterials/a0000000_0000_0000_0000_000000000000>
            }

            over "a0000000_0000_0000_0000_000000000000862" (
                apiSchemas = ["MaterialBindingAPI"]
            )
            {
                custom rel material:binding
                prepend rel material:binding = </Instances/mesh_2/VisualMaterials/a0000000_0000_0000_0000_000000000000>
            }

            over "a0000000_0000_0000_0000_000000000000863" (
                apiSchemas = ["MaterialBindingAPI"]
            )
            {
                custom rel material:binding
                prepend rel material:binding = </Instances/mesh_2/VisualMaterials/a0000000_0000_0000_0000_000000000000>
            }

            over "a0000000_0000_0000_0000_000000000000864" (
                apiSchemas = ["MaterialBindingAPI"]
            )
            {
                custom rel material:binding
                prepend rel material:binding = </Instances/mesh_2/VisualMaterials/a0000000_0000_0000_0000_000000000000>
            }

            over "a0000000_0000_0000_0000_000000000000865" (
                apiSchemas = ["MaterialBindingAPI"]
            )
            {
                custom rel material:binding
                prepend rel material:binding = </Instances/mesh_2/VisualMaterials/a0000000_0000_0000_0000_000000000000>
            }

            over "a0000000_0000_0000_0000_000000000000866" (
                apiSchemas = ["MaterialBindingAPI"]
            )
            {
                custom rel material:binding
                prepend rel material:binding = </Instances/mesh_2/VisualMaterials/a0000000_0000_0000_0000_000000000000>
            }

            over "a0000000_0000_0000_0000_000000000000867" (
                apiSchemas = ["MaterialBindingAPI"]
            )
            {
                custom rel material:binding
                prepend rel material:binding = </Instances/mesh_2/VisualMaterials/a0000000_0000_0000_0000_000000000000>
            }

            over "a0000000_0000_0000_0000_000000000000868" (
                apiSchemas = ["MaterialBindingAPI"]
            )
            {
                custom rel material:binding
                prepend rel material:binding = </Instances/mesh_2/VisualMaterials/a0000000_0000_0000_0000_000000000000>
            }

            over "a0000000_0000_0000_0000_000000000000869" (
                apiSchemas = ["MaterialBindingAPI"]
            )
            {
                custom rel material:binding
                prepend rel material:binding = </Instances/mesh_2/VisualMaterials/a0000000_0000_0000_0000_000000000000>
            }

            over "a0000000_0000_0000_0000_000000000000870" (
                apiSchemas = ["MaterialBindingAPI"]
            )
            {
                custom rel material:binding
                prepend rel material:binding = </Instances/mesh_2/VisualMaterials/a0000000_0000_0000_0000_000000000000>
            }

            over "a0000000_0000_0000_0000_000000000000871" (
                apiSchemas = ["MaterialBindingAPI"]
            )
            {
                custom rel material:binding
                prepend rel material:binding = </Instances/mesh_2/VisualMaterials/a0000000_0000_0000_0000_000000000000>
            }

            over "a0000000_0000_0000_0000_000000000000872" (
                apiSchemas = ["MaterialBindingAPI"]
            )
            {
                custom rel material:binding
                prepend rel material:binding = </Instances/mesh_2/VisualMaterials/a0000000_0000_0000_0000_000000000000>
            }

            over "a0000000_0000_0000_0000_000000000000873" (
                apiSchemas = ["MaterialBindingAPI"]
            )
            {
                custom rel material:binding
                prepend rel material:binding = </Instances/mesh_2/VisualMaterials/a0000000_0000_0000_0000_000000000000>
            }

            over "a0000000_0000_0000_0000_000000000000874" (
                apiSchemas = ["MaterialBindingAPI"]
            )
            {
                custom rel material:binding
                prepend rel material:binding = </Instances/mesh_2/VisualMaterials/a0000000_0000_0000_0000_000000000000>
            }

            over "a0000000_0000_0000_0000_000000000000875" (
                apiSchemas = ["MaterialBindingAPI"]
            )
            {
                custom rel material:binding
                prepend rel material:binding = </Instances/mesh_2/VisualMaterials/a0000000_0000_0000_0000_000000000000>
            }

            over "a0000000_0000_0000_0000_000000000000876" (
                apiSchemas = ["MaterialBindingAPI"]
            )
            {
                custom rel material:binding
                prepend rel material:binding = </Instances/mesh_2/VisualMaterials/a0000000_0000_0000_0000_000000000000>
            }

            over "a0000000_0000_0000_0000_000000000000877" (
                apiSchemas = ["MaterialBindingAPI"]
            )
            {
                custom rel material:binding
                prepend rel material:binding = </Instances/mesh_2/VisualMaterials/a0000000_0000_0000_0000_000000000000>
            }

            over "a0000000_0000_0000_0000_000000000000878" (
                apiSchemas = ["MaterialBindingAPI"]
            )
            {
                custom rel material:binding
                prepend rel material:binding = </Instances/mesh_2/VisualMaterials/a0000000_0000_0000_0000_000000000000>
            }

            over "a0000000_0000_0000_0000_000000000000879" (
                apiSchemas = ["MaterialBindingAPI"]
            )
            {
                custom rel material:binding
                prepend rel material:binding = </Instances/mesh_2/VisualMaterials/a0000000_0000_0000_0000_000000000000>
            }

            over "a0000000_0000_0000_0000_000000000000880" (
                apiSchemas = ["MaterialBindingAPI"]
            )
            {
                custom rel material:binding
                prepend rel material:binding = </Instances/mesh_2/VisualMaterials/a0000000_0000_0000_0000_000000000000>
            }

            over "a0000000_0000_0000_0000_000000000000881" (
                apiSchemas = ["MaterialBindingAPI"]
            )
            {
                custom rel material:binding
                prepend rel material:binding = </Instances/mesh_2/VisualMaterials/a0000000_0000_0000_0000_000000000000>
            }

            over "a0000000_0000_0000_0000_000000000000882" (
                apiSchemas = ["MaterialBindingAPI"]
            )
            {
                custom rel material:binding
                prepend rel material:binding = </Instances/mesh_2/VisualMaterials/a0000000_0000_0000_0000_000000000000>
            }

            over "a0000000_0000_0000_0000_000000000000883" (
                apiSchemas = ["MaterialBindingAPI"]
            )
            {
                custom rel material:binding
                prepend rel material:binding = </Instances/mesh_2/VisualMaterials/a0000000_0000_0000_0000_000000000000>
            }

            over "a0000000_0000_0000_0000_000000000000884" (
                apiSchemas = ["MaterialBindingAPI"]
            )
            {
                custom rel material:binding
                prepend rel material:binding = </Instances/mesh_2/VisualMaterials/a0000000_0000_0000_0000_000000000000>
            }

            over "a0000000_0000_0000_0000_000000000000885" (
                apiSchemas = ["MaterialBindingAPI"]
            )
            {
                custom rel material:binding
                prepend rel material:binding = </Instances/mesh_2/VisualMaterials/a0000000_0000_0000_0000_000000000000>
            }

            over "a0000000_0000_0000_0000_000000000000886" (
                apiSchemas = ["MaterialBindingAPI"]
            )
            {
                custom rel material:binding
                prepend rel material:binding = </Instances/mesh_2/VisualMaterials/a0000000_0000_0000_0000_000000000000>
            }

            over "a0000000_0000_0000_0000_000000000000887" (
                apiSchemas = ["MaterialBindingAPI"]
            )
            {
                custom rel material:binding
                prepend rel material:binding = </Instances/mesh_2/VisualMaterials/a0000000_0000_0000_0000_000000000000>
            }

            over "a0000000_0000_0000_0000_000000000000888" (
                apiSchemas = ["MaterialBindingAPI"]
            )
            {
                custom rel material:binding
                prepend rel material:binding = </Instances/mesh_2/VisualMaterials/a0000000_0000_0000_0000_000000000000>
            }

            over "a0000000_0000_0000_0000_000000000000889" (
                apiSchemas = ["MaterialBindingAPI"]
            )
            {
                custom rel material:binding
                prepend rel material:binding = </Instances/mesh_2/VisualMaterials/a0000000_0000_0000_0000_000000000000>
            }

            over "a0000000_0000_0000_0000_000000000000890" (
                apiSchemas = ["MaterialBindingAPI"]
            )
            {
                custom rel material:binding
                prepend rel material:binding = </Instances/mesh_2/VisualMaterials/a0000000_0000_0000_0000_000000000000>
            }

            over "a0000000_0000_0000_0000_000000000000891" (
                apiSchemas = ["MaterialBindingAPI"]
            )
            {
                custom rel material:binding
                prepend rel material:binding = </Instances/mesh_2/VisualMaterials/a0000000_0000_0000_0000_000000000000>
            }

            over "a0000000_0000_0000_0000_000000000000892" (
                apiSchemas = ["MaterialBindingAPI"]
            )
            {
                custom rel material:binding
                prepend rel material:binding = </Instances/mesh_2/VisualMaterials/a0000000_0000_0000_0000_000000000000>
            }

            over "a0000000_0000_0000_0000_000000000000893" (
                apiSchemas = ["MaterialBindingAPI"]
            )
            {
                custom rel material:binding
                prepend rel material:binding = </Instances/mesh_2/VisualMaterials/a0000000_0000_0000_0000_000000000000>
            }

            over "a0000000_0000_0000_0000_000000000000894" (
                apiSchemas = ["MaterialBindingAPI"]
            )
            {
                custom rel material:binding
                prepend rel material:binding = </Instances/mesh_2/VisualMaterials/a0000000_0000_0000_0000_000000000000>
            }

            over "a0000000_0000_0000_0000_000000000000895" (
                apiSchemas = ["MaterialBindingAPI"]
            )
            {
                custom rel material:binding
                prepend rel material:binding = </Instances/mesh_2/VisualMaterials/a0000000_0000_0000_0000_000000000000>
            }

            over "a0000000_0000_0000_0000_000000000000896" (
                apiSchemas = ["MaterialBindingAPI"]
            )
            {
                custom rel material:binding
                prepend rel material:binding = </Instances/mesh_2/VisualMaterials/a0000000_0000_0000_0000_000000000000>
            }

            over "a0000000_0000_0000_0000_000000000000897" (
                apiSchemas = ["MaterialBindingAPI"]
            )
            {
                custom rel material:binding
                prepend rel material:binding = </Instances/mesh_2/VisualMaterials/a0000000_0000_0000_0000_000000000000>
            }

            over "a0000000_0000_0000_0000_000000000000898" (
                apiSchemas = ["MaterialBindingAPI"]
            )
            {
                custom rel material:binding
                prepend rel material:binding = </Instances/mesh_2/VisualMaterials/a0000000_0000_0000_0000_000000000000>
            }

            over "a0000000_0000_0000_0000_000000000000899" (
                apiSchemas = ["MaterialBindingAPI"]
            )
            {
                custom rel material:binding
                prepend rel material:binding = </Instances/mesh_2/VisualMaterials/a0000000_0000_0000_0000_000000000000>
            }

            over "a0000000_0000_0000_0000_000000000000900" (
                apiSchemas = ["MaterialBindingAPI"]
            )
            {
                custom rel material:binding
                prepend rel material:binding = </Instances/mesh_2/VisualMaterials/a0000000_0000_0000_0000_000000000000>
            }

            over "a0000000_0000_0000_0000_000000000000901" (
                apiSchemas = ["MaterialBindingAPI"]
            )
            {
                custom rel material:binding
                prepend rel material:binding = </Instances/mesh_2/VisualMaterials/a0000000_0000_0000_0000_000000000000>
            }

            over "a0000000_0000_0000_0000_000000000000902" (
                apiSchemas = ["MaterialBindingAPI"]
            )
            {
                custom rel material:binding
                prepend rel material:binding = </Instances/mesh_2/VisualMaterials/a0000000_0000_0000_0000_000000000000>
            }

            over "a0000000_0000_0000_0000_000000000000903" (
                apiSchemas = ["MaterialBindingAPI"]
            )
            {
                custom rel material:binding
                prepend rel material:binding = </Instances/mesh_2/VisualMaterials/a0000000_0000_0000_0000_000000000000>
            }

            over "a0000000_0000_0000_0000_000000000000904" (
                apiSchemas = ["MaterialBindingAPI"]
            )
            {
                custom rel material:binding
                prepend rel material:binding = </Instances/mesh_2/VisualMaterials/a0000000_0000_0000_0000_000000000000>
            }

            over "a0000000_0000_0000_0000_000000000000905" (
                apiSchemas = ["MaterialBindingAPI"]
            )
            {
                custom rel material:binding
                prepend rel material:binding = </Instances/mesh_2/VisualMaterials/a0000000_0000_0000_0000_000000000000>
            }

            over "a0000000_0000_0000_0000_000000000000906" (
                apiSchemas = ["MaterialBindingAPI"]
            )
            {
                custom rel material:binding
                prepend rel material:binding = </Instances/mesh_2/VisualMaterials/a0000000_0000_0000_0000_000000000000>
            }

            over "a0000000_0000_0000_0000_000000000000907" (
                apiSchemas = ["MaterialBindingAPI"]
            )
            {
                custom rel material:binding
                prepend rel material:binding = </Instances/mesh_2/VisualMaterials/a0000000_0000_0000_0000_000000000000>
            }

            over "a0000000_0000_0000_0000_000000000000908" (
                apiSchemas = ["MaterialBindingAPI"]
            )
            {
                custom rel material:binding
                prepend rel material:binding = </Instances/mesh_2/VisualMaterials/a0000000_0000_0000_0000_000000000000>
            }

            over "a0000000_0000_0000_0000_000000000000909" (
                apiSchemas = ["MaterialBindingAPI"]
            )
            {
                custom rel material:binding
                prepend rel material:binding = </Instances/mesh_2/VisualMaterials/a0000000_0000_0000_0000_000000000000>
            }

            over "a0000000_0000_0000_0000_000000000000910" (
                apiSchemas = ["MaterialBindingAPI"]
            )
            {
                custom rel material:binding
                prepend rel material:binding = </Instances/mesh_2/VisualMaterials/a0000000_0000_0000_0000_000000000000>
            }

            over "a0000000_0000_0000_0000_000000000000911" (
                apiSchemas = ["MaterialBindingAPI"]
            )
            {
                custom rel material:binding
                prepend rel material:binding = </Instances/mesh_2/VisualMaterials/a0000000_0000_0000_0000_000000000000>
            }

            over "a0000000_0000_0000_0000_000000000000912" (
                apiSchemas = ["MaterialBindingAPI"]
            )
            {
                custom rel material:binding
                prepend rel material:binding = </Instances/mesh_2/VisualMaterials/a0000000_0000_0000_0000_000000000000>
            }

            over "a0000000_0000_0000_0000_000000000000913" (
                apiSchemas = ["MaterialBindingAPI"]
            )
            {
                custom rel material:binding
                prepend rel material:binding = </Instances/mesh_2/VisualMaterials/a0000000_0000_0000_0000_000000000000>
            }

            over "a0000000_0000_0000_0000_000000000000914" (
                apiSchemas = ["MaterialBindingAPI"]
            )
            {
                custom rel material:binding
                prepend rel material:binding = </Instances/mesh_2/VisualMaterials/a0000000_0000_0000_0000_000000000000>
            }

            over "a0000000_0000_0000_0000_000000000000915" (
                apiSchemas = ["MaterialBindingAPI"]
            )
            {
                custom rel material:binding
                prepend rel material:binding = </Instances/mesh_2/VisualMaterials/a0000000_0000_0000_0000_000000000000>
            }

            over "a0000000_0000_0000_0000_000000000000916" (
                apiSchemas = ["MaterialBindingAPI"]
            )
            {
                custom rel material:binding
                prepend rel material:binding = </Instances/mesh_2/VisualMaterials/a0000000_0000_0000_0000_000000000000>
            }

            over "a0000000_0000_0000_0000_000000000000917" (
                apiSchemas = ["MaterialBindingAPI"]
            )
            {
                custom rel material:binding
                prepend rel material:binding = </Instances/mesh_2/VisualMaterials/a0000000_0000_0000_0000_000000000000>
            }

            over "a0000000_0000_0000_0000_000000000000918" (
                apiSchemas = ["MaterialBindingAPI"]
            )
            {
                custom rel material:binding
                prepend rel material:binding = </Instances/mesh_2/VisualMaterials/a0000000_0000_0000_0000_000000000000>
            }

            over "a0000000_0000_0000_0000_000000000000919" (
                apiSchemas = ["MaterialBindingAPI"]
            )
            {
                custom rel material:binding
                prepend rel material:binding = </Instances/mesh_2/VisualMaterials/a0000000_0000_0000_0000_000000000000>
            }

            over "a0000000_0000_0000_0000_000000000000920" (
                apiSchemas = ["MaterialBindingAPI"]
            )
            {
                custom rel material:binding
                prepend rel material:binding = </Instances/mesh_2/VisualMaterials/a0000000_0000_0000_0000_000000000000>
            }

            over "a0000000_0000_0000_0000_000000000000921" (
                apiSchemas = ["MaterialBindingAPI"]
            )
            {
                custom rel material:binding
                prepend rel material:binding = </Instances/mesh_2/VisualMaterials/a0000000_0000_0000_0000_000000000000>
            }

            over "a0000000_0000_0000_0000_000000000000922" (
                apiSchemas = ["MaterialBindingAPI"]
            )
            {
                custom rel material:binding
                prepend rel material:binding = </Instances/mesh_2/VisualMaterials/a0000000_0000_0000_0000_000000000000>
            }

            over "a0000000_0000_0000_0000_000000000000923" (
                apiSchemas = ["MaterialBindingAPI"]
            )
            {
                custom rel material:binding
                prepend rel material:binding = </Instances/mesh_2/VisualMaterials/a0000000_0000_0000_0000_000000000000>
            }

            over "a0000000_0000_0000_0000_000000000000924" (
                apiSchemas = ["MaterialBindingAPI"]
            )
            {
                custom rel material:binding
                prepend rel material:binding = </Instances/mesh_2/VisualMaterials/a0000000_0000_0000_0000_000000000000>
            }

            over "a0000000_0000_0000_0000_000000000000925" (
                apiSchemas = ["MaterialBindingAPI"]
            )
            {
                custom rel material:binding
                prepend rel material:binding = </Instances/mesh_2/VisualMaterials/a0000000_0000_0000_0000_000000000000>
            }

            over "a0000000_0000_0000_0000_000000000000926" (
                apiSchemas = ["MaterialBindingAPI"]
            )
            {
                custom rel material:binding
                prepend rel material:binding = </Instances/mesh_2/VisualMaterials/a0000000_0000_0000_0000_000000000000>
            }

            over "a0000000_0000_0000_0000_000000000000927" (
                apiSchemas = ["MaterialBindingAPI"]
            )
            {
                custom rel material:binding
                prepend rel material:binding = </Instances/mesh_2/VisualMaterials/a0000000_0000_0000_0000_000000000000>
            }

            over "a0000000_0000_0000_0000_000000000000928" (
                apiSchemas = ["MaterialBindingAPI"]
            )
            {
                custom rel material:binding
                prepend rel material:binding = </Instances/mesh_2/VisualMaterials/a0000000_0000_0000_0000_000000000000>
            }

            over "a0000000_0000_0000_0000_000000000000929" (
                apiSchemas = ["MaterialBindingAPI"]
            )
            {
                custom rel material:binding
                prepend rel material:binding = </Instances/mesh_2/VisualMaterials/a0000000_0000_0000_0000_000000000000>
            }

            over "a0000000_0000_0000_0000_000000000000930" (
                apiSchemas = ["MaterialBindingAPI"]
            )
            {
                custom rel material:binding
                prepend rel material:binding = </Instances/mesh_2/VisualMaterials/a0000000_0000_0000_0000_000000000000>
            }

            over "a0000000_0000_0000_0000_000000000000931" (
                apiSchemas = ["MaterialBindingAPI"]
            )
            {
                custom rel material:binding
                prepend rel material:binding = </Instances/mesh_2/VisualMaterials/a0000000_0000_0000_0000_000000000000>
            }

            over "a0000000_0000_0000_0000_000000000000932" (
                apiSchemas = ["MaterialBindingAPI"]
            )
            {
                custom rel material:binding
                prepend rel material:binding = </Instances/mesh_2/VisualMaterials/a0000000_0000_0000_0000_000000000000>
            }

            over "Material________0035" (
                apiSchemas = ["MaterialBindingAPI"]
            )
            {
                custom rel material:binding
                prepend rel material:binding = </Instances/mesh_2/VisualMaterials/Material________002>
            }

            over "a0000000_0000_0000_0000_000000000000933" (
                apiSchemas = ["MaterialBindingAPI"]
            )
            {
                custom rel material:binding
                prepend rel material:binding = </Instances/mesh_2/VisualMaterials/a0000000_0000_0000_0000_000000000000>
            }

            over "a0000000_0000_0000_0000_000000000000934" (
                apiSchemas = ["MaterialBindingAPI"]
            )
            {
                custom rel material:binding
                prepend rel material:binding = </Instances/mesh_2/VisualMaterials/a0000000_0000_0000_0000_000000000000>
            }

            over "a0000000_0000_0000_0000_000000000000935" (
                apiSchemas = ["MaterialBindingAPI"]
            )
            {
                custom rel material:binding
                prepend rel material:binding = </Instances/mesh_2/VisualMaterials/a0000000_0000_0000_0000_000000000000>
            }

            over "a0000000_0000_0000_0000_000000000000936" (
                apiSchemas = ["MaterialBindingAPI"]
            )
            {
                custom rel material:binding
                prepend rel material:binding = </Instances/mesh_2/VisualMaterials/a0000000_0000_0000_0000_000000000000>
            }

            over "a0000000_0000_0000_0000_000000000000937" (
                apiSchemas = ["MaterialBindingAPI"]
            )
            {
                custom rel material:binding
                prepend rel material:binding = </Instances/mesh_2/VisualMaterials/a0000000_0000_0000_0000_000000000000>
            }

            over "a0000000_0000_0000_0000_000000000000938" (
                apiSchemas = ["MaterialBindingAPI"]
            )
            {
                custom rel material:binding
                prepend rel material:binding = </Instances/mesh_2/VisualMaterials/a0000000_0000_0000_0000_000000000000>
            }

            over "a0000000_0000_0000_0000_000000000000_00227" (
                apiSchemas = ["MaterialBindingAPI"]
            )
            {
                custom rel material:binding
                prepend rel material:binding = </Instances/mesh_2/VisualMaterials/a0000000_0000_0000_0000_000000000000_002>
            }

            over "a0000000_0000_0000_0000_000000000000_00228" (
                apiSchemas = ["MaterialBindingAPI"]
            )
            {
                custom rel material:binding
                prepend rel material:binding = </Instances/mesh_2/VisualMaterials/a0000000_0000_0000_0000_000000000000_002>
            }

            over "a0000000_0000_0000_0000_000000000000939" (
                apiSchemas = ["MaterialBindingAPI"]
            )
            {
                custom rel material:binding
                prepend rel material:binding = </Instances/mesh_2/VisualMaterials/a0000000_0000_0000_0000_000000000000>
            }

            over "a0000000_0000_0000_0000_000000000000940" (
                apiSchemas = ["MaterialBindingAPI"]
            )
            {
                custom rel material:binding
                prepend rel material:binding = </Instances/mesh_2/VisualMaterials/a0000000_0000_0000_0000_000000000000>
            }

            over "a0000000_0000_0000_0000_000000000000941" (
                apiSchemas = ["MaterialBindingAPI"]
            )
            {
                custom rel material:binding
                prepend rel material:binding = </Instances/mesh_2/VisualMaterials/a0000000_0000_0000_0000_000000000000>
            }

            over "a0000000_0000_0000_0000_000000000000942" (
                apiSchemas = ["MaterialBindingAPI"]
            )
            {
                custom rel material:binding
                prepend rel material:binding = </Instances/mesh_2/VisualMaterials/a0000000_0000_0000_0000_000000000000>
            }

            over "a0000000_0000_0000_0000_000000000000943" (
                apiSchemas = ["MaterialBindingAPI"]
            )
            {
                custom rel material:binding
                prepend rel material:binding = </Instances/mesh_2/VisualMaterials/a0000000_0000_0000_0000_000000000000>
            }

            over "a0000000_0000_0000_0000_000000000000944" (
                apiSchemas = ["MaterialBindingAPI"]
            )
            {
                custom rel material:binding
                prepend rel material:binding = </Instances/mesh_2/VisualMaterials/a0000000_0000_0000_0000_000000000000>
            }

            over "a0000000_0000_0000_0000_000000000000945" (
                apiSchemas = ["MaterialBindingAPI"]
            )
            {
                custom rel material:binding
                prepend rel material:binding = </Instances/mesh_2/VisualMaterials/a0000000_0000_0000_0000_000000000000>
            }

            over "a0000000_0000_0000_0000_000000000000946" (
                apiSchemas = ["MaterialBindingAPI"]
            )
            {
                custom rel material:binding
                prepend rel material:binding = </Instances/mesh_2/VisualMaterials/a0000000_0000_0000_0000_000000000000>
            }

            over "a0000000_0000_0000_0000_000000000000947" (
                apiSchemas = ["MaterialBindingAPI"]
            )
            {
                custom rel material:binding
                prepend rel material:binding = </Instances/mesh_2/VisualMaterials/a0000000_0000_0000_0000_000000000000>
            }

            over "a0000000_0000_0000_0000_000000000000948" (
                apiSchemas = ["MaterialBindingAPI"]
            )
            {
                custom rel material:binding
                prepend rel material:binding = </Instances/mesh_2/VisualMaterials/a0000000_0000_0000_0000_000000000000>
            }

            over "a0000000_0000_0000_0000_000000000000949" (
                apiSchemas = ["MaterialBindingAPI"]
            )
            {
                custom rel material:binding
                prepend rel material:binding = </Instances/mesh_2/VisualMaterials/a0000000_0000_0000_0000_000000000000>
            }

            over "a0000000_0000_0000_0000_000000000000950" (
                apiSchemas = ["MaterialBindingAPI"]
            )
            {
                custom rel material:binding
                prepend rel material:binding = </Instances/mesh_2/VisualMaterials/a0000000_0000_0000_0000_000000000000>
            }

            over "a0000000_0000_0000_0000_000000000000951" (
                apiSchemas = ["MaterialBindingAPI"]
            )
            {
                custom rel material:binding
                prepend rel material:binding = </Instances/mesh_2/VisualMaterials/a0000000_0000_0000_0000_000000000000>
            }

            over "a0000000_0000_0000_0000_000000000000952" (
                apiSchemas = ["MaterialBindingAPI"]
            )
            {
                custom rel material:binding
                prepend rel material:binding = </Instances/mesh_2/VisualMaterials/a0000000_0000_0000_0000_000000000000>
            }

            over "a0000000_0000_0000_0000_000000000000953" (
                apiSchemas = ["MaterialBindingAPI"]
            )
            {
                custom rel material:binding
                prepend rel material:binding = </Instances/mesh_2/VisualMaterials/a0000000_0000_0000_0000_000000000000>
            }

            over "a0000000_0000_0000_0000_000000000000954" (
                apiSchemas = ["MaterialBindingAPI"]
            )
            {
                custom rel material:binding
                prepend rel material:binding = </Instances/mesh_2/VisualMaterials/a0000000_0000_0000_0000_000000000000>
            }

            over "a0000000_0000_0000_0000_000000000000955" (
                apiSchemas = ["MaterialBindingAPI"]
            )
            {
                custom rel material:binding
                prepend rel material:binding = </Instances/mesh_2/VisualMaterials/a0000000_0000_0000_0000_000000000000>
            }

            over "a0000000_0000_0000_0000_000000000000956" (
                apiSchemas = ["MaterialBindingAPI"]
            )
            {
                custom rel material:binding
                prepend rel material:binding = </Instances/mesh_2/VisualMaterials/a0000000_0000_0000_0000_000000000000>
            }

            over "a0000000_0000_0000_0000_000000000000957" (
                apiSchemas = ["MaterialBindingAPI"]
            )
            {
                custom rel material:binding
                prepend rel material:binding = </Instances/mesh_2/VisualMaterials/a0000000_0000_0000_0000_000000000000>
            }

            over "a0000000_0000_0000_0000_000000000000958" (
                apiSchemas = ["MaterialBindingAPI"]
            )
            {
                custom rel material:binding
                prepend rel material:binding = </Instances/mesh_2/VisualMaterials/a0000000_0000_0000_0000_000000000000>
            }

            over "a0000000_0000_0000_0000_000000000000959" (
                apiSchemas = ["MaterialBindingAPI"]
            )
            {
                custom rel material:binding
                prepend rel material:binding = </Instances/mesh_2/VisualMaterials/a0000000_0000_0000_0000_000000000000>
            }

            over "a0000000_0000_0000_0000_000000000000960" (
                apiSchemas = ["MaterialBindingAPI"]
            )
            {
                custom rel material:binding
                prepend rel material:binding = </Instances/mesh_2/VisualMaterials/a0000000_0000_0000_0000_000000000000>
            }

            over "a0000000_0000_0000_0000_000000000000961" (
                apiSchemas = ["MaterialBindingAPI"]
            )
            {
                custom rel material:binding
                prepend rel material:binding = </Instances/mesh_2/VisualMaterials/a0000000_0000_0000_0000_000000000000>
            }

            over "a0000000_0000_0000_0000_000000000000962" (
                apiSchemas = ["MaterialBindingAPI"]
            )
            {
                custom rel material:binding
                prepend rel material:binding = </Instances/mesh_2/VisualMaterials/a0000000_0000_0000_0000_000000000000>
            }

            over "a0000000_0000_0000_0000_000000000000963" (
                apiSchemas = ["MaterialBindingAPI"]
            )
            {
                custom rel material:binding
                prepend rel material:binding = </Instances/mesh_2/VisualMaterials/a0000000_0000_0000_0000_000000000000>
            }

            over "a0000000_0000_0000_0000_000000000000964" (
                apiSchemas = ["MaterialBindingAPI"]
            )
            {
                custom rel material:binding
                prepend rel material:binding = </Instances/mesh_2/VisualMaterials/a0000000_0000_0000_0000_000000000000>
            }

            over "a0000000_0000_0000_0000_000000000000965" (
                apiSchemas = ["MaterialBindingAPI"]
            )
            {
                custom rel material:binding
                prepend rel material:binding = </Instances/mesh_2/VisualMaterials/a0000000_0000_0000_0000_000000000000>
            }

            over "a0000000_0000_0000_0000_000000000000966" (
                apiSchemas = ["MaterialBindingAPI"]
            )
            {
                custom rel material:binding
                prepend rel material:binding = </Instances/mesh_2/VisualMaterials/a0000000_0000_0000_0000_000000000000>
            }

            over "a0000000_0000_0000_0000_000000000000967" (
                apiSchemas = ["MaterialBindingAPI"]
            )
            {
                custom rel material:binding
                prepend rel material:binding = </Instances/mesh_2/VisualMaterials/a0000000_0000_0000_0000_000000000000>
            }

            over "a0000000_0000_0000_0000_000000000000968" (
                apiSchemas = ["MaterialBindingAPI"]
            )
            {
                custom rel material:binding
                prepend rel material:binding = </Instances/mesh_2/VisualMaterials/a0000000_0000_0000_0000_000000000000>
            }

            over "a0000000_0000_0000_0000_000000000000969" (
                apiSchemas = ["MaterialBindingAPI"]
            )
            {
                custom rel material:binding
                prepend rel material:binding = </Instances/mesh_2/VisualMaterials/a0000000_0000_0000_0000_000000000000>
            }

            over "a0000000_0000_0000_0000_000000000000970" (
                apiSchemas = ["MaterialBindingAPI"]
            )
            {
                custom rel material:binding
                prepend rel material:binding = </Instances/mesh_2/VisualMaterials/a0000000_0000_0000_0000_000000000000>
            }

            over "a0000000_0000_0000_0000_000000000000971" (
                apiSchemas = ["MaterialBindingAPI"]
            )
            {
                custom rel material:binding
                prepend rel material:binding = </Instances/mesh_2/VisualMaterials/a0000000_0000_0000_0000_000000000000>
            }

            over "a0000000_0000_0000_0000_000000000000972" (
                apiSchemas = ["MaterialBindingAPI"]
            )
            {
                custom rel material:binding
                prepend rel material:binding = </Instances/mesh_2/VisualMaterials/a0000000_0000_0000_0000_000000000000>
            }

            over "a0000000_0000_0000_0000_000000000000973" (
                apiSchemas = ["MaterialBindingAPI"]
            )
            {
                custom rel material:binding
                prepend rel material:binding = </Instances/mesh_2/VisualMaterials/a0000000_0000_0000_0000_000000000000>
            }

            over "a0000000_0000_0000_0000_000000000000974" (
                apiSchemas = ["MaterialBindingAPI"]
            )
            {
                custom rel material:binding
                prepend rel material:binding = </Instances/mesh_2/VisualMaterials/a0000000_0000_0000_0000_000000000000>
            }

            over "a0000000_0000_0000_0000_000000000000975" (
                apiSchemas = ["MaterialBindingAPI"]
            )
            {
                custom rel material:binding
                prepend rel material:binding = </Instances/mesh_2/VisualMaterials/a0000000_0000_0000_0000_000000000000>
            }

            over "a0000000_0000_0000_0000_000000000000976" (
                apiSchemas = ["MaterialBindingAPI"]
            )
            {
                custom rel material:binding
                prepend rel material:binding = </Instances/mesh_2/VisualMaterials/a0000000_0000_0000_0000_000000000000>
            }

            over "a0000000_0000_0000_0000_000000000000977" (
                apiSchemas = ["MaterialBindingAPI"]
            )
            {
                custom rel material:binding
                prepend rel material:binding = </Instances/mesh_2/VisualMaterials/a0000000_0000_0000_0000_000000000000>
            }

            over "a0000000_0000_0000_0000_000000000000978" (
                apiSchemas = ["MaterialBindingAPI"]
            )
            {
                custom rel material:binding
                prepend rel material:binding = </Instances/mesh_2/VisualMaterials/a0000000_0000_0000_0000_000000000000>
            }

            over "a0000000_0000_0000_0000_000000000000979" (
                apiSchemas = ["MaterialBindingAPI"]
            )
            {
                custom rel material:binding
                prepend rel material:binding = </Instances/mesh_2/VisualMaterials/a0000000_0000_0000_0000_000000000000>
            }

            over "a0000000_0000_0000_0000_000000000000980" (
                apiSchemas = ["MaterialBindingAPI"]
            )
            {
                custom rel material:binding
                prepend rel material:binding = </Instances/mesh_2/VisualMaterials/a0000000_0000_0000_0000_000000000000>
            }

            over "a0000000_0000_0000_0000_000000000000981" (
                apiSchemas = ["MaterialBindingAPI"]
            )
            {
                custom rel material:binding
                prepend rel material:binding = </Instances/mesh_2/VisualMaterials/a0000000_0000_0000_0000_000000000000>
            }

            over "a0000000_0000_0000_0000_000000000000982" (
                apiSchemas = ["MaterialBindingAPI"]
            )
            {
                custom rel material:binding
                prepend rel material:binding = </Instances/mesh_2/VisualMaterials/a0000000_0000_0000_0000_000000000000>
            }

            over "a0000000_0000_0000_0000_000000000000983" (
                apiSchemas = ["MaterialBindingAPI"]
            )
            {
                custom rel material:binding
                prepend rel material:binding = </Instances/mesh_2/VisualMaterials/a0000000_0000_0000_0000_000000000000>
            }

            over "a0000000_0000_0000_0000_000000000000984" (
                apiSchemas = ["MaterialBindingAPI"]
            )
            {
                custom rel material:binding
                prepend rel material:binding = </Instances/mesh_2/VisualMaterials/a0000000_0000_0000_0000_000000000000>
            }

            over "a0000000_0000_0000_0000_000000000000985" (
                apiSchemas = ["MaterialBindingAPI"]
            )
            {
                custom rel material:binding
                prepend rel material:binding = </Instances/mesh_2/VisualMaterials/a0000000_0000_0000_0000_000000000000>
            }

            over "a0000000_0000_0000_0000_000000000000986" (
                apiSchemas = ["MaterialBindingAPI"]
            )
            {
                custom rel material:binding
                prepend rel material:binding = </Instances/mesh_2/VisualMaterials/a0000000_0000_0000_0000_000000000000>
            }

            over "a0000000_0000_0000_0000_000000000000987" (
                apiSchemas = ["MaterialBindingAPI"]
            )
            {
                custom rel material:binding
                prepend rel material:binding = </Instances/mesh_2/VisualMaterials/a0000000_0000_0000_0000_000000000000>
            }

            over "a0000000_0000_0000_0000_000000000000988" (
                apiSchemas = ["MaterialBindingAPI"]
            )
            {
                custom rel material:binding
                prepend rel material:binding = </Instances/mesh_2/VisualMaterials/a0000000_0000_0000_0000_000000000000>
            }

            over "a0000000_0000_0000_0000_000000000000989" (
                apiSchemas = ["MaterialBindingAPI"]
            )
            {
                custom rel material:binding
                prepend rel material:binding = </Instances/mesh_2/VisualMaterials/a0000000_0000_0000_0000_000000000000>
            }

            over "a0000000_0000_0000_0000_000000000000990" (
                apiSchemas = ["MaterialBindingAPI"]
            )
            {
                custom rel material:binding
                prepend rel material:binding = </Instances/mesh_2/VisualMaterials/a0000000_0000_0000_0000_000000000000>
            }

            over "a0000000_0000_0000_0000_000000000000991" (
                apiSchemas = ["MaterialBindingAPI"]
            )
            {
                custom rel material:binding
                prepend rel material:binding = </Instances/mesh_2/VisualMaterials/a0000000_0000_0000_0000_000000000000>
            }

            over "a0000000_0000_0000_0000_000000000000992" (
                apiSchemas = ["MaterialBindingAPI"]
            )
            {
                custom rel material:binding
                prepend rel material:binding = </Instances/mesh_2/VisualMaterials/a0000000_0000_0000_0000_000000000000>
            }

            over "a0000000_0000_0000_0000_000000000000993" (
                apiSchemas = ["MaterialBindingAPI"]
            )
            {
                custom rel material:binding
                prepend rel material:binding = </Instances/mesh_2/VisualMaterials/a0000000_0000_0000_0000_000000000000>
            }
        }

        def Scope "VisualMaterials"
        {
            def Material "a0000000_0000_0000_0000_000000000000_002" (
                instanceable = true
                prepend references = @./materials.usda@</Materials/a0000000_0000_0000_0000_000000000000_002>
            )
            {
            }

            def Material "a0000000_0000_0000_0000_000000000000" (
                instanceable = true
                prepend references = @./materials.usda@</Materials/a0000000_0000_0000_0000_000000000000>
            )
            {
            }

            def Material "Material________002" (
                instanceable = true
                prepend references = @./materials.usda@</Materials/Material________002>
            )
            {
            }

            def Material "black_metal" (
                instanceable = true
                prepend references = @./materials.usda@</Materials/black_metal>
            )
            {
            }

            def Material "yin_" (
                instanceable = true
                prepend references = @./materials.usda@</Materials/yin_>
            )
            {
            }
        }
    }

    def Xform "mesh_2_1" (
        prepend references = @./geometries.usd@</Geometries/mesh_2>
    )
    {
        over "mesh_2" (
            apiSchemas = ["PhysicsCollisionAPI", "PhysicsMeshCollisionAPI"]
        )
        {
            token physics:approximation = "convexHull"
            uniform token purpose = "guide"

            over "subset_" (
                apiSchemas = ["MaterialBindingAPI"]
            )
            {
                custom rel material:binding
                prepend rel material:binding = </Instances/mesh_2_1/VisualMaterials/a0000000_0000_0000_0000_000000000000_002>
            }

            over "a0000000_0000_0000_0000_000000000000" (
                apiSchemas = ["MaterialBindingAPI"]
            )
            {
                custom rel material:binding
                prepend rel material:binding = </Instances/mesh_2_1/VisualMaterials/a0000000_0000_0000_0000_000000000000>
            }

            over "a0000000_0000_0000_0000_0000000000000" (
                apiSchemas = ["MaterialBindingAPI"]
            )
            {
                custom rel material:binding
                prepend rel material:binding = </Instances/mesh_2_1/VisualMaterials/a0000000_0000_0000_0000_000000000000>
            }

            over "a0000000_0000_0000_0000_0000000000001" (
                apiSchemas = ["MaterialBindingAPI"]
            )
            {
                custom rel material:binding
                prepend rel material:binding = </Instances/mesh_2_1/VisualMaterials/a0000000_0000_0000_0000_000000000000>
            }

            over "a0000000_0000_0000_0000_0000000000002" (
                apiSchemas = ["MaterialBindingAPI"]
            )
            {
                custom rel material:binding
                prepend rel material:binding = </Instances/mesh_2_1/VisualMaterials/a0000000_0000_0000_0000_000000000000>
            }

            over "a0000000_0000_0000_0000_0000000000003" (
                apiSchemas = ["MaterialBindingAPI"]
            )
            {
                custom rel material:binding
                prepend rel material:binding = </Instances/mesh_2_1/VisualMaterials/a0000000_0000_0000_0000_000000000000>
            }

            over "a0000000_0000_0000_0000_0000000000004" (
                apiSchemas = ["MaterialBindingAPI"]
            )
            {
                custom rel material:binding
                prepend rel material:binding = </Instances/mesh_2_1/VisualMaterials/a0000000_0000_0000_0000_000000000000>
            }

            over "a0000000_0000_0000_0000_0000000000005" (
                apiSchemas = ["MaterialBindingAPI"]
            )
            {
                custom rel material:binding
                prepend rel material:binding = </Instances/mesh_2_1/VisualMaterials/a0000000_0000_0000_0000_000000000000>
            }

            over "a0000000_0000_0000_0000_0000000000006" (
                apiSchemas = ["MaterialBindingAPI"]
            )
            {
                custom rel material:binding
                prepend rel material:binding = </Instances/mesh_2_1/VisualMaterials/a0000000_0000_0000_0000_000000000000>
            }

            over "a0000000_0000_0000_0000_0000000000007" (
                apiSchemas = ["MaterialBindingAPI"]
            )
            {
                custom rel material:binding
                prepend rel material:binding = </Instances/mesh_2_1/VisualMaterials/a0000000_0000_0000_0000_000000000000>
            }

            over "a0000000_0000_0000_0000_0000000000008" (
                apiSchemas = ["MaterialBindingAPI"]
            )
            {
                custom rel material:binding
                prepend rel material:binding = </Instances/mesh_2_1/VisualMaterials/a0000000_0000_0000_0000_000000000000>
            }

            over "a0000000_0000_0000_0000_0000000000009" (
                apiSchemas = ["MaterialBindingAPI"]
            )
            {
                custom rel material:binding
                prepend rel material:binding = </Instances/mesh_2_1/VisualMaterials/a0000000_0000_0000_0000_000000000000>
            }

            over "a0000000_0000_0000_0000_00000000000010" (
                apiSchemas = ["MaterialBindingAPI"]
            )
            {
                custom rel material:binding
                prepend rel material:binding = </Instances/mesh_2_1/VisualMaterials/a0000000_0000_0000_0000_000000000000>
            }

            over "a0000000_0000_0000_0000_00000000000011" (
                apiSchemas = ["MaterialBindingAPI"]
            )
            {
                custom rel material:binding
                prepend rel material:binding = </Instances/mesh_2_1/VisualMaterials/a0000000_0000_0000_0000_000000000000>
            }

            over "a0000000_0000_0000_0000_00000000000012" (
                apiSchemas = ["MaterialBindingAPI"]
            )
            {
                custom rel material:binding
                prepend rel material:binding = </Instances/mesh_2_1/VisualMaterials/a0000000_0000_0000_0000_000000000000>
            }

            over "a0000000_0000_0000_0000_00000000000013" (
                apiSchemas = ["MaterialBindingAPI"]
            )
            {
                custom rel material:binding
                prepend rel material:binding = </Instances/mesh_2_1/VisualMaterials/a0000000_0000_0000_0000_000000000000>
            }

            over "a0000000_0000_0000_0000_00000000000014" (
                apiSchemas = ["MaterialBindingAPI"]
            )
            {
                custom rel material:binding
                prepend rel material:binding = </Instances/mesh_2_1/VisualMaterials/a0000000_0000_0000_0000_000000000000>
            }

            over "a0000000_0000_0000_0000_00000000000015" (
                apiSchemas = ["MaterialBindingAPI"]
            )
            {
                custom rel material:binding
                prepend rel material:binding = </Instances/mesh_2_1/VisualMaterials/a0000000_0000_0000_0000_000000000000>
            }

            over "a0000000_0000_0000_0000_000000000000_002" (
                apiSchemas = ["MaterialBindingAPI"]
            )
            {
                custom rel material:binding
                prepend rel material:binding = </Instances/mesh_2_1/VisualMaterials/a0000000_0000_0000_0000_000000000000_002>
            }

            over "a0000000_0000_0000_0000_000000000000_0020" (
                apiSchemas = ["MaterialBindingAPI"]
            )
            {
                custom rel material:binding
                prepend rel material:binding = </Instances/mesh_2_1/VisualMaterials/a0000000_0000_0000_0000_000000000000_002>
            }

            over "a0000000_0000_0000_0000_000000000000_0021" (
                apiSchemas = ["MaterialBindingAPI"]
            )
            {
                custom rel material:binding
                prepend rel material:binding = </Instances/mesh_2_1/VisualMaterials/a0000000_0000_0000_0000_000000000000_002>
            }

            over "a0000000_0000_0000_0000_000000000000_0022" (
                apiSchemas = ["MaterialBindingAPI"]
            )
            {
                custom rel material:binding
                prepend rel material:binding = </Instances/mesh_2_1/VisualMaterials/a0000000_0000_0000_0000_000000000000_002>
            }

            over "a0000000_0000_0000_0000_00000000000016" (
                apiSchemas = ["MaterialBindingAPI"]
            )
            {
                custom rel material:binding
                prepend rel material:binding = </Instances/mesh_2_1/VisualMaterials/a0000000_0000_0000_0000_000000000000>
            }

            over "a0000000_0000_0000_0000_000000000000_0023" (
                apiSchemas = ["MaterialBindingAPI"]
            )
            {
                custom rel material:binding
                prepend rel material:binding = </Instances/mesh_2_1/VisualMaterials/a0000000_0000_0000_0000_000000000000_002>
            }

            over "a0000000_0000_0000_0000_000000000000_0024" (
                apiSchemas = ["MaterialBindingAPI"]
            )
            {
                custom rel material:binding
                prepend rel material:binding = </Instances/mesh_2_1/VisualMaterials/a0000000_0000_0000_0000_000000000000_002>
            }

            over "a0000000_0000_0000_0000_00000000000017" (
                apiSchemas = ["MaterialBindingAPI"]
            )
            {
                custom rel material:binding
                prepend rel material:binding = </Instances/mesh_2_1/VisualMaterials/a0000000_0000_0000_0000_000000000000>
            }

            over "a0000000_0000_0000_0000_00000000000018" (
                apiSchemas = ["MaterialBindingAPI"]
            )
            {
                custom rel material:binding
                prepend rel material:binding = </Instances/mesh_2_1/VisualMaterials/a0000000_0000_0000_0000_000000000000>
            }

            over "a0000000_0000_0000_0000_00000000000019" (
                apiSchemas = ["MaterialBindingAPI"]
            )
            {
                custom rel material:binding
                prepend rel material:binding = </Instances/mesh_2_1/VisualMaterials/a0000000_0000_0000_0000_000000000000>
            }

            over "a0000000_0000_0000_0000_00000000000020" (
                apiSchemas = ["MaterialBindingAPI"]
            )
            {
                custom rel material:binding
                prepend rel material:binding = </Instances/mesh_2_1/VisualMaterials/a0000000_0000_0000_0000_000000000000>
            }

            over "a0000000_0000_0000_0000_00000000000021" (
                apiSchemas = ["MaterialBindingAPI"]
            )
            {
                custom rel material:binding
                prepend rel material:binding = </Instances/mesh_2_1/VisualMaterials/a0000000_0000_0000_0000_000000000000>
            }

            over "a0000000_0000_0000_0000_00000000000022" (
                apiSchemas = ["MaterialBindingAPI"]
            )
            {
                custom rel material:binding
                prepend rel material:binding = </Instances/mesh_2_1/VisualMaterials/a0000000_0000_0000_0000_000000000000>
            }

            over "a0000000_0000_0000_0000_00000000000023" (
                apiSchemas = ["MaterialBindingAPI"]
            )
            {
                custom rel material:binding
                prepend rel material:binding = </Instances/mesh_2_1/VisualMaterials/a0000000_0000_0000_0000_000000000000>
            }

            over "a0000000_0000_0000_0000_00000000000024" (
                apiSchemas = ["MaterialBindingAPI"]
            )
            {
                custom rel material:binding
                prepend rel material:binding = </Instances/mesh_2_1/VisualMaterials/a0000000_0000_0000_0000_000000000000>
            }

            over "a0000000_0000_0000_0000_00000000000025" (
                apiSchemas = ["MaterialBindingAPI"]
            )
            {
                custom rel material:binding
                prepend rel material:binding = </Instances/mesh_2_1/VisualMaterials/a0000000_0000_0000_0000_000000000000>
            }

            over "a0000000_0000_0000_0000_00000000000026" (
                apiSchemas = ["MaterialBindingAPI"]
            )
            {
                custom rel material:binding
                prepend rel material:binding = </Instances/mesh_2_1/VisualMaterials/a0000000_0000_0000_0000_000000000000>
            }

            over "a0000000_0000_0000_0000_00000000000027" (
                apiSchemas = ["MaterialBindingAPI"]
            )
            {
                custom rel material:binding
                prepend rel material:binding = </Instances/mesh_2_1/VisualMaterials/a0000000_0000_0000_0000_000000000000>
            }

            over "a0000000_0000_0000_0000_00000000000028" (
                apiSchemas = ["MaterialBindingAPI"]
            )
            {
                custom rel material:binding
                prepend rel material:binding = </Instances/mesh_2_1/VisualMaterials/a0000000_0000_0000_0000_000000000000>
            }

            over "a0000000_0000_0000_0000_00000000000029" (
                apiSchemas = ["MaterialBindingAPI"]
            )
            {
                custom rel material:binding
                prepend rel material:binding = </Instances/mesh_2_1/VisualMaterials/a0000000_0000_0000_0000_000000000000>
            }

            over "a0000000_0000_0000_0000_00000000000030" (
                apiSchemas = ["MaterialBindingAPI"]
            )
            {
                custom rel material:binding
                prepend rel material:binding = </Instances/mesh_2_1/VisualMaterials/a0000000_0000_0000_0000_000000000000>
            }

            over "a0000000_0000_0000_0000_000000000000_0025" (
                apiSchemas = ["MaterialBindingAPI"]
            )
            {
                custom rel material:binding
                prepend rel material:binding = </Instances/mesh_2_1/VisualMaterials/a0000000_0000_0000_0000_000000000000_002>
            }

            over "a0000000_0000_0000_0000_00000000000031" (
                apiSchemas = ["MaterialBindingAPI"]
            )
            {
                custom rel material:binding
                prepend rel material:binding = </Instances/mesh_2_1/VisualMaterials/a0000000_0000_0000_0000_000000000000>
            }

            over "a0000000_0000_0000_0000_00000000000032" (
                apiSchemas = ["MaterialBindingAPI"]
            )
            {
                custom rel material:binding
                prepend rel material:binding = </Instances/mesh_2_1/VisualMaterials/a0000000_0000_0000_0000_000000000000>
            }

            over "a0000000_0000_0000_0000_00000000000033" (
                apiSchemas = ["MaterialBindingAPI"]
            )
            {
                custom rel material:binding
                prepend rel material:binding = </Instances/mesh_2_1/VisualMaterials/a0000000_0000_0000_0000_000000000000>
            }

            over "a0000000_0000_0000_0000_00000000000034" (
                apiSchemas = ["MaterialBindingAPI"]
            )
            {
                custom rel material:binding
                prepend rel material:binding = </Instances/mesh_2_1/VisualMaterials/a0000000_0000_0000_0000_000000000000>
            }

            over "a0000000_0000_0000_0000_00000000000035" (
                apiSchemas = ["MaterialBindingAPI"]
            )
            {
                custom rel material:binding
                prepend rel material:binding = </Instances/mesh_2_1/VisualMaterials/a0000000_0000_0000_0000_000000000000>
            }

            over "a0000000_0000_0000_0000_00000000000036" (
                apiSchemas = ["MaterialBindingAPI"]
            )
            {
                custom rel material:binding
                prepend rel material:binding = </Instances/mesh_2_1/VisualMaterials/a0000000_0000_0000_0000_000000000000>
            }

            over "a0000000_0000_0000_0000_00000000000037" (
                apiSchemas = ["MaterialBindingAPI"]
            )
            {
                custom rel material:binding
                prepend rel material:binding = </Instances/mesh_2_1/VisualMaterials/a0000000_0000_0000_0000_000000000000>
            }

            over "a0000000_0000_0000_0000_00000000000038" (
                apiSchemas = ["MaterialBindingAPI"]
            )
            {
                custom rel material:binding
                prepend rel material:binding = </Instances/mesh_2_1/VisualMaterials/a0000000_0000_0000_0000_000000000000>
            }

            over "a0000000_0000_0000_0000_00000000000039" (
                apiSchemas = ["MaterialBindingAPI"]
            )
            {
                custom rel material:binding
                prepend rel material:binding = </Instances/mesh_2_1/VisualMaterials/a0000000_0000_0000_0000_000000000000>
            }

            over "a0000000_0000_0000_0000_00000000000040" (
                apiSchemas = ["MaterialBindingAPI"]
            )
            {
                custom rel material:binding
                prepend rel material:binding = </Instances/mesh_2_1/VisualMaterials/a0000000_0000_0000_0000_000000000000>
            }

            over "a0000000_0000_0000_0000_00000000000041" (
                apiSchemas = ["MaterialBindingAPI"]
            )
            {
                custom rel material:binding
                prepend rel material:binding = </Instances/mesh_2_1/VisualMaterials/a0000000_0000_0000_0000_000000000000>
            }

            over "a0000000_0000_0000_0000_00000000000042" (
                apiSchemas = ["MaterialBindingAPI"]
            )
            {
                custom rel material:binding
                prepend rel material:binding = </Instances/mesh_2_1/VisualMaterials/a0000000_0000_0000_0000_000000000000>
            }

            over "a0000000_0000_0000_0000_00000000000043" (
                apiSchemas = ["MaterialBindingAPI"]
            )
            {
                custom rel material:binding
                prepend rel material:binding = </Instances/mesh_2_1/VisualMaterials/a0000000_0000_0000_0000_000000000000>
            }

            over "a0000000_0000_0000_0000_00000000000044" (
                apiSchemas = ["MaterialBindingAPI"]
            )
            {
                custom rel material:binding
                prepend rel material:binding = </Instances/mesh_2_1/VisualMaterials/a0000000_0000_0000_0000_000000000000>
            }

            over "a0000000_0000_0000_0000_00000000000045" (
                apiSchemas = ["MaterialBindingAPI"]
            )
            {
                custom rel material:binding
                prepend rel material:binding = </Instances/mesh_2_1/VisualMaterials/a0000000_0000_0000_0000_000000000000>
            }

            over "a0000000_0000_0000_0000_00000000000046" (
                apiSchemas = ["MaterialBindingAPI"]
            )
            {
                custom rel material:binding
                prepend rel material:binding = </Instances/mesh_2_1/VisualMaterials/a0000000_0000_0000_0000_000000000000>
            }

            over "a0000000_0000_0000_0000_000000000000_0026" (
                apiSchemas = ["MaterialBindingAPI"]
            )
            {
                custom rel material:binding
                prepend rel material:binding = </Instances/mesh_2_1/VisualMaterials/a0000000_0000_0000_0000_000000000000_002>
            }

            over "a0000000_0000_0000_0000_00000000000047" (
                apiSchemas = ["MaterialBindingAPI"]
            )
            {
                custom rel material:binding
                prepend rel material:binding = </Instances/mesh_2_1/VisualMaterials/a0000000_0000_0000_0000_000000000000>
            }

            over "a0000000_0000_0000_0000_00000000000048" (
                apiSchemas = ["MaterialBindingAPI"]
            )
            {
                custom rel material:binding
                prepend rel material:binding = </Instances/mesh_2_1/VisualMaterials/a0000000_0000_0000_0000_000000000000>
            }

            over "a0000000_0000_0000_0000_00000000000049" (
                apiSchemas = ["MaterialBindingAPI"]
            )
            {
                custom rel material:binding
                prepend rel material:binding = </Instances/mesh_2_1/VisualMaterials/a0000000_0000_0000_0000_000000000000>
            }

            over "a0000000_0000_0000_0000_00000000000050" (
                apiSchemas = ["MaterialBindingAPI"]
            )
            {
                custom rel material:binding
                prepend rel material:binding = </Instances/mesh_2_1/VisualMaterials/a0000000_0000_0000_0000_000000000000>
            }

            over "a0000000_0000_0000_0000_00000000000051" (
                apiSchemas = ["MaterialBindingAPI"]
            )
            {
                custom rel material:binding
                prepend rel material:binding = </Instances/mesh_2_1/VisualMaterials/a0000000_0000_0000_0000_000000000000>
            }

            over "a0000000_0000_0000_0000_00000000000052" (
                apiSchemas = ["MaterialBindingAPI"]
            )
            {
                custom rel material:binding
                prepend rel material:binding = </Instances/mesh_2_1/VisualMaterials/a0000000_0000_0000_0000_000000000000>
            }

            over "a0000000_0000_0000_0000_00000000000053" (
                apiSchemas = ["MaterialBindingAPI"]
            )
            {
                custom rel material:binding
                prepend rel material:binding = </Instances/mesh_2_1/VisualMaterials/a0000000_0000_0000_0000_000000000000>
            }

            over "a0000000_0000_0000_0000_00000000000054" (
                apiSchemas = ["MaterialBindingAPI"]
            )
            {
                custom rel material:binding
                prepend rel material:binding = </Instances/mesh_2_1/VisualMaterials/a0000000_0000_0000_0000_000000000000>
            }

            over "a0000000_0000_0000_0000_00000000000055" (
                apiSchemas = ["MaterialBindingAPI"]
            )
            {
                custom rel material:binding
                prepend rel material:binding = </Instances/mesh_2_1/VisualMaterials/a0000000_0000_0000_0000_000000000000>
            }

            over "a0000000_0000_0000_0000_00000000000056" (
                apiSchemas = ["MaterialBindingAPI"]
            )
            {
                custom rel material:binding
                prepend rel material:binding = </Instances/mesh_2_1/VisualMaterials/a0000000_0000_0000_0000_000000000000>
            }

            over "a0000000_0000_0000_0000_00000000000057" (
                apiSchemas = ["MaterialBindingAPI"]
            )
            {
                custom rel material:binding
                prepend rel material:binding = </Instances/mesh_2_1/VisualMaterials/a0000000_0000_0000_0000_000000000000>
            }

            over "a0000000_0000_0000_0000_00000000000058" (
                apiSchemas = ["MaterialBindingAPI"]
            )
            {
                custom rel material:binding
                prepend rel material:binding = </Instances/mesh_2_1/VisualMaterials/a0000000_0000_0000_0000_000000000000>
            }

            over "a0000000_0000_0000_0000_00000000000059" (
                apiSchemas = ["MaterialBindingAPI"]
            )
            {
                custom rel material:binding
                prepend rel material:binding = </Instances/mesh_2_1/VisualMaterials/a0000000_0000_0000_0000_000000000000>
            }

            over "a0000000_0000_0000_0000_00000000000060" (
                apiSchemas = ["MaterialBindingAPI"]
            )
            {
                custom rel material:binding
                prepend rel material:binding = </Instances/mesh_2_1/VisualMaterials/a0000000_0000_0000_0000_000000000000>
            }

            over "a0000000_0000_0000_0000_00000000000061" (
                apiSchemas = ["MaterialBindingAPI"]
            )
            {
                custom rel material:binding
                prepend rel material:binding = </Instances/mesh_2_1/VisualMaterials/a0000000_0000_0000_0000_000000000000>
            }

            over "a0000000_0000_0000_0000_00000000000062" (
                apiSchemas = ["MaterialBindingAPI"]
            )
            {
                custom rel material:binding
                prepend rel material:binding = </Instances/mesh_2_1/VisualMaterials/a0000000_0000_0000_0000_000000000000>
            }

            over "a0000000_0000_0000_0000_00000000000063" (
                apiSchemas = ["MaterialBindingAPI"]
            )
            {
                custom rel material:binding
                prepend rel material:binding = </Instances/mesh_2_1/VisualMaterials/a0000000_0000_0000_0000_000000000000>
            }

            over "a0000000_0000_0000_0000_00000000000064" (
                apiSchemas = ["MaterialBindingAPI"]
            )
            {
                custom rel material:binding
                prepend rel material:binding = </Instances/mesh_2_1/VisualMaterials/a0000000_0000_0000_0000_000000000000>
            }

            over "a0000000_0000_0000_0000_00000000000065" (
                apiSchemas = ["MaterialBindingAPI"]
            )
            {
                custom rel material:binding
                prepend rel material:binding = </Instances/mesh_2_1/VisualMaterials/a0000000_0000_0000_0000_000000000000>
            }

            over "a0000000_0000_0000_0000_00000000000066" (
                apiSchemas = ["MaterialBindingAPI"]
            )
            {
                custom rel material:binding
                prepend rel material:binding = </Instances/mesh_2_1/VisualMaterials/a0000000_0000_0000_0000_000000000000>
            }

            over "a0000000_0000_0000_0000_00000000000067" (
                apiSchemas = ["MaterialBindingAPI"]
            )
            {
                custom rel material:binding
                prepend rel material:binding = </Instances/mesh_2_1/VisualMaterials/a0000000_0000_0000_0000_000000000000>
            }

            over "a0000000_0000_0000_0000_00000000000068" (
                apiSchemas = ["MaterialBindingAPI"]
            )
            {
                custom rel material:binding
                prepend rel material:binding = </Instances/mesh_2_1/VisualMaterials/a0000000_0000_0000_0000_000000000000>
            }

            over "a0000000_0000_0000_0000_00000000000069" (
                apiSchemas = ["MaterialBindingAPI"]
            )
            {
                custom rel material:binding
                prepend rel material:binding = </Instances/mesh_2_1/VisualMaterials/a0000000_0000_0000_0000_000000000000>
            }

            over "a0000000_0000_0000_0000_00000000000070" (
                apiSchemas = ["MaterialBindingAPI"]
            )
            {
                custom rel material:binding
                prepend rel material:binding = </Instances/mesh_2_1/VisualMaterials/a0000000_0000_0000_0000_000000000000>
            }

            over "a0000000_0000_0000_0000_00000000000071" (
                apiSchemas = ["MaterialBindingAPI"]
            )
            {
                custom rel material:binding
                prepend rel material:binding = </Instances/mesh_2_1/VisualMaterials/a0000000_0000_0000_0000_000000000000>
            }

            over "a0000000_0000_0000_0000_00000000000072" (
                apiSchemas = ["MaterialBindingAPI"]
            )
            {
                custom rel material:binding
                prepend rel material:binding = </Instances/mesh_2_1/VisualMaterials/a0000000_0000_0000_0000_000000000000>
            }

            over "a0000000_0000_0000_0000_00000000000073" (
                apiSchemas = ["MaterialBindingAPI"]
            )
            {
                custom rel material:binding
                prepend rel material:binding = </Instances/mesh_2_1/VisualMaterials/a0000000_0000_0000_0000_000000000000>
            }

            over "a0000000_0000_0000_0000_00000000000074" (
                apiSchemas = ["MaterialBindingAPI"]
            )
            {
                custom rel material:binding
                prepend rel material:binding = </Instances/mesh_2_1/VisualMaterials/a0000000_0000_0000_0000_000000000000>
            }

            over "a0000000_0000_0000_0000_00000000000075" (
                apiSchemas = ["MaterialBindingAPI"]
            )
            {
                custom rel material:binding
                prepend rel material:binding = </Instances/mesh_2_1/VisualMaterials/a0000000_0000_0000_0000_000000000000>
            }

            over "a0000000_0000_0000_0000_00000000000076" (
                apiSchemas = ["MaterialBindingAPI"]
            )
            {
                custom rel material:binding
                prepend rel material:binding = </Instances/mesh_2_1/VisualMaterials/a0000000_0000_0000_0000_000000000000>
            }

            over "a0000000_0000_0000_0000_00000000000077" (
                apiSchemas = ["MaterialBindingAPI"]
            )
            {
                custom rel material:binding
                prepend rel material:binding = </Instances/mesh_2_1/VisualMaterials/a0000000_0000_0000_0000_000000000000>
            }

            over "a0000000_0000_0000_0000_00000000000078" (
                apiSchemas = ["MaterialBindingAPI"]
            )
            {
                custom rel material:binding
                prepend rel material:binding = </Instances/mesh_2_1/VisualMaterials/a0000000_0000_0000_0000_000000000000>
            }

            over "a0000000_0000_0000_0000_00000000000079" (
                apiSchemas = ["MaterialBindingAPI"]
            )
            {
                custom rel material:binding
                prepend rel material:binding = </Instances/mesh_2_1/VisualMaterials/a0000000_0000_0000_0000_000000000000>
            }

            over "a0000000_0000_0000_0000_00000000000080" (
                apiSchemas = ["MaterialBindingAPI"]
            )
            {
                custom rel material:binding
                prepend rel material:binding = </Instances/mesh_2_1/VisualMaterials/a0000000_0000_0000_0000_000000000000>
            }

            over "a0000000_0000_0000_0000_00000000000081" (
                apiSchemas = ["MaterialBindingAPI"]
            )
            {
                custom rel material:binding
                prepend rel material:binding = </Instances/mesh_2_1/VisualMaterials/a0000000_0000_0000_0000_000000000000>
            }

            over "a0000000_0000_0000_0000_00000000000082" (
                apiSchemas = ["MaterialBindingAPI"]
            )
            {
                custom rel material:binding
                prepend rel material:binding = </Instances/mesh_2_1/VisualMaterials/a0000000_0000_0000_0000_000000000000>
            }

            over "a0000000_0000_0000_0000_00000000000083" (
                apiSchemas = ["MaterialBindingAPI"]
            )
            {
                custom rel material:binding
                prepend rel material:binding = </Instances/mesh_2_1/VisualMaterials/a0000000_0000_0000_0000_000000000000>
            }

            over "a0000000_0000_0000_0000_00000000000084" (
                apiSchemas = ["MaterialBindingAPI"]
            )
            {
                custom rel material:binding
                prepend rel material:binding = </Instances/mesh_2_1/VisualMaterials/a0000000_0000_0000_0000_000000000000>
            }

            over "a0000000_0000_0000_0000_00000000000085" (
                apiSchemas = ["MaterialBindingAPI"]
            )
            {
                custom rel material:binding
                prepend rel material:binding = </Instances/mesh_2_1/VisualMaterials/a0000000_0000_0000_0000_000000000000>
            }

            over "a0000000_0000_0000_0000_00000000000086" (
                apiSchemas = ["MaterialBindingAPI"]
            )
            {
                custom rel material:binding
                prepend rel material:binding = </Instances/mesh_2_1/VisualMaterials/a0000000_0000_0000_0000_000000000000>
            }

            over "a0000000_0000_0000_0000_00000000000087" (
                apiSchemas = ["MaterialBindingAPI"]
            )
            {
                custom rel material:binding
                prepend rel material:binding = </Instances/mesh_2_1/VisualMaterials/a0000000_0000_0000_0000_000000000000>
            }

            over "a0000000_0000_0000_0000_00000000000088" (
                apiSchemas = ["MaterialBindingAPI"]
            )
            {
                custom rel material:binding
                prepend rel material:binding = </Instances/mesh_2_1/VisualMaterials/a0000000_0000_0000_0000_000000000000>
            }

            over "a0000000_0000_0000_0000_00000000000089" (
                apiSchemas = ["MaterialBindingAPI"]
            )
            {
                custom rel material:binding
                prepend rel material:binding = </Instances/mesh_2_1/VisualMaterials/a0000000_0000_0000_0000_000000000000>
            }

            over "a0000000_0000_0000_0000_00000000000090" (
                apiSchemas = ["MaterialBindingAPI"]
            )
            {
                custom rel material:binding
                prepend rel material:binding = </Instances/mesh_2_1/VisualMaterials/a0000000_0000_0000_0000_000000000000>
            }

            over "a0000000_0000_0000_0000_000000000000_0027" (
                apiSchemas = ["MaterialBindingAPI"]
            )
            {
                custom rel material:binding
                prepend rel material:binding = </Instances/mesh_2_1/VisualMaterials/a0000000_0000_0000_0000_000000000000_002>
            }

            over "a0000000_0000_0000_0000_00000000000091" (
                apiSchemas = ["MaterialBindingAPI"]
            )
            {
                custom rel material:binding
                prepend rel material:binding = </Instances/mesh_2_1/VisualMaterials/a0000000_0000_0000_0000_000000000000>
            }

            over "a0000000_0000_0000_0000_00000000000092" (
                apiSchemas = ["MaterialBindingAPI"]
            )
            {
                custom rel material:binding
                prepend rel material:binding = </Instances/mesh_2_1/VisualMaterials/a0000000_0000_0000_0000_000000000000>
            }

            over "a0000000_0000_0000_0000_00000000000093" (
                apiSchemas = ["MaterialBindingAPI"]
            )
            {
                custom rel material:binding
                prepend rel material:binding = </Instances/mesh_2_1/VisualMaterials/a0000000_0000_0000_0000_000000000000>
            }

            over "a0000000_0000_0000_0000_00000000000094" (
                apiSchemas = ["MaterialBindingAPI"]
            )
            {
                custom rel material:binding
                prepend rel material:binding = </Instances/mesh_2_1/VisualMaterials/a0000000_0000_0000_0000_000000000000>
            }

            over "a0000000_0000_0000_0000_00000000000095" (
                apiSchemas = ["MaterialBindingAPI"]
            )
            {
                custom rel material:binding
                prepend rel material:binding = </Instances/mesh_2_1/VisualMaterials/a0000000_0000_0000_0000_000000000000>
            }

            over "a0000000_0000_0000_0000_00000000000096" (
                apiSchemas = ["MaterialBindingAPI"]
            )
            {
                custom rel material:binding
                prepend rel material:binding = </Instances/mesh_2_1/VisualMaterials/a0000000_0000_0000_0000_000000000000>
            }

            over "a0000000_0000_0000_0000_00000000000097" (
                apiSchemas = ["MaterialBindingAPI"]
            )
            {
                custom rel material:binding
                prepend rel material:binding = </Instances/mesh_2_1/VisualMaterials/a0000000_0000_0000_0000_000000000000>
            }

            over "a0000000_0000_0000_0000_00000000000098" (
                apiSchemas = ["MaterialBindingAPI"]
            )
            {
                custom rel material:binding
                prepend rel material:binding = </Instances/mesh_2_1/VisualMaterials/a0000000_0000_0000_0000_000000000000>
            }

            over "a0000000_0000_0000_0000_00000000000099" (
                apiSchemas = ["MaterialBindingAPI"]
            )
            {
                custom rel material:binding
                prepend rel material:binding = </Instances/mesh_2_1/VisualMaterials/a0000000_0000_0000_0000_000000000000>
            }

            over "a0000000_0000_0000_0000_000000000000100" (
                apiSchemas = ["MaterialBindingAPI"]
            )
            {
                custom rel material:binding
                prepend rel material:binding = </Instances/mesh_2_1/VisualMaterials/a0000000_0000_0000_0000_000000000000>
            }

            over "a0000000_0000_0000_0000_000000000000101" (
                apiSchemas = ["MaterialBindingAPI"]
            )
            {
                custom rel material:binding
                prepend rel material:binding = </Instances/mesh_2_1/VisualMaterials/a0000000_0000_0000_0000_000000000000>
            }

            over "a0000000_0000_0000_0000_000000000000102" (
                apiSchemas = ["MaterialBindingAPI"]
            )
            {
                custom rel material:binding
                prepend rel material:binding = </Instances/mesh_2_1/VisualMaterials/a0000000_0000_0000_0000_000000000000>
            }

            over "a0000000_0000_0000_0000_000000000000103" (
                apiSchemas = ["MaterialBindingAPI"]
            )
            {
                custom rel material:binding
                prepend rel material:binding = </Instances/mesh_2_1/VisualMaterials/a0000000_0000_0000_0000_000000000000>
            }

            over "a0000000_0000_0000_0000_000000000000104" (
                apiSchemas = ["MaterialBindingAPI"]
            )
            {
                custom rel material:binding
                prepend rel material:binding = </Instances/mesh_2_1/VisualMaterials/a0000000_0000_0000_0000_000000000000>
            }

            over "a0000000_0000_0000_0000_000000000000105" (
                apiSchemas = ["MaterialBindingAPI"]
            )
            {
                custom rel material:binding
                prepend rel material:binding = </Instances/mesh_2_1/VisualMaterials/a0000000_0000_0000_0000_000000000000>
            }

            over "a0000000_0000_0000_0000_000000000000106" (
                apiSchemas = ["MaterialBindingAPI"]
            )
            {
                custom rel material:binding
                prepend rel material:binding = </Instances/mesh_2_1/VisualMaterials/a0000000_0000_0000_0000_000000000000>
            }

            over "a0000000_0000_0000_0000_000000000000107" (
                apiSchemas = ["MaterialBindingAPI"]
            )
            {
                custom rel material:binding
                prepend rel material:binding = </Instances/mesh_2_1/VisualMaterials/a0000000_0000_0000_0000_000000000000>
            }

            over "a0000000_0000_0000_0000_000000000000108" (
                apiSchemas = ["MaterialBindingAPI"]
            )
            {
                custom rel material:binding
                prepend rel material:binding = </Instances/mesh_2_1/VisualMaterials/a0000000_0000_0000_0000_000000000000>
            }

            over "a0000000_0000_0000_0000_000000000000109" (
                apiSchemas = ["MaterialBindingAPI"]
            )
            {
                custom rel material:binding
                prepend rel material:binding = </Instances/mesh_2_1/VisualMaterials/a0000000_0000_0000_0000_000000000000>
            }

            over "a0000000_0000_0000_0000_000000000000110" (
                apiSchemas = ["MaterialBindingAPI"]
            )
            {
                custom rel material:binding
                prepend rel material:binding = </Instances/mesh_2_1/VisualMaterials/a0000000_0000_0000_0000_000000000000>
            }

            over "a0000000_0000_0000_0000_000000000000111" (
                apiSchemas = ["MaterialBindingAPI"]
            )
            {
                custom rel material:binding
                prepend rel material:binding = </Instances/mesh_2_1/VisualMaterials/a0000000_0000_0000_0000_000000000000>
            }

            over "a0000000_0000_0000_0000_000000000000112" (
                apiSchemas = ["MaterialBindingAPI"]
            )
            {
                custom rel material:binding
                prepend rel material:binding = </Instances/mesh_2_1/VisualMaterials/a0000000_0000_0000_0000_000000000000>
            }

            over "a0000000_0000_0000_0000_000000000000113" (
                apiSchemas = ["MaterialBindingAPI"]
            )
            {
                custom rel material:binding
                prepend rel material:binding = </Instances/mesh_2_1/VisualMaterials/a0000000_0000_0000_0000_000000000000>
            }

            over "a0000000_0000_0000_0000_000000000000114" (
                apiSchemas = ["MaterialBindingAPI"]
            )
            {
                custom rel material:binding
                prepend rel material:binding = </Instances/mesh_2_1/VisualMaterials/a0000000_0000_0000_0000_000000000000>
            }

            over "a0000000_0000_0000_0000_000000000000115" (
                apiSchemas = ["MaterialBindingAPI"]
            )
            {
                custom rel material:binding
                prepend rel material:binding = </Instances/mesh_2_1/VisualMaterials/a0000000_0000_0000_0000_000000000000>
            }

            over "a0000000_0000_0000_0000_000000000000116" (
                apiSchemas = ["MaterialBindingAPI"]
            )
            {
                custom rel material:binding
                prepend rel material:binding = </Instances/mesh_2_1/VisualMaterials/a0000000_0000_0000_0000_000000000000>
            }

            over "a0000000_0000_0000_0000_000000000000117" (
                apiSchemas = ["MaterialBindingAPI"]
            )
            {
                custom rel material:binding
                prepend rel material:binding = </Instances/mesh_2_1/VisualMaterials/a0000000_0000_0000_0000_000000000000>
            }

            over "a0000000_0000_0000_0000_000000000000118" (
                apiSchemas = ["MaterialBindingAPI"]
            )
            {
                custom rel material:binding
                prepend rel material:binding = </Instances/mesh_2_1/VisualMaterials/a0000000_0000_0000_0000_000000000000>
            }

            over "a0000000_0000_0000_0000_000000000000119" (
                apiSchemas = ["MaterialBindingAPI"]
            )
            {
                custom rel material:binding
                prepend rel material:binding = </Instances/mesh_2_1/VisualMaterials/a0000000_0000_0000_0000_000000000000>
            }

            over "a0000000_0000_0000_0000_000000000000120" (
                apiSchemas = ["MaterialBindingAPI"]
            )
            {
                custom rel material:binding
                prepend rel material:binding = </Instances/mesh_2_1/VisualMaterials/a0000000_0000_0000_0000_000000000000>
            }

            over "a0000000_0000_0000_0000_000000000000121" (
                apiSchemas = ["MaterialBindingAPI"]
            )
            {
                custom rel material:binding
                prepend rel material:binding = </Instances/mesh_2_1/VisualMaterials/a0000000_0000_0000_0000_000000000000>
            }

            over "a0000000_0000_0000_0000_000000000000122" (
                apiSchemas = ["MaterialBindingAPI"]
            )
            {
                custom rel material:binding
                prepend rel material:binding = </Instances/mesh_2_1/VisualMaterials/a0000000_0000_0000_0000_000000000000>
            }

            over "a0000000_0000_0000_0000_000000000000123" (
                apiSchemas = ["MaterialBindingAPI"]
            )
            {
                custom rel material:binding
                prepend rel material:binding = </Instances/mesh_2_1/VisualMaterials/a0000000_0000_0000_0000_000000000000>
            }

            over "a0000000_0000_0000_0000_000000000000124" (
                apiSchemas = ["MaterialBindingAPI"]
            )
            {
                custom rel material:binding
                prepend rel material:binding = </Instances/mesh_2_1/VisualMaterials/a0000000_0000_0000_0000_000000000000>
            }

            over "a0000000_0000_0000_0000_000000000000125" (
                apiSchemas = ["MaterialBindingAPI"]
            )
            {
                custom rel material:binding
                prepend rel material:binding = </Instances/mesh_2_1/VisualMaterials/a0000000_0000_0000_0000_000000000000>
            }

            over "a0000000_0000_0000_0000_000000000000126" (
                apiSchemas = ["MaterialBindingAPI"]
            )
            {
                custom rel material:binding
                prepend rel material:binding = </Instances/mesh_2_1/VisualMaterials/a0000000_0000_0000_0000_000000000000>
            }

            over "a0000000_0000_0000_0000_000000000000127" (
                apiSchemas = ["MaterialBindingAPI"]
            )
            {
                custom rel material:binding
                prepend rel material:binding = </Instances/mesh_2_1/VisualMaterials/a0000000_0000_0000_0000_000000000000>
            }

            over "a0000000_0000_0000_0000_000000000000128" (
                apiSchemas = ["MaterialBindingAPI"]
            )
            {
                custom rel material:binding
                prepend rel material:binding = </Instances/mesh_2_1/VisualMaterials/a0000000_0000_0000_0000_000000000000>
            }

            over "a0000000_0000_0000_0000_000000000000129" (
                apiSchemas = ["MaterialBindingAPI"]
            )
            {
                custom rel material:binding
                prepend rel material:binding = </Instances/mesh_2_1/VisualMaterials/a0000000_0000_0000_0000_000000000000>
            }

            over "a0000000_0000_0000_0000_000000000000130" (
                apiSchemas = ["MaterialBindingAPI"]
            )
            {
                custom rel material:binding
                prepend rel material:binding = </Instances/mesh_2_1/VisualMaterials/a0000000_0000_0000_0000_000000000000>
            }

            over "a0000000_0000_0000_0000_000000000000131" (
                apiSchemas = ["MaterialBindingAPI"]
            )
            {
                custom rel material:binding
                prepend rel material:binding = </Instances/mesh_2_1/VisualMaterials/a0000000_0000_0000_0000_000000000000>
            }

            over "a0000000_0000_0000_0000_000000000000132" (
                apiSchemas = ["MaterialBindingAPI"]
            )
            {
                custom rel material:binding
                prepend rel material:binding = </Instances/mesh_2_1/VisualMaterials/a0000000_0000_0000_0000_000000000000>
            }

            over "a0000000_0000_0000_0000_000000000000133" (
                apiSchemas = ["MaterialBindingAPI"]
            )
            {
                custom rel material:binding
                prepend rel material:binding = </Instances/mesh_2_1/VisualMaterials/a0000000_0000_0000_0000_000000000000>
            }

            over "a0000000_0000_0000_0000_000000000000_0028" (
                apiSchemas = ["MaterialBindingAPI"]
            )
            {
                custom rel material:binding
                prepend rel material:binding = </Instances/mesh_2_1/VisualMaterials/a0000000_0000_0000_0000_000000000000_002>
            }

            over "a0000000_0000_0000_0000_000000000000134" (
                apiSchemas = ["MaterialBindingAPI"]
            )
            {
                custom rel material:binding
                prepend rel material:binding = </Instances/mesh_2_1/VisualMaterials/a0000000_0000_0000_0000_000000000000>
            }

            over "a0000000_0000_0000_0000_000000000000135" (
                apiSchemas = ["MaterialBindingAPI"]
            )
            {
                custom rel material:binding
                prepend rel material:binding = </Instances/mesh_2_1/VisualMaterials/a0000000_0000_0000_0000_000000000000>
            }

            over "a0000000_0000_0000_0000_000000000000136" (
                apiSchemas = ["MaterialBindingAPI"]
            )
            {
                custom rel material:binding
                prepend rel material:binding = </Instances/mesh_2_1/VisualMaterials/a0000000_0000_0000_0000_000000000000>
            }

            over "a0000000_0000_0000_0000_000000000000_0029" (
                apiSchemas = ["MaterialBindingAPI"]
            )
            {
                custom rel material:binding
                prepend rel material:binding = </Instances/mesh_2_1/VisualMaterials/a0000000_0000_0000_0000_000000000000_002>
            }

            over "a0000000_0000_0000_0000_000000000000137" (
                apiSchemas = ["MaterialBindingAPI"]
            )
            {
                custom rel material:binding
                prepend rel material:binding = </Instances/mesh_2_1/VisualMaterials/a0000000_0000_0000_0000_000000000000>
            }

            over "a0000000_0000_0000_0000_000000000000138" (
                apiSchemas = ["MaterialBindingAPI"]
            )
            {
                custom rel material:binding
                prepend rel material:binding = </Instances/mesh_2_1/VisualMaterials/a0000000_0000_0000_0000_000000000000>
            }

            over "a0000000_0000_0000_0000_000000000000139" (
                apiSchemas = ["MaterialBindingAPI"]
            )
            {
                custom rel material:binding
                prepend rel material:binding = </Instances/mesh_2_1/VisualMaterials/a0000000_0000_0000_0000_000000000000>
            }

            over "a0000000_0000_0000_0000_000000000000140" (
                apiSchemas = ["MaterialBindingAPI"]
            )
            {
                custom rel material:binding
                prepend rel material:binding = </Instances/mesh_2_1/VisualMaterials/a0000000_0000_0000_0000_000000000000>
            }

            over "a0000000_0000_0000_0000_000000000000141" (
                apiSchemas = ["MaterialBindingAPI"]
            )
            {
                custom rel material:binding
                prepend rel material:binding = </Instances/mesh_2_1/VisualMaterials/a0000000_0000_0000_0000_000000000000>
            }

            over "a0000000_0000_0000_0000_000000000000142" (
                apiSchemas = ["MaterialBindingAPI"]
            )
            {
                custom rel material:binding
                prepend rel material:binding = </Instances/mesh_2_1/VisualMaterials/a0000000_0000_0000_0000_000000000000>
            }

            over "a0000000_0000_0000_0000_000000000000143" (
                apiSchemas = ["MaterialBindingAPI"]
            )
            {
                custom rel material:binding
                prepend rel material:binding = </Instances/mesh_2_1/VisualMaterials/a0000000_0000_0000_0000_000000000000>
            }

            over "a0000000_0000_0000_0000_000000000000144" (
                apiSchemas = ["MaterialBindingAPI"]
            )
            {
                custom rel material:binding
                prepend rel material:binding = </Instances/mesh_2_1/VisualMaterials/a0000000_0000_0000_0000_000000000000>
            }

            over "a0000000_0000_0000_0000_000000000000145" (
                apiSchemas = ["MaterialBindingAPI"]
            )
            {
                custom rel material:binding
                prepend rel material:binding = </Instances/mesh_2_1/VisualMaterials/a0000000_0000_0000_0000_000000000000>
            }

            over "a0000000_0000_0000_0000_000000000000146" (
                apiSchemas = ["MaterialBindingAPI"]
            )
            {
                custom rel material:binding
                prepend rel material:binding = </Instances/mesh_2_1/VisualMaterials/a0000000_0000_0000_0000_000000000000>
            }

            over "a0000000_0000_0000_0000_000000000000147" (
                apiSchemas = ["MaterialBindingAPI"]
            )
            {
                custom rel material:binding
                prepend rel material:binding = </Instances/mesh_2_1/VisualMaterials/a0000000_0000_0000_0000_000000000000>
            }

            over "a0000000_0000_0000_0000_000000000000148" (
                apiSchemas = ["MaterialBindingAPI"]
            )
            {
                custom rel material:binding
                prepend rel material:binding = </Instances/mesh_2_1/VisualMaterials/a0000000_0000_0000_0000_000000000000>
            }

            over "a0000000_0000_0000_0000_000000000000149" (
                apiSchemas = ["MaterialBindingAPI"]
            )
            {
                custom rel material:binding
                prepend rel material:binding = </Instances/mesh_2_1/VisualMaterials/a0000000_0000_0000_0000_000000000000>
            }

            over "a0000000_0000_0000_0000_000000000000150" (
                apiSchemas = ["MaterialBindingAPI"]
            )
            {
                custom rel material:binding
                prepend rel material:binding = </Instances/mesh_2_1/VisualMaterials/a0000000_0000_0000_0000_000000000000>
            }

            over "a0000000_0000_0000_0000_000000000000151" (
                apiSchemas = ["MaterialBindingAPI"]
            )
            {
                custom rel material:binding
                prepend rel material:binding = </Instances/mesh_2_1/VisualMaterials/a0000000_0000_0000_0000_000000000000>
            }

            over "a0000000_0000_0000_0000_000000000000152" (
                apiSchemas = ["MaterialBindingAPI"]
            )
            {
                custom rel material:binding
                prepend rel material:binding = </Instances/mesh_2_1/VisualMaterials/a0000000_0000_0000_0000_000000000000>
            }

            over "a0000000_0000_0000_0000_000000000000153" (
                apiSchemas = ["MaterialBindingAPI"]
            )
            {
                custom rel material:binding
                prepend rel material:binding = </Instances/mesh_2_1/VisualMaterials/a0000000_0000_0000_0000_000000000000>
            }

            over "a0000000_0000_0000_0000_000000000000154" (
                apiSchemas = ["MaterialBindingAPI"]
            )
            {
                custom rel material:binding
                prepend rel material:binding = </Instances/mesh_2_1/VisualMaterials/a0000000_0000_0000_0000_000000000000>
            }

            over "a0000000_0000_0000_0000_000000000000155" (
                apiSchemas = ["MaterialBindingAPI"]
            )
            {
                custom rel material:binding
                prepend rel material:binding = </Instances/mesh_2_1/VisualMaterials/a0000000_0000_0000_0000_000000000000>
            }

            over "a0000000_0000_0000_0000_000000000000156" (
                apiSchemas = ["MaterialBindingAPI"]
            )
            {
                custom rel material:binding
                prepend rel material:binding = </Instances/mesh_2_1/VisualMaterials/a0000000_0000_0000_0000_000000000000>
            }

            over "a0000000_0000_0000_0000_000000000000157" (
                apiSchemas = ["MaterialBindingAPI"]
            )
            {
                custom rel material:binding
                prepend rel material:binding = </Instances/mesh_2_1/VisualMaterials/a0000000_0000_0000_0000_000000000000>
            }

            over "a0000000_0000_0000_0000_000000000000158" (
                apiSchemas = ["MaterialBindingAPI"]
            )
            {
                custom rel material:binding
                prepend rel material:binding = </Instances/mesh_2_1/VisualMaterials/a0000000_0000_0000_0000_000000000000>
            }

            over "a0000000_0000_0000_0000_000000000000159" (
                apiSchemas = ["MaterialBindingAPI"]
            )
            {
                custom rel material:binding
                prepend rel material:binding = </Instances/mesh_2_1/VisualMaterials/a0000000_0000_0000_0000_000000000000>
            }

            over "a0000000_0000_0000_0000_000000000000160" (
                apiSchemas = ["MaterialBindingAPI"]
            )
            {
                custom rel material:binding
                prepend rel material:binding = </Instances/mesh_2_1/VisualMaterials/a0000000_0000_0000_0000_000000000000>
            }

            over "a0000000_0000_0000_0000_000000000000161" (
                apiSchemas = ["MaterialBindingAPI"]
            )
            {
                custom rel material:binding
                prepend rel material:binding = </Instances/mesh_2_1/VisualMaterials/a0000000_0000_0000_0000_000000000000>
            }

            over "a0000000_0000_0000_0000_000000000000162" (
                apiSchemas = ["MaterialBindingAPI"]
            )
            {
                custom rel material:binding
                prepend rel material:binding = </Instances/mesh_2_1/VisualMaterials/a0000000_0000_0000_0000_000000000000>
            }

            over "a0000000_0000_0000_0000_000000000000163" (
                apiSchemas = ["MaterialBindingAPI"]
            )
            {
                custom rel material:binding
                prepend rel material:binding = </Instances/mesh_2_1/VisualMaterials/a0000000_0000_0000_0000_000000000000>
            }

            over "a0000000_0000_0000_0000_000000000000164" (
                apiSchemas = ["MaterialBindingAPI"]
            )
            {
                custom rel material:binding
                prepend rel material:binding = </Instances/mesh_2_1/VisualMaterials/a0000000_0000_0000_0000_000000000000>
            }

            over "a0000000_0000_0000_0000_000000000000165" (
                apiSchemas = ["MaterialBindingAPI"]
            )
            {
                custom rel material:binding
                prepend rel material:binding = </Instances/mesh_2_1/VisualMaterials/a0000000_0000_0000_0000_000000000000>
            }

            over "a0000000_0000_0000_0000_000000000000166" (
                apiSchemas = ["MaterialBindingAPI"]
            )
            {
                custom rel material:binding
                prepend rel material:binding = </Instances/mesh_2_1/VisualMaterials/a0000000_0000_0000_0000_000000000000>
            }

            over "a0000000_0000_0000_0000_000000000000167" (
                apiSchemas = ["MaterialBindingAPI"]
            )
            {
                custom rel material:binding
                prepend rel material:binding = </Instances/mesh_2_1/VisualMaterials/a0000000_0000_0000_0000_000000000000>
            }

            over "a0000000_0000_0000_0000_000000000000168" (
                apiSchemas = ["MaterialBindingAPI"]
            )
            {
                custom rel material:binding
                prepend rel material:binding = </Instances/mesh_2_1/VisualMaterials/a0000000_0000_0000_0000_000000000000>
            }

            over "a0000000_0000_0000_0000_000000000000169" (
                apiSchemas = ["MaterialBindingAPI"]
            )
            {
                custom rel material:binding
                prepend rel material:binding = </Instances/mesh_2_1/VisualMaterials/a0000000_0000_0000_0000_000000000000>
            }

            over "a0000000_0000_0000_0000_000000000000170" (
                apiSchemas = ["MaterialBindingAPI"]
            )
            {
                custom rel material:binding
                prepend rel material:binding = </Instances/mesh_2_1/VisualMaterials/a0000000_0000_0000_0000_000000000000>
            }

            over "a0000000_0000_0000_0000_000000000000171" (
                apiSchemas = ["MaterialBindingAPI"]
            )
            {
                custom rel material:binding
                prepend rel material:binding = </Instances/mesh_2_1/VisualMaterials/a0000000_0000_0000_0000_000000000000>
            }

            over "a0000000_0000_0000_0000_000000000000172" (
                apiSchemas = ["MaterialBindingAPI"]
            )
            {
                custom rel material:binding
                prepend rel material:binding = </Instances/mesh_2_1/VisualMaterials/a0000000_0000_0000_0000_000000000000>
            }

            over "a0000000_0000_0000_0000_000000000000173" (
                apiSchemas = ["MaterialBindingAPI"]
            )
            {
                custom rel material:binding
                prepend rel material:binding = </Instances/mesh_2_1/VisualMaterials/a0000000_0000_0000_0000_000000000000>
            }

            over "a0000000_0000_0000_0000_000000000000174" (
                apiSchemas = ["MaterialBindingAPI"]
            )
            {
                custom rel material:binding
                prepend rel material:binding = </Instances/mesh_2_1/VisualMaterials/a0000000_0000_0000_0000_000000000000>
            }

            over "a0000000_0000_0000_0000_000000000000175" (
                apiSchemas = ["MaterialBindingAPI"]
            )
            {
                custom rel material:binding
                prepend rel material:binding = </Instances/mesh_2_1/VisualMaterials/a0000000_0000_0000_0000_000000000000>
            }

            over "a0000000_0000_0000_0000_000000000000176" (
                apiSchemas = ["MaterialBindingAPI"]
            )
            {
                custom rel material:binding
                prepend rel material:binding = </Instances/mesh_2_1/VisualMaterials/a0000000_0000_0000_0000_000000000000>
            }

            over "a0000000_0000_0000_0000_000000000000177" (
                apiSchemas = ["MaterialBindingAPI"]
            )
            {
                custom rel material:binding
                prepend rel material:binding = </Instances/mesh_2_1/VisualMaterials/a0000000_0000_0000_0000_000000000000>
            }

            over "a0000000_0000_0000_0000_000000000000178" (
                apiSchemas = ["MaterialBindingAPI"]
            )
            {
                custom rel material:binding
                prepend rel material:binding = </Instances/mesh_2_1/VisualMaterials/a0000000_0000_0000_0000_000000000000>
            }

            over "a0000000_0000_0000_0000_000000000000179" (
                apiSchemas = ["MaterialBindingAPI"]
            )
            {
                custom rel material:binding
                prepend rel material:binding = </Instances/mesh_2_1/VisualMaterials/a0000000_0000_0000_0000_000000000000>
            }

            over "a0000000_0000_0000_0000_000000000000180" (
                apiSchemas = ["MaterialBindingAPI"]
            )
            {
                custom rel material:binding
                prepend rel material:binding = </Instances/mesh_2_1/VisualMaterials/a0000000_0000_0000_0000_000000000000>
            }

            over "a0000000_0000_0000_0000_000000000000181" (
                apiSchemas = ["MaterialBindingAPI"]
            )
            {
                custom rel material:binding
                prepend rel material:binding = </Instances/mesh_2_1/VisualMaterials/a0000000_0000_0000_0000_000000000000>
            }

            over "a0000000_0000_0000_0000_000000000000182" (
                apiSchemas = ["MaterialBindingAPI"]
            )
            {
                custom rel material:binding
                prepend rel material:binding = </Instances/mesh_2_1/VisualMaterials/a0000000_0000_0000_0000_000000000000>
            }

            over "a0000000_0000_0000_0000_000000000000183" (
                apiSchemas = ["MaterialBindingAPI"]
            )
            {
                custom rel material:binding
                prepend rel material:binding = </Instances/mesh_2_1/VisualMaterials/a0000000_0000_0000_0000_000000000000>
            }

            over "a0000000_0000_0000_0000_000000000000184" (
                apiSchemas = ["MaterialBindingAPI"]
            )
            {
                custom rel material:binding
                prepend rel material:binding = </Instances/mesh_2_1/VisualMaterials/a0000000_0000_0000_0000_000000000000>
            }

            over "a0000000_0000_0000_0000_000000000000185" (
                apiSchemas = ["MaterialBindingAPI"]
            )
            {
                custom rel material:binding
                prepend rel material:binding = </Instances/mesh_2_1/VisualMaterials/a0000000_0000_0000_0000_000000000000>
            }

            over "a0000000_0000_0000_0000_000000000000186" (
                apiSchemas = ["MaterialBindingAPI"]
            )
            {
                custom rel material:binding
                prepend rel material:binding = </Instances/mesh_2_1/VisualMaterials/a0000000_0000_0000_0000_000000000000>
            }

            over "a0000000_0000_0000_0000_000000000000187" (
                apiSchemas = ["MaterialBindingAPI"]
            )
            {
                custom rel material:binding
                prepend rel material:binding = </Instances/mesh_2_1/VisualMaterials/a0000000_0000_0000_0000_000000000000>
            }

            over "a0000000_0000_0000_0000_000000000000188" (
                apiSchemas = ["MaterialBindingAPI"]
            )
            {
                custom rel material:binding
                prepend rel material:binding = </Instances/mesh_2_1/VisualMaterials/a0000000_0000_0000_0000_000000000000>
            }

            over "a0000000_0000_0000_0000_000000000000189" (
                apiSchemas = ["MaterialBindingAPI"]
            )
            {
                custom rel material:binding
                prepend rel material:binding = </Instances/mesh_2_1/VisualMaterials/a0000000_0000_0000_0000_000000000000>
            }

            over "a0000000_0000_0000_0000_000000000000190" (
                apiSchemas = ["MaterialBindingAPI"]
            )
            {
                custom rel material:binding
                prepend rel material:binding = </Instances/mesh_2_1/VisualMaterials/a0000000_0000_0000_0000_000000000000>
            }

            over "a0000000_0000_0000_0000_000000000000191" (
                apiSchemas = ["MaterialBindingAPI"]
            )
            {
                custom rel material:binding
                prepend rel material:binding = </Instances/mesh_2_1/VisualMaterials/a0000000_0000_0000_0000_000000000000>
            }

            over "a0000000_0000_0000_0000_000000000000192" (
                apiSchemas = ["MaterialBindingAPI"]
            )
            {
                custom rel material:binding
                prepend rel material:binding = </Instances/mesh_2_1/VisualMaterials/a0000000_0000_0000_0000_000000000000>
            }

            over "a0000000_0000_0000_0000_000000000000193" (
                apiSchemas = ["MaterialBindingAPI"]
            )
            {
                custom rel material:binding
                prepend rel material:binding = </Instances/mesh_2_1/VisualMaterials/a0000000_0000_0000_0000_000000000000>
            }

            over "a0000000_0000_0000_0000_000000000000194" (
                apiSchemas = ["MaterialBindingAPI"]
            )
            {
                custom rel material:binding
                prepend rel material:binding = </Instances/mesh_2_1/VisualMaterials/a0000000_0000_0000_0000_000000000000>
            }

            over "a0000000_0000_0000_0000_000000000000195" (
                apiSchemas = ["MaterialBindingAPI"]
            )
            {
                custom rel material:binding
                prepend rel material:binding = </Instances/mesh_2_1/VisualMaterials/a0000000_0000_0000_0000_000000000000>
            }

            over "a0000000_0000_0000_0000_000000000000196" (
                apiSchemas = ["MaterialBindingAPI"]
            )
            {
                custom rel material:binding
                prepend rel material:binding = </Instances/mesh_2_1/VisualMaterials/a0000000_0000_0000_0000_000000000000>
            }

            over "a0000000_0000_0000_0000_000000000000197" (
                apiSchemas = ["MaterialBindingAPI"]
            )
            {
                custom rel material:binding
                prepend rel material:binding = </Instances/mesh_2_1/VisualMaterials/a0000000_0000_0000_0000_000000000000>
            }

            over "a0000000_0000_0000_0000_000000000000198" (
                apiSchemas = ["MaterialBindingAPI"]
            )
            {
                custom rel material:binding
                prepend rel material:binding = </Instances/mesh_2_1/VisualMaterials/a0000000_0000_0000_0000_000000000000>
            }

            over "a0000000_0000_0000_0000_000000000000199" (
                apiSchemas = ["MaterialBindingAPI"]
            )
            {
                custom rel material:binding
                prepend rel material:binding = </Instances/mesh_2_1/VisualMaterials/a0000000_0000_0000_0000_000000000000>
            }

            over "a0000000_0000_0000_0000_000000000000200" (
                apiSchemas = ["MaterialBindingAPI"]
            )
            {
                custom rel material:binding
                prepend rel material:binding = </Instances/mesh_2_1/VisualMaterials/a0000000_0000_0000_0000_000000000000>
            }

            over "a0000000_0000_0000_0000_000000000000201" (
                apiSchemas = ["MaterialBindingAPI"]
            )
            {
                custom rel material:binding
                prepend rel material:binding = </Instances/mesh_2_1/VisualMaterials/a0000000_0000_0000_0000_000000000000>
            }

            over "a0000000_0000_0000_0000_000000000000202" (
                apiSchemas = ["MaterialBindingAPI"]
            )
            {
                custom rel material:binding
                prepend rel material:binding = </Instances/mesh_2_1/VisualMaterials/a0000000_0000_0000_0000_000000000000>
            }

            over "a0000000_0000_0000_0000_000000000000203" (
                apiSchemas = ["MaterialBindingAPI"]
            )
            {
                custom rel material:binding
                prepend rel material:binding = </Instances/mesh_2_1/VisualMaterials/a0000000_0000_0000_0000_000000000000>
            }

            over "a0000000_0000_0000_0000_000000000000204" (
                apiSchemas = ["MaterialBindingAPI"]
            )
            {
                custom rel material:binding
                prepend rel material:binding = </Instances/mesh_2_1/VisualMaterials/a0000000_0000_0000_0000_000000000000>
            }

            over "a0000000_0000_0000_0000_000000000000205" (
                apiSchemas = ["MaterialBindingAPI"]
            )
            {
                custom rel material:binding
                prepend rel material:binding = </Instances/mesh_2_1/VisualMaterials/a0000000_0000_0000_0000_000000000000>
            }

            over "a0000000_0000_0000_0000_000000000000206" (
                apiSchemas = ["MaterialBindingAPI"]
            )
            {
                custom rel material:binding
                prepend rel material:binding = </Instances/mesh_2_1/VisualMaterials/a0000000_0000_0000_0000_000000000000>
            }

            over "a0000000_0000_0000_0000_000000000000207" (
                apiSchemas = ["MaterialBindingAPI"]
            )
            {
                custom rel material:binding
                prepend rel material:binding = </Instances/mesh_2_1/VisualMaterials/a0000000_0000_0000_0000_000000000000>
            }

            over "a0000000_0000_0000_0000_000000000000208" (
                apiSchemas = ["MaterialBindingAPI"]
            )
            {
                custom rel material:binding
                prepend rel material:binding = </Instances/mesh_2_1/VisualMaterials/a0000000_0000_0000_0000_000000000000>
            }

            over "a0000000_0000_0000_0000_000000000000209" (
                apiSchemas = ["MaterialBindingAPI"]
            )
            {
                custom rel material:binding
                prepend rel material:binding = </Instances/mesh_2_1/VisualMaterials/a0000000_0000_0000_0000_000000000000>
            }

            over "a0000000_0000_0000_0000_000000000000210" (
                apiSchemas = ["MaterialBindingAPI"]
            )
            {
                custom rel material:binding
                prepend rel material:binding = </Instances/mesh_2_1/VisualMaterials/a0000000_0000_0000_0000_000000000000>
            }

            over "a0000000_0000_0000_0000_000000000000211" (
                apiSchemas = ["MaterialBindingAPI"]
            )
            {
                custom rel material:binding
                prepend rel material:binding = </Instances/mesh_2_1/VisualMaterials/a0000000_0000_0000_0000_000000000000>
            }

            over "a0000000_0000_0000_0000_000000000000212" (
                apiSchemas = ["MaterialBindingAPI"]
            )
            {
                custom rel material:binding
                prepend rel material:binding = </Instances/mesh_2_1/VisualMaterials/a0000000_0000_0000_0000_000000000000>
            }

            over "a0000000_0000_0000_0000_000000000000213" (
                apiSchemas = ["MaterialBindingAPI"]
            )
            {
                custom rel material:binding
                prepend rel material:binding = </Instances/mesh_2_1/VisualMaterials/a0000000_0000_0000_0000_000000000000>
            }

            over "a0000000_0000_0000_0000_000000000000214" (
                apiSchemas = ["MaterialBindingAPI"]
            )
            {
                custom rel material:binding
                prepend rel material:binding = </Instances/mesh_2_1/VisualMaterials/a0000000_0000_0000_0000_000000000000>
            }

            over "a0000000_0000_0000_0000_000000000000215" (
                apiSchemas = ["MaterialBindingAPI"]
            )
            {
                custom rel material:binding
                prepend rel material:binding = </Instances/mesh_2_1/VisualMaterials/a0000000_0000_0000_0000_000000000000>
            }

            over "a0000000_0000_0000_0000_000000000000216" (
                apiSchemas = ["MaterialBindingAPI"]
            )
            {
                custom rel material:binding
                prepend rel material:binding = </Instances/mesh_2_1/VisualMaterials/a0000000_0000_0000_0000_000000000000>
            }

            over "a0000000_0000_0000_0000_000000000000217" (
                apiSchemas = ["MaterialBindingAPI"]
            )
            {
                custom rel material:binding
                prepend rel material:binding = </Instances/mesh_2_1/VisualMaterials/a0000000_0000_0000_0000_000000000000>
            }

            over "a0000000_0000_0000_0000_000000000000218" (
                apiSchemas = ["MaterialBindingAPI"]
            )
            {
                custom rel material:binding
                prepend rel material:binding = </Instances/mesh_2_1/VisualMaterials/a0000000_0000_0000_0000_000000000000>
            }

            over "a0000000_0000_0000_0000_000000000000219" (
                apiSchemas = ["MaterialBindingAPI"]
            )
            {
                custom rel material:binding
                prepend rel material:binding = </Instances/mesh_2_1/VisualMaterials/a0000000_0000_0000_0000_000000000000>
            }

            over "a0000000_0000_0000_0000_000000000000220" (
                apiSchemas = ["MaterialBindingAPI"]
            )
            {
                custom rel material:binding
                prepend rel material:binding = </Instances/mesh_2_1/VisualMaterials/a0000000_0000_0000_0000_000000000000>
            }

            over "a0000000_0000_0000_0000_000000000000221" (
                apiSchemas = ["MaterialBindingAPI"]
            )
            {
                custom rel material:binding
                prepend rel material:binding = </Instances/mesh_2_1/VisualMaterials/a0000000_0000_0000_0000_000000000000>
            }

            over "a0000000_0000_0000_0000_000000000000222" (
                apiSchemas = ["MaterialBindingAPI"]
            )
            {
                custom rel material:binding
                prepend rel material:binding = </Instances/mesh_2_1/VisualMaterials/a0000000_0000_0000_0000_000000000000>
            }

            over "a0000000_0000_0000_0000_000000000000223" (
                apiSchemas = ["MaterialBindingAPI"]
            )
            {
                custom rel material:binding
                prepend rel material:binding = </Instances/mesh_2_1/VisualMaterials/a0000000_0000_0000_0000_000000000000>
            }

            over "a0000000_0000_0000_0000_000000000000224" (
                apiSchemas = ["MaterialBindingAPI"]
            )
            {
                custom rel material:binding
                prepend rel material:binding = </Instances/mesh_2_1/VisualMaterials/a0000000_0000_0000_0000_000000000000>
            }

            over "a0000000_0000_0000_0000_000000000000_00210" (
                apiSchemas = ["MaterialBindingAPI"]
            )
            {
                custom rel material:binding
                prepend rel material:binding = </Instances/mesh_2_1/VisualMaterials/a0000000_0000_0000_0000_000000000000_002>
            }

            over "a0000000_0000_0000_0000_000000000000225" (
                apiSchemas = ["MaterialBindingAPI"]
            )
            {
                custom rel material:binding
                prepend rel material:binding = </Instances/mesh_2_1/VisualMaterials/a0000000_0000_0000_0000_000000000000>
            }

            over "a0000000_0000_0000_0000_000000000000226" (
                apiSchemas = ["MaterialBindingAPI"]
            )
            {
                custom rel material:binding
                prepend rel material:binding = </Instances/mesh_2_1/VisualMaterials/a0000000_0000_0000_0000_000000000000>
            }

            over "a0000000_0000_0000_0000_000000000000227" (
                apiSchemas = ["MaterialBindingAPI"]
            )
            {
                custom rel material:binding
                prepend rel material:binding = </Instances/mesh_2_1/VisualMaterials/a0000000_0000_0000_0000_000000000000>
            }

            over "a0000000_0000_0000_0000_000000000000228" (
                apiSchemas = ["MaterialBindingAPI"]
            )
            {
                custom rel material:binding
                prepend rel material:binding = </Instances/mesh_2_1/VisualMaterials/a0000000_0000_0000_0000_000000000000>
            }

            over "a0000000_0000_0000_0000_000000000000229" (
                apiSchemas = ["MaterialBindingAPI"]
            )
            {
                custom rel material:binding
                prepend rel material:binding = </Instances/mesh_2_1/VisualMaterials/a0000000_0000_0000_0000_000000000000>
            }

            over "a0000000_0000_0000_0000_000000000000230" (
                apiSchemas = ["MaterialBindingAPI"]
            )
            {
                custom rel material:binding
                prepend rel material:binding = </Instances/mesh_2_1/VisualMaterials/a0000000_0000_0000_0000_000000000000>
            }

            over "a0000000_0000_0000_0000_000000000000231" (
                apiSchemas = ["MaterialBindingAPI"]
            )
            {
                custom rel material:binding
                prepend rel material:binding = </Instances/mesh_2_1/VisualMaterials/a0000000_0000_0000_0000_000000000000>
            }

            over "a0000000_0000_0000_0000_000000000000232" (
                apiSchemas = ["MaterialBindingAPI"]
            )
            {
                custom rel material:binding
                prepend rel material:binding = </Instances/mesh_2_1/VisualMaterials/a0000000_0000_0000_0000_000000000000>
            }

            over "a0000000_0000_0000_0000_000000000000233" (
                apiSchemas = ["MaterialBindingAPI"]
            )
            {
                custom rel material:binding
                prepend rel material:binding = </Instances/mesh_2_1/VisualMaterials/a0000000_0000_0000_0000_000000000000>
            }

            over "a0000000_0000_0000_0000_000000000000234" (
                apiSchemas = ["MaterialBindingAPI"]
            )
            {
                custom rel material:binding
                prepend rel material:binding = </Instances/mesh_2_1/VisualMaterials/a0000000_0000_0000_0000_000000000000>
            }

            over "a0000000_0000_0000_0000_000000000000235" (
                apiSchemas = ["MaterialBindingAPI"]
            )
            {
                custom rel material:binding
                prepend rel material:binding = </Instances/mesh_2_1/VisualMaterials/a0000000_0000_0000_0000_000000000000>
            }

            over "a0000000_0000_0000_0000_000000000000236" (
                apiSchemas = ["MaterialBindingAPI"]
            )
            {
                custom rel material:binding
                prepend rel material:binding = </Instances/mesh_2_1/VisualMaterials/a0000000_0000_0000_0000_000000000000>
            }

            over "a0000000_0000_0000_0000_000000000000237" (
                apiSchemas = ["MaterialBindingAPI"]
            )
            {
                custom rel material:binding
                prepend rel material:binding = </Instances/mesh_2_1/VisualMaterials/a0000000_0000_0000_0000_000000000000>
            }

            over "a0000000_0000_0000_0000_000000000000238" (
                apiSchemas = ["MaterialBindingAPI"]
            )
            {
                custom rel material:binding
                prepend rel material:binding = </Instances/mesh_2_1/VisualMaterials/a0000000_0000_0000_0000_000000000000>
            }

            over "a0000000_0000_0000_0000_000000000000239" (
                apiSchemas = ["MaterialBindingAPI"]
            )
            {
                custom rel material:binding
                prepend rel material:binding = </Instances/mesh_2_1/VisualMaterials/a0000000_0000_0000_0000_000000000000>
            }

            over "a0000000_0000_0000_0000_000000000000240" (
                apiSchemas = ["MaterialBindingAPI"]
            )
            {
                custom rel material:binding
                prepend rel material:binding = </Instances/mesh_2_1/VisualMaterials/a0000000_0000_0000_0000_000000000000>
            }

            over "a0000000_0000_0000_0000_000000000000241" (
                apiSchemas = ["MaterialBindingAPI"]
            )
            {
                custom rel material:binding
                prepend rel material:binding = </Instances/mesh_2_1/VisualMaterials/a0000000_0000_0000_0000_000000000000>
            }

            over "a0000000_0000_0000_0000_000000000000242" (
                apiSchemas = ["MaterialBindingAPI"]
            )
            {
                custom rel material:binding
                prepend rel material:binding = </Instances/mesh_2_1/VisualMaterials/a0000000_0000_0000_0000_000000000000>
            }

            over "a0000000_0000_0000_0000_000000000000_00211" (
                apiSchemas = ["MaterialBindingAPI"]
            )
            {
                custom rel material:binding
                prepend rel material:binding = </Instances/mesh_2_1/VisualMaterials/a0000000_0000_0000_0000_000000000000_002>
            }

            over "a0000000_0000_0000_0000_000000000000243" (
                apiSchemas = ["MaterialBindingAPI"]
            )
            {
                custom rel material:binding
                prepend rel material:binding = </Instances/mesh_2_1/VisualMaterials/a0000000_0000_0000_0000_000000000000>
            }

            over "a0000000_0000_0000_0000_000000000000244" (
                apiSchemas = ["MaterialBindingAPI"]
            )
            {
                custom rel material:binding
                prepend rel material:binding = </Instances/mesh_2_1/VisualMaterials/a0000000_0000_0000_0000_000000000000>
            }

            over "a0000000_0000_0000_0000_000000000000245" (
                apiSchemas = ["MaterialBindingAPI"]
            )
            {
                custom rel material:binding
                prepend rel material:binding = </Instances/mesh_2_1/VisualMaterials/a0000000_0000_0000_0000_000000000000>
            }

            over "a0000000_0000_0000_0000_000000000000246" (
                apiSchemas = ["MaterialBindingAPI"]
            )
            {
                custom rel material:binding
                prepend rel material:binding = </Instances/mesh_2_1/VisualMaterials/a0000000_0000_0000_0000_000000000000>
            }

            over "a0000000_0000_0000_0000_000000000000247" (
                apiSchemas = ["MaterialBindingAPI"]
            )
            {
                custom rel material:binding
                prepend rel material:binding = </Instances/mesh_2_1/VisualMaterials/a0000000_0000_0000_0000_000000000000>
            }

            over "a0000000_0000_0000_0000_000000000000248" (
                apiSchemas = ["MaterialBindingAPI"]
            )
            {
                custom rel material:binding
                prepend rel material:binding = </Instances/mesh_2_1/VisualMaterials/a0000000_0000_0000_0000_000000000000>
            }

            over "a0000000_0000_0000_0000_000000000000249" (
                apiSchemas = ["MaterialBindingAPI"]
            )
            {
                custom rel material:binding
                prepend rel material:binding = </Instances/mesh_2_1/VisualMaterials/a0000000_0000_0000_0000_000000000000>
            }

            over "a0000000_0000_0000_0000_000000000000250" (
                apiSchemas = ["MaterialBindingAPI"]
            )
            {
                custom rel material:binding
                prepend rel material:binding = </Instances/mesh_2_1/VisualMaterials/a0000000_0000_0000_0000_000000000000>
            }

            over "a0000000_0000_0000_0000_000000000000251" (
                apiSchemas = ["MaterialBindingAPI"]
            )
            {
                custom rel material:binding
                prepend rel material:binding = </Instances/mesh_2_1/VisualMaterials/a0000000_0000_0000_0000_000000000000>
            }

            over "a0000000_0000_0000_0000_000000000000252" (
                apiSchemas = ["MaterialBindingAPI"]
            )
            {
                custom rel material:binding
                prepend rel material:binding = </Instances/mesh_2_1/VisualMaterials/a0000000_0000_0000_0000_000000000000>
            }

            over "a0000000_0000_0000_0000_000000000000253" (
                apiSchemas = ["MaterialBindingAPI"]
            )
            {
                custom rel material:binding
                prepend rel material:binding = </Instances/mesh_2_1/VisualMaterials/a0000000_0000_0000_0000_000000000000>
            }

            over "a0000000_0000_0000_0000_000000000000254" (
                apiSchemas = ["MaterialBindingAPI"]
            )
            {
                custom rel material:binding
                prepend rel material:binding = </Instances/mesh_2_1/VisualMaterials/a0000000_0000_0000_0000_000000000000>
            }

            over "a0000000_0000_0000_0000_000000000000255" (
                apiSchemas = ["MaterialBindingAPI"]
            )
            {
                custom rel material:binding
                prepend rel material:binding = </Instances/mesh_2_1/VisualMaterials/a0000000_0000_0000_0000_000000000000>
            }

            over "a0000000_0000_0000_0000_000000000000256" (
                apiSchemas = ["MaterialBindingAPI"]
            )
            {
                custom rel material:binding
                prepend rel material:binding = </Instances/mesh_2_1/VisualMaterials/a0000000_0000_0000_0000_000000000000>
            }

            over "a0000000_0000_0000_0000_000000000000257" (
                apiSchemas = ["MaterialBindingAPI"]
            )
            {
                custom rel material:binding
                prepend rel material:binding = </Instances/mesh_2_1/VisualMaterials/a0000000_0000_0000_0000_000000000000>
            }

            over "a0000000_0000_0000_0000_000000000000258" (
                apiSchemas = ["MaterialBindingAPI"]
            )
            {
                custom rel material:binding
                prepend rel material:binding = </Instances/mesh_2_1/VisualMaterials/a0000000_0000_0000_0000_000000000000>
            }

            over "a0000000_0000_0000_0000_000000000000259" (
                apiSchemas = ["MaterialBindingAPI"]
            )
            {
                custom rel material:binding
                prepend rel material:binding = </Instances/mesh_2_1/VisualMaterials/a0000000_0000_0000_0000_000000000000>
            }

            over "a0000000_0000_0000_0000_000000000000260" (
                apiSchemas = ["MaterialBindingAPI"]
            )
            {
                custom rel material:binding
                prepend rel material:binding = </Instances/mesh_2_1/VisualMaterials/a0000000_0000_0000_0000_000000000000>
            }

            over "a0000000_0000_0000_0000_000000000000261" (
                apiSchemas = ["MaterialBindingAPI"]
            )
            {
                custom rel material:binding
                prepend rel material:binding = </Instances/mesh_2_1/VisualMaterials/a0000000_0000_0000_0000_000000000000>
            }

            over "a0000000_0000_0000_0000_000000000000262" (
                apiSchemas = ["MaterialBindingAPI"]
            )
            {
                custom rel material:binding
                prepend rel material:binding = </Instances/mesh_2_1/VisualMaterials/a0000000_0000_0000_0000_000000000000>
            }

            over "a0000000_0000_0000_0000_000000000000263" (
                apiSchemas = ["MaterialBindingAPI"]
            )
            {
                custom rel material:binding
                prepend rel material:binding = </Instances/mesh_2_1/VisualMaterials/a0000000_0000_0000_0000_000000000000>
            }

            over "a0000000_0000_0000_0000_000000000000264" (
                apiSchemas = ["MaterialBindingAPI"]
            )
            {
                custom rel material:binding
                prepend rel material:binding = </Instances/mesh_2_1/VisualMaterials/a0000000_0000_0000_0000_000000000000>
            }

            over "a0000000_0000_0000_0000_000000000000265" (
                apiSchemas = ["MaterialBindingAPI"]
            )
            {
                custom rel material:binding
                prepend rel material:binding = </Instances/mesh_2_1/VisualMaterials/a0000000_0000_0000_0000_000000000000>
            }

            over "a0000000_0000_0000_0000_000000000000266" (
                apiSchemas = ["MaterialBindingAPI"]
            )
            {
                custom rel material:binding
                prepend rel material:binding = </Instances/mesh_2_1/VisualMaterials/a0000000_0000_0000_0000_000000000000>
            }

            over "a0000000_0000_0000_0000_000000000000267" (
                apiSchemas = ["MaterialBindingAPI"]
            )
            {
                custom rel material:binding
                prepend rel material:binding = </Instances/mesh_2_1/VisualMaterials/a0000000_0000_0000_0000_000000000000>
            }

            over "a0000000_0000_0000_0000_000000000000268" (
                apiSchemas = ["MaterialBindingAPI"]
            )
            {
                custom rel material:binding
                prepend rel material:binding = </Instances/mesh_2_1/VisualMaterials/a0000000_0000_0000_0000_000000000000>
            }

            over "a0000000_0000_0000_0000_000000000000269" (
                apiSchemas = ["MaterialBindingAPI"]
            )
            {
                custom rel material:binding
                prepend rel material:binding = </Instances/mesh_2_1/VisualMaterials/a0000000_0000_0000_0000_000000000000>
            }

            over "a0000000_0000_0000_0000_000000000000270" (
                apiSchemas = ["MaterialBindingAPI"]
            )
            {
                custom rel material:binding
                prepend rel material:binding = </Instances/mesh_2_1/VisualMaterials/a0000000_0000_0000_0000_000000000000>
            }

            over "a0000000_0000_0000_0000_000000000000271" (
                apiSchemas = ["MaterialBindingAPI"]
            )
            {
                custom rel material:binding
                prepend rel material:binding = </Instances/mesh_2_1/VisualMaterials/a0000000_0000_0000_0000_000000000000>
            }

            over "a0000000_0000_0000_0000_000000000000272" (
                apiSchemas = ["MaterialBindingAPI"]
            )
            {
                custom rel material:binding
                prepend rel material:binding = </Instances/mesh_2_1/VisualMaterials/a0000000_0000_0000_0000_000000000000>
            }

            over "a0000000_0000_0000_0000_000000000000273" (
                apiSchemas = ["MaterialBindingAPI"]
            )
            {
                custom rel material:binding
                prepend rel material:binding = </Instances/mesh_2_1/VisualMaterials/a0000000_0000_0000_0000_000000000000>
            }

            over "a0000000_0000_0000_0000_000000000000_00212" (
                apiSchemas = ["MaterialBindingAPI"]
            )
            {
                custom rel material:binding
                prepend rel material:binding = </Instances/mesh_2_1/VisualMaterials/a0000000_0000_0000_0000_000000000000_002>
            }

            over "a0000000_0000_0000_0000_000000000000274" (
                apiSchemas = ["MaterialBindingAPI"]
            )
            {
                custom rel material:binding
                prepend rel material:binding = </Instances/mesh_2_1/VisualMaterials/a0000000_0000_0000_0000_000000000000>
            }

            over "a0000000_0000_0000_0000_000000000000275" (
                apiSchemas = ["MaterialBindingAPI"]
            )
            {
                custom rel material:binding
                prepend rel material:binding = </Instances/mesh_2_1/VisualMaterials/a0000000_0000_0000_0000_000000000000>
            }

            over "a0000000_0000_0000_0000_000000000000276" (
                apiSchemas = ["MaterialBindingAPI"]
            )
            {
                custom rel material:binding
                prepend rel material:binding = </Instances/mesh_2_1/VisualMaterials/a0000000_0000_0000_0000_000000000000>
            }

            over "a0000000_0000_0000_0000_000000000000277" (
                apiSchemas = ["MaterialBindingAPI"]
            )
            {
                custom rel material:binding
                prepend rel material:binding = </Instances/mesh_2_1/VisualMaterials/a0000000_0000_0000_0000_000000000000>
            }

            over "a0000000_0000_0000_0000_000000000000278" (
                apiSchemas = ["MaterialBindingAPI"]
            )
            {
                custom rel material:binding
                prepend rel material:binding = </Instances/mesh_2_1/VisualMaterials/a0000000_0000_0000_0000_000000000000>
            }

            over "a0000000_0000_0000_0000_000000000000279" (
                apiSchemas = ["MaterialBindingAPI"]
            )
            {
                custom rel material:binding
                prepend rel material:binding = </Instances/mesh_2_1/VisualMaterials/a0000000_0000_0000_0000_000000000000>
            }

            over "a0000000_0000_0000_0000_000000000000280" (
                apiSchemas = ["MaterialBindingAPI"]
            )
            {
                custom rel material:binding
                prepend rel material:binding = </Instances/mesh_2_1/VisualMaterials/a0000000_0000_0000_0000_000000000000>
            }

            over "a0000000_0000_0000_0000_000000000000281" (
                apiSchemas = ["MaterialBindingAPI"]
            )
            {
                custom rel material:binding
                prepend rel material:binding = </Instances/mesh_2_1/VisualMaterials/a0000000_0000_0000_0000_000000000000>
            }

            over "a0000000_0000_0000_0000_000000000000282" (
                apiSchemas = ["MaterialBindingAPI"]
            )
            {
                custom rel material:binding
                prepend rel material:binding = </Instances/mesh_2_1/VisualMaterials/a0000000_0000_0000_0000_000000000000>
            }

            over "a0000000_0000_0000_0000_000000000000283" (
                apiSchemas = ["MaterialBindingAPI"]
            )
            {
                custom rel material:binding
                prepend rel material:binding = </Instances/mesh_2_1/VisualMaterials/a0000000_0000_0000_0000_000000000000>
            }

            over "a0000000_0000_0000_0000_000000000000284" (
                apiSchemas = ["MaterialBindingAPI"]
            )
            {
                custom rel material:binding
                prepend rel material:binding = </Instances/mesh_2_1/VisualMaterials/a0000000_0000_0000_0000_000000000000>
            }

            over "a0000000_0000_0000_0000_000000000000285" (
                apiSchemas = ["MaterialBindingAPI"]
            )
            {
                custom rel material:binding
                prepend rel material:binding = </Instances/mesh_2_1/VisualMaterials/a0000000_0000_0000_0000_000000000000>
            }

            over "a0000000_0000_0000_0000_000000000000286" (
                apiSchemas = ["MaterialBindingAPI"]
            )
            {
                custom rel material:binding
                prepend rel material:binding = </Instances/mesh_2_1/VisualMaterials/a0000000_0000_0000_0000_000000000000>
            }

            over "a0000000_0000_0000_0000_000000000000287" (
                apiSchemas = ["MaterialBindingAPI"]
            )
            {
                custom rel material:binding
                prepend rel material:binding = </Instances/mesh_2_1/VisualMaterials/a0000000_0000_0000_0000_000000000000>
            }

            over "a0000000_0000_0000_0000_000000000000288" (
                apiSchemas = ["MaterialBindingAPI"]
            )
            {
                custom rel material:binding
                prepend rel material:binding = </Instances/mesh_2_1/VisualMaterials/a0000000_0000_0000_0000_000000000000>
            }

            over "a0000000_0000_0000_0000_000000000000289" (
                apiSchemas = ["MaterialBindingAPI"]
            )
            {
                custom rel material:binding
                prepend rel material:binding = </Instances/mesh_2_1/VisualMaterials/a0000000_0000_0000_0000_000000000000>
            }

            over "a0000000_0000_0000_0000_000000000000290" (
                apiSchemas = ["MaterialBindingAPI"]
            )
            {
                custom rel material:binding
                prepend rel material:binding = </Instances/mesh_2_1/VisualMaterials/a0000000_0000_0000_0000_000000000000>
            }

            over "a0000000_0000_0000_0000_000000000000291" (
                apiSchemas = ["MaterialBindingAPI"]
            )
            {
                custom rel material:binding
                prepend rel material:binding = </Instances/mesh_2_1/VisualMaterials/a0000000_0000_0000_0000_000000000000>
            }

            over "a0000000_0000_0000_0000_000000000000292" (
                apiSchemas = ["MaterialBindingAPI"]
            )
            {
                custom rel material:binding
                prepend rel material:binding = </Instances/mesh_2_1/VisualMaterials/a0000000_0000_0000_0000_000000000000>
            }

            over "a0000000_0000_0000_0000_000000000000293" (
                apiSchemas = ["MaterialBindingAPI"]
            )
            {
                custom rel material:binding
                prepend rel material:binding = </Instances/mesh_2_1/VisualMaterials/a0000000_0000_0000_0000_000000000000>
            }

            over "a0000000_0000_0000_0000_000000000000294" (
                apiSchemas = ["MaterialBindingAPI"]
            )
            {
                custom rel material:binding
                prepend rel material:binding = </Instances/mesh_2_1/VisualMaterials/a0000000_0000_0000_0000_000000000000>
            }

            over "a0000000_0000_0000_0000_000000000000295" (
                apiSchemas = ["MaterialBindingAPI"]
            )
            {
                custom rel material:binding
                prepend rel material:binding = </Instances/mesh_2_1/VisualMaterials/a0000000_0000_0000_0000_000000000000>
            }

            over "a0000000_0000_0000_0000_000000000000296" (
                apiSchemas = ["MaterialBindingAPI"]
            )
            {
                custom rel material:binding
                prepend rel material:binding = </Instances/mesh_2_1/VisualMaterials/a0000000_0000_0000_0000_000000000000>
            }

            over "a0000000_0000_0000_0000_000000000000297" (
                apiSchemas = ["MaterialBindingAPI"]
            )
            {
                custom rel material:binding
                prepend rel material:binding = </Instances/mesh_2_1/VisualMaterials/a0000000_0000_0000_0000_000000000000>
            }

            over "a0000000_0000_0000_0000_000000000000298" (
                apiSchemas = ["MaterialBindingAPI"]
            )
            {
                custom rel material:binding
                prepend rel material:binding = </Instances/mesh_2_1/VisualMaterials/a0000000_0000_0000_0000_000000000000>
            }

            over "a0000000_0000_0000_0000_000000000000299" (
                apiSchemas = ["MaterialBindingAPI"]
            )
            {
                custom rel material:binding
                prepend rel material:binding = </Instances/mesh_2_1/VisualMaterials/a0000000_0000_0000_0000_000000000000>
            }

            over "a0000000_0000_0000_0000_000000000000300" (
                apiSchemas = ["MaterialBindingAPI"]
            )
            {
                custom rel material:binding
                prepend rel material:binding = </Instances/mesh_2_1/VisualMaterials/a0000000_0000_0000_0000_000000000000>
            }

            over "a0000000_0000_0000_0000_000000000000301" (
                apiSchemas = ["MaterialBindingAPI"]
            )
            {
                custom rel material:binding
                prepend rel material:binding = </Instances/mesh_2_1/VisualMaterials/a0000000_0000_0000_0000_000000000000>
            }

            over "a0000000_0000_0000_0000_000000000000302" (
                apiSchemas = ["MaterialBindingAPI"]
            )
            {
                custom rel material:binding
                prepend rel material:binding = </Instances/mesh_2_1/VisualMaterials/a0000000_0000_0000_0000_000000000000>
            }

            over "a0000000_0000_0000_0000_000000000000303" (
                apiSchemas = ["MaterialBindingAPI"]
            )
            {
                custom rel material:binding
                prepend rel material:binding = </Instances/mesh_2_1/VisualMaterials/a0000000_0000_0000_0000_000000000000>
            }

            over "a0000000_0000_0000_0000_000000000000304" (
                apiSchemas = ["MaterialBindingAPI"]
            )
            {
                custom rel material:binding
                prepend rel material:binding = </Instances/mesh_2_1/VisualMaterials/a0000000_0000_0000_0000_000000000000>
            }

            over "a0000000_0000_0000_0000_000000000000305" (
                apiSchemas = ["MaterialBindingAPI"]
            )
            {
                custom rel material:binding
                prepend rel material:binding = </Instances/mesh_2_1/VisualMaterials/a0000000_0000_0000_0000_000000000000>
            }

            over "a0000000_0000_0000_0000_000000000000306" (
                apiSchemas = ["MaterialBindingAPI"]
            )
            {
                custom rel material:binding
                prepend rel material:binding = </Instances/mesh_2_1/VisualMaterials/a0000000_0000_0000_0000_000000000000>
            }

            over "a0000000_0000_0000_0000_000000000000307" (
                apiSchemas = ["MaterialBindingAPI"]
            )
            {
                custom rel material:binding
                prepend rel material:binding = </Instances/mesh_2_1/VisualMaterials/a0000000_0000_0000_0000_000000000000>
            }

            over "a0000000_0000_0000_0000_000000000000308" (
                apiSchemas = ["MaterialBindingAPI"]
            )
            {
                custom rel material:binding
                prepend rel material:binding = </Instances/mesh_2_1/VisualMaterials/a0000000_0000_0000_0000_000000000000>
            }

            over "a0000000_0000_0000_0000_000000000000309" (
                apiSchemas = ["MaterialBindingAPI"]
            )
            {
                custom rel material:binding
                prepend rel material:binding = </Instances/mesh_2_1/VisualMaterials/a0000000_0000_0000_0000_000000000000>
            }

            over "a0000000_0000_0000_0000_000000000000310" (
                apiSchemas = ["MaterialBindingAPI"]
            )
            {
                custom rel material:binding
                prepend rel material:binding = </Instances/mesh_2_1/VisualMaterials/a0000000_0000_0000_0000_000000000000>
            }

            over "a0000000_0000_0000_0000_000000000000311" (
                apiSchemas = ["MaterialBindingAPI"]
            )
            {
                custom rel material:binding
                prepend rel material:binding = </Instances/mesh_2_1/VisualMaterials/a0000000_0000_0000_0000_000000000000>
            }

            over "a0000000_0000_0000_0000_000000000000312" (
                apiSchemas = ["MaterialBindingAPI"]
            )
            {
                custom rel material:binding
                prepend rel material:binding = </Instances/mesh_2_1/VisualMaterials/a0000000_0000_0000_0000_000000000000>
            }

            over "a0000000_0000_0000_0000_000000000000313" (
                apiSchemas = ["MaterialBindingAPI"]
            )
            {
                custom rel material:binding
                prepend rel material:binding = </Instances/mesh_2_1/VisualMaterials/a0000000_0000_0000_0000_000000000000>
            }

            over "a0000000_0000_0000_0000_000000000000314" (
                apiSchemas = ["MaterialBindingAPI"]
            )
            {
                custom rel material:binding
                prepend rel material:binding = </Instances/mesh_2_1/VisualMaterials/a0000000_0000_0000_0000_000000000000>
            }

            over "a0000000_0000_0000_0000_000000000000315" (
                apiSchemas = ["MaterialBindingAPI"]
            )
            {
                custom rel material:binding
                prepend rel material:binding = </Instances/mesh_2_1/VisualMaterials/a0000000_0000_0000_0000_000000000000>
            }

            over "a0000000_0000_0000_0000_000000000000316" (
                apiSchemas = ["MaterialBindingAPI"]
            )
            {
                custom rel material:binding
                prepend rel material:binding = </Instances/mesh_2_1/VisualMaterials/a0000000_0000_0000_0000_000000000000>
            }

            over "a0000000_0000_0000_0000_000000000000317" (
                apiSchemas = ["MaterialBindingAPI"]
            )
            {
                custom rel material:binding
                prepend rel material:binding = </Instances/mesh_2_1/VisualMaterials/a0000000_0000_0000_0000_000000000000>
            }

            over "a0000000_0000_0000_0000_000000000000318" (
                apiSchemas = ["MaterialBindingAPI"]
            )
            {
                custom rel material:binding
                prepend rel material:binding = </Instances/mesh_2_1/VisualMaterials/a0000000_0000_0000_0000_000000000000>
            }

            over "a0000000_0000_0000_0000_000000000000319" (
                apiSchemas = ["MaterialBindingAPI"]
            )
            {
                custom rel material:binding
                prepend rel material:binding = </Instances/mesh_2_1/VisualMaterials/a0000000_0000_0000_0000_000000000000>
            }

            over "a0000000_0000_0000_0000_000000000000320" (
                apiSchemas = ["MaterialBindingAPI"]
            )
            {
                custom rel material:binding
                prepend rel material:binding = </Instances/mesh_2_1/VisualMaterials/a0000000_0000_0000_0000_000000000000>
            }

            over "a0000000_0000_0000_0000_000000000000321" (
                apiSchemas = ["MaterialBindingAPI"]
            )
            {
                custom rel material:binding
                prepend rel material:binding = </Instances/mesh_2_1/VisualMaterials/a0000000_0000_0000_0000_000000000000>
            }

            over "a0000000_0000_0000_0000_000000000000322" (
                apiSchemas = ["MaterialBindingAPI"]
            )
            {
                custom rel material:binding
                prepend rel material:binding = </Instances/mesh_2_1/VisualMaterials/a0000000_0000_0000_0000_000000000000>
            }

            over "a0000000_0000_0000_0000_000000000000323" (
                apiSchemas = ["MaterialBindingAPI"]
            )
            {
                custom rel material:binding
                prepend rel material:binding = </Instances/mesh_2_1/VisualMaterials/a0000000_0000_0000_0000_000000000000>
            }

            over "a0000000_0000_0000_0000_000000000000324" (
                apiSchemas = ["MaterialBindingAPI"]
            )
            {
                custom rel material:binding
                prepend rel material:binding = </Instances/mesh_2_1/VisualMaterials/a0000000_0000_0000_0000_000000000000>
            }

            over "a0000000_0000_0000_0000_000000000000325" (
                apiSchemas = ["MaterialBindingAPI"]
            )
            {
                custom rel material:binding
                prepend rel material:binding = </Instances/mesh_2_1/VisualMaterials/a0000000_0000_0000_0000_000000000000>
            }

            over "a0000000_0000_0000_0000_000000000000326" (
                apiSchemas = ["MaterialBindingAPI"]
            )
            {
                custom rel material:binding
                prepend rel material:binding = </Instances/mesh_2_1/VisualMaterials/a0000000_0000_0000_0000_000000000000>
            }

            over "a0000000_0000_0000_0000_000000000000327" (
                apiSchemas = ["MaterialBindingAPI"]
            )
            {
                custom rel material:binding
                prepend rel material:binding = </Instances/mesh_2_1/VisualMaterials/a0000000_0000_0000_0000_000000000000>
            }

            over "Material________003" (
                apiSchemas = ["MaterialBindingAPI"]
            )
            {
                custom rel material:binding
                prepend rel material:binding = </Instances/mesh_2_1/VisualMaterials/Material________002>
            }

            over "a0000000_0000_0000_0000_000000000000328" (
                apiSchemas = ["MaterialBindingAPI"]
            )
            {
                custom rel material:binding
                prepend rel material:binding = </Instances/mesh_2_1/VisualMaterials/a0000000_0000_0000_0000_000000000000>
            }

            over "a0000000_0000_0000_0000_000000000000329" (
                apiSchemas = ["MaterialBindingAPI"]
            )
            {
                custom rel material:binding
                prepend rel material:binding = </Instances/mesh_2_1/VisualMaterials/a0000000_0000_0000_0000_000000000000>
            }

            over "a0000000_0000_0000_0000_000000000000330" (
                apiSchemas = ["MaterialBindingAPI"]
            )
            {
                custom rel material:binding
                prepend rel material:binding = </Instances/mesh_2_1/VisualMaterials/a0000000_0000_0000_0000_000000000000>
            }

            over "a0000000_0000_0000_0000_000000000000331" (
                apiSchemas = ["MaterialBindingAPI"]
            )
            {
                custom rel material:binding
                prepend rel material:binding = </Instances/mesh_2_1/VisualMaterials/a0000000_0000_0000_0000_000000000000>
            }

            over "a0000000_0000_0000_0000_000000000000332" (
                apiSchemas = ["MaterialBindingAPI"]
            )
            {
                custom rel material:binding
                prepend rel material:binding = </Instances/mesh_2_1/VisualMaterials/a0000000_0000_0000_0000_000000000000>
            }

            over "a0000000_0000_0000_0000_000000000000333" (
                apiSchemas = ["MaterialBindingAPI"]
            )
            {
                custom rel material:binding
                prepend rel material:binding = </Instances/mesh_2_1/VisualMaterials/a0000000_0000_0000_0000_000000000000>
            }

            over "a0000000_0000_0000_0000_000000000000334" (
                apiSchemas = ["MaterialBindingAPI"]
            )
            {
                custom rel material:binding
                prepend rel material:binding = </Instances/mesh_2_1/VisualMaterials/a0000000_0000_0000_0000_000000000000>
            }

            over "a0000000_0000_0000_0000_000000000000335" (
                apiSchemas = ["MaterialBindingAPI"]
            )
            {
                custom rel material:binding
                prepend rel material:binding = </Instances/mesh_2_1/VisualMaterials/a0000000_0000_0000_0000_000000000000>
            }

            over "a0000000_0000_0000_0000_000000000000336" (
                apiSchemas = ["MaterialBindingAPI"]
            )
            {
                custom rel material:binding
                prepend rel material:binding = </Instances/mesh_2_1/VisualMaterials/a0000000_0000_0000_0000_000000000000>
            }

            over "a0000000_0000_0000_0000_000000000000337" (
                apiSchemas = ["MaterialBindingAPI"]
            )
            {
                custom rel material:binding
                prepend rel material:binding = </Instances/mesh_2_1/VisualMaterials/a0000000_0000_0000_0000_000000000000>
            }

            over "a0000000_0000_0000_0000_000000000000338" (
                apiSchemas = ["MaterialBindingAPI"]
            )
            {
                custom rel material:binding
                prepend rel material:binding = </Instances/mesh_2_1/VisualMaterials/a0000000_0000_0000_0000_000000000000>
            }

            over "a0000000_0000_0000_0000_000000000000339" (
                apiSchemas = ["MaterialBindingAPI"]
            )
            {
                custom rel material:binding
                prepend rel material:binding = </Instances/mesh_2_1/VisualMaterials/a0000000_0000_0000_0000_000000000000>
            }

            over "a0000000_0000_0000_0000_000000000000340" (
                apiSchemas = ["MaterialBindingAPI"]
            )
            {
                custom rel material:binding
                prepend rel material:binding = </Instances/mesh_2_1/VisualMaterials/a0000000_0000_0000_0000_000000000000>
            }

            over "a0000000_0000_0000_0000_000000000000341" (
                apiSchemas = ["MaterialBindingAPI"]
            )
            {
                custom rel material:binding
                prepend rel material:binding = </Instances/mesh_2_1/VisualMaterials/a0000000_0000_0000_0000_000000000000>
            }

            over "a0000000_0000_0000_0000_000000000000342" (
                apiSchemas = ["MaterialBindingAPI"]
            )
            {
                custom rel material:binding
                prepend rel material:binding = </Instances/mesh_2_1/VisualMaterials/a0000000_0000_0000_0000_000000000000>
            }

            over "a0000000_0000_0000_0000_000000000000343" (
                apiSchemas = ["MaterialBindingAPI"]
            )
            {
                custom rel material:binding
                prepend rel material:binding = </Instances/mesh_2_1/VisualMaterials/a0000000_0000_0000_0000_000000000000>
            }

            over "a0000000_0000_0000_0000_000000000000344" (
                apiSchemas = ["MaterialBindingAPI"]
            )
            {
                custom rel material:binding
                prepend rel material:binding = </Instances/mesh_2_1/VisualMaterials/a0000000_0000_0000_0000_000000000000>
            }

            over "a0000000_0000_0000_0000_000000000000345" (
                apiSchemas = ["MaterialBindingAPI"]
            )
            {
                custom rel material:binding
                prepend rel material:binding = </Instances/mesh_2_1/VisualMaterials/a0000000_0000_0000_0000_000000000000>
            }

            over "a0000000_0000_0000_0000_000000000000346" (
                apiSchemas = ["MaterialBindingAPI"]
            )
            {
                custom rel material:binding
                prepend rel material:binding = </Instances/mesh_2_1/VisualMaterials/a0000000_0000_0000_0000_000000000000>
            }

            over "a0000000_0000_0000_0000_000000000000347" (
                apiSchemas = ["MaterialBindingAPI"]
            )
            {
                custom rel material:binding
                prepend rel material:binding = </Instances/mesh_2_1/VisualMaterials/a0000000_0000_0000_0000_000000000000>
            }

            over "a0000000_0000_0000_0000_000000000000348" (
                apiSchemas = ["MaterialBindingAPI"]
            )
            {
                custom rel material:binding
                prepend rel material:binding = </Instances/mesh_2_1/VisualMaterials/a0000000_0000_0000_0000_000000000000>
            }

            over "a0000000_0000_0000_0000_000000000000349" (
                apiSchemas = ["MaterialBindingAPI"]
            )
            {
                custom rel material:binding
                prepend rel material:binding = </Instances/mesh_2_1/VisualMaterials/a0000000_0000_0000_0000_000000000000>
            }

            over "a0000000_0000_0000_0000_000000000000350" (
                apiSchemas = ["MaterialBindingAPI"]
            )
            {
                custom rel material:binding
                prepend rel material:binding = </Instances/mesh_2_1/VisualMaterials/a0000000_0000_0000_0000_000000000000>
            }

            over "a0000000_0000_0000_0000_000000000000351" (
                apiSchemas = ["MaterialBindingAPI"]
            )
            {
                custom rel material:binding
                prepend rel material:binding = </Instances/mesh_2_1/VisualMaterials/a0000000_0000_0000_0000_000000000000>
            }

            over "a0000000_0000_0000_0000_000000000000352" (
                apiSchemas = ["MaterialBindingAPI"]
            )
            {
                custom rel material:binding
                prepend rel material:binding = </Instances/mesh_2_1/VisualMaterials/a0000000_0000_0000_0000_000000000000>
            }

            over "a0000000_0000_0000_0000_000000000000353" (
                apiSchemas = ["MaterialBindingAPI"]
            )
            {
                custom rel material:binding
                prepend rel material:binding = </Instances/mesh_2_1/VisualMaterials/a0000000_0000_0000_0000_000000000000>
            }

            over "a0000000_0000_0000_0000_000000000000354" (
                apiSchemas = ["MaterialBindingAPI"]
            )
            {
                custom rel material:binding
                prepend rel material:binding = </Instances/mesh_2_1/VisualMaterials/a0000000_0000_0000_0000_000000000000>
            }

            over "a0000000_0000_0000_0000_000000000000355" (
                apiSchemas = ["MaterialBindingAPI"]
            )
            {
                custom rel material:binding
                prepend rel material:binding = </Instances/mesh_2_1/VisualMaterials/a0000000_0000_0000_0000_000000000000>
            }

            over "a0000000_0000_0000_0000_000000000000356" (
                apiSchemas = ["MaterialBindingAPI"]
            )
            {
                custom rel material:binding
                prepend rel material:binding = </Instances/mesh_2_1/VisualMaterials/a0000000_0000_0000_0000_000000000000>
            }

            over "a0000000_0000_0000_0000_000000000000357" (
                apiSchemas = ["MaterialBindingAPI"]
            )
            {
                custom rel material:binding
                prepend rel material:binding = </Instances/mesh_2_1/VisualMaterials/a0000000_0000_0000_0000_000000000000>
            }

            over "a0000000_0000_0000_0000_000000000000358" (
                apiSchemas = ["MaterialBindingAPI"]
            )
            {
                custom rel material:binding
                prepend rel material:binding = </Instances/mesh_2_1/VisualMaterials/a0000000_0000_0000_0000_000000000000>
            }

            over "a0000000_0000_0000_0000_000000000000359" (
                apiSchemas = ["MaterialBindingAPI"]
            )
            {
                custom rel material:binding
                prepend rel material:binding = </Instances/mesh_2_1/VisualMaterials/a0000000_0000_0000_0000_000000000000>
            }

            over "a0000000_0000_0000_0000_000000000000360" (
                apiSchemas = ["MaterialBindingAPI"]
            )
            {
                custom rel material:binding
                prepend rel material:binding = </Instances/mesh_2_1/VisualMaterials/a0000000_0000_0000_0000_000000000000>
            }

            over "a0000000_0000_0000_0000_000000000000361" (
                apiSchemas = ["MaterialBindingAPI"]
            )
            {
                custom rel material:binding
                prepend rel material:binding = </Instances/mesh_2_1/VisualMaterials/a0000000_0000_0000_0000_000000000000>
            }

            over "a0000000_0000_0000_0000_000000000000362" (
                apiSchemas = ["MaterialBindingAPI"]
            )
            {
                custom rel material:binding
                prepend rel material:binding = </Instances/mesh_2_1/VisualMaterials/a0000000_0000_0000_0000_000000000000>
            }

            over "a0000000_0000_0000_0000_000000000000363" (
                apiSchemas = ["MaterialBindingAPI"]
            )
            {
                custom rel material:binding
                prepend rel material:binding = </Instances/mesh_2_1/VisualMaterials/a0000000_0000_0000_0000_000000000000>
            }

            over "a0000000_0000_0000_0000_000000000000364" (
                apiSchemas = ["MaterialBindingAPI"]
            )
            {
                custom rel material:binding
                prepend rel material:binding = </Instances/mesh_2_1/VisualMaterials/a0000000_0000_0000_0000_000000000000>
            }

            over "a0000000_0000_0000_0000_000000000000365" (
                apiSchemas = ["MaterialBindingAPI"]
            )
            {
                custom rel material:binding
                prepend rel material:binding = </Instances/mesh_2_1/VisualMaterials/a0000000_0000_0000_0000_000000000000>
            }

            over "a0000000_0000_0000_0000_000000000000_00213" (
                apiSchemas = ["MaterialBindingAPI"]
            )
            {
                custom rel material:binding
                prepend rel material:binding = </Instances/mesh_2_1/VisualMaterials/a0000000_0000_0000_0000_000000000000_002>
            }

            over "a0000000_0000_0000_0000_000000000000366" (
                apiSchemas = ["MaterialBindingAPI"]
            )
            {
                custom rel material:binding
                prepend rel material:binding = </Instances/mesh_2_1/VisualMaterials/a0000000_0000_0000_0000_000000000000>
            }

            over "a0000000_0000_0000_0000_000000000000367" (
                apiSchemas = ["MaterialBindingAPI"]
            )
            {
                custom rel material:binding
                prepend rel material:binding = </Instances/mesh_2_1/VisualMaterials/a0000000_0000_0000_0000_000000000000>
            }

            over "a0000000_0000_0000_0000_000000000000368" (
                apiSchemas = ["MaterialBindingAPI"]
            )
            {
                custom rel material:binding
                prepend rel material:binding = </Instances/mesh_2_1/VisualMaterials/a0000000_0000_0000_0000_000000000000>
            }

            over "a0000000_0000_0000_0000_000000000000369" (
                apiSchemas = ["MaterialBindingAPI"]
            )
            {
                custom rel material:binding
                prepend rel material:binding = </Instances/mesh_2_1/VisualMaterials/a0000000_0000_0000_0000_000000000000>
            }

            over "a0000000_0000_0000_0000_000000000000370" (
                apiSchemas = ["MaterialBindingAPI"]
            )
            {
                custom rel material:binding
                prepend rel material:binding = </Instances/mesh_2_1/VisualMaterials/a0000000_0000_0000_0000_000000000000>
            }

            over "a0000000_0000_0000_0000_000000000000371" (
                apiSchemas = ["MaterialBindingAPI"]
            )
            {
                custom rel material:binding
                prepend rel material:binding = </Instances/mesh_2_1/VisualMaterials/a0000000_0000_0000_0000_000000000000>
            }

            over "a0000000_0000_0000_0000_000000000000372" (
                apiSchemas = ["MaterialBindingAPI"]
            )
            {
                custom rel material:binding
                prepend rel material:binding = </Instances/mesh_2_1/VisualMaterials/a0000000_0000_0000_0000_000000000000>
            }

            over "a0000000_0000_0000_0000_000000000000373" (
                apiSchemas = ["MaterialBindingAPI"]
            )
            {
                custom rel material:binding
                prepend rel material:binding = </Instances/mesh_2_1/VisualMaterials/a0000000_0000_0000_0000_000000000000>
            }

            over "a0000000_0000_0000_0000_000000000000374" (
                apiSchemas = ["MaterialBindingAPI"]
            )
            {
                custom rel material:binding
                prepend rel material:binding = </Instances/mesh_2_1/VisualMaterials/a0000000_0000_0000_0000_000000000000>
            }

            over "a0000000_0000_0000_0000_000000000000375" (
                apiSchemas = ["MaterialBindingAPI"]
            )
            {
                custom rel material:binding
                prepend rel material:binding = </Instances/mesh_2_1/VisualMaterials/a0000000_0000_0000_0000_000000000000>
            }

            over "a0000000_0000_0000_0000_000000000000376" (
                apiSchemas = ["MaterialBindingAPI"]
            )
            {
                custom rel material:binding
                prepend rel material:binding = </Instances/mesh_2_1/VisualMaterials/a0000000_0000_0000_0000_000000000000>
            }

            over "a0000000_0000_0000_0000_000000000000377" (
                apiSchemas = ["MaterialBindingAPI"]
            )
            {
                custom rel material:binding
                prepend rel material:binding = </Instances/mesh_2_1/VisualMaterials/a0000000_0000_0000_0000_000000000000>
            }

            over "a0000000_0000_0000_0000_000000000000378" (
                apiSchemas = ["MaterialBindingAPI"]
            )
            {
                custom rel material:binding
                prepend rel material:binding = </Instances/mesh_2_1/VisualMaterials/a0000000_0000_0000_0000_000000000000>
            }

            over "a0000000_0000_0000_0000_000000000000379" (
                apiSchemas = ["MaterialBindingAPI"]
            )
            {
                custom rel material:binding
                prepend rel material:binding = </Instances/mesh_2_1/VisualMaterials/a0000000_0000_0000_0000_000000000000>
            }

            over "a0000000_0000_0000_0000_000000000000380" (
                apiSchemas = ["MaterialBindingAPI"]
            )
            {
                custom rel material:binding
                prepend rel material:binding = </Instances/mesh_2_1/VisualMaterials/a0000000_0000_0000_0000_000000000000>
            }

            over "a0000000_0000_0000_0000_000000000000381" (
                apiSchemas = ["MaterialBindingAPI"]
            )
            {
                custom rel material:binding
                prepend rel material:binding = </Instances/mesh_2_1/VisualMaterials/a0000000_0000_0000_0000_000000000000>
            }

            over "a0000000_0000_0000_0000_000000000000382" (
                apiSchemas = ["MaterialBindingAPI"]
            )
            {
                custom rel material:binding
                prepend rel material:binding = </Instances/mesh_2_1/VisualMaterials/a0000000_0000_0000_0000_000000000000>
            }

            over "a0000000_0000_0000_0000_000000000000383" (
                apiSchemas = ["MaterialBindingAPI"]
            )
            {
                custom rel material:binding
                prepend rel material:binding = </Instances/mesh_2_1/VisualMaterials/a0000000_0000_0000_0000_000000000000>
            }

            over "a0000000_0000_0000_0000_000000000000384" (
                apiSchemas = ["MaterialBindingAPI"]
            )
            {
                custom rel material:binding
                prepend rel material:binding = </Instances/mesh_2_1/VisualMaterials/a0000000_0000_0000_0000_000000000000>
            }

            over "a0000000_0000_0000_0000_000000000000385" (
                apiSchemas = ["MaterialBindingAPI"]
            )
            {
                custom rel material:binding
                prepend rel material:binding = </Instances/mesh_2_1/VisualMaterials/a0000000_0000_0000_0000_000000000000>
            }

            over "a0000000_0000_0000_0000_000000000000386" (
                apiSchemas = ["MaterialBindingAPI"]
            )
            {
                custom rel material:binding
                prepend rel material:binding = </Instances/mesh_2_1/VisualMaterials/a0000000_0000_0000_0000_000000000000>
            }

            over "a0000000_0000_0000_0000_000000000000387" (
                apiSchemas = ["MaterialBindingAPI"]
            )
            {
                custom rel material:binding
                prepend rel material:binding = </Instances/mesh_2_1/VisualMaterials/a0000000_0000_0000_0000_000000000000>
            }

            over "a0000000_0000_0000_0000_000000000000388" (
                apiSchemas = ["MaterialBindingAPI"]
            )
            {
                custom rel material:binding
                prepend rel material:binding = </Instances/mesh_2_1/VisualMaterials/a0000000_0000_0000_0000_000000000000>
            }

            over "a0000000_0000_0000_0000_000000000000389" (
                apiSchemas = ["MaterialBindingAPI"]
            )
            {
                custom rel material:binding
                prepend rel material:binding = </Instances/mesh_2_1/VisualMaterials/a0000000_0000_0000_0000_000000000000>
            }

            over "a0000000_0000_0000_0000_000000000000390" (
                apiSchemas = ["MaterialBindingAPI"]
            )
            {
                custom rel material:binding
                prepend rel material:binding = </Instances/mesh_2_1/VisualMaterials/a0000000_0000_0000_0000_000000000000>
            }

            over "a0000000_0000_0000_0000_000000000000391" (
                apiSchemas = ["MaterialBindingAPI"]
            )
            {
                custom rel material:binding
                prepend rel material:binding = </Instances/mesh_2_1/VisualMaterials/a0000000_0000_0000_0000_000000000000>
            }

            over "a0000000_0000_0000_0000_000000000000_00214" (
                apiSchemas = ["MaterialBindingAPI"]
            )
            {
                custom rel material:binding
                prepend rel material:binding = </Instances/mesh_2_1/VisualMaterials/a0000000_0000_0000_0000_000000000000_002>
            }

            over "a0000000_0000_0000_0000_000000000000392" (
                apiSchemas = ["MaterialBindingAPI"]
            )
            {
                custom rel material:binding
                prepend rel material:binding = </Instances/mesh_2_1/VisualMaterials/a0000000_0000_0000_0000_000000000000>
            }

            over "a0000000_0000_0000_0000_000000000000393" (
                apiSchemas = ["MaterialBindingAPI"]
            )
            {
                custom rel material:binding
                prepend rel material:binding = </Instances/mesh_2_1/VisualMaterials/a0000000_0000_0000_0000_000000000000>
            }

            over "a0000000_0000_0000_0000_000000000000394" (
                apiSchemas = ["MaterialBindingAPI"]
            )
            {
                custom rel material:binding
                prepend rel material:binding = </Instances/mesh_2_1/VisualMaterials/a0000000_0000_0000_0000_000000000000>
            }

            over "a0000000_0000_0000_0000_000000000000395" (
                apiSchemas = ["MaterialBindingAPI"]
            )
            {
                custom rel material:binding
                prepend rel material:binding = </Instances/mesh_2_1/VisualMaterials/a0000000_0000_0000_0000_000000000000>
            }

            over "a0000000_0000_0000_0000_000000000000396" (
                apiSchemas = ["MaterialBindingAPI"]
            )
            {
                custom rel material:binding
                prepend rel material:binding = </Instances/mesh_2_1/VisualMaterials/a0000000_0000_0000_0000_000000000000>
            }

            over "a0000000_0000_0000_0000_000000000000397" (
                apiSchemas = ["MaterialBindingAPI"]
            )
            {
                custom rel material:binding
                prepend rel material:binding = </Instances/mesh_2_1/VisualMaterials/a0000000_0000_0000_0000_000000000000>
            }

            over "a0000000_0000_0000_0000_000000000000398" (
                apiSchemas = ["MaterialBindingAPI"]
            )
            {
                custom rel material:binding
                prepend rel material:binding = </Instances/mesh_2_1/VisualMaterials/a0000000_0000_0000_0000_000000000000>
            }

            over "a0000000_0000_0000_0000_000000000000399" (
                apiSchemas = ["MaterialBindingAPI"]
            )
            {
                custom rel material:binding
                prepend rel material:binding = </Instances/mesh_2_1/VisualMaterials/a0000000_0000_0000_0000_000000000000>
            }

            over "a0000000_0000_0000_0000_000000000000400" (
                apiSchemas = ["MaterialBindingAPI"]
            )
            {
                custom rel material:binding
                prepend rel material:binding = </Instances/mesh_2_1/VisualMaterials/a0000000_0000_0000_0000_000000000000>
            }

            over "a0000000_0000_0000_0000_000000000000401" (
                apiSchemas = ["MaterialBindingAPI"]
            )
            {
                custom rel material:binding
                prepend rel material:binding = </Instances/mesh_2_1/VisualMaterials/a0000000_0000_0000_0000_000000000000>
            }

            over "a0000000_0000_0000_0000_000000000000402" (
                apiSchemas = ["MaterialBindingAPI"]
            )
            {
                custom rel material:binding
                prepend rel material:binding = </Instances/mesh_2_1/VisualMaterials/a0000000_0000_0000_0000_000000000000>
            }

            over "a0000000_0000_0000_0000_000000000000403" (
                apiSchemas = ["MaterialBindingAPI"]
            )
            {
                custom rel material:binding
                prepend rel material:binding = </Instances/mesh_2_1/VisualMaterials/a0000000_0000_0000_0000_000000000000>
            }

            over "a0000000_0000_0000_0000_000000000000404" (
                apiSchemas = ["MaterialBindingAPI"]
            )
            {
                custom rel material:binding
                prepend rel material:binding = </Instances/mesh_2_1/VisualMaterials/a0000000_0000_0000_0000_000000000000>
            }

            over "a0000000_0000_0000_0000_000000000000405" (
                apiSchemas = ["MaterialBindingAPI"]
            )
            {
                custom rel material:binding
                prepend rel material:binding = </Instances/mesh_2_1/VisualMaterials/a0000000_0000_0000_0000_000000000000>
            }

            over "a0000000_0000_0000_0000_000000000000406" (
                apiSchemas = ["MaterialBindingAPI"]
            )
            {
                custom rel material:binding
                prepend rel material:binding = </Instances/mesh_2_1/VisualMaterials/a0000000_0000_0000_0000_000000000000>
            }

            over "a0000000_0000_0000_0000_000000000000407" (
                apiSchemas = ["MaterialBindingAPI"]
            )
            {
                custom rel material:binding
                prepend rel material:binding = </Instances/mesh_2_1/VisualMaterials/a0000000_0000_0000_0000_000000000000>
            }

            over "a0000000_0000_0000_0000_000000000000408" (
                apiSchemas = ["MaterialBindingAPI"]
            )
            {
                custom rel material:binding
                prepend rel material:binding = </Instances/mesh_2_1/VisualMaterials/a0000000_0000_0000_0000_000000000000>
            }

            over "a0000000_0000_0000_0000_000000000000409" (
                apiSchemas = ["MaterialBindingAPI"]
            )
            {
                custom rel material:binding
                prepend rel material:binding = </Instances/mesh_2_1/VisualMaterials/a0000000_0000_0000_0000_000000000000>
            }

            over "a0000000_0000_0000_0000_000000000000410" (
                apiSchemas = ["MaterialBindingAPI"]
            )
            {
                custom rel material:binding
                prepend rel material:binding = </Instances/mesh_2_1/VisualMaterials/a0000000_0000_0000_0000_000000000000>
            }

            over "a0000000_0000_0000_0000_000000000000411" (
                apiSchemas = ["MaterialBindingAPI"]
            )
            {
                custom rel material:binding
                prepend rel material:binding = </Instances/mesh_2_1/VisualMaterials/a0000000_0000_0000_0000_000000000000>
            }

            over "a0000000_0000_0000_0000_000000000000412" (
                apiSchemas = ["MaterialBindingAPI"]
            )
            {
                custom rel material:binding
                prepend rel material:binding = </Instances/mesh_2_1/VisualMaterials/a0000000_0000_0000_0000_000000000000>
            }

            over "a0000000_0000_0000_0000_000000000000413" (
                apiSchemas = ["MaterialBindingAPI"]
            )
            {
                custom rel material:binding
                prepend rel material:binding = </Instances/mesh_2_1/VisualMaterials/a0000000_0000_0000_0000_000000000000>
            }

            over "a0000000_0000_0000_0000_000000000000414" (
                apiSchemas = ["MaterialBindingAPI"]
            )
            {
                custom rel material:binding
                prepend rel material:binding = </Instances/mesh_2_1/VisualMaterials/a0000000_0000_0000_0000_000000000000>
            }

            over "a0000000_0000_0000_0000_000000000000415" (
                apiSchemas = ["MaterialBindingAPI"]
            )
            {
                custom rel material:binding
                prepend rel material:binding = </Instances/mesh_2_1/VisualMaterials/a0000000_0000_0000_0000_000000000000>
            }

            over "a0000000_0000_0000_0000_000000000000416" (
                apiSchemas = ["MaterialBindingAPI"]
            )
            {
                custom rel material:binding
                prepend rel material:binding = </Instances/mesh_2_1/VisualMaterials/a0000000_0000_0000_0000_000000000000>
            }

            over "a0000000_0000_0000_0000_000000000000417" (
                apiSchemas = ["MaterialBindingAPI"]
            )
            {
                custom rel material:binding
                prepend rel material:binding = </Instances/mesh_2_1/VisualMaterials/a0000000_0000_0000_0000_000000000000>
            }

            over "a0000000_0000_0000_0000_000000000000418" (
                apiSchemas = ["MaterialBindingAPI"]
            )
            {
                custom rel material:binding
                prepend rel material:binding = </Instances/mesh_2_1/VisualMaterials/a0000000_0000_0000_0000_000000000000>
            }

            over "a0000000_0000_0000_0000_000000000000419" (
                apiSchemas = ["MaterialBindingAPI"]
            )
            {
                custom rel material:binding
                prepend rel material:binding = </Instances/mesh_2_1/VisualMaterials/a0000000_0000_0000_0000_000000000000>
            }

            over "a0000000_0000_0000_0000_000000000000420" (
                apiSchemas = ["MaterialBindingAPI"]
            )
            {
                custom rel material:binding
                prepend rel material:binding = </Instances/mesh_2_1/VisualMaterials/a0000000_0000_0000_0000_000000000000>
            }

            over "a0000000_0000_0000_0000_000000000000421" (
                apiSchemas = ["MaterialBindingAPI"]
            )
            {
                custom rel material:binding
                prepend rel material:binding = </Instances/mesh_2_1/VisualMaterials/a0000000_0000_0000_0000_000000000000>
            }

            over "a0000000_0000_0000_0000_000000000000422" (
                apiSchemas = ["MaterialBindingAPI"]
            )
            {
                custom rel material:binding
                prepend rel material:binding = </Instances/mesh_2_1/VisualMaterials/a0000000_0000_0000_0000_000000000000>
            }

            over "a0000000_0000_0000_0000_000000000000423" (
                apiSchemas = ["MaterialBindingAPI"]
            )
            {
                custom rel material:binding
                prepend rel material:binding = </Instances/mesh_2_1/VisualMaterials/a0000000_0000_0000_0000_000000000000>
            }

            over "a0000000_0000_0000_0000_000000000000424" (
                apiSchemas = ["MaterialBindingAPI"]
            )
            {
                custom rel material:binding
                prepend rel material:binding = </Instances/mesh_2_1/VisualMaterials/a0000000_0000_0000_0000_000000000000>
            }

            over "a0000000_0000_0000_0000_000000000000425" (
                apiSchemas = ["MaterialBindingAPI"]
            )
            {
                custom rel material:binding
                prepend rel material:binding = </Instances/mesh_2_1/VisualMaterials/a0000000_0000_0000_0000_000000000000>
            }

            over "a0000000_0000_0000_0000_000000000000426" (
                apiSchemas = ["MaterialBindingAPI"]
            )
            {
                custom rel material:binding
                prepend rel material:binding = </Instances/mesh_2_1/VisualMaterials/a0000000_0000_0000_0000_000000000000>
            }

            over "a0000000_0000_0000_0000_000000000000427" (
                apiSchemas = ["MaterialBindingAPI"]
            )
            {
                custom rel material:binding
                prepend rel material:binding = </Instances/mesh_2_1/VisualMaterials/a0000000_0000_0000_0000_000000000000>
            }

            over "a0000000_0000_0000_0000_000000000000428" (
                apiSchemas = ["MaterialBindingAPI"]
            )
            {
                custom rel material:binding
                prepend rel material:binding = </Instances/mesh_2_1/VisualMaterials/a0000000_0000_0000_0000_000000000000>
            }

            over "a0000000_0000_0000_0000_000000000000429" (
                apiSchemas = ["MaterialBindingAPI"]
            )
            {
                custom rel material:binding
                prepend rel material:binding = </Instances/mesh_2_1/VisualMaterials/a0000000_0000_0000_0000_000000000000>
            }

            over "a0000000_0000_0000_0000_000000000000430" (
                apiSchemas = ["MaterialBindingAPI"]
            )
            {
                custom rel material:binding
                prepend rel material:binding = </Instances/mesh_2_1/VisualMaterials/a0000000_0000_0000_0000_000000000000>
            }

            over "a0000000_0000_0000_0000_000000000000_00215" (
                apiSchemas = ["MaterialBindingAPI"]
            )
            {
                custom rel material:binding
                prepend rel material:binding = </Instances/mesh_2_1/VisualMaterials/a0000000_0000_0000_0000_000000000000_002>
            }

            over "a0000000_0000_0000_0000_000000000000431" (
                apiSchemas = ["MaterialBindingAPI"]
            )
            {
                custom rel material:binding
                prepend rel material:binding = </Instances/mesh_2_1/VisualMaterials/a0000000_0000_0000_0000_000000000000>
            }

            over "a0000000_0000_0000_0000_000000000000432" (
                apiSchemas = ["MaterialBindingAPI"]
            )
            {
                custom rel material:binding
                prepend rel material:binding = </Instances/mesh_2_1/VisualMaterials/a0000000_0000_0000_0000_000000000000>
            }

            over "a0000000_0000_0000_0000_000000000000433" (
                apiSchemas = ["MaterialBindingAPI"]
            )
            {
                custom rel material:binding
                prepend rel material:binding = </Instances/mesh_2_1/VisualMaterials/a0000000_0000_0000_0000_000000000000>
            }

            over "a0000000_0000_0000_0000_000000000000434" (
                apiSchemas = ["MaterialBindingAPI"]
            )
            {
                custom rel material:binding
                prepend rel material:binding = </Instances/mesh_2_1/VisualMaterials/a0000000_0000_0000_0000_000000000000>
            }

            over "a0000000_0000_0000_0000_000000000000435" (
                apiSchemas = ["MaterialBindingAPI"]
            )
            {
                custom rel material:binding
                prepend rel material:binding = </Instances/mesh_2_1/VisualMaterials/a0000000_0000_0000_0000_000000000000>
            }

            over "a0000000_0000_0000_0000_000000000000436" (
                apiSchemas = ["MaterialBindingAPI"]
            )
            {
                custom rel material:binding
                prepend rel material:binding = </Instances/mesh_2_1/VisualMaterials/a0000000_0000_0000_0000_000000000000>
            }

            over "a0000000_0000_0000_0000_000000000000437" (
                apiSchemas = ["MaterialBindingAPI"]
            )
            {
                custom rel material:binding
                prepend rel material:binding = </Instances/mesh_2_1/VisualMaterials/a0000000_0000_0000_0000_000000000000>
            }

            over "a0000000_0000_0000_0000_000000000000438" (
                apiSchemas = ["MaterialBindingAPI"]
            )
            {
                custom rel material:binding
                prepend rel material:binding = </Instances/mesh_2_1/VisualMaterials/a0000000_0000_0000_0000_000000000000>
            }

            over "a0000000_0000_0000_0000_000000000000439" (
                apiSchemas = ["MaterialBindingAPI"]
            )
            {
                custom rel material:binding
                prepend rel material:binding = </Instances/mesh_2_1/VisualMaterials/a0000000_0000_0000_0000_000000000000>
            }

            over "a0000000_0000_0000_0000_000000000000440" (
                apiSchemas = ["MaterialBindingAPI"]
            )
            {
                custom rel material:binding
                prepend rel material:binding = </Instances/mesh_2_1/VisualMaterials/a0000000_0000_0000_0000_000000000000>
            }

            over "a0000000_0000_0000_0000_000000000000441" (
                apiSchemas = ["MaterialBindingAPI"]
            )
            {
                custom rel material:binding
                prepend rel material:binding = </Instances/mesh_2_1/VisualMaterials/a0000000_0000_0000_0000_000000000000>
            }

            over "a0000000_0000_0000_0000_000000000000442" (
                apiSchemas = ["MaterialBindingAPI"]
            )
            {
                custom rel material:binding
                prepend rel material:binding = </Instances/mesh_2_1/VisualMaterials/a0000000_0000_0000_0000_000000000000>
            }

            over "a0000000_0000_0000_0000_000000000000443" (
                apiSchemas = ["MaterialBindingAPI"]
            )
            {
                custom rel material:binding
                prepend rel material:binding = </Instances/mesh_2_1/VisualMaterials/a0000000_0000_0000_0000_000000000000>
            }

            over "a0000000_0000_0000_0000_000000000000444" (
                apiSchemas = ["MaterialBindingAPI"]
            )
            {
                custom rel material:binding
                prepend rel material:binding = </Instances/mesh_2_1/VisualMaterials/a0000000_0000_0000_0000_000000000000>
            }

            over "a0000000_0000_0000_0000_000000000000445" (
                apiSchemas = ["MaterialBindingAPI"]
            )
            {
                custom rel material:binding
                prepend rel material:binding = </Instances/mesh_2_1/VisualMaterials/a0000000_0000_0000_0000_000000000000>
            }

            over "a0000000_0000_0000_0000_000000000000446" (
                apiSchemas = ["MaterialBindingAPI"]
            )
            {
                custom rel material:binding
                prepend rel material:binding = </Instances/mesh_2_1/VisualMaterials/a0000000_0000_0000_0000_000000000000>
            }

            over "a0000000_0000_0000_0000_000000000000447" (
                apiSchemas = ["MaterialBindingAPI"]
            )
            {
                custom rel material:binding
                prepend rel material:binding = </Instances/mesh_2_1/VisualMaterials/a0000000_0000_0000_0000_000000000000>
            }

            over "Material________0030" (
                apiSchemas = ["MaterialBindingAPI"]
            )
            {
                custom rel material:binding
                prepend rel material:binding = </Instances/mesh_2_1/VisualMaterials/Material________002>
            }

            over "a0000000_0000_0000_0000_000000000000448" (
                apiSchemas = ["MaterialBindingAPI"]
            )
            {
                custom rel material:binding
                prepend rel material:binding = </Instances/mesh_2_1/VisualMaterials/a0000000_0000_0000_0000_000000000000>
            }

            over "a0000000_0000_0000_0000_000000000000449" (
                apiSchemas = ["MaterialBindingAPI"]
            )
            {
                custom rel material:binding
                prepend rel material:binding = </Instances/mesh_2_1/VisualMaterials/a0000000_0000_0000_0000_000000000000>
            }

            over "a0000000_0000_0000_0000_000000000000450" (
                apiSchemas = ["MaterialBindingAPI"]
            )
            {
                custom rel material:binding
                prepend rel material:binding = </Instances/mesh_2_1/VisualMaterials/a0000000_0000_0000_0000_000000000000>
            }

            over "a0000000_0000_0000_0000_000000000000451" (
                apiSchemas = ["MaterialBindingAPI"]
            )
            {
                custom rel material:binding
                prepend rel material:binding = </Instances/mesh_2_1/VisualMaterials/a0000000_0000_0000_0000_000000000000>
            }

            over "a0000000_0000_0000_0000_000000000000452" (
                apiSchemas = ["MaterialBindingAPI"]
            )
            {
                custom rel material:binding
                prepend rel material:binding = </Instances/mesh_2_1/VisualMaterials/a0000000_0000_0000_0000_000000000000>
            }

            over "a0000000_0000_0000_0000_000000000000453" (
                apiSchemas = ["MaterialBindingAPI"]
            )
            {
                custom rel material:binding
                prepend rel material:binding = </Instances/mesh_2_1/VisualMaterials/a0000000_0000_0000_0000_000000000000>
            }

            over "a0000000_0000_0000_0000_000000000000454" (
                apiSchemas = ["MaterialBindingAPI"]
            )
            {
                custom rel material:binding
                prepend rel material:binding = </Instances/mesh_2_1/VisualMaterials/a0000000_0000_0000_0000_000000000000>
            }

            over "a0000000_0000_0000_0000_000000000000455" (
                apiSchemas = ["MaterialBindingAPI"]
            )
            {
                custom rel material:binding
                prepend rel material:binding = </Instances/mesh_2_1/VisualMaterials/a0000000_0000_0000_0000_000000000000>
            }

            over "a0000000_0000_0000_0000_000000000000456" (
                apiSchemas = ["MaterialBindingAPI"]
            )
            {
                custom rel material:binding
                prepend rel material:binding = </Instances/mesh_2_1/VisualMaterials/a0000000_0000_0000_0000_000000000000>
            }

            over "a0000000_0000_0000_0000_000000000000457" (
                apiSchemas = ["MaterialBindingAPI"]
            )
            {
                custom rel material:binding
                prepend rel material:binding = </Instances/mesh_2_1/VisualMaterials/a0000000_0000_0000_0000_000000000000>
            }

            over "a0000000_0000_0000_0000_000000000000458" (
                apiSchemas = ["MaterialBindingAPI"]
            )
            {
                custom rel material:binding
                prepend rel material:binding = </Instances/mesh_2_1/VisualMaterials/a0000000_0000_0000_0000_000000000000>
            }

            over "a0000000_0000_0000_0000_000000000000459" (
                apiSchemas = ["MaterialBindingAPI"]
            )
            {
                custom rel material:binding
                prepend rel material:binding = </Instances/mesh_2_1/VisualMaterials/a0000000_0000_0000_0000_000000000000>
            }

            over "a0000000_0000_0000_0000_000000000000460" (
                apiSchemas = ["MaterialBindingAPI"]
            )
            {
                custom rel material:binding
                prepend rel material:binding = </Instances/mesh_2_1/VisualMaterials/a0000000_0000_0000_0000_000000000000>
            }

            over "a0000000_0000_0000_0000_000000000000461" (
                apiSchemas = ["MaterialBindingAPI"]
            )
            {
                custom rel material:binding
                prepend rel material:binding = </Instances/mesh_2_1/VisualMaterials/a0000000_0000_0000_0000_000000000000>
            }

            over "a0000000_0000_0000_0000_000000000000_00216" (
                apiSchemas = ["MaterialBindingAPI"]
            )
            {
                custom rel material:binding
                prepend rel material:binding = </Instances/mesh_2_1/VisualMaterials/a0000000_0000_0000_0000_000000000000_002>
            }

            over "a0000000_0000_0000_0000_000000000000462" (
                apiSchemas = ["MaterialBindingAPI"]
            )
            {
                custom rel material:binding
                prepend rel material:binding = </Instances/mesh_2_1/VisualMaterials/a0000000_0000_0000_0000_000000000000>
            }

            over "a0000000_0000_0000_0000_000000000000463" (
                apiSchemas = ["MaterialBindingAPI"]
            )
            {
                custom rel material:binding
                prepend rel material:binding = </Instances/mesh_2_1/VisualMaterials/a0000000_0000_0000_0000_000000000000>
            }

            over "a0000000_0000_0000_0000_000000000000464" (
                apiSchemas = ["MaterialBindingAPI"]
            )
            {
                custom rel material:binding
                prepend rel material:binding = </Instances/mesh_2_1/VisualMaterials/a0000000_0000_0000_0000_000000000000>
            }

            over "a0000000_0000_0000_0000_000000000000465" (
                apiSchemas = ["MaterialBindingAPI"]
            )
            {
                custom rel material:binding
                prepend rel material:binding = </Instances/mesh_2_1/VisualMaterials/a0000000_0000_0000_0000_000000000000>
            }

            over "a0000000_0000_0000_0000_000000000000466" (
                apiSchemas = ["MaterialBindingAPI"]
            )
            {
                custom rel material:binding
                prepend rel material:binding = </Instances/mesh_2_1/VisualMaterials/a0000000_0000_0000_0000_000000000000>
            }

            over "a0000000_0000_0000_0000_000000000000467" (
                apiSchemas = ["MaterialBindingAPI"]
            )
            {
                custom rel material:binding
                prepend rel material:binding = </Instances/mesh_2_1/VisualMaterials/a0000000_0000_0000_0000_000000000000>
            }

            over "a0000000_0000_0000_0000_000000000000468" (
                apiSchemas = ["MaterialBindingAPI"]
            )
            {
                custom rel material:binding
                prepend rel material:binding = </Instances/mesh_2_1/VisualMaterials/a0000000_0000_0000_0000_000000000000>
            }

            over "a0000000_0000_0000_0000_000000000000469" (
                apiSchemas = ["MaterialBindingAPI"]
            )
            {
                custom rel material:binding
                prepend rel material:binding = </Instances/mesh_2_1/VisualMaterials/a0000000_0000_0000_0000_000000000000>
            }

            over "a0000000_0000_0000_0000_000000000000470" (
                apiSchemas = ["MaterialBindingAPI"]
            )
            {
                custom rel material:binding
                prepend rel material:binding = </Instances/mesh_2_1/VisualMaterials/a0000000_0000_0000_0000_000000000000>
            }

            over "a0000000_0000_0000_0000_000000000000471" (
                apiSchemas = ["MaterialBindingAPI"]
            )
            {
                custom rel material:binding
                prepend rel material:binding = </Instances/mesh_2_1/VisualMaterials/a0000000_0000_0000_0000_000000000000>
            }

            over "a0000000_0000_0000_0000_000000000000472" (
                apiSchemas = ["MaterialBindingAPI"]
            )
            {
                custom rel material:binding
                prepend rel material:binding = </Instances/mesh_2_1/VisualMaterials/a0000000_0000_0000_0000_000000000000>
            }

            over "a0000000_0000_0000_0000_000000000000473" (
                apiSchemas = ["MaterialBindingAPI"]
            )
            {
                custom rel material:binding
                prepend rel material:binding = </Instances/mesh_2_1/VisualMaterials/a0000000_0000_0000_0000_000000000000>
            }

            over "black_metal" (
                apiSchemas = ["MaterialBindingAPI"]
            )
            {
                custom rel material:binding
                prepend rel material:binding = </Instances/mesh_2_1/VisualMaterials/black_metal>
            }

            over "a0000000_0000_0000_0000_000000000000474" (
                apiSchemas = ["MaterialBindingAPI"]
            )
            {
                custom rel material:binding
                prepend rel material:binding = </Instances/mesh_2_1/VisualMaterials/a0000000_0000_0000_0000_000000000000>
            }

            over "a0000000_0000_0000_0000_000000000000475" (
                apiSchemas = ["MaterialBindingAPI"]
            )
            {
                custom rel material:binding
                prepend rel material:binding = </Instances/mesh_2_1/VisualMaterials/a0000000_0000_0000_0000_000000000000>
            }

            over "a0000000_0000_0000_0000_000000000000476" (
                apiSchemas = ["MaterialBindingAPI"]
            )
            {
                custom rel material:binding
                prepend rel material:binding = </Instances/mesh_2_1/VisualMaterials/a0000000_0000_0000_0000_000000000000>
            }

            over "a0000000_0000_0000_0000_000000000000477" (
                apiSchemas = ["MaterialBindingAPI"]
            )
            {
                custom rel material:binding
                prepend rel material:binding = </Instances/mesh_2_1/VisualMaterials/a0000000_0000_0000_0000_000000000000>
            }

            over "a0000000_0000_0000_0000_000000000000478" (
                apiSchemas = ["MaterialBindingAPI"]
            )
            {
                custom rel material:binding
                prepend rel material:binding = </Instances/mesh_2_1/VisualMaterials/a0000000_0000_0000_0000_000000000000>
            }

            over "a0000000_0000_0000_0000_000000000000479" (
                apiSchemas = ["MaterialBindingAPI"]
            )
            {
                custom rel material:binding
                prepend rel material:binding = </Instances/mesh_2_1/VisualMaterials/a0000000_0000_0000_0000_000000000000>
            }

            over "a0000000_0000_0000_0000_000000000000480" (
                apiSchemas = ["MaterialBindingAPI"]
            )
            {
                custom rel material:binding
                prepend rel material:binding = </Instances/mesh_2_1/VisualMaterials/a0000000_0000_0000_0000_000000000000>
            }

            over "a0000000_0000_0000_0000_000000000000481" (
                apiSchemas = ["MaterialBindingAPI"]
            )
            {
                custom rel material:binding
                prepend rel material:binding = </Instances/mesh_2_1/VisualMaterials/a0000000_0000_0000_0000_000000000000>
            }

            over "a0000000_0000_0000_0000_000000000000482" (
                apiSchemas = ["MaterialBindingAPI"]
            )
            {
                custom rel material:binding
                prepend rel material:binding = </Instances/mesh_2_1/VisualMaterials/a0000000_0000_0000_0000_000000000000>
            }

            over "a0000000_0000_0000_0000_000000000000483" (
                apiSchemas = ["MaterialBindingAPI"]
            )
            {
                custom rel material:binding
                prepend rel material:binding = </Instances/mesh_2_1/VisualMaterials/a0000000_0000_0000_0000_000000000000>
            }

            over "a0000000_0000_0000_0000_000000000000484" (
                apiSchemas = ["MaterialBindingAPI"]
            )
            {
                custom rel material:binding
                prepend rel material:binding = </Instances/mesh_2_1/VisualMaterials/a0000000_0000_0000_0000_000000000000>
            }

            over "a0000000_0000_0000_0000_000000000000485" (
                apiSchemas = ["MaterialBindingAPI"]
            )
            {
                custom rel material:binding
                prepend rel material:binding = </Instances/mesh_2_1/VisualMaterials/a0000000_0000_0000_0000_000000000000>
            }

            over "a0000000_0000_0000_0000_000000000000486" (
                apiSchemas = ["MaterialBindingAPI"]
            )
            {
                custom rel material:binding
                prepend rel material:binding = </Instances/mesh_2_1/VisualMaterials/a0000000_0000_0000_0000_000000000000>
            }

            over "a0000000_0000_0000_0000_000000000000487" (
                apiSchemas = ["MaterialBindingAPI"]
            )
            {
                custom rel material:binding
                prepend rel material:binding = </Instances/mesh_2_1/VisualMaterials/a0000000_0000_0000_0000_000000000000>
            }

            over "a0000000_0000_0000_0000_000000000000488" (
                apiSchemas = ["MaterialBindingAPI"]
            )
            {
                custom rel material:binding
                prepend rel material:binding = </Instances/mesh_2_1/VisualMaterials/a0000000_0000_0000_0000_000000000000>
            }

            over "a0000000_0000_0000_0000_000000000000489" (
                apiSchemas = ["MaterialBindingAPI"]
            )
            {
                custom rel material:binding
                prepend rel material:binding = </Instances/mesh_2_1/VisualMaterials/a0000000_0000_0000_0000_000000000000>
            }

            over "a0000000_0000_0000_0000_000000000000490" (
                apiSchemas = ["MaterialBindingAPI"]
            )
            {
                custom rel material:binding
                prepend rel material:binding = </Instances/mesh_2_1/VisualMaterials/a0000000_0000_0000_0000_000000000000>
            }

            over "a0000000_0000_0000_0000_000000000000491" (
                apiSchemas = ["MaterialBindingAPI"]
            )
            {
                custom rel material:binding
                prepend rel material:binding = </Instances/mesh_2_1/VisualMaterials/a0000000_0000_0000_0000_000000000000>
            }

            over "Material________0031" (
                apiSchemas = ["MaterialBindingAPI"]
            )
            {
                custom rel material:binding
                prepend rel material:binding = </Instances/mesh_2_1/VisualMaterials/Material________002>
            }

            over "a0000000_0000_0000_0000_000000000000492" (
                apiSchemas = ["MaterialBindingAPI"]
            )
            {
                custom rel material:binding
                prepend rel material:binding = </Instances/mesh_2_1/VisualMaterials/a0000000_0000_0000_0000_000000000000>
            }

            over "a0000000_0000_0000_0000_000000000000493" (
                apiSchemas = ["MaterialBindingAPI"]
            )
            {
                custom rel material:binding
                prepend rel material:binding = </Instances/mesh_2_1/VisualMaterials/a0000000_0000_0000_0000_000000000000>
            }

            over "a0000000_0000_0000_0000_000000000000494" (
                apiSchemas = ["MaterialBindingAPI"]
            )
            {
                custom rel material:binding
                prepend rel material:binding = </Instances/mesh_2_1/VisualMaterials/a0000000_0000_0000_0000_000000000000>
            }

            over "a0000000_0000_0000_0000_000000000000495" (
                apiSchemas = ["MaterialBindingAPI"]
            )
            {
                custom rel material:binding
                prepend rel material:binding = </Instances/mesh_2_1/VisualMaterials/a0000000_0000_0000_0000_000000000000>
            }

            over "a0000000_0000_0000_0000_000000000000496" (
                apiSchemas = ["MaterialBindingAPI"]
            )
            {
                custom rel material:binding
                prepend rel material:binding = </Instances/mesh_2_1/VisualMaterials/a0000000_0000_0000_0000_000000000000>
            }

            over "a0000000_0000_0000_0000_000000000000_00217" (
                apiSchemas = ["MaterialBindingAPI"]
            )
            {
                custom rel material:binding
                prepend rel material:binding = </Instances/mesh_2_1/VisualMaterials/a0000000_0000_0000_0000_000000000000_002>
            }

            over "a0000000_0000_0000_0000_000000000000497" (
                apiSchemas = ["MaterialBindingAPI"]
            )
            {
                custom rel material:binding
                prepend rel material:binding = </Instances/mesh_2_1/VisualMaterials/a0000000_0000_0000_0000_000000000000>
            }

            over "a0000000_0000_0000_0000_000000000000498" (
                apiSchemas = ["MaterialBindingAPI"]
            )
            {
                custom rel material:binding
                prepend rel material:binding = </Instances/mesh_2_1/VisualMaterials/a0000000_0000_0000_0000_000000000000>
            }

            over "a0000000_0000_0000_0000_000000000000499" (
                apiSchemas = ["MaterialBindingAPI"]
            )
            {
                custom rel material:binding
                prepend rel material:binding = </Instances/mesh_2_1/VisualMaterials/a0000000_0000_0000_0000_000000000000>
            }

            over "a0000000_0000_0000_0000_000000000000500" (
                apiSchemas = ["MaterialBindingAPI"]
            )
            {
                custom rel material:binding
                prepend rel material:binding = </Instances/mesh_2_1/VisualMaterials/a0000000_0000_0000_0000_000000000000>
            }

            over "yin_" (
                apiSchemas = ["MaterialBindingAPI"]
            )
            {
                custom rel material:binding
                prepend rel material:binding = </Instances/mesh_2_1/VisualMaterials/yin_>
            }

            over "a0000000_0000_0000_0000_000000000000501" (
                apiSchemas = ["MaterialBindingAPI"]
            )
            {
                custom rel material:binding
                prepend rel material:binding = </Instances/mesh_2_1/VisualMaterials/a0000000_0000_0000_0000_000000000000>
            }

            over "Material________0032" (
                apiSchemas = ["MaterialBindingAPI"]
            )
            {
                custom rel material:binding
                prepend rel material:binding = </Instances/mesh_2_1/VisualMaterials/Material________002>
            }

            over "a0000000_0000_0000_0000_000000000000502" (
                apiSchemas = ["MaterialBindingAPI"]
            )
            {
                custom rel material:binding
                prepend rel material:binding = </Instances/mesh_2_1/VisualMaterials/a0000000_0000_0000_0000_000000000000>
            }

            over "a0000000_0000_0000_0000_000000000000503" (
                apiSchemas = ["MaterialBindingAPI"]
            )
            {
                custom rel material:binding
                prepend rel material:binding = </Instances/mesh_2_1/VisualMaterials/a0000000_0000_0000_0000_000000000000>
            }

            over "a0000000_0000_0000_0000_000000000000504" (
                apiSchemas = ["MaterialBindingAPI"]
            )
            {
                custom rel material:binding
                prepend rel material:binding = </Instances/mesh_2_1/VisualMaterials/a0000000_0000_0000_0000_000000000000>
            }

            over "a0000000_0000_0000_0000_000000000000505" (
                apiSchemas = ["MaterialBindingAPI"]
            )
            {
                custom rel material:binding
                prepend rel material:binding = </Instances/mesh_2_1/VisualMaterials/a0000000_0000_0000_0000_000000000000>
            }

            over "a0000000_0000_0000_0000_000000000000506" (
                apiSchemas = ["MaterialBindingAPI"]
            )
            {
                custom rel material:binding
                prepend rel material:binding = </Instances/mesh_2_1/VisualMaterials/a0000000_0000_0000_0000_000000000000>
            }

            over "a0000000_0000_0000_0000_000000000000507" (
                apiSchemas = ["MaterialBindingAPI"]
            )
            {
                custom rel material:binding
                prepend rel material:binding = </Instances/mesh_2_1/VisualMaterials/a0000000_0000_0000_0000_000000000000>
            }

            over "a0000000_0000_0000_0000_000000000000508" (
                apiSchemas = ["MaterialBindingAPI"]
            )
            {
                custom rel material:binding
                prepend rel material:binding = </Instances/mesh_2_1/VisualMaterials/a0000000_0000_0000_0000_000000000000>
            }

            over "a0000000_0000_0000_0000_000000000000509" (
                apiSchemas = ["MaterialBindingAPI"]
            )
            {
                custom rel material:binding
                prepend rel material:binding = </Instances/mesh_2_1/VisualMaterials/a0000000_0000_0000_0000_000000000000>
            }

            over "a0000000_0000_0000_0000_000000000000510" (
                apiSchemas = ["MaterialBindingAPI"]
            )
            {
                custom rel material:binding
                prepend rel material:binding = </Instances/mesh_2_1/VisualMaterials/a0000000_0000_0000_0000_000000000000>
            }

            over "a0000000_0000_0000_0000_000000000000511" (
                apiSchemas = ["MaterialBindingAPI"]
            )
            {
                custom rel material:binding
                prepend rel material:binding = </Instances/mesh_2_1/VisualMaterials/a0000000_0000_0000_0000_000000000000>
            }

            over "a0000000_0000_0000_0000_000000000000512" (
                apiSchemas = ["MaterialBindingAPI"]
            )
            {
                custom rel material:binding
                prepend rel material:binding = </Instances/mesh_2_1/VisualMaterials/a0000000_0000_0000_0000_000000000000>
            }

            over "a0000000_0000_0000_0000_000000000000513" (
                apiSchemas = ["MaterialBindingAPI"]
            )
            {
                custom rel material:binding
                prepend rel material:binding = </Instances/mesh_2_1/VisualMaterials/a0000000_0000_0000_0000_000000000000>
            }

            over "a0000000_0000_0000_0000_000000000000514" (
                apiSchemas = ["MaterialBindingAPI"]
            )
            {
                custom rel material:binding
                prepend rel material:binding = </Instances/mesh_2_1/VisualMaterials/a0000000_0000_0000_0000_000000000000>
            }

            over "a0000000_0000_0000_0000_000000000000515" (
                apiSchemas = ["MaterialBindingAPI"]
            )
            {
                custom rel material:binding
                prepend rel material:binding = </Instances/mesh_2_1/VisualMaterials/a0000000_0000_0000_0000_000000000000>
            }

            over "a0000000_0000_0000_0000_000000000000516" (
                apiSchemas = ["MaterialBindingAPI"]
            )
            {
                custom rel material:binding
                prepend rel material:binding = </Instances/mesh_2_1/VisualMaterials/a0000000_0000_0000_0000_000000000000>
            }

            over "a0000000_0000_0000_0000_000000000000517" (
                apiSchemas = ["MaterialBindingAPI"]
            )
            {
                custom rel material:binding
                prepend rel material:binding = </Instances/mesh_2_1/VisualMaterials/a0000000_0000_0000_0000_000000000000>
            }

            over "a0000000_0000_0000_0000_000000000000518" (
                apiSchemas = ["MaterialBindingAPI"]
            )
            {
                custom rel material:binding
                prepend rel material:binding = </Instances/mesh_2_1/VisualMaterials/a0000000_0000_0000_0000_000000000000>
            }

            over "a0000000_0000_0000_0000_000000000000519" (
                apiSchemas = ["MaterialBindingAPI"]
            )
            {
                custom rel material:binding
                prepend rel material:binding = </Instances/mesh_2_1/VisualMaterials/a0000000_0000_0000_0000_000000000000>
            }

            over "Material________0033" (
                apiSchemas = ["MaterialBindingAPI"]
            )
            {
                custom rel material:binding
                prepend rel material:binding = </Instances/mesh_2_1/VisualMaterials/Material________002>
            }

            over "a0000000_0000_0000_0000_000000000000520" (
                apiSchemas = ["MaterialBindingAPI"]
            )
            {
                custom rel material:binding
                prepend rel material:binding = </Instances/mesh_2_1/VisualMaterials/a0000000_0000_0000_0000_000000000000>
            }

            over "a0000000_0000_0000_0000_000000000000521" (
                apiSchemas = ["MaterialBindingAPI"]
            )
            {
                custom rel material:binding
                prepend rel material:binding = </Instances/mesh_2_1/VisualMaterials/a0000000_0000_0000_0000_000000000000>
            }

            over "a0000000_0000_0000_0000_000000000000522" (
                apiSchemas = ["MaterialBindingAPI"]
            )
            {
                custom rel material:binding
                prepend rel material:binding = </Instances/mesh_2_1/VisualMaterials/a0000000_0000_0000_0000_000000000000>
            }

            over "a0000000_0000_0000_0000_000000000000523" (
                apiSchemas = ["MaterialBindingAPI"]
            )
            {
                custom rel material:binding
                prepend rel material:binding = </Instances/mesh_2_1/VisualMaterials/a0000000_0000_0000_0000_000000000000>
            }

            over "a0000000_0000_0000_0000_000000000000524" (
                apiSchemas = ["MaterialBindingAPI"]
            )
            {
                custom rel material:binding
                prepend rel material:binding = </Instances/mesh_2_1/VisualMaterials/a0000000_0000_0000_0000_000000000000>
            }

            over "a0000000_0000_0000_0000_000000000000525" (
                apiSchemas = ["MaterialBindingAPI"]
            )
            {
                custom rel material:binding
                prepend rel material:binding = </Instances/mesh_2_1/VisualMaterials/a0000000_0000_0000_0000_000000000000>
            }

            over "a0000000_0000_0000_0000_000000000000526" (
                apiSchemas = ["MaterialBindingAPI"]
            )
            {
                custom rel material:binding
                prepend rel material:binding = </Instances/mesh_2_1/VisualMaterials/a0000000_0000_0000_0000_000000000000>
            }

            over "a0000000_0000_0000_0000_000000000000527" (
                apiSchemas = ["MaterialBindingAPI"]
            )
            {
                custom rel material:binding
                prepend rel material:binding = </Instances/mesh_2_1/VisualMaterials/a0000000_0000_0000_0000_000000000000>
            }

            over "a0000000_0000_0000_0000_000000000000_00218" (
                apiSchemas = ["MaterialBindingAPI"]
            )
            {
                custom rel material:binding
                prepend rel material:binding = </Instances/mesh_2_1/VisualMaterials/a0000000_0000_0000_0000_000000000000_002>
            }

            over "a0000000_0000_0000_0000_000000000000528" (
                apiSchemas = ["MaterialBindingAPI"]
            )
            {
                custom rel material:binding
                prepend rel material:binding = </Instances/mesh_2_1/VisualMaterials/a0000000_0000_0000_0000_000000000000>
            }

            over "a0000000_0000_0000_0000_000000000000529" (
                apiSchemas = ["MaterialBindingAPI"]
            )
            {
                custom rel material:binding
                prepend rel material:binding = </Instances/mesh_2_1/VisualMaterials/a0000000_0000_0000_0000_000000000000>
            }

            over "a0000000_0000_0000_0000_000000000000530" (
                apiSchemas = ["MaterialBindingAPI"]
            )
            {
                custom rel material:binding
                prepend rel material:binding = </Instances/mesh_2_1/VisualMaterials/a0000000_0000_0000_0000_000000000000>
            }

            over "a0000000_0000_0000_0000_000000000000531" (
                apiSchemas = ["MaterialBindingAPI"]
            )
            {
                custom rel material:binding
                prepend rel material:binding = </Instances/mesh_2_1/VisualMaterials/a0000000_0000_0000_0000_000000000000>
            }

            over "a0000000_0000_0000_0000_000000000000532" (
                apiSchemas = ["MaterialBindingAPI"]
            )
            {
                custom rel material:binding
                prepend rel material:binding = </Instances/mesh_2_1/VisualMaterials/a0000000_0000_0000_0000_000000000000>
            }

            over "a0000000_0000_0000_0000_000000000000533" (
                apiSchemas = ["MaterialBindingAPI"]
            )
            {
                custom rel material:binding
                prepend rel material:binding = </Instances/mesh_2_1/VisualMaterials/a0000000_0000_0000_0000_000000000000>
            }

            over "a0000000_0000_0000_0000_000000000000534" (
                apiSchemas = ["MaterialBindingAPI"]
            )
            {
                custom rel material:binding
                prepend rel material:binding = </Instances/mesh_2_1/VisualMaterials/a0000000_0000_0000_0000_000000000000>
            }

            over "a0000000_0000_0000_0000_000000000000535" (
                apiSchemas = ["MaterialBindingAPI"]
            )
            {
                custom rel material:binding
                prepend rel material:binding = </Instances/mesh_2_1/VisualMaterials/a0000000_0000_0000_0000_000000000000>
            }

            over "a0000000_0000_0000_0000_000000000000536" (
                apiSchemas = ["MaterialBindingAPI"]
            )
            {
                custom rel material:binding
                prepend rel material:binding = </Instances/mesh_2_1/VisualMaterials/a0000000_0000_0000_0000_000000000000>
            }

            over "a0000000_0000_0000_0000_000000000000537" (
                apiSchemas = ["MaterialBindingAPI"]
            )
            {
                custom rel material:binding
                prepend rel material:binding = </Instances/mesh_2_1/VisualMaterials/a0000000_0000_0000_0000_000000000000>
            }

            over "a0000000_0000_0000_0000_000000000000538" (
                apiSchemas = ["MaterialBindingAPI"]
            )
            {
                custom rel material:binding
                prepend rel material:binding = </Instances/mesh_2_1/VisualMaterials/a0000000_0000_0000_0000_000000000000>
            }

            over "a0000000_0000_0000_0000_000000000000539" (
                apiSchemas = ["MaterialBindingAPI"]
            )
            {
                custom rel material:binding
                prepend rel material:binding = </Instances/mesh_2_1/VisualMaterials/a0000000_0000_0000_0000_000000000000>
            }

            over "a0000000_0000_0000_0000_000000000000540" (
                apiSchemas = ["MaterialBindingAPI"]
            )
            {
                custom rel material:binding
                prepend rel material:binding = </Instances/mesh_2_1/VisualMaterials/a0000000_0000_0000_0000_000000000000>
            }

            over "a0000000_0000_0000_0000_000000000000541" (
                apiSchemas = ["MaterialBindingAPI"]
            )
            {
                custom rel material:binding
                prepend rel material:binding = </Instances/mesh_2_1/VisualMaterials/a0000000_0000_0000_0000_000000000000>
            }

            over "a0000000_0000_0000_0000_000000000000542" (
                apiSchemas = ["MaterialBindingAPI"]
            )
            {
                custom rel material:binding
                prepend rel material:binding = </Instances/mesh_2_1/VisualMaterials/a0000000_0000_0000_0000_000000000000>
            }

            over "a0000000_0000_0000_0000_000000000000543" (
                apiSchemas = ["MaterialBindingAPI"]
            )
            {
                custom rel material:binding
                prepend rel material:binding = </Instances/mesh_2_1/VisualMaterials/a0000000_0000_0000_0000_000000000000>
            }

            over "a0000000_0000_0000_0000_000000000000544" (
                apiSchemas = ["MaterialBindingAPI"]
            )
            {
                custom rel material:binding
                prepend rel material:binding = </Instances/mesh_2_1/VisualMaterials/a0000000_0000_0000_0000_000000000000>
            }

            over "a0000000_0000_0000_0000_000000000000545" (
                apiSchemas = ["MaterialBindingAPI"]
            )
            {
                custom rel material:binding
                prepend rel material:binding = </Instances/mesh_2_1/VisualMaterials/a0000000_0000_0000_0000_000000000000>
            }

            over "a0000000_0000_0000_0000_000000000000546" (
                apiSchemas = ["MaterialBindingAPI"]
            )
            {
                custom rel material:binding
                prepend rel material:binding = </Instances/mesh_2_1/VisualMaterials/a0000000_0000_0000_0000_000000000000>
            }

            over "black_metal0" (
                apiSchemas = ["MaterialBindingAPI"]
            )
            {
                custom rel material:binding
                prepend rel material:binding = </Instances/mesh_2_1/VisualMaterials/black_metal>
            }

            over "a0000000_0000_0000_0000_000000000000547" (
                apiSchemas = ["MaterialBindingAPI"]
            )
            {
                custom rel material:binding
                prepend rel material:binding = </Instances/mesh_2_1/VisualMaterials/a0000000_0000_0000_0000_000000000000>
            }

            over "a0000000_0000_0000_0000_000000000000548" (
                apiSchemas = ["MaterialBindingAPI"]
            )
            {
                custom rel material:binding
                prepend rel material:binding = </Instances/mesh_2_1/VisualMaterials/a0000000_0000_0000_0000_000000000000>
            }

            over "a0000000_0000_0000_0000_000000000000549" (
                apiSchemas = ["MaterialBindingAPI"]
            )
            {
                custom rel material:binding
                prepend rel material:binding = </Instances/mesh_2_1/VisualMaterials/a0000000_0000_0000_0000_000000000000>
            }

            over "a0000000_0000_0000_0000_000000000000550" (
                apiSchemas = ["MaterialBindingAPI"]
            )
            {
                custom rel material:binding
                prepend rel material:binding = </Instances/mesh_2_1/VisualMaterials/a0000000_0000_0000_0000_000000000000>
            }

            over "a0000000_0000_0000_0000_000000000000551" (
                apiSchemas = ["MaterialBindingAPI"]
            )
            {
                custom rel material:binding
                prepend rel material:binding = </Instances/mesh_2_1/VisualMaterials/a0000000_0000_0000_0000_000000000000>
            }

            over "a0000000_0000_0000_0000_000000000000552" (
                apiSchemas = ["MaterialBindingAPI"]
            )
            {
                custom rel material:binding
                prepend rel material:binding = </Instances/mesh_2_1/VisualMaterials/a0000000_0000_0000_0000_000000000000>
            }

            over "a0000000_0000_0000_0000_000000000000553" (
                apiSchemas = ["MaterialBindingAPI"]
            )
            {
                custom rel material:binding
                prepend rel material:binding = </Instances/mesh_2_1/VisualMaterials/a0000000_0000_0000_0000_000000000000>
            }

            over "a0000000_0000_0000_0000_000000000000554" (
                apiSchemas = ["MaterialBindingAPI"]
            )
            {
                custom rel material:binding
                prepend rel material:binding = </Instances/mesh_2_1/VisualMaterials/a0000000_0000_0000_0000_000000000000>
            }

            over "a0000000_0000_0000_0000_000000000000555" (
                apiSchemas = ["MaterialBindingAPI"]
            )
            {
                custom rel material:binding
                prepend rel material:binding = </Instances/mesh_2_1/VisualMaterials/a0000000_0000_0000_0000_000000000000>
            }

            over "a0000000_0000_0000_0000_000000000000556" (
                apiSchemas = ["MaterialBindingAPI"]
            )
            {
                custom rel material:binding
                prepend rel material:binding = </Instances/mesh_2_1/VisualMaterials/a0000000_0000_0000_0000_000000000000>
            }

            over "a0000000_0000_0000_0000_000000000000557" (
                apiSchemas = ["MaterialBindingAPI"]
            )
            {
                custom rel material:binding
                prepend rel material:binding = </Instances/mesh_2_1/VisualMaterials/a0000000_0000_0000_0000_000000000000>
            }

            over "yin_0" (
                apiSchemas = ["MaterialBindingAPI"]
            )
            {
                custom rel material:binding
                prepend rel material:binding = </Instances/mesh_2_1/VisualMaterials/yin_>
            }

            over "a0000000_0000_0000_0000_000000000000558" (
                apiSchemas = ["MaterialBindingAPI"]
            )
            {
                custom rel material:binding
                prepend rel material:binding = </Instances/mesh_2_1/VisualMaterials/a0000000_0000_0000_0000_000000000000>
            }

            over "a0000000_0000_0000_0000_000000000000559" (
                apiSchemas = ["MaterialBindingAPI"]
            )
            {
                custom rel material:binding
                prepend rel material:binding = </Instances/mesh_2_1/VisualMaterials/a0000000_0000_0000_0000_000000000000>
            }

            over "a0000000_0000_0000_0000_000000000000560" (
                apiSchemas = ["MaterialBindingAPI"]
            )
            {
                custom rel material:binding
                prepend rel material:binding = </Instances/mesh_2_1/VisualMaterials/a0000000_0000_0000_0000_000000000000>
            }

            over "a0000000_0000_0000_0000_000000000000561" (
                apiSchemas = ["MaterialBindingAPI"]
            )
            {
                custom rel material:binding
                prepend rel material:binding = </Instances/mesh_2_1/VisualMaterials/a0000000_0000_0000_0000_000000000000>
            }

            over "a0000000_0000_0000_0000_000000000000562" (
                apiSchemas = ["MaterialBindingAPI"]
            )
            {
                custom rel material:binding
                prepend rel material:binding = </Instances/mesh_2_1/VisualMaterials/a0000000_0000_0000_0000_000000000000>
            }

            over "a0000000_0000_0000_0000_000000000000563" (
                apiSchemas = ["MaterialBindingAPI"]
            )
            {
                custom rel material:binding
                prepend rel material:binding = </Instances/mesh_2_1/VisualMaterials/a0000000_0000_0000_0000_000000000000>
            }

            over "a0000000_0000_0000_0000_000000000000564" (
                apiSchemas = ["MaterialBindingAPI"]
            )
            {
                custom rel material:binding
                prepend rel material:binding = </Instances/mesh_2_1/VisualMaterials/a0000000_0000_0000_0000_000000000000>
            }

            over "a0000000_0000_0000_0000_000000000000565" (
                apiSchemas = ["MaterialBindingAPI"]
            )
            {
                custom rel material:binding
                prepend rel material:binding = </Instances/mesh_2_1/VisualMaterials/a0000000_0000_0000_0000_000000000000>
            }

            over "a0000000_0000_0000_0000_000000000000566" (
                apiSchemas = ["MaterialBindingAPI"]
            )
            {
                custom rel material:binding
                prepend rel material:binding = </Instances/mesh_2_1/VisualMaterials/a0000000_0000_0000_0000_000000000000>
            }

            over "a0000000_0000_0000_0000_000000000000567" (
                apiSchemas = ["MaterialBindingAPI"]
            )
            {
                custom rel material:binding
                prepend rel material:binding = </Instances/mesh_2_1/VisualMaterials/a0000000_0000_0000_0000_000000000000>
            }

            over "a0000000_0000_0000_0000_000000000000568" (
                apiSchemas = ["MaterialBindingAPI"]
            )
            {
                custom rel material:binding
                prepend rel material:binding = </Instances/mesh_2_1/VisualMaterials/a0000000_0000_0000_0000_000000000000>
            }

            over "a0000000_0000_0000_0000_000000000000569" (
                apiSchemas = ["MaterialBindingAPI"]
            )
            {
                custom rel material:binding
                prepend rel material:binding = </Instances/mesh_2_1/VisualMaterials/a0000000_0000_0000_0000_000000000000>
            }

            over "a0000000_0000_0000_0000_000000000000570" (
                apiSchemas = ["MaterialBindingAPI"]
            )
            {
                custom rel material:binding
                prepend rel material:binding = </Instances/mesh_2_1/VisualMaterials/a0000000_0000_0000_0000_000000000000>
            }

            over "a0000000_0000_0000_0000_000000000000571" (
                apiSchemas = ["MaterialBindingAPI"]
            )
            {
                custom rel material:binding
                prepend rel material:binding = </Instances/mesh_2_1/VisualMaterials/a0000000_0000_0000_0000_000000000000>
            }

            over "a0000000_0000_0000_0000_000000000000572" (
                apiSchemas = ["MaterialBindingAPI"]
            )
            {
                custom rel material:binding
                prepend rel material:binding = </Instances/mesh_2_1/VisualMaterials/a0000000_0000_0000_0000_000000000000>
            }

            over "a0000000_0000_0000_0000_000000000000573" (
                apiSchemas = ["MaterialBindingAPI"]
            )
            {
                custom rel material:binding
                prepend rel material:binding = </Instances/mesh_2_1/VisualMaterials/a0000000_0000_0000_0000_000000000000>
            }

            over "a0000000_0000_0000_0000_000000000000574" (
                apiSchemas = ["MaterialBindingAPI"]
            )
            {
                custom rel material:binding
                prepend rel material:binding = </Instances/mesh_2_1/VisualMaterials/a0000000_0000_0000_0000_000000000000>
            }

            over "a0000000_0000_0000_0000_000000000000575" (
                apiSchemas = ["MaterialBindingAPI"]
            )
            {
                custom rel material:binding
                prepend rel material:binding = </Instances/mesh_2_1/VisualMaterials/a0000000_0000_0000_0000_000000000000>
            }

            over "a0000000_0000_0000_0000_000000000000576" (
                apiSchemas = ["MaterialBindingAPI"]
            )
            {
                custom rel material:binding
                prepend rel material:binding = </Instances/mesh_2_1/VisualMaterials/a0000000_0000_0000_0000_000000000000>
            }

            over "a0000000_0000_0000_0000_000000000000577" (
                apiSchemas = ["MaterialBindingAPI"]
            )
            {
                custom rel material:binding
                prepend rel material:binding = </Instances/mesh_2_1/VisualMaterials/a0000000_0000_0000_0000_000000000000>
            }

            over "a0000000_0000_0000_0000_000000000000578" (
                apiSchemas = ["MaterialBindingAPI"]
            )
            {
                custom rel material:binding
                prepend rel material:binding = </Instances/mesh_2_1/VisualMaterials/a0000000_0000_0000_0000_000000000000>
            }

            over "a0000000_0000_0000_0000_000000000000579" (
                apiSchemas = ["MaterialBindingAPI"]
            )
            {
                custom rel material:binding
                prepend rel material:binding = </Instances/mesh_2_1/VisualMaterials/a0000000_0000_0000_0000_000000000000>
            }

            over "a0000000_0000_0000_0000_000000000000_00219" (
                apiSchemas = ["MaterialBindingAPI"]
            )
            {
                custom rel material:binding
                prepend rel material:binding = </Instances/mesh_2_1/VisualMaterials/a0000000_0000_0000_0000_000000000000_002>
            }

            over "a0000000_0000_0000_0000_000000000000580" (
                apiSchemas = ["MaterialBindingAPI"]
            )
            {
                custom rel material:binding
                prepend rel material:binding = </Instances/mesh_2_1/VisualMaterials/a0000000_0000_0000_0000_000000000000>
            }

            over "a0000000_0000_0000_0000_000000000000581" (
                apiSchemas = ["MaterialBindingAPI"]
            )
            {
                custom rel material:binding
                prepend rel material:binding = </Instances/mesh_2_1/VisualMaterials/a0000000_0000_0000_0000_000000000000>
            }

            over "a0000000_0000_0000_0000_000000000000582" (
                apiSchemas = ["MaterialBindingAPI"]
            )
            {
                custom rel material:binding
                prepend rel material:binding = </Instances/mesh_2_1/VisualMaterials/a0000000_0000_0000_0000_000000000000>
            }

            over "a0000000_0000_0000_0000_000000000000583" (
                apiSchemas = ["MaterialBindingAPI"]
            )
            {
                custom rel material:binding
                prepend rel material:binding = </Instances/mesh_2_1/VisualMaterials/a0000000_0000_0000_0000_000000000000>
            }

            over "a0000000_0000_0000_0000_000000000000584" (
                apiSchemas = ["MaterialBindingAPI"]
            )
            {
                custom rel material:binding
                prepend rel material:binding = </Instances/mesh_2_1/VisualMaterials/a0000000_0000_0000_0000_000000000000>
            }

            over "a0000000_0000_0000_0000_000000000000585" (
                apiSchemas = ["MaterialBindingAPI"]
            )
            {
                custom rel material:binding
                prepend rel material:binding = </Instances/mesh_2_1/VisualMaterials/a0000000_0000_0000_0000_000000000000>
            }

            over "a0000000_0000_0000_0000_000000000000586" (
                apiSchemas = ["MaterialBindingAPI"]
            )
            {
                custom rel material:binding
                prepend rel material:binding = </Instances/mesh_2_1/VisualMaterials/a0000000_0000_0000_0000_000000000000>
            }

            over "a0000000_0000_0000_0000_000000000000587" (
                apiSchemas = ["MaterialBindingAPI"]
            )
            {
                custom rel material:binding
                prepend rel material:binding = </Instances/mesh_2_1/VisualMaterials/a0000000_0000_0000_0000_000000000000>
            }

            over "a0000000_0000_0000_0000_000000000000588" (
                apiSchemas = ["MaterialBindingAPI"]
            )
            {
                custom rel material:binding
                prepend rel material:binding = </Instances/mesh_2_1/VisualMaterials/a0000000_0000_0000_0000_000000000000>
            }

            over "a0000000_0000_0000_0000_000000000000589" (
                apiSchemas = ["MaterialBindingAPI"]
            )
            {
                custom rel material:binding
                prepend rel material:binding = </Instances/mesh_2_1/VisualMaterials/a0000000_0000_0000_0000_000000000000>
            }

            over "a0000000_0000_0000_0000_000000000000590" (
                apiSchemas = ["MaterialBindingAPI"]
            )
            {
                custom rel material:binding
                prepend rel material:binding = </Instances/mesh_2_1/VisualMaterials/a0000000_0000_0000_0000_000000000000>
            }

            over "a0000000_0000_0000_0000_000000000000591" (
                apiSchemas = ["MaterialBindingAPI"]
            )
            {
                custom rel material:binding
                prepend rel material:binding = </Instances/mesh_2_1/VisualMaterials/a0000000_0000_0000_0000_000000000000>
            }

            over "a0000000_0000_0000_0000_000000000000592" (
                apiSchemas = ["MaterialBindingAPI"]
            )
            {
                custom rel material:binding
                prepend rel material:binding = </Instances/mesh_2_1/VisualMaterials/a0000000_0000_0000_0000_000000000000>
            }

            over "a0000000_0000_0000_0000_000000000000593" (
                apiSchemas = ["MaterialBindingAPI"]
            )
            {
                custom rel material:binding
                prepend rel material:binding = </Instances/mesh_2_1/VisualMaterials/a0000000_0000_0000_0000_000000000000>
            }

            over "a0000000_0000_0000_0000_000000000000594" (
                apiSchemas = ["MaterialBindingAPI"]
            )
            {
                custom rel material:binding
                prepend rel material:binding = </Instances/mesh_2_1/VisualMaterials/a0000000_0000_0000_0000_000000000000>
            }

            over "a0000000_0000_0000_0000_000000000000595" (
                apiSchemas = ["MaterialBindingAPI"]
            )
            {
                custom rel material:binding
                prepend rel material:binding = </Instances/mesh_2_1/VisualMaterials/a0000000_0000_0000_0000_000000000000>
            }

            over "a0000000_0000_0000_0000_000000000000596" (
                apiSchemas = ["MaterialBindingAPI"]
            )
            {
                custom rel material:binding
                prepend rel material:binding = </Instances/mesh_2_1/VisualMaterials/a0000000_0000_0000_0000_000000000000>
            }

            over "Material________0034" (
                apiSchemas = ["MaterialBindingAPI"]
            )
            {
                custom rel material:binding
                prepend rel material:binding = </Instances/mesh_2_1/VisualMaterials/Material________002>
            }

            over "a0000000_0000_0000_0000_000000000000597" (
                apiSchemas = ["MaterialBindingAPI"]
            )
            {
                custom rel material:binding
                prepend rel material:binding = </Instances/mesh_2_1/VisualMaterials/a0000000_0000_0000_0000_000000000000>
            }

            over "a0000000_0000_0000_0000_000000000000598" (
                apiSchemas = ["MaterialBindingAPI"]
            )
            {
                custom rel material:binding
                prepend rel material:binding = </Instances/mesh_2_1/VisualMaterials/a0000000_0000_0000_0000_000000000000>
            }

            over "a0000000_0000_0000_0000_000000000000599" (
                apiSchemas = ["MaterialBindingAPI"]
            )
            {
                custom rel material:binding
                prepend rel material:binding = </Instances/mesh_2_1/VisualMaterials/a0000000_0000_0000_0000_000000000000>
            }

            over "a0000000_0000_0000_0000_000000000000600" (
                apiSchemas = ["MaterialBindingAPI"]
            )
            {
                custom rel material:binding
                prepend rel material:binding = </Instances/mesh_2_1/VisualMaterials/a0000000_0000_0000_0000_000000000000>
            }

            over "a0000000_0000_0000_0000_000000000000601" (
                apiSchemas = ["MaterialBindingAPI"]
            )
            {
                custom rel material:binding
                prepend rel material:binding = </Instances/mesh_2_1/VisualMaterials/a0000000_0000_0000_0000_000000000000>
            }

            over "a0000000_0000_0000_0000_000000000000602" (
                apiSchemas = ["MaterialBindingAPI"]
            )
            {
                custom rel material:binding
                prepend rel material:binding = </Instances/mesh_2_1/VisualMaterials/a0000000_0000_0000_0000_000000000000>
            }

            over "a0000000_0000_0000_0000_000000000000603" (
                apiSchemas = ["MaterialBindingAPI"]
            )
            {
                custom rel material:binding
                prepend rel material:binding = </Instances/mesh_2_1/VisualMaterials/a0000000_0000_0000_0000_000000000000>
            }

            over "a0000000_0000_0000_0000_000000000000604" (
                apiSchemas = ["MaterialBindingAPI"]
            )
            {
                custom rel material:binding
                prepend rel material:binding = </Instances/mesh_2_1/VisualMaterials/a0000000_0000_0000_0000_000000000000>
            }

            over "a0000000_0000_0000_0000_000000000000605" (
                apiSchemas = ["MaterialBindingAPI"]
            )
            {
                custom rel material:binding
                prepend rel material:binding = </Instances/mesh_2_1/VisualMaterials/a0000000_0000_0000_0000_000000000000>
            }

            over "a0000000_0000_0000_0000_000000000000606" (
                apiSchemas = ["MaterialBindingAPI"]
            )
            {
                custom rel material:binding
                prepend rel material:binding = </Instances/mesh_2_1/VisualMaterials/a0000000_0000_0000_0000_000000000000>
            }

            over "a0000000_0000_0000_0000_000000000000607" (
                apiSchemas = ["MaterialBindingAPI"]
            )
            {
                custom rel material:binding
                prepend rel material:binding = </Instances/mesh_2_1/VisualMaterials/a0000000_0000_0000_0000_000000000000>
            }

            over "a0000000_0000_0000_0000_000000000000608" (
                apiSchemas = ["MaterialBindingAPI"]
            )
            {
                custom rel material:binding
                prepend rel material:binding = </Instances/mesh_2_1/VisualMaterials/a0000000_0000_0000_0000_000000000000>
            }

            over "a0000000_0000_0000_0000_000000000000609" (
                apiSchemas = ["MaterialBindingAPI"]
            )
            {
                custom rel material:binding
                prepend rel material:binding = </Instances/mesh_2_1/VisualMaterials/a0000000_0000_0000_0000_000000000000>
            }

            over "a0000000_0000_0000_0000_000000000000610" (
                apiSchemas = ["MaterialBindingAPI"]
            )
            {
                custom rel material:binding
                prepend rel material:binding = </Instances/mesh_2_1/VisualMaterials/a0000000_0000_0000_0000_000000000000>
            }

            over "a0000000_0000_0000_0000_000000000000611" (
                apiSchemas = ["MaterialBindingAPI"]
            )
            {
                custom rel material:binding
                prepend rel material:binding = </Instances/mesh_2_1/VisualMaterials/a0000000_0000_0000_0000_000000000000>
            }

            over "a0000000_0000_0000_0000_000000000000612" (
                apiSchemas = ["MaterialBindingAPI"]
            )
            {
                custom rel material:binding
                prepend rel material:binding = </Instances/mesh_2_1/VisualMaterials/a0000000_0000_0000_0000_000000000000>
            }

            over "a0000000_0000_0000_0000_000000000000613" (
                apiSchemas = ["MaterialBindingAPI"]
            )
            {
                custom rel material:binding
                prepend rel material:binding = </Instances/mesh_2_1/VisualMaterials/a0000000_0000_0000_0000_000000000000>
            }

            over "a0000000_0000_0000_0000_000000000000614" (
                apiSchemas = ["MaterialBindingAPI"]
            )
            {
                custom rel material:binding
                prepend rel material:binding = </Instances/mesh_2_1/VisualMaterials/a0000000_0000_0000_0000_000000000000>
            }

            over "a0000000_0000_0000_0000_000000000000615" (
                apiSchemas = ["MaterialBindingAPI"]
            )
            {
                custom rel material:binding
                prepend rel material:binding = </Instances/mesh_2_1/VisualMaterials/a0000000_0000_0000_0000_000000000000>
            }

            over "a0000000_0000_0000_0000_000000000000616" (
                apiSchemas = ["MaterialBindingAPI"]
            )
            {
                custom rel material:binding
                prepend rel material:binding = </Instances/mesh_2_1/VisualMaterials/a0000000_0000_0000_0000_000000000000>
            }

            over "a0000000_0000_0000_0000_000000000000617" (
                apiSchemas = ["MaterialBindingAPI"]
            )
            {
                custom rel material:binding
                prepend rel material:binding = </Instances/mesh_2_1/VisualMaterials/a0000000_0000_0000_0000_000000000000>
            }

            over "a0000000_0000_0000_0000_000000000000618" (
                apiSchemas = ["MaterialBindingAPI"]
            )
            {
                custom rel material:binding
                prepend rel material:binding = </Instances/mesh_2_1/VisualMaterials/a0000000_0000_0000_0000_000000000000>
            }

            over "a0000000_0000_0000_0000_000000000000619" (
                apiSchemas = ["MaterialBindingAPI"]
            )
            {
                custom rel material:binding
                prepend rel material:binding = </Instances/mesh_2_1/VisualMaterials/a0000000_0000_0000_0000_000000000000>
            }

            over "a0000000_0000_0000_0000_000000000000620" (
                apiSchemas = ["MaterialBindingAPI"]
            )
            {
                custom rel material:binding
                prepend rel material:binding = </Instances/mesh_2_1/VisualMaterials/a0000000_0000_0000_0000_000000000000>
            }

            over "a0000000_0000_0000_0000_000000000000621" (
                apiSchemas = ["MaterialBindingAPI"]
            )
            {
                custom rel material:binding
                prepend rel material:binding = </Instances/mesh_2_1/VisualMaterials/a0000000_0000_0000_0000_000000000000>
            }

            over "a0000000_0000_0000_0000_000000000000622" (
                apiSchemas = ["MaterialBindingAPI"]
            )
            {
                custom rel material:binding
                prepend rel material:binding = </Instances/mesh_2_1/VisualMaterials/a0000000_0000_0000_0000_000000000000>
            }

            over "a0000000_0000_0000_0000_000000000000623" (
                apiSchemas = ["MaterialBindingAPI"]
            )
            {
                custom rel material:binding
                prepend rel material:binding = </Instances/mesh_2_1/VisualMaterials/a0000000_0000_0000_0000_000000000000>
            }

            over "a0000000_0000_0000_0000_000000000000624" (
                apiSchemas = ["MaterialBindingAPI"]
            )
            {
                custom rel material:binding
                prepend rel material:binding = </Instances/mesh_2_1/VisualMaterials/a0000000_0000_0000_0000_000000000000>
            }

            over "a0000000_0000_0000_0000_000000000000625" (
                apiSchemas = ["MaterialBindingAPI"]
            )
            {
                custom rel material:binding
                prepend rel material:binding = </Instances/mesh_2_1/VisualMaterials/a0000000_0000_0000_0000_000000000000>
            }

            over "a0000000_0000_0000_0000_000000000000626" (
                apiSchemas = ["MaterialBindingAPI"]
            )
            {
                custom rel material:binding
                prepend rel material:binding = </Instances/mesh_2_1/VisualMaterials/a0000000_0000_0000_0000_000000000000>
            }

            over "a0000000_0000_0000_0000_000000000000627" (
                apiSchemas = ["MaterialBindingAPI"]
            )
            {
                custom rel material:binding
                prepend rel material:binding = </Instances/mesh_2_1/VisualMaterials/a0000000_0000_0000_0000_000000000000>
            }

            over "a0000000_0000_0000_0000_000000000000628" (
                apiSchemas = ["MaterialBindingAPI"]
            )
            {
                custom rel material:binding
                prepend rel material:binding = </Instances/mesh_2_1/VisualMaterials/a0000000_0000_0000_0000_000000000000>
            }

            over "a0000000_0000_0000_0000_000000000000629" (
                apiSchemas = ["MaterialBindingAPI"]
            )
            {
                custom rel material:binding
                prepend rel material:binding = </Instances/mesh_2_1/VisualMaterials/a0000000_0000_0000_0000_000000000000>
            }

            over "a0000000_0000_0000_0000_000000000000630" (
                apiSchemas = ["MaterialBindingAPI"]
            )
            {
                custom rel material:binding
                prepend rel material:binding = </Instances/mesh_2_1/VisualMaterials/a0000000_0000_0000_0000_000000000000>
            }

            over "a0000000_0000_0000_0000_000000000000631" (
                apiSchemas = ["MaterialBindingAPI"]
            )
            {
                custom rel material:binding
                prepend rel material:binding = </Instances/mesh_2_1/VisualMaterials/a0000000_0000_0000_0000_000000000000>
            }

            over "a0000000_0000_0000_0000_000000000000632" (
                apiSchemas = ["MaterialBindingAPI"]
            )
            {
                custom rel material:binding
                prepend rel material:binding = </Instances/mesh_2_1/VisualMaterials/a0000000_0000_0000_0000_000000000000>
            }

            over "a0000000_0000_0000_0000_000000000000633" (
                apiSchemas = ["MaterialBindingAPI"]
            )
            {
                custom rel material:binding
                prepend rel material:binding = </Instances/mesh_2_1/VisualMaterials/a0000000_0000_0000_0000_000000000000>
            }

            over "a0000000_0000_0000_0000_000000000000634" (
                apiSchemas = ["MaterialBindingAPI"]
            )
            {
                custom rel material:binding
                prepend rel material:binding = </Instances/mesh_2_1/VisualMaterials/a0000000_0000_0000_0000_000000000000>
            }

            over "a0000000_0000_0000_0000_000000000000635" (
                apiSchemas = ["MaterialBindingAPI"]
            )
            {
                custom rel material:binding
                prepend rel material:binding = </Instances/mesh_2_1/VisualMaterials/a0000000_0000_0000_0000_000000000000>
            }

            over "a0000000_0000_0000_0000_000000000000636" (
                apiSchemas = ["MaterialBindingAPI"]
            )
            {
                custom rel material:binding
                prepend rel material:binding = </Instances/mesh_2_1/VisualMaterials/a0000000_0000_0000_0000_000000000000>
            }

            over "a0000000_0000_0000_0000_000000000000637" (
                apiSchemas = ["MaterialBindingAPI"]
            )
            {
                custom rel material:binding
                prepend rel material:binding = </Instances/mesh_2_1/VisualMaterials/a0000000_0000_0000_0000_000000000000>
            }

            over "a0000000_0000_0000_0000_000000000000638" (
                apiSchemas = ["MaterialBindingAPI"]
            )
            {
                custom rel material:binding
                prepend rel material:binding = </Instances/mesh_2_1/VisualMaterials/a0000000_0000_0000_0000_000000000000>
            }

            over "a0000000_0000_0000_0000_000000000000639" (
                apiSchemas = ["MaterialBindingAPI"]
            )
            {
                custom rel material:binding
                prepend rel material:binding = </Instances/mesh_2_1/VisualMaterials/a0000000_0000_0000_0000_000000000000>
            }

            over "a0000000_0000_0000_0000_000000000000640" (
                apiSchemas = ["MaterialBindingAPI"]
            )
            {
                custom rel material:binding
                prepend rel material:binding = </Instances/mesh_2_1/VisualMaterials/a0000000_0000_0000_0000_000000000000>
            }

            over "a0000000_0000_0000_0000_000000000000641" (
                apiSchemas = ["MaterialBindingAPI"]
            )
            {
                custom rel material:binding
                prepend rel material:binding = </Instances/mesh_2_1/VisualMaterials/a0000000_0000_0000_0000_000000000000>
            }

            over "a0000000_0000_0000_0000_000000000000642" (
                apiSchemas = ["MaterialBindingAPI"]
            )
            {
                custom rel material:binding
                prepend rel material:binding = </Instances/mesh_2_1/VisualMaterials/a0000000_0000_0000_0000_000000000000>
            }

            over "a0000000_0000_0000_0000_000000000000643" (
                apiSchemas = ["MaterialBindingAPI"]
            )
            {
                custom rel material:binding
                prepend rel material:binding = </Instances/mesh_2_1/VisualMaterials/a0000000_0000_0000_0000_000000000000>
            }

            over "a0000000_0000_0000_0000_000000000000644" (
                apiSchemas = ["MaterialBindingAPI"]
            )
            {
                custom rel material:binding
                prepend rel material:binding = </Instances/mesh_2_1/VisualMaterials/a0000000_0000_0000_0000_000000000000>
            }

            over "a0000000_0000_0000_0000_000000000000645" (
                apiSchemas = ["MaterialBindingAPI"]
            )
            {
                custom rel material:binding
                prepend rel material:binding = </Instances/mesh_2_1/VisualMaterials/a0000000_0000_0000_0000_000000000000>
            }

            over "a0000000_0000_0000_0000_000000000000646" (
                apiSchemas = ["MaterialBindingAPI"]
            )
            {
                custom rel material:binding
                prepend rel material:binding = </Instances/mesh_2_1/VisualMaterials/a0000000_0000_0000_0000_000000000000>
            }

            over "a0000000_0000_0000_0000_000000000000647" (
                apiSchemas = ["MaterialBindingAPI"]
            )
            {
                custom rel material:binding
                prepend rel material:binding = </Instances/mesh_2_1/VisualMaterials/a0000000_0000_0000_0000_000000000000>
            }

            over "a0000000_0000_0000_0000_000000000000648" (
                apiSchemas = ["MaterialBindingAPI"]
            )
            {
                custom rel material:binding
                prepend rel material:binding = </Instances/mesh_2_1/VisualMaterials/a0000000_0000_0000_0000_000000000000>
            }

            over "a0000000_0000_0000_0000_000000000000_00220" (
                apiSchemas = ["MaterialBindingAPI"]
            )
            {
                custom rel material:binding
                prepend rel material:binding = </Instances/mesh_2_1/VisualMaterials/a0000000_0000_0000_0000_000000000000_002>
            }

            over "a0000000_0000_0000_0000_000000000000649" (
                apiSchemas = ["MaterialBindingAPI"]
            )
            {
                custom rel material:binding
                prepend rel material:binding = </Instances/mesh_2_1/VisualMaterials/a0000000_0000_0000_0000_000000000000>
            }

            over "a0000000_0000_0000_0000_000000000000650" (
                apiSchemas = ["MaterialBindingAPI"]
            )
            {
                custom rel material:binding
                prepend rel material:binding = </Instances/mesh_2_1/VisualMaterials/a0000000_0000_0000_0000_000000000000>
            }

            over "a0000000_0000_0000_0000_000000000000651" (
                apiSchemas = ["MaterialBindingAPI"]
            )
            {
                custom rel material:binding
                prepend rel material:binding = </Instances/mesh_2_1/VisualMaterials/a0000000_0000_0000_0000_000000000000>
            }

            over "a0000000_0000_0000_0000_000000000000652" (
                apiSchemas = ["MaterialBindingAPI"]
            )
            {
                custom rel material:binding
                prepend rel material:binding = </Instances/mesh_2_1/VisualMaterials/a0000000_0000_0000_0000_000000000000>
            }

            over "a0000000_0000_0000_0000_000000000000653" (
                apiSchemas = ["MaterialBindingAPI"]
            )
            {
                custom rel material:binding
                prepend rel material:binding = </Instances/mesh_2_1/VisualMaterials/a0000000_0000_0000_0000_000000000000>
            }

            over "a0000000_0000_0000_0000_000000000000654" (
                apiSchemas = ["MaterialBindingAPI"]
            )
            {
                custom rel material:binding
                prepend rel material:binding = </Instances/mesh_2_1/VisualMaterials/a0000000_0000_0000_0000_000000000000>
            }

            over "a0000000_0000_0000_0000_000000000000655" (
                apiSchemas = ["MaterialBindingAPI"]
            )
            {
                custom rel material:binding
                prepend rel material:binding = </Instances/mesh_2_1/VisualMaterials/a0000000_0000_0000_0000_000000000000>
            }

            over "a0000000_0000_0000_0000_000000000000656" (
                apiSchemas = ["MaterialBindingAPI"]
            )
            {
                custom rel material:binding
                prepend rel material:binding = </Instances/mesh_2_1/VisualMaterials/a0000000_0000_0000_0000_000000000000>
            }

            over "a0000000_0000_0000_0000_000000000000_00221" (
                apiSchemas = ["MaterialBindingAPI"]
            )
            {
                custom rel material:binding
                prepend rel material:binding = </Instances/mesh_2_1/VisualMaterials/a0000000_0000_0000_0000_000000000000_002>
            }

            over "a0000000_0000_0000_0000_000000000000657" (
                apiSchemas = ["MaterialBindingAPI"]
            )
            {
                custom rel material:binding
                prepend rel material:binding = </Instances/mesh_2_1/VisualMaterials/a0000000_0000_0000_0000_000000000000>
            }

            over "a0000000_0000_0000_0000_000000000000658" (
                apiSchemas = ["MaterialBindingAPI"]
            )
            {
                custom rel material:binding
                prepend rel material:binding = </Instances/mesh_2_1/VisualMaterials/a0000000_0000_0000_0000_000000000000>
            }

            over "a0000000_0000_0000_0000_000000000000659" (
                apiSchemas = ["MaterialBindingAPI"]
            )
            {
                custom rel material:binding
                prepend rel material:binding = </Instances/mesh_2_1/VisualMaterials/a0000000_0000_0000_0000_000000000000>
            }

            over "a0000000_0000_0000_0000_000000000000660" (
                apiSchemas = ["MaterialBindingAPI"]
            )
            {
                custom rel material:binding
                prepend rel material:binding = </Instances/mesh_2_1/VisualMaterials/a0000000_0000_0000_0000_000000000000>
            }

            over "a0000000_0000_0000_0000_000000000000661" (
                apiSchemas = ["MaterialBindingAPI"]
            )
            {
                custom rel material:binding
                prepend rel material:binding = </Instances/mesh_2_1/VisualMaterials/a0000000_0000_0000_0000_000000000000>
            }

            over "a0000000_0000_0000_0000_000000000000662" (
                apiSchemas = ["MaterialBindingAPI"]
            )
            {
                custom rel material:binding
                prepend rel material:binding = </Instances/mesh_2_1/VisualMaterials/a0000000_0000_0000_0000_000000000000>
            }

            over "a0000000_0000_0000_0000_000000000000663" (
                apiSchemas = ["MaterialBindingAPI"]
            )
            {
                custom rel material:binding
                prepend rel material:binding = </Instances/mesh_2_1/VisualMaterials/a0000000_0000_0000_0000_000000000000>
            }

            over "a0000000_0000_0000_0000_000000000000664" (
                apiSchemas = ["MaterialBindingAPI"]
            )
            {
                custom rel material:binding
                prepend rel material:binding = </Instances/mesh_2_1/VisualMaterials/a0000000_0000_0000_0000_000000000000>
            }

            over "a0000000_0000_0000_0000_000000000000665" (
                apiSchemas = ["MaterialBindingAPI"]
            )
            {
                custom rel material:binding
                prepend rel material:binding = </Instances/mesh_2_1/VisualMaterials/a0000000_0000_0000_0000_000000000000>
            }

            over "a0000000_0000_0000_0000_000000000000666" (
                apiSchemas = ["MaterialBindingAPI"]
            )
            {
                custom rel material:binding
                prepend rel material:binding = </Instances/mesh_2_1/VisualMaterials/a0000000_0000_0000_0000_000000000000>
            }

            over "a0000000_0000_0000_0000_000000000000667" (
                apiSchemas = ["MaterialBindingAPI"]
            )
            {
                custom rel material:binding
                prepend rel material:binding = </Instances/mesh_2_1/VisualMaterials/a0000000_0000_0000_0000_000000000000>
            }

            over "a0000000_0000_0000_0000_000000000000668" (
                apiSchemas = ["MaterialBindingAPI"]
            )
            {
                custom rel material:binding
                prepend rel material:binding = </Instances/mesh_2_1/VisualMaterials/a0000000_0000_0000_0000_000000000000>
            }

            over "a0000000_0000_0000_0000_000000000000669" (
                apiSchemas = ["MaterialBindingAPI"]
            )
            {
                custom rel material:binding
                prepend rel material:binding = </Instances/mesh_2_1/VisualMaterials/a0000000_0000_0000_0000_000000000000>
            }

            over "a0000000_0000_0000_0000_000000000000670" (
                apiSchemas = ["MaterialBindingAPI"]
            )
            {
                custom rel material:binding
                prepend rel material:binding = </Instances/mesh_2_1/VisualMaterials/a0000000_0000_0000_0000_000000000000>
            }

            over "a0000000_0000_0000_0000_000000000000_00222" (
                apiSchemas = ["MaterialBindingAPI"]
            )
            {
                custom rel material:binding
                prepend rel material:binding = </Instances/mesh_2_1/VisualMaterials/a0000000_0000_0000_0000_000000000000_002>
            }

            over "a0000000_0000_0000_0000_000000000000671" (
                apiSchemas = ["MaterialBindingAPI"]
            )
            {
                custom rel material:binding
                prepend rel material:binding = </Instances/mesh_2_1/VisualMaterials/a0000000_0000_0000_0000_000000000000>
            }

            over "a0000000_0000_0000_0000_000000000000672" (
                apiSchemas = ["MaterialBindingAPI"]
            )
            {
                custom rel material:binding
                prepend rel material:binding = </Instances/mesh_2_1/VisualMaterials/a0000000_0000_0000_0000_000000000000>
            }

            over "a0000000_0000_0000_0000_000000000000673" (
                apiSchemas = ["MaterialBindingAPI"]
            )
            {
                custom rel material:binding
                prepend rel material:binding = </Instances/mesh_2_1/VisualMaterials/a0000000_0000_0000_0000_000000000000>
            }

            over "a0000000_0000_0000_0000_000000000000674" (
                apiSchemas = ["MaterialBindingAPI"]
            )
            {
                custom rel material:binding
                prepend rel material:binding = </Instances/mesh_2_1/VisualMaterials/a0000000_0000_0000_0000_000000000000>
            }

            over "a0000000_0000_0000_0000_000000000000675" (
                apiSchemas = ["MaterialBindingAPI"]
            )
            {
                custom rel material:binding
                prepend rel material:binding = </Instances/mesh_2_1/VisualMaterials/a0000000_0000_0000_0000_000000000000>
            }

            over "a0000000_0000_0000_0000_000000000000676" (
                apiSchemas = ["MaterialBindingAPI"]
            )
            {
                custom rel material:binding
                prepend rel material:binding = </Instances/mesh_2_1/VisualMaterials/a0000000_0000_0000_0000_000000000000>
            }

            over "a0000000_0000_0000_0000_000000000000677" (
                apiSchemas = ["MaterialBindingAPI"]
            )
            {
                custom rel material:binding
                prepend rel material:binding = </Instances/mesh_2_1/VisualMaterials/a0000000_0000_0000_0000_000000000000>
            }

            over "a0000000_0000_0000_0000_000000000000_00223" (
                apiSchemas = ["MaterialBindingAPI"]
            )
            {
                custom rel material:binding
                prepend rel material:binding = </Instances/mesh_2_1/VisualMaterials/a0000000_0000_0000_0000_000000000000_002>
            }

            over "a0000000_0000_0000_0000_000000000000678" (
                apiSchemas = ["MaterialBindingAPI"]
            )
            {
                custom rel material:binding
                prepend rel material:binding = </Instances/mesh_2_1/VisualMaterials/a0000000_0000_0000_0000_000000000000>
            }

            over "a0000000_0000_0000_0000_000000000000679" (
                apiSchemas = ["MaterialBindingAPI"]
            )
            {
                custom rel material:binding
                prepend rel material:binding = </Instances/mesh_2_1/VisualMaterials/a0000000_0000_0000_0000_000000000000>
            }

            over "a0000000_0000_0000_0000_000000000000680" (
                apiSchemas = ["MaterialBindingAPI"]
            )
            {
                custom rel material:binding
                prepend rel material:binding = </Instances/mesh_2_1/VisualMaterials/a0000000_0000_0000_0000_000000000000>
            }

            over "a0000000_0000_0000_0000_000000000000681" (
                apiSchemas = ["MaterialBindingAPI"]
            )
            {
                custom rel material:binding
                prepend rel material:binding = </Instances/mesh_2_1/VisualMaterials/a0000000_0000_0000_0000_000000000000>
            }

            over "a0000000_0000_0000_0000_000000000000682" (
                apiSchemas = ["MaterialBindingAPI"]
            )
            {
                custom rel material:binding
                prepend rel material:binding = </Instances/mesh_2_1/VisualMaterials/a0000000_0000_0000_0000_000000000000>
            }

            over "a0000000_0000_0000_0000_000000000000683" (
                apiSchemas = ["MaterialBindingAPI"]
            )
            {
                custom rel material:binding
                prepend rel material:binding = </Instances/mesh_2_1/VisualMaterials/a0000000_0000_0000_0000_000000000000>
            }

            over "a0000000_0000_0000_0000_000000000000684" (
                apiSchemas = ["MaterialBindingAPI"]
            )
            {
                custom rel material:binding
                prepend rel material:binding = </Instances/mesh_2_1/VisualMaterials/a0000000_0000_0000_0000_000000000000>
            }

            over "a0000000_0000_0000_0000_000000000000685" (
                apiSchemas = ["MaterialBindingAPI"]
            )
            {
                custom rel material:binding
                prepend rel material:binding = </Instances/mesh_2_1/VisualMaterials/a0000000_0000_0000_0000_000000000000>
            }

            over "a0000000_0000_0000_0000_000000000000686" (
                apiSchemas = ["MaterialBindingAPI"]
            )
            {
                custom rel material:binding
                prepend rel material:binding = </Instances/mesh_2_1/VisualMaterials/a0000000_0000_0000_0000_000000000000>
            }

            over "a0000000_0000_0000_0000_000000000000687" (
                apiSchemas = ["MaterialBindingAPI"]
            )
            {
                custom rel material:binding
                prepend rel material:binding = </Instances/mesh_2_1/VisualMaterials/a0000000_0000_0000_0000_000000000000>
            }

            over "a0000000_0000_0000_0000_000000000000688" (
                apiSchemas = ["MaterialBindingAPI"]
            )
            {
                custom rel material:binding
                prepend rel material:binding = </Instances/mesh_2_1/VisualMaterials/a0000000_0000_0000_0000_000000000000>
            }

            over "a0000000_0000_0000_0000_000000000000689" (
                apiSchemas = ["MaterialBindingAPI"]
            )
            {
                custom rel material:binding
                prepend rel material:binding = </Instances/mesh_2_1/VisualMaterials/a0000000_0000_0000_0000_000000000000>
            }

            over "a0000000_0000_0000_0000_000000000000690" (
                apiSchemas = ["MaterialBindingAPI"]
            )
            {
                custom rel material:binding
                prepend rel material:binding = </Instances/mesh_2_1/VisualMaterials/a0000000_0000_0000_0000_000000000000>
            }

            over "a0000000_0000_0000_0000_000000000000691" (
                apiSchemas = ["MaterialBindingAPI"]
            )
            {
                custom rel material:binding
                prepend rel material:binding = </Instances/mesh_2_1/VisualMaterials/a0000000_0000_0000_0000_000000000000>
            }

            over "a0000000_0000_0000_0000_000000000000692" (
                apiSchemas = ["MaterialBindingAPI"]
            )
            {
                custom rel material:binding
                prepend rel material:binding = </Instances/mesh_2_1/VisualMaterials/a0000000_0000_0000_0000_000000000000>
            }

            over "a0000000_0000_0000_0000_000000000000693" (
                apiSchemas = ["MaterialBindingAPI"]
            )
            {
                custom rel material:binding
                prepend rel material:binding = </Instances/mesh_2_1/VisualMaterials/a0000000_0000_0000_0000_000000000000>
            }

            over "a0000000_0000_0000_0000_000000000000694" (
                apiSchemas = ["MaterialBindingAPI"]
            )
            {
                custom rel material:binding
                prepend rel material:binding = </Instances/mesh_2_1/VisualMaterials/a0000000_0000_0000_0000_000000000000>
            }

            over "a0000000_0000_0000_0000_000000000000695" (
                apiSchemas = ["MaterialBindingAPI"]
            )
            {
                custom rel material:binding
                prepend rel material:binding = </Instances/mesh_2_1/VisualMaterials/a0000000_0000_0000_0000_000000000000>
            }

            over "a0000000_0000_0000_0000_000000000000696" (
                apiSchemas = ["MaterialBindingAPI"]
            )
            {
                custom rel material:binding
                prepend rel material:binding = </Instances/mesh_2_1/VisualMaterials/a0000000_0000_0000_0000_000000000000>
            }

            over "a0000000_0000_0000_0000_000000000000697" (
                apiSchemas = ["MaterialBindingAPI"]
            )
            {
                custom rel material:binding
                prepend rel material:binding = </Instances/mesh_2_1/VisualMaterials/a0000000_0000_0000_0000_000000000000>
            }

            over "a0000000_0000_0000_0000_000000000000698" (
                apiSchemas = ["MaterialBindingAPI"]
            )
            {
                custom rel material:binding
                prepend rel material:binding = </Instances/mesh_2_1/VisualMaterials/a0000000_0000_0000_0000_000000000000>
            }

            over "a0000000_0000_0000_0000_000000000000699" (
                apiSchemas = ["MaterialBindingAPI"]
            )
            {
                custom rel material:binding
                prepend rel material:binding = </Instances/mesh_2_1/VisualMaterials/a0000000_0000_0000_0000_000000000000>
            }

            over "a0000000_0000_0000_0000_000000000000700" (
                apiSchemas = ["MaterialBindingAPI"]
            )
            {
                custom rel material:binding
                prepend rel material:binding = </Instances/mesh_2_1/VisualMaterials/a0000000_0000_0000_0000_000000000000>
            }

            over "a0000000_0000_0000_0000_000000000000701" (
                apiSchemas = ["MaterialBindingAPI"]
            )
            {
                custom rel material:binding
                prepend rel material:binding = </Instances/mesh_2_1/VisualMaterials/a0000000_0000_0000_0000_000000000000>
            }

            over "a0000000_0000_0000_0000_000000000000702" (
                apiSchemas = ["MaterialBindingAPI"]
            )
            {
                custom rel material:binding
                prepend rel material:binding = </Instances/mesh_2_1/VisualMaterials/a0000000_0000_0000_0000_000000000000>
            }

            over "a0000000_0000_0000_0000_000000000000703" (
                apiSchemas = ["MaterialBindingAPI"]
            )
            {
                custom rel material:binding
                prepend rel material:binding = </Instances/mesh_2_1/VisualMaterials/a0000000_0000_0000_0000_000000000000>
            }

            over "a0000000_0000_0000_0000_000000000000704" (
                apiSchemas = ["MaterialBindingAPI"]
            )
            {
                custom rel material:binding
                prepend rel material:binding = </Instances/mesh_2_1/VisualMaterials/a0000000_0000_0000_0000_000000000000>
            }

            over "a0000000_0000_0000_0000_000000000000705" (
                apiSchemas = ["MaterialBindingAPI"]
            )
            {
                custom rel material:binding
                prepend rel material:binding = </Instances/mesh_2_1/VisualMaterials/a0000000_0000_0000_0000_000000000000>
            }

            over "a0000000_0000_0000_0000_000000000000706" (
                apiSchemas = ["MaterialBindingAPI"]
            )
            {
                custom rel material:binding
                prepend rel material:binding = </Instances/mesh_2_1/VisualMaterials/a0000000_0000_0000_0000_000000000000>
            }

            over "a0000000_0000_0000_0000_000000000000_00224" (
                apiSchemas = ["MaterialBindingAPI"]
            )
            {
                custom rel material:binding
                prepend rel material:binding = </Instances/mesh_2_1/VisualMaterials/a0000000_0000_0000_0000_000000000000_002>
            }

            over "a0000000_0000_0000_0000_000000000000707" (
                apiSchemas = ["MaterialBindingAPI"]
            )
            {
                custom rel material:binding
                prepend rel material:binding = </Instances/mesh_2_1/VisualMaterials/a0000000_0000_0000_0000_000000000000>
            }

            over "a0000000_0000_0000_0000_000000000000708" (
                apiSchemas = ["MaterialBindingAPI"]
            )
            {
                custom rel material:binding
                prepend rel material:binding = </Instances/mesh_2_1/VisualMaterials/a0000000_0000_0000_0000_000000000000>
            }

            over "a0000000_0000_0000_0000_000000000000709" (
                apiSchemas = ["MaterialBindingAPI"]
            )
            {
                custom rel material:binding
                prepend rel material:binding = </Instances/mesh_2_1/VisualMaterials/a0000000_0000_0000_0000_000000000000>
            }

            over "a0000000_0000_0000_0000_000000000000710" (
                apiSchemas = ["MaterialBindingAPI"]
            )
            {
                custom rel material:binding
                prepend rel material:binding = </Instances/mesh_2_1/VisualMaterials/a0000000_0000_0000_0000_000000000000>
            }

            over "a0000000_0000_0000_0000_000000000000711" (
                apiSchemas = ["MaterialBindingAPI"]
            )
            {
                custom rel material:binding
                prepend rel material:binding = </Instances/mesh_2_1/VisualMaterials/a0000000_0000_0000_0000_000000000000>
            }

            over "a0000000_0000_0000_0000_000000000000712" (
                apiSchemas = ["MaterialBindingAPI"]
            )
            {
                custom rel material:binding
                prepend rel material:binding = </Instances/mesh_2_1/VisualMaterials/a0000000_0000_0000_0000_000000000000>
            }

            over "a0000000_0000_0000_0000_000000000000713" (
                apiSchemas = ["MaterialBindingAPI"]
            )
            {
                custom rel material:binding
                prepend rel material:binding = </Instances/mesh_2_1/VisualMaterials/a0000000_0000_0000_0000_000000000000>
            }

            over "a0000000_0000_0000_0000_000000000000714" (
                apiSchemas = ["MaterialBindingAPI"]
            )
            {
                custom rel material:binding
                prepend rel material:binding = </Instances/mesh_2_1/VisualMaterials/a0000000_0000_0000_0000_000000000000>
            }

            over "a0000000_0000_0000_0000_000000000000715" (
                apiSchemas = ["MaterialBindingAPI"]
            )
            {
                custom rel material:binding
                prepend rel material:binding = </Instances/mesh_2_1/VisualMaterials/a0000000_0000_0000_0000_000000000000>
            }

            over "a0000000_0000_0000_0000_000000000000716" (
                apiSchemas = ["MaterialBindingAPI"]
            )
            {
                custom rel material:binding
                prepend rel material:binding = </Instances/mesh_2_1/VisualMaterials/a0000000_0000_0000_0000_000000000000>
            }

            over "a0000000_0000_0000_0000_000000000000717" (
                apiSchemas = ["MaterialBindingAPI"]
            )
            {
                custom rel material:binding
                prepend rel material:binding = </Instances/mesh_2_1/VisualMaterials/a0000000_0000_0000_0000_000000000000>
            }

            over "a0000000_0000_0000_0000_000000000000718" (
                apiSchemas = ["MaterialBindingAPI"]
            )
            {
                custom rel material:binding
                prepend rel material:binding = </Instances/mesh_2_1/VisualMaterials/a0000000_0000_0000_0000_000000000000>
            }

            over "a0000000_0000_0000_0000_000000000000719" (
                apiSchemas = ["MaterialBindingAPI"]
            )
            {
                custom rel material:binding
                prepend rel material:binding = </Instances/mesh_2_1/VisualMaterials/a0000000_0000_0000_0000_000000000000>
            }

            over "a0000000_0000_0000_0000_000000000000720" (
                apiSchemas = ["MaterialBindingAPI"]
            )
            {
                custom rel material:binding
                prepend rel material:binding = </Instances/mesh_2_1/VisualMaterials/a0000000_0000_0000_0000_000000000000>
            }

            over "a0000000_0000_0000_0000_000000000000721" (
                apiSchemas = ["MaterialBindingAPI"]
            )
            {
                custom rel material:binding
                prepend rel material:binding = </Instances/mesh_2_1/VisualMaterials/a0000000_0000_0000_0000_000000000000>
            }

            over "a0000000_0000_0000_0000_000000000000722" (
                apiSchemas = ["MaterialBindingAPI"]
            )
            {
                custom rel material:binding
                prepend rel material:binding = </Instances/mesh_2_1/VisualMaterials/a0000000_0000_0000_0000_000000000000>
            }

            over "a0000000_0000_0000_0000_000000000000723" (
                apiSchemas = ["MaterialBindingAPI"]
            )
            {
                custom rel material:binding
                prepend rel material:binding = </Instances/mesh_2_1/VisualMaterials/a0000000_0000_0000_0000_000000000000>
            }

            over "a0000000_0000_0000_0000_000000000000724" (
                apiSchemas = ["MaterialBindingAPI"]
            )
            {
                custom rel material:binding
                prepend rel material:binding = </Instances/mesh_2_1/VisualMaterials/a0000000_0000_0000_0000_000000000000>
            }

            over "a0000000_0000_0000_0000_000000000000725" (
                apiSchemas = ["MaterialBindingAPI"]
            )
            {
                custom rel material:binding
                prepend rel material:binding = </Instances/mesh_2_1/VisualMaterials/a0000000_0000_0000_0000_000000000000>
            }

            over "a0000000_0000_0000_0000_000000000000726" (
                apiSchemas = ["MaterialBindingAPI"]
            )
            {
                custom rel material:binding
                prepend rel material:binding = </Instances/mesh_2_1/VisualMaterials/a0000000_0000_0000_0000_000000000000>
            }

            over "a0000000_0000_0000_0000_000000000000727" (
                apiSchemas = ["MaterialBindingAPI"]
            )
            {
                custom rel material:binding
                prepend rel material:binding = </Instances/mesh_2_1/VisualMaterials/a0000000_0000_0000_0000_000000000000>
            }

            over "a0000000_0000_0000_0000_000000000000728" (
                apiSchemas = ["MaterialBindingAPI"]
            )
            {
                custom rel material:binding
                prepend rel material:binding = </Instances/mesh_2_1/VisualMaterials/a0000000_0000_0000_0000_000000000000>
            }

            over "a0000000_0000_0000_0000_000000000000729" (
                apiSchemas = ["MaterialBindingAPI"]
            )
            {
                custom rel material:binding
                prepend rel material:binding = </Instances/mesh_2_1/VisualMaterials/a0000000_0000_0000_0000_000000000000>
            }

            over "a0000000_0000_0000_0000_000000000000730" (
                apiSchemas = ["MaterialBindingAPI"]
            )
            {
                custom rel material:binding
                prepend rel material:binding = </Instances/mesh_2_1/VisualMaterials/a0000000_0000_0000_0000_000000000000>
            }

            over "a0000000_0000_0000_0000_000000000000731" (
                apiSchemas = ["MaterialBindingAPI"]
            )
            {
                custom rel material:binding
                prepend rel material:binding = </Instances/mesh_2_1/VisualMaterials/a0000000_0000_0000_0000_000000000000>
            }

            over "a0000000_0000_0000_0000_000000000000732" (
                apiSchemas = ["MaterialBindingAPI"]
            )
            {
                custom rel material:binding
                prepend rel material:binding = </Instances/mesh_2_1/VisualMaterials/a0000000_0000_0000_0000_000000000000>
            }

            over "a0000000_0000_0000_0000_000000000000733" (
                apiSchemas = ["MaterialBindingAPI"]
            )
            {
                custom rel material:binding
                prepend rel material:binding = </Instances/mesh_2_1/VisualMaterials/a0000000_0000_0000_0000_000000000000>
            }

            over "a0000000_0000_0000_0000_000000000000734" (
                apiSchemas = ["MaterialBindingAPI"]
            )
            {
                custom rel material:binding
                prepend rel material:binding = </Instances/mesh_2_1/VisualMaterials/a0000000_0000_0000_0000_000000000000>
            }

            over "a0000000_0000_0000_0000_000000000000735" (
                apiSchemas = ["MaterialBindingAPI"]
            )
            {
                custom rel material:binding
                prepend rel material:binding = </Instances/mesh_2_1/VisualMaterials/a0000000_0000_0000_0000_000000000000>
            }

            over "a0000000_0000_0000_0000_000000000000736" (
                apiSchemas = ["MaterialBindingAPI"]
            )
            {
                custom rel material:binding
                prepend rel material:binding = </Instances/mesh_2_1/VisualMaterials/a0000000_0000_0000_0000_000000000000>
            }

            over "a0000000_0000_0000_0000_000000000000737" (
                apiSchemas = ["MaterialBindingAPI"]
            )
            {
                custom rel material:binding
                prepend rel material:binding = </Instances/mesh_2_1/VisualMaterials/a0000000_0000_0000_0000_000000000000>
            }

            over "a0000000_0000_0000_0000_000000000000738" (
                apiSchemas = ["MaterialBindingAPI"]
            )
            {
                custom rel material:binding
                prepend rel material:binding = </Instances/mesh_2_1/VisualMaterials/a0000000_0000_0000_0000_000000000000>
            }

            over "a0000000_0000_0000_0000_000000000000739" (
                apiSchemas = ["MaterialBindingAPI"]
            )
            {
                custom rel material:binding
                prepend rel material:binding = </Instances/mesh_2_1/VisualMaterials/a0000000_0000_0000_0000_000000000000>
            }

            over "a0000000_0000_0000_0000_000000000000740" (
                apiSchemas = ["MaterialBindingAPI"]
            )
            {
                custom rel material:binding
                prepend rel material:binding = </Instances/mesh_2_1/VisualMaterials/a0000000_0000_0000_0000_000000000000>
            }

            over "a0000000_0000_0000_0000_000000000000741" (
                apiSchemas = ["MaterialBindingAPI"]
            )
            {
                custom rel material:binding
                prepend rel material:binding = </Instances/mesh_2_1/VisualMaterials/a0000000_0000_0000_0000_000000000000>
            }

            over "a0000000_0000_0000_0000_000000000000742" (
                apiSchemas = ["MaterialBindingAPI"]
            )
            {
                custom rel material:binding
                prepend rel material:binding = </Instances/mesh_2_1/VisualMaterials/a0000000_0000_0000_0000_000000000000>
            }

            over "a0000000_0000_0000_0000_000000000000743" (
                apiSchemas = ["MaterialBindingAPI"]
            )
            {
                custom rel material:binding
                prepend rel material:binding = </Instances/mesh_2_1/VisualMaterials/a0000000_0000_0000_0000_000000000000>
            }

            over "a0000000_0000_0000_0000_000000000000744" (
                apiSchemas = ["MaterialBindingAPI"]
            )
            {
                custom rel material:binding
                prepend rel material:binding = </Instances/mesh_2_1/VisualMaterials/a0000000_0000_0000_0000_000000000000>
            }

            over "a0000000_0000_0000_0000_000000000000745" (
                apiSchemas = ["MaterialBindingAPI"]
            )
            {
                custom rel material:binding
                prepend rel material:binding = </Instances/mesh_2_1/VisualMaterials/a0000000_0000_0000_0000_000000000000>
            }

            over "a0000000_0000_0000_0000_000000000000746" (
                apiSchemas = ["MaterialBindingAPI"]
            )
            {
                custom rel material:binding
                prepend rel material:binding = </Instances/mesh_2_1/VisualMaterials/a0000000_0000_0000_0000_000000000000>
            }

            over "a0000000_0000_0000_0000_000000000000747" (
                apiSchemas = ["MaterialBindingAPI"]
            )
            {
                custom rel material:binding
                prepend rel material:binding = </Instances/mesh_2_1/VisualMaterials/a0000000_0000_0000_0000_000000000000>
            }

            over "a0000000_0000_0000_0000_000000000000748" (
                apiSchemas = ["MaterialBindingAPI"]
            )
            {
                custom rel material:binding
                prepend rel material:binding = </Instances/mesh_2_1/VisualMaterials/a0000000_0000_0000_0000_000000000000>
            }

            over "a0000000_0000_0000_0000_000000000000749" (
                apiSchemas = ["MaterialBindingAPI"]
            )
            {
                custom rel material:binding
                prepend rel material:binding = </Instances/mesh_2_1/VisualMaterials/a0000000_0000_0000_0000_000000000000>
            }

            over "a0000000_0000_0000_0000_000000000000750" (
                apiSchemas = ["MaterialBindingAPI"]
            )
            {
                custom rel material:binding
                prepend rel material:binding = </Instances/mesh_2_1/VisualMaterials/a0000000_0000_0000_0000_000000000000>
            }

            over "a0000000_0000_0000_0000_000000000000751" (
                apiSchemas = ["MaterialBindingAPI"]
            )
            {
                custom rel material:binding
                prepend rel material:binding = </Instances/mesh_2_1/VisualMaterials/a0000000_0000_0000_0000_000000000000>
            }

            over "a0000000_0000_0000_0000_000000000000752" (
                apiSchemas = ["MaterialBindingAPI"]
            )
            {
                custom rel material:binding
                prepend rel material:binding = </Instances/mesh_2_1/VisualMaterials/a0000000_0000_0000_0000_000000000000>
            }

            over "a0000000_0000_0000_0000_000000000000753" (
                apiSchemas = ["MaterialBindingAPI"]
            )
            {
                custom rel material:binding
                prepend rel material:binding = </Instances/mesh_2_1/VisualMaterials/a0000000_0000_0000_0000_000000000000>
            }

            over "a0000000_0000_0000_0000_000000000000754" (
                apiSchemas = ["MaterialBindingAPI"]
            )
            {
                custom rel material:binding
                prepend rel material:binding = </Instances/mesh_2_1/VisualMaterials/a0000000_0000_0000_0000_000000000000>
            }

            over "a0000000_0000_0000_0000_000000000000755" (
                apiSchemas = ["MaterialBindingAPI"]
            )
            {
                custom rel material:binding
                prepend rel material:binding = </Instances/mesh_2_1/VisualMaterials/a0000000_0000_0000_0000_000000000000>
            }

            over "a0000000_0000_0000_0000_000000000000756" (
                apiSchemas = ["MaterialBindingAPI"]
            )
            {
                custom rel material:binding
                prepend rel material:binding = </Instances/mesh_2_1/VisualMaterials/a0000000_0000_0000_0000_000000000000>
            }

            over "a0000000_0000_0000_0000_000000000000757" (
                apiSchemas = ["MaterialBindingAPI"]
            )
            {
                custom rel material:binding
                prepend rel material:binding = </Instances/mesh_2_1/VisualMaterials/a0000000_0000_0000_0000_000000000000>
            }

            over "a0000000_0000_0000_0000_000000000000758" (
                apiSchemas = ["MaterialBindingAPI"]
            )
            {
                custom rel material:binding
                prepend rel material:binding = </Instances/mesh_2_1/VisualMaterials/a0000000_0000_0000_0000_000000000000>
            }

            over "a0000000_0000_0000_0000_000000000000759" (
                apiSchemas = ["MaterialBindingAPI"]
            )
            {
                custom rel material:binding
                prepend rel material:binding = </Instances/mesh_2_1/VisualMaterials/a0000000_0000_0000_0000_000000000000>
            }

            over "a0000000_0000_0000_0000_000000000000760" (
                apiSchemas = ["MaterialBindingAPI"]
            )
            {
                custom rel material:binding
                prepend rel material:binding = </Instances/mesh_2_1/VisualMaterials/a0000000_0000_0000_0000_000000000000>
            }

            over "a0000000_0000_0000_0000_000000000000761" (
                apiSchemas = ["MaterialBindingAPI"]
            )
            {
                custom rel material:binding
                prepend rel material:binding = </Instances/mesh_2_1/VisualMaterials/a0000000_0000_0000_0000_000000000000>
            }

            over "a0000000_0000_0000_0000_000000000000762" (
                apiSchemas = ["MaterialBindingAPI"]
            )
            {
                custom rel material:binding
                prepend rel material:binding = </Instances/mesh_2_1/VisualMaterials/a0000000_0000_0000_0000_000000000000>
            }

            over "a0000000_0000_0000_0000_000000000000763" (
                apiSchemas = ["MaterialBindingAPI"]
            )
            {
                custom rel material:binding
                prepend rel material:binding = </Instances/mesh_2_1/VisualMaterials/a0000000_0000_0000_0000_000000000000>
            }

            over "a0000000_0000_0000_0000_000000000000764" (
                apiSchemas = ["MaterialBindingAPI"]
            )
            {
                custom rel material:binding
                prepend rel material:binding = </Instances/mesh_2_1/VisualMaterials/a0000000_0000_0000_0000_000000000000>
            }

            over "a0000000_0000_0000_0000_000000000000765" (
                apiSchemas = ["MaterialBindingAPI"]
            )
            {
                custom rel material:binding
                prepend rel material:binding = </Instances/mesh_2_1/VisualMaterials/a0000000_0000_0000_0000_000000000000>
            }

            over "a0000000_0000_0000_0000_000000000000766" (
                apiSchemas = ["MaterialBindingAPI"]
            )
            {
                custom rel material:binding
                prepend rel material:binding = </Instances/mesh_2_1/VisualMaterials/a0000000_0000_0000_0000_000000000000>
            }

            over "a0000000_0000_0000_0000_000000000000767" (
                apiSchemas = ["MaterialBindingAPI"]
            )
            {
                custom rel material:binding
                prepend rel material:binding = </Instances/mesh_2_1/VisualMaterials/a0000000_0000_0000_0000_000000000000>
            }

            over "a0000000_0000_0000_0000_000000000000768" (
                apiSchemas = ["MaterialBindingAPI"]
            )
            {
                custom rel material:binding
                prepend rel material:binding = </Instances/mesh_2_1/VisualMaterials/a0000000_0000_0000_0000_000000000000>
            }

            over "a0000000_0000_0000_0000_000000000000769" (
                apiSchemas = ["MaterialBindingAPI"]
            )
            {
                custom rel material:binding
                prepend rel material:binding = </Instances/mesh_2_1/VisualMaterials/a0000000_0000_0000_0000_000000000000>
            }

            over "a0000000_0000_0000_0000_000000000000770" (
                apiSchemas = ["MaterialBindingAPI"]
            )
            {
                custom rel material:binding
                prepend rel material:binding = </Instances/mesh_2_1/VisualMaterials/a0000000_0000_0000_0000_000000000000>
            }

            over "a0000000_0000_0000_0000_000000000000771" (
                apiSchemas = ["MaterialBindingAPI"]
            )
            {
                custom rel material:binding
                prepend rel material:binding = </Instances/mesh_2_1/VisualMaterials/a0000000_0000_0000_0000_000000000000>
            }

            over "a0000000_0000_0000_0000_000000000000772" (
                apiSchemas = ["MaterialBindingAPI"]
            )
            {
                custom rel material:binding
                prepend rel material:binding = </Instances/mesh_2_1/VisualMaterials/a0000000_0000_0000_0000_000000000000>
            }

            over "a0000000_0000_0000_0000_000000000000773" (
                apiSchemas = ["MaterialBindingAPI"]
            )
            {
                custom rel material:binding
                prepend rel material:binding = </Instances/mesh_2_1/VisualMaterials/a0000000_0000_0000_0000_000000000000>
            }

            over "a0000000_0000_0000_0000_000000000000774" (
                apiSchemas = ["MaterialBindingAPI"]
            )
            {
                custom rel material:binding
                prepend rel material:binding = </Instances/mesh_2_1/VisualMaterials/a0000000_0000_0000_0000_000000000000>
            }

            over "a0000000_0000_0000_0000_000000000000775" (
                apiSchemas = ["MaterialBindingAPI"]
            )
            {
                custom rel material:binding
                prepend rel material:binding = </Instances/mesh_2_1/VisualMaterials/a0000000_0000_0000_0000_000000000000>
            }

            over "a0000000_0000_0000_0000_000000000000776" (
                apiSchemas = ["MaterialBindingAPI"]
            )
            {
                custom rel material:binding
                prepend rel material:binding = </Instances/mesh_2_1/VisualMaterials/a0000000_0000_0000_0000_000000000000>
            }

            over "a0000000_0000_0000_0000_000000000000777" (
                apiSchemas = ["MaterialBindingAPI"]
            )
            {
                custom rel material:binding
                prepend rel material:binding = </Instances/mesh_2_1/VisualMaterials/a0000000_0000_0000_0000_000000000000>
            }

            over "a0000000_0000_0000_0000_000000000000778" (
                apiSchemas = ["MaterialBindingAPI"]
            )
            {
                custom rel material:binding
                prepend rel material:binding = </Instances/mesh_2_1/VisualMaterials/a0000000_0000_0000_0000_000000000000>
            }

            over "a0000000_0000_0000_0000_000000000000779" (
                apiSchemas = ["MaterialBindingAPI"]
            )
            {
                custom rel material:binding
                prepend rel material:binding = </Instances/mesh_2_1/VisualMaterials/a0000000_0000_0000_0000_000000000000>
            }

            over "a0000000_0000_0000_0000_000000000000780" (
                apiSchemas = ["MaterialBindingAPI"]
            )
            {
                custom rel material:binding
                prepend rel material:binding = </Instances/mesh_2_1/VisualMaterials/a0000000_0000_0000_0000_000000000000>
            }

            over "a0000000_0000_0000_0000_000000000000781" (
                apiSchemas = ["MaterialBindingAPI"]
            )
            {
                custom rel material:binding
                prepend rel material:binding = </Instances/mesh_2_1/VisualMaterials/a0000000_0000_0000_0000_000000000000>
            }

            over "a0000000_0000_0000_0000_000000000000782" (
                apiSchemas = ["MaterialBindingAPI"]
            )
            {
                custom rel material:binding
                prepend rel material:binding = </Instances/mesh_2_1/VisualMaterials/a0000000_0000_0000_0000_000000000000>
            }

            over "a0000000_0000_0000_0000_000000000000783" (
                apiSchemas = ["MaterialBindingAPI"]
            )
            {
                custom rel material:binding
                prepend rel material:binding = </Instances/mesh_2_1/VisualMaterials/a0000000_0000_0000_0000_000000000000>
            }

            over "a0000000_0000_0000_0000_000000000000784" (
                apiSchemas = ["MaterialBindingAPI"]
            )
            {
                custom rel material:binding
                prepend rel material:binding = </Instances/mesh_2_1/VisualMaterials/a0000000_0000_0000_0000_000000000000>
            }

            over "a0000000_0000_0000_0000_000000000000785" (
                apiSchemas = ["MaterialBindingAPI"]
            )
            {
                custom rel material:binding
                prepend rel material:binding = </Instances/mesh_2_1/VisualMaterials/a0000000_0000_0000_0000_000000000000>
            }

            over "a0000000_0000_0000_0000_000000000000786" (
                apiSchemas = ["MaterialBindingAPI"]
            )
            {
                custom rel material:binding
                prepend rel material:binding = </Instances/mesh_2_1/VisualMaterials/a0000000_0000_0000_0000_000000000000>
            }

            over "a0000000_0000_0000_0000_000000000000787" (
                apiSchemas = ["MaterialBindingAPI"]
            )
            {
                custom rel material:binding
                prepend rel material:binding = </Instances/mesh_2_1/VisualMaterials/a0000000_0000_0000_0000_000000000000>
            }

            over "a0000000_0000_0000_0000_000000000000788" (
                apiSchemas = ["MaterialBindingAPI"]
            )
            {
                custom rel material:binding
                prepend rel material:binding = </Instances/mesh_2_1/VisualMaterials/a0000000_0000_0000_0000_000000000000>
            }

            over "a0000000_0000_0000_0000_000000000000789" (
                apiSchemas = ["MaterialBindingAPI"]
            )
            {
                custom rel material:binding
                prepend rel material:binding = </Instances/mesh_2_1/VisualMaterials/a0000000_0000_0000_0000_000000000000>
            }

            over "a0000000_0000_0000_0000_000000000000790" (
                apiSchemas = ["MaterialBindingAPI"]
            )
            {
                custom rel material:binding
                prepend rel material:binding = </Instances/mesh_2_1/VisualMaterials/a0000000_0000_0000_0000_000000000000>
            }

            over "a0000000_0000_0000_0000_000000000000791" (
                apiSchemas = ["MaterialBindingAPI"]
            )
            {
                custom rel material:binding
                prepend rel material:binding = </Instances/mesh_2_1/VisualMaterials/a0000000_0000_0000_0000_000000000000>
            }

            over "a0000000_0000_0000_0000_000000000000792" (
                apiSchemas = ["MaterialBindingAPI"]
            )
            {
                custom rel material:binding
                prepend rel material:binding = </Instances/mesh_2_1/VisualMaterials/a0000000_0000_0000_0000_000000000000>
            }

            over "a0000000_0000_0000_0000_000000000000793" (
                apiSchemas = ["MaterialBindingAPI"]
            )
            {
                custom rel material:binding
                prepend rel material:binding = </Instances/mesh_2_1/VisualMaterials/a0000000_0000_0000_0000_000000000000>
            }

            over "a0000000_0000_0000_0000_000000000000794" (
                apiSchemas = ["MaterialBindingAPI"]
            )
            {
                custom rel material:binding
                prepend rel material:binding = </Instances/mesh_2_1/VisualMaterials/a0000000_0000_0000_0000_000000000000>
            }

            over "a0000000_0000_0000_0000_000000000000795" (
                apiSchemas = ["MaterialBindingAPI"]
            )
            {
                custom rel material:binding
                prepend rel material:binding = </Instances/mesh_2_1/VisualMaterials/a0000000_0000_0000_0000_000000000000>
            }

            over "a0000000_0000_0000_0000_000000000000796" (
                apiSchemas = ["MaterialBindingAPI"]
            )
            {
                custom rel material:binding
                prepend rel material:binding = </Instances/mesh_2_1/VisualMaterials/a0000000_0000_0000_0000_000000000000>
            }

            over "a0000000_0000_0000_0000_000000000000797" (
                apiSchemas = ["MaterialBindingAPI"]
            )
            {
                custom rel material:binding
                prepend rel material:binding = </Instances/mesh_2_1/VisualMaterials/a0000000_0000_0000_0000_000000000000>
            }

            over "a0000000_0000_0000_0000_000000000000798" (
                apiSchemas = ["MaterialBindingAPI"]
            )
            {
                custom rel material:binding
                prepend rel material:binding = </Instances/mesh_2_1/VisualMaterials/a0000000_0000_0000_0000_000000000000>
            }

            over "a0000000_0000_0000_0000_000000000000799" (
                apiSchemas = ["MaterialBindingAPI"]
            )
            {
                custom rel material:binding
                prepend rel material:binding = </Instances/mesh_2_1/VisualMaterials/a0000000_0000_0000_0000_000000000000>
            }

            over "a0000000_0000_0000_0000_000000000000800" (
                apiSchemas = ["MaterialBindingAPI"]
            )
            {
                custom rel material:binding
                prepend rel material:binding = </Instances/mesh_2_1/VisualMaterials/a0000000_0000_0000_0000_000000000000>
            }

            over "a0000000_0000_0000_0000_000000000000801" (
                apiSchemas = ["MaterialBindingAPI"]
            )
            {
                custom rel material:binding
                prepend rel material:binding = </Instances/mesh_2_1/VisualMaterials/a0000000_0000_0000_0000_000000000000>
            }

            over "a0000000_0000_0000_0000_000000000000802" (
                apiSchemas = ["MaterialBindingAPI"]
            )
            {
                custom rel material:binding
                prepend rel material:binding = </Instances/mesh_2_1/VisualMaterials/a0000000_0000_0000_0000_000000000000>
            }

            over "a0000000_0000_0000_0000_000000000000803" (
                apiSchemas = ["MaterialBindingAPI"]
            )
            {
                custom rel material:binding
                prepend rel material:binding = </Instances/mesh_2_1/VisualMaterials/a0000000_0000_0000_0000_000000000000>
            }

            over "a0000000_0000_0000_0000_000000000000804" (
                apiSchemas = ["MaterialBindingAPI"]
            )
            {
                custom rel material:binding
                prepend rel material:binding = </Instances/mesh_2_1/VisualMaterials/a0000000_0000_0000_0000_000000000000>
            }

            over "a0000000_0000_0000_0000_000000000000805" (
                apiSchemas = ["MaterialBindingAPI"]
            )
            {
                custom rel material:binding
                prepend rel material:binding = </Instances/mesh_2_1/VisualMaterials/a0000000_0000_0000_0000_000000000000>
            }

            over "a0000000_0000_0000_0000_000000000000806" (
                apiSchemas = ["MaterialBindingAPI"]
            )
            {
                custom rel material:binding
                prepend rel material:binding = </Instances/mesh_2_1/VisualMaterials/a0000000_0000_0000_0000_000000000000>
            }

            over "a0000000_0000_0000_0000_000000000000807" (
                apiSchemas = ["MaterialBindingAPI"]
            )
            {
                custom rel material:binding
                prepend rel material:binding = </Instances/mesh_2_1/VisualMaterials/a0000000_0000_0000_0000_000000000000>
            }

            over "a0000000_0000_0000_0000_000000000000808" (
                apiSchemas = ["MaterialBindingAPI"]
            )
            {
                custom rel material:binding
                prepend rel material:binding = </Instances/mesh_2_1/VisualMaterials/a0000000_0000_0000_0000_000000000000>
            }

            over "a0000000_0000_0000_0000_000000000000809" (
                apiSchemas = ["MaterialBindingAPI"]
            )
            {
                custom rel material:binding
                prepend rel material:binding = </Instances/mesh_2_1/VisualMaterials/a0000000_0000_0000_0000_000000000000>
            }

            over "a0000000_0000_0000_0000_000000000000810" (
                apiSchemas = ["MaterialBindingAPI"]
            )
            {
                custom rel material:binding
                prepend rel material:binding = </Instances/mesh_2_1/VisualMaterials/a0000000_0000_0000_0000_000000000000>
            }

            over "a0000000_0000_0000_0000_000000000000811" (
                apiSchemas = ["MaterialBindingAPI"]
            )
            {
                custom rel material:binding
                prepend rel material:binding = </Instances/mesh_2_1/VisualMaterials/a0000000_0000_0000_0000_000000000000>
            }

            over "a0000000_0000_0000_0000_000000000000812" (
                apiSchemas = ["MaterialBindingAPI"]
            )
            {
                custom rel material:binding
                prepend rel material:binding = </Instances/mesh_2_1/VisualMaterials/a0000000_0000_0000_0000_000000000000>
            }

            over "a0000000_0000_0000_0000_000000000000813" (
                apiSchemas = ["MaterialBindingAPI"]
            )
            {
                custom rel material:binding
                prepend rel material:binding = </Instances/mesh_2_1/VisualMaterials/a0000000_0000_0000_0000_000000000000>
            }

            over "a0000000_0000_0000_0000_000000000000814" (
                apiSchemas = ["MaterialBindingAPI"]
            )
            {
                custom rel material:binding
                prepend rel material:binding = </Instances/mesh_2_1/VisualMaterials/a0000000_0000_0000_0000_000000000000>
            }

            over "a0000000_0000_0000_0000_000000000000815" (
                apiSchemas = ["MaterialBindingAPI"]
            )
            {
                custom rel material:binding
                prepend rel material:binding = </Instances/mesh_2_1/VisualMaterials/a0000000_0000_0000_0000_000000000000>
            }

            over "a0000000_0000_0000_0000_000000000000816" (
                apiSchemas = ["MaterialBindingAPI"]
            )
            {
                custom rel material:binding
                prepend rel material:binding = </Instances/mesh_2_1/VisualMaterials/a0000000_0000_0000_0000_000000000000>
            }

            over "a0000000_0000_0000_0000_000000000000817" (
                apiSchemas = ["MaterialBindingAPI"]
            )
            {
                custom rel material:binding
                prepend rel material:binding = </Instances/mesh_2_1/VisualMaterials/a0000000_0000_0000_0000_000000000000>
            }

            over "a0000000_0000_0000_0000_000000000000818" (
                apiSchemas = ["MaterialBindingAPI"]
            )
            {
                custom rel material:binding
                prepend rel material:binding = </Instances/mesh_2_1/VisualMaterials/a0000000_0000_0000_0000_000000000000>
            }

            over "a0000000_0000_0000_0000_000000000000819" (
                apiSchemas = ["MaterialBindingAPI"]
            )
            {
                custom rel material:binding
                prepend rel material:binding = </Instances/mesh_2_1/VisualMaterials/a0000000_0000_0000_0000_000000000000>
            }

            over "a0000000_0000_0000_0000_000000000000820" (
                apiSchemas = ["MaterialBindingAPI"]
            )
            {
                custom rel material:binding
                prepend rel material:binding = </Instances/mesh_2_1/VisualMaterials/a0000000_0000_0000_0000_000000000000>
            }

            over "a0000000_0000_0000_0000_000000000000821" (
                apiSchemas = ["MaterialBindingAPI"]
            )
            {
                custom rel material:binding
                prepend rel material:binding = </Instances/mesh_2_1/VisualMaterials/a0000000_0000_0000_0000_000000000000>
            }

            over "a0000000_0000_0000_0000_000000000000822" (
                apiSchemas = ["MaterialBindingAPI"]
            )
            {
                custom rel material:binding
                prepend rel material:binding = </Instances/mesh_2_1/VisualMaterials/a0000000_0000_0000_0000_000000000000>
            }

            over "a0000000_0000_0000_0000_000000000000823" (
                apiSchemas = ["MaterialBindingAPI"]
            )
            {
                custom rel material:binding
                prepend rel material:binding = </Instances/mesh_2_1/VisualMaterials/a0000000_0000_0000_0000_000000000000>
            }

            over "a0000000_0000_0000_0000_000000000000824" (
                apiSchemas = ["MaterialBindingAPI"]
            )
            {
                custom rel material:binding
                prepend rel material:binding = </Instances/mesh_2_1/VisualMaterials/a0000000_0000_0000_0000_000000000000>
            }

            over "a0000000_0000_0000_0000_000000000000825" (
                apiSchemas = ["MaterialBindingAPI"]
            )
            {
                custom rel material:binding
                prepend rel material:binding = </Instances/mesh_2_1/VisualMaterials/a0000000_0000_0000_0000_000000000000>
            }

            over "a0000000_0000_0000_0000_000000000000826" (
                apiSchemas = ["MaterialBindingAPI"]
            )
            {
                custom rel material:binding
                prepend rel material:binding = </Instances/mesh_2_1/VisualMaterials/a0000000_0000_0000_0000_000000000000>
            }

            over "a0000000_0000_0000_0000_000000000000827" (
                apiSchemas = ["MaterialBindingAPI"]
            )
            {
                custom rel material:binding
                prepend rel material:binding = </Instances/mesh_2_1/VisualMaterials/a0000000_0000_0000_0000_000000000000>
            }

            over "a0000000_0000_0000_0000_000000000000828" (
                apiSchemas = ["MaterialBindingAPI"]
            )
            {
                custom rel material:binding
                prepend rel material:binding = </Instances/mesh_2_1/VisualMaterials/a0000000_0000_0000_0000_000000000000>
            }

            over "a0000000_0000_0000_0000_000000000000829" (
                apiSchemas = ["MaterialBindingAPI"]
            )
            {
                custom rel material:binding
                prepend rel material:binding = </Instances/mesh_2_1/VisualMaterials/a0000000_0000_0000_0000_000000000000>
            }

            over "a0000000_0000_0000_0000_000000000000830" (
                apiSchemas = ["MaterialBindingAPI"]
            )
            {
                custom rel material:binding
                prepend rel material:binding = </Instances/mesh_2_1/VisualMaterials/a0000000_0000_0000_0000_000000000000>
            }

            over "a0000000_0000_0000_0000_000000000000831" (
                apiSchemas = ["MaterialBindingAPI"]
            )
            {
                custom rel material:binding
                prepend rel material:binding = </Instances/mesh_2_1/VisualMaterials/a0000000_0000_0000_0000_000000000000>
            }

            over "a0000000_0000_0000_0000_000000000000832" (
                apiSchemas = ["MaterialBindingAPI"]
            )
            {
                custom rel material:binding
                prepend rel material:binding = </Instances/mesh_2_1/VisualMaterials/a0000000_0000_0000_0000_000000000000>
            }

            over "a0000000_0000_0000_0000_000000000000833" (
                apiSchemas = ["MaterialBindingAPI"]
            )
            {
                custom rel material:binding
                prepend rel material:binding = </Instances/mesh_2_1/VisualMaterials/a0000000_0000_0000_0000_000000000000>
            }

            over "a0000000_0000_0000_0000_000000000000834" (
                apiSchemas = ["MaterialBindingAPI"]
            )
            {
                custom rel material:binding
                prepend rel material:binding = </Instances/mesh_2_1/VisualMaterials/a0000000_0000_0000_0000_000000000000>
            }

            over "a0000000_0000_0000_0000_000000000000835" (
                apiSchemas = ["MaterialBindingAPI"]
            )
            {
                custom rel material:binding
                prepend rel material:binding = </Instances/mesh_2_1/VisualMaterials/a0000000_0000_0000_0000_000000000000>
            }

            over "a0000000_0000_0000_0000_000000000000836" (
                apiSchemas = ["MaterialBindingAPI"]
            )
            {
                custom rel material:binding
                prepend rel material:binding = </Instances/mesh_2_1/VisualMaterials/a0000000_0000_0000_0000_000000000000>
            }

            over "a0000000_0000_0000_0000_000000000000837" (
                apiSchemas = ["MaterialBindingAPI"]
            )
            {
                custom rel material:binding
                prepend rel material:binding = </Instances/mesh_2_1/VisualMaterials/a0000000_0000_0000_0000_000000000000>
            }

            over "a0000000_0000_0000_0000_000000000000838" (
                apiSchemas = ["MaterialBindingAPI"]
            )
            {
                custom rel material:binding
                prepend rel material:binding = </Instances/mesh_2_1/VisualMaterials/a0000000_0000_0000_0000_000000000000>
            }

            over "a0000000_0000_0000_0000_000000000000839" (
                apiSchemas = ["MaterialBindingAPI"]
            )
            {
                custom rel material:binding
                prepend rel material:binding = </Instances/mesh_2_1/VisualMaterials/a0000000_0000_0000_0000_000000000000>
            }

            over "a0000000_0000_0000_0000_000000000000840" (
                apiSchemas = ["MaterialBindingAPI"]
            )
            {
                custom rel material:binding
                prepend rel material:binding = </Instances/mesh_2_1/VisualMaterials/a0000000_0000_0000_0000_000000000000>
            }

            over "a0000000_0000_0000_0000_000000000000841" (
                apiSchemas = ["MaterialBindingAPI"]
            )
            {
                custom rel material:binding
                prepend rel material:binding = </Instances/mesh_2_1/VisualMaterials/a0000000_0000_0000_0000_000000000000>
            }

            over "a0000000_0000_0000_0000_000000000000842" (
                apiSchemas = ["MaterialBindingAPI"]
            )
            {
                custom rel material:binding
                prepend rel material:binding = </Instances/mesh_2_1/VisualMaterials/a0000000_0000_0000_0000_000000000000>
            }

            over "a0000000_0000_0000_0000_000000000000_00225" (
                apiSchemas = ["MaterialBindingAPI"]
            )
            {
                custom rel material:binding
                prepend rel material:binding = </Instances/mesh_2_1/VisualMaterials/a0000000_0000_0000_0000_000000000000_002>
            }

            over "a0000000_0000_0000_0000_000000000000843" (
                apiSchemas = ["MaterialBindingAPI"]
            )
            {
                custom rel material:binding
                prepend rel material:binding = </Instances/mesh_2_1/VisualMaterials/a0000000_0000_0000_0000_000000000000>
            }

            over "a0000000_0000_0000_0000_000000000000844" (
                apiSchemas = ["MaterialBindingAPI"]
            )
            {
                custom rel material:binding
                prepend rel material:binding = </Instances/mesh_2_1/VisualMaterials/a0000000_0000_0000_0000_000000000000>
            }

            over "a0000000_0000_0000_0000_000000000000_00226" (
                apiSchemas = ["MaterialBindingAPI"]
            )
            {
                custom rel material:binding
                prepend rel material:binding = </Instances/mesh_2_1/VisualMaterials/a0000000_0000_0000_0000_000000000000_002>
            }

            over "a0000000_0000_0000_0000_000000000000845" (
                apiSchemas = ["MaterialBindingAPI"]
            )
            {
                custom rel material:binding
                prepend rel material:binding = </Instances/mesh_2_1/VisualMaterials/a0000000_0000_0000_0000_000000000000>
            }

            over "a0000000_0000_0000_0000_000000000000846" (
                apiSchemas = ["MaterialBindingAPI"]
            )
            {
                custom rel material:binding
                prepend rel material:binding = </Instances/mesh_2_1/VisualMaterials/a0000000_0000_0000_0000_000000000000>
            }

            over "a0000000_0000_0000_0000_000000000000847" (
                apiSchemas = ["MaterialBindingAPI"]
            )
            {
                custom rel material:binding
                prepend rel material:binding = </Instances/mesh_2_1/VisualMaterials/a0000000_0000_0000_0000_000000000000>
            }

            over "a0000000_0000_0000_0000_000000000000848" (
                apiSchemas = ["MaterialBindingAPI"]
            )
            {
                custom rel material:binding
                prepend rel material:binding = </Instances/mesh_2_1/VisualMaterials/a0000000_0000_0000_0000_000000000000>
            }

            over "a0000000_0000_0000_0000_000000000000849" (
                apiSchemas = ["MaterialBindingAPI"]
            )
            {
                custom rel material:binding
                prepend rel material:binding = </Instances/mesh_2_1/VisualMaterials/a0000000_0000_0000_0000_000000000000>
            }

            over "a0000000_0000_0000_0000_000000000000850" (
                apiSchemas = ["MaterialBindingAPI"]
            )
            {
                custom rel material:binding
                prepend rel material:binding = </Instances/mesh_2_1/VisualMaterials/a0000000_0000_0000_0000_000000000000>
            }

            over "a0000000_0000_0000_0000_000000000000851" (
                apiSchemas = ["MaterialBindingAPI"]
            )
            {
                custom rel material:binding
                prepend rel material:binding = </Instances/mesh_2_1/VisualMaterials/a0000000_0000_0000_0000_000000000000>
            }

            over "a0000000_0000_0000_0000_000000000000852" (
                apiSchemas = ["MaterialBindingAPI"]
            )
            {
                custom rel material:binding
                prepend rel material:binding = </Instances/mesh_2_1/VisualMaterials/a0000000_0000_0000_0000_000000000000>
            }

            over "a0000000_0000_0000_0000_000000000000853" (
                apiSchemas = ["MaterialBindingAPI"]
            )
            {
                custom rel material:binding
                prepend rel material:binding = </Instances/mesh_2_1/VisualMaterials/a0000000_0000_0000_0000_000000000000>
            }

            over "a0000000_0000_0000_0000_000000000000854" (
                apiSchemas = ["MaterialBindingAPI"]
            )
            {
                custom rel material:binding
                prepend rel material:binding = </Instances/mesh_2_1/VisualMaterials/a0000000_0000_0000_0000_000000000000>
            }

            over "a0000000_0000_0000_0000_000000000000855" (
                apiSchemas = ["MaterialBindingAPI"]
            )
            {
                custom rel material:binding
                prepend rel material:binding = </Instances/mesh_2_1/VisualMaterials/a0000000_0000_0000_0000_000000000000>
            }

            over "a0000000_0000_0000_0000_000000000000856" (
                apiSchemas = ["MaterialBindingAPI"]
            )
            {
                custom rel material:binding
                prepend rel material:binding = </Instances/mesh_2_1/VisualMaterials/a0000000_0000_0000_0000_000000000000>
            }

            over "a0000000_0000_0000_0000_000000000000857" (
                apiSchemas = ["MaterialBindingAPI"]
            )
            {
                custom rel material:binding
                prepend rel material:binding = </Instances/mesh_2_1/VisualMaterials/a0000000_0000_0000_0000_000000000000>
            }

            over "a0000000_0000_0000_0000_000000000000858" (
                apiSchemas = ["MaterialBindingAPI"]
            )
            {
                custom rel material:binding
                prepend rel material:binding = </Instances/mesh_2_1/VisualMaterials/a0000000_0000_0000_0000_000000000000>
            }

            over "a0000000_0000_0000_0000_000000000000859" (
                apiSchemas = ["MaterialBindingAPI"]
            )
            {
                custom rel material:binding
                prepend rel material:binding = </Instances/mesh_2_1/VisualMaterials/a0000000_0000_0000_0000_000000000000>
            }

            over "a0000000_0000_0000_0000_000000000000860" (
                apiSchemas = ["MaterialBindingAPI"]
            )
            {
                custom rel material:binding
                prepend rel material:binding = </Instances/mesh_2_1/VisualMaterials/a0000000_0000_0000_0000_000000000000>
            }

            over "a0000000_0000_0000_0000_000000000000861" (
                apiSchemas = ["MaterialBindingAPI"]
            )
            {
                custom rel material:binding
                prepend rel material:binding = </Instances/mesh_2_1/VisualMaterials/a0000000_0000_0000_0000_000000000000>
            }

            over "a0000000_0000_0000_0000_000000000000862" (
                apiSchemas = ["MaterialBindingAPI"]
            )
            {
                custom rel material:binding
                prepend rel material:binding = </Instances/mesh_2_1/VisualMaterials/a0000000_0000_0000_0000_000000000000>
            }

            over "a0000000_0000_0000_0000_000000000000863" (
                apiSchemas = ["MaterialBindingAPI"]
            )
            {
                custom rel material:binding
                prepend rel material:binding = </Instances/mesh_2_1/VisualMaterials/a0000000_0000_0000_0000_000000000000>
            }

            over "a0000000_0000_0000_0000_000000000000864" (
                apiSchemas = ["MaterialBindingAPI"]
            )
            {
                custom rel material:binding
                prepend rel material:binding = </Instances/mesh_2_1/VisualMaterials/a0000000_0000_0000_0000_000000000000>
            }

            over "a0000000_0000_0000_0000_000000000000865" (
                apiSchemas = ["MaterialBindingAPI"]
            )
            {
                custom rel material:binding
                prepend rel material:binding = </Instances/mesh_2_1/VisualMaterials/a0000000_0000_0000_0000_000000000000>
            }

            over "a0000000_0000_0000_0000_000000000000866" (
                apiSchemas = ["MaterialBindingAPI"]
            )
            {
                custom rel material:binding
                prepend rel material:binding = </Instances/mesh_2_1/VisualMaterials/a0000000_0000_0000_0000_000000000000>
            }

            over "a0000000_0000_0000_0000_000000000000867" (
                apiSchemas = ["MaterialBindingAPI"]
            )
            {
                custom rel material:binding
                prepend rel material:binding = </Instances/mesh_2_1/VisualMaterials/a0000000_0000_0000_0000_000000000000>
            }

            over "a0000000_0000_0000_0000_000000000000868" (
                apiSchemas = ["MaterialBindingAPI"]
            )
            {
                custom rel material:binding
                prepend rel material:binding = </Instances/mesh_2_1/VisualMaterials/a0000000_0000_0000_0000_000000000000>
            }

            over "a0000000_0000_0000_0000_000000000000869" (
                apiSchemas = ["MaterialBindingAPI"]
            )
            {
                custom rel material:binding
                prepend rel material:binding = </Instances/mesh_2_1/VisualMaterials/a0000000_0000_0000_0000_000000000000>
            }

            over "a0000000_0000_0000_0000_000000000000870" (
                apiSchemas = ["MaterialBindingAPI"]
            )
            {
                custom rel material:binding
                prepend rel material:binding = </Instances/mesh_2_1/VisualMaterials/a0000000_0000_0000_0000_000000000000>
            }

            over "a0000000_0000_0000_0000_000000000000871" (
                apiSchemas = ["MaterialBindingAPI"]
            )
            {
                custom rel material:binding
                prepend rel material:binding = </Instances/mesh_2_1/VisualMaterials/a0000000_0000_0000_0000_000000000000>
            }

            over "a0000000_0000_0000_0000_000000000000872" (
                apiSchemas = ["MaterialBindingAPI"]
            )
            {
                custom rel material:binding
                prepend rel material:binding = </Instances/mesh_2_1/VisualMaterials/a0000000_0000_0000_0000_000000000000>
            }

            over "a0000000_0000_0000_0000_000000000000873" (
                apiSchemas = ["MaterialBindingAPI"]
            )
            {
                custom rel material:binding
                prepend rel material:binding = </Instances/mesh_2_1/VisualMaterials/a0000000_0000_0000_0000_000000000000>
            }

            over "a0000000_0000_0000_0000_000000000000874" (
                apiSchemas = ["MaterialBindingAPI"]
            )
            {
                custom rel material:binding
                prepend rel material:binding = </Instances/mesh_2_1/VisualMaterials/a0000000_0000_0000_0000_000000000000>
            }

            over "a0000000_0000_0000_0000_000000000000875" (
                apiSchemas = ["MaterialBindingAPI"]
            )
            {
                custom rel material:binding
                prepend rel material:binding = </Instances/mesh_2_1/VisualMaterials/a0000000_0000_0000_0000_000000000000>
            }

            over "a0000000_0000_0000_0000_000000000000876" (
                apiSchemas = ["MaterialBindingAPI"]
            )
            {
                custom rel material:binding
                prepend rel material:binding = </Instances/mesh_2_1/VisualMaterials/a0000000_0000_0000_0000_000000000000>
            }

            over "a0000000_0000_0000_0000_000000000000877" (
                apiSchemas = ["MaterialBindingAPI"]
            )
            {
                custom rel material:binding
                prepend rel material:binding = </Instances/mesh_2_1/VisualMaterials/a0000000_0000_0000_0000_000000000000>
            }

            over "a0000000_0000_0000_0000_000000000000878" (
                apiSchemas = ["MaterialBindingAPI"]
            )
            {
                custom rel material:binding
                prepend rel material:binding = </Instances/mesh_2_1/VisualMaterials/a0000000_0000_0000_0000_000000000000>
            }

            over "a0000000_0000_0000_0000_000000000000879" (
                apiSchemas = ["MaterialBindingAPI"]
            )
            {
                custom rel material:binding
                prepend rel material:binding = </Instances/mesh_2_1/VisualMaterials/a0000000_0000_0000_0000_000000000000>
            }

            over "a0000000_0000_0000_0000_000000000000880" (
                apiSchemas = ["MaterialBindingAPI"]
            )
            {
                custom rel material:binding
                prepend rel material:binding = </Instances/mesh_2_1/VisualMaterials/a0000000_0000_0000_0000_000000000000>
            }

            over "a0000000_0000_0000_0000_000000000000881" (
                apiSchemas = ["MaterialBindingAPI"]
            )
            {
                custom rel material:binding
                prepend rel material:binding = </Instances/mesh_2_1/VisualMaterials/a0000000_0000_0000_0000_000000000000>
            }

            over "a0000000_0000_0000_0000_000000000000882" (
                apiSchemas = ["MaterialBindingAPI"]
            )
            {
                custom rel material:binding
                prepend rel material:binding = </Instances/mesh_2_1/VisualMaterials/a0000000_0000_0000_0000_000000000000>
            }

            over "a0000000_0000_0000_0000_000000000000883" (
                apiSchemas = ["MaterialBindingAPI"]
            )
            {
                custom rel material:binding
                prepend rel material:binding = </Instances/mesh_2_1/VisualMaterials/a0000000_0000_0000_0000_000000000000>
            }

            over "a0000000_0000_0000_0000_000000000000884" (
                apiSchemas = ["MaterialBindingAPI"]
            )
            {
                custom rel material:binding
                prepend rel material:binding = </Instances/mesh_2_1/VisualMaterials/a0000000_0000_0000_0000_000000000000>
            }

            over "a0000000_0000_0000_0000_000000000000885" (
                apiSchemas = ["MaterialBindingAPI"]
            )
            {
                custom rel material:binding
                prepend rel material:binding = </Instances/mesh_2_1/VisualMaterials/a0000000_0000_0000_0000_000000000000>
            }

            over "a0000000_0000_0000_0000_000000000000886" (
                apiSchemas = ["MaterialBindingAPI"]
            )
            {
                custom rel material:binding
                prepend rel material:binding = </Instances/mesh_2_1/VisualMaterials/a0000000_0000_0000_0000_000000000000>
            }

            over "a0000000_0000_0000_0000_000000000000887" (
                apiSchemas = ["MaterialBindingAPI"]
            )
            {
                custom rel material:binding
                prepend rel material:binding = </Instances/mesh_2_1/VisualMaterials/a0000000_0000_0000_0000_000000000000>
            }

            over "a0000000_0000_0000_0000_000000000000888" (
                apiSchemas = ["MaterialBindingAPI"]
            )
            {
                custom rel material:binding
                prepend rel material:binding = </Instances/mesh_2_1/VisualMaterials/a0000000_0000_0000_0000_000000000000>
            }

            over "a0000000_0000_0000_0000_000000000000889" (
                apiSchemas = ["MaterialBindingAPI"]
            )
            {
                custom rel material:binding
                prepend rel material:binding = </Instances/mesh_2_1/VisualMaterials/a0000000_0000_0000_0000_000000000000>
            }

            over "a0000000_0000_0000_0000_000000000000890" (
                apiSchemas = ["MaterialBindingAPI"]
            )
            {
                custom rel material:binding
                prepend rel material:binding = </Instances/mesh_2_1/VisualMaterials/a0000000_0000_0000_0000_000000000000>
            }

            over "a0000000_0000_0000_0000_000000000000891" (
                apiSchemas = ["MaterialBindingAPI"]
            )
            {
                custom rel material:binding
                prepend rel material:binding = </Instances/mesh_2_1/VisualMaterials/a0000000_0000_0000_0000_000000000000>
            }

            over "a0000000_0000_0000_0000_000000000000892" (
                apiSchemas = ["MaterialBindingAPI"]
            )
            {
                custom rel material:binding
                prepend rel material:binding = </Instances/mesh_2_1/VisualMaterials/a0000000_0000_0000_0000_000000000000>
            }

            over "a0000000_0000_0000_0000_000000000000893" (
                apiSchemas = ["MaterialBindingAPI"]
            )
            {
                custom rel material:binding
                prepend rel material:binding = </Instances/mesh_2_1/VisualMaterials/a0000000_0000_0000_0000_000000000000>
            }

            over "a0000000_0000_0000_0000_000000000000894" (
                apiSchemas = ["MaterialBindingAPI"]
            )
            {
                custom rel material:binding
                prepend rel material:binding = </Instances/mesh_2_1/VisualMaterials/a0000000_0000_0000_0000_000000000000>
            }

            over "a0000000_0000_0000_0000_000000000000895" (
                apiSchemas = ["MaterialBindingAPI"]
            )
            {
                custom rel material:binding
                prepend rel material:binding = </Instances/mesh_2_1/VisualMaterials/a0000000_0000_0000_0000_000000000000>
            }

            over "a0000000_0000_0000_0000_000000000000896" (
                apiSchemas = ["MaterialBindingAPI"]
            )
            {
                custom rel material:binding
                prepend rel material:binding = </Instances/mesh_2_1/VisualMaterials/a0000000_0000_0000_0000_000000000000>
            }

            over "a0000000_0000_0000_0000_000000000000897" (
                apiSchemas = ["MaterialBindingAPI"]
            )
            {
                custom rel material:binding
                prepend rel material:binding = </Instances/mesh_2_1/VisualMaterials/a0000000_0000_0000_0000_000000000000>
            }

            over "a0000000_0000_0000_0000_000000000000898" (
                apiSchemas = ["MaterialBindingAPI"]
            )
            {
                custom rel material:binding
                prepend rel material:binding = </Instances/mesh_2_1/VisualMaterials/a0000000_0000_0000_0000_000000000000>
            }

            over "a0000000_0000_0000_0000_000000000000899" (
                apiSchemas = ["MaterialBindingAPI"]
            )
            {
                custom rel material:binding
                prepend rel material:binding = </Instances/mesh_2_1/VisualMaterials/a0000000_0000_0000_0000_000000000000>
            }

            over "a0000000_0000_0000_0000_000000000000900" (
                apiSchemas = ["MaterialBindingAPI"]
            )
            {
                custom rel material:binding
                prepend rel material:binding = </Instances/mesh_2_1/VisualMaterials/a0000000_0000_0000_0000_000000000000>
            }

            over "a0000000_0000_0000_0000_000000000000901" (
                apiSchemas = ["MaterialBindingAPI"]
            )
            {
                custom rel material:binding
                prepend rel material:binding = </Instances/mesh_2_1/VisualMaterials/a0000000_0000_0000_0000_000000000000>
            }

            over "a0000000_0000_0000_0000_000000000000902" (
                apiSchemas = ["MaterialBindingAPI"]
            )
            {
                custom rel material:binding
                prepend rel material:binding = </Instances/mesh_2_1/VisualMaterials/a0000000_0000_0000_0000_000000000000>
            }

            over "a0000000_0000_0000_0000_000000000000903" (
                apiSchemas = ["MaterialBindingAPI"]
            )
            {
                custom rel material:binding
                prepend rel material:binding = </Instances/mesh_2_1/VisualMaterials/a0000000_0000_0000_0000_000000000000>
            }

            over "a0000000_0000_0000_0000_000000000000904" (
                apiSchemas = ["MaterialBindingAPI"]
            )
            {
                custom rel material:binding
                prepend rel material:binding = </Instances/mesh_2_1/VisualMaterials/a0000000_0000_0000_0000_000000000000>
            }

            over "a0000000_0000_0000_0000_000000000000905" (
                apiSchemas = ["MaterialBindingAPI"]
            )
            {
                custom rel material:binding
                prepend rel material:binding = </Instances/mesh_2_1/VisualMaterials/a0000000_0000_0000_0000_000000000000>
            }

            over "a0000000_0000_0000_0000_000000000000906" (
                apiSchemas = ["MaterialBindingAPI"]
            )
            {
                custom rel material:binding
                prepend rel material:binding = </Instances/mesh_2_1/VisualMaterials/a0000000_0000_0000_0000_000000000000>
            }

            over "a0000000_0000_0000_0000_000000000000907" (
                apiSchemas = ["MaterialBindingAPI"]
            )
            {
                custom rel material:binding
                prepend rel material:binding = </Instances/mesh_2_1/VisualMaterials/a0000000_0000_0000_0000_000000000000>
            }

            over "a0000000_0000_0000_0000_000000000000908" (
                apiSchemas = ["MaterialBindingAPI"]
            )
            {
                custom rel material:binding
                prepend rel material:binding = </Instances/mesh_2_1/VisualMaterials/a0000000_0000_0000_0000_000000000000>
            }

            over "a0000000_0000_0000_0000_000000000000909" (
                apiSchemas = ["MaterialBindingAPI"]
            )
            {
                custom rel material:binding
                prepend rel material:binding = </Instances/mesh_2_1/VisualMaterials/a0000000_0000_0000_0000_000000000000>
            }

            over "a0000000_0000_0000_0000_000000000000910" (
                apiSchemas = ["MaterialBindingAPI"]
            )
            {
                custom rel material:binding
                prepend rel material:binding = </Instances/mesh_2_1/VisualMaterials/a0000000_0000_0000_0000_000000000000>
            }

            over "a0000000_0000_0000_0000_000000000000911" (
                apiSchemas = ["MaterialBindingAPI"]
            )
            {
                custom rel material:binding
                prepend rel material:binding = </Instances/mesh_2_1/VisualMaterials/a0000000_0000_0000_0000_000000000000>
            }

            over "a0000000_0000_0000_0000_000000000000912" (
                apiSchemas = ["MaterialBindingAPI"]
            )
            {
                custom rel material:binding
                prepend rel material:binding = </Instances/mesh_2_1/VisualMaterials/a0000000_0000_0000_0000_000000000000>
            }

            over "a0000000_0000_0000_0000_000000000000913" (
                apiSchemas = ["MaterialBindingAPI"]
            )
            {
                custom rel material:binding
                prepend rel material:binding = </Instances/mesh_2_1/VisualMaterials/a0000000_0000_0000_0000_000000000000>
            }

            over "a0000000_0000_0000_0000_000000000000914" (
                apiSchemas = ["MaterialBindingAPI"]
            )
            {
                custom rel material:binding
                prepend rel material:binding = </Instances/mesh_2_1/VisualMaterials/a0000000_0000_0000_0000_000000000000>
            }

            over "a0000000_0000_0000_0000_000000000000915" (
                apiSchemas = ["MaterialBindingAPI"]
            )
            {
                custom rel material:binding
                prepend rel material:binding = </Instances/mesh_2_1/VisualMaterials/a0000000_0000_0000_0000_000000000000>
            }

            over "a0000000_0000_0000_0000_000000000000916" (
                apiSchemas = ["MaterialBindingAPI"]
            )
            {
                custom rel material:binding
                prepend rel material:binding = </Instances/mesh_2_1/VisualMaterials/a0000000_0000_0000_0000_000000000000>
            }

            over "a0000000_0000_0000_0000_000000000000917" (
                apiSchemas = ["MaterialBindingAPI"]
            )
            {
                custom rel material:binding
                prepend rel material:binding = </Instances/mesh_2_1/VisualMaterials/a0000000_0000_0000_0000_000000000000>
            }

            over "a0000000_0000_0000_0000_000000000000918" (
                apiSchemas = ["MaterialBindingAPI"]
            )
            {
                custom rel material:binding
                prepend rel material:binding = </Instances/mesh_2_1/VisualMaterials/a0000000_0000_0000_0000_000000000000>
            }

            over "a0000000_0000_0000_0000_000000000000919" (
                apiSchemas = ["MaterialBindingAPI"]
            )
            {
                custom rel material:binding
                prepend rel material:binding = </Instances/mesh_2_1/VisualMaterials/a0000000_0000_0000_0000_000000000000>
            }

            over "a0000000_0000_0000_0000_000000000000920" (
                apiSchemas = ["MaterialBindingAPI"]
            )
            {
                custom rel material:binding
                prepend rel material:binding = </Instances/mesh_2_1/VisualMaterials/a0000000_0000_0000_0000_000000000000>
            }

            over "a0000000_0000_0000_0000_000000000000921" (
                apiSchemas = ["MaterialBindingAPI"]
            )
            {
                custom rel material:binding
                prepend rel material:binding = </Instances/mesh_2_1/VisualMaterials/a0000000_0000_0000_0000_000000000000>
            }

            over "a0000000_0000_0000_0000_000000000000922" (
                apiSchemas = ["MaterialBindingAPI"]
            )
            {
                custom rel material:binding
                prepend rel material:binding = </Instances/mesh_2_1/VisualMaterials/a0000000_0000_0000_0000_000000000000>
            }

            over "a0000000_0000_0000_0000_000000000000923" (
                apiSchemas = ["MaterialBindingAPI"]
            )
            {
                custom rel material:binding
                prepend rel material:binding = </Instances/mesh_2_1/VisualMaterials/a0000000_0000_0000_0000_000000000000>
            }

            over "a0000000_0000_0000_0000_000000000000924" (
                apiSchemas = ["MaterialBindingAPI"]
            )
            {
                custom rel material:binding
                prepend rel material:binding = </Instances/mesh_2_1/VisualMaterials/a0000000_0000_0000_0000_000000000000>
            }

            over "a0000000_0000_0000_0000_000000000000925" (
                apiSchemas = ["MaterialBindingAPI"]
            )
            {
                custom rel material:binding
                prepend rel material:binding = </Instances/mesh_2_1/VisualMaterials/a0000000_0000_0000_0000_000000000000>
            }

            over "a0000000_0000_0000_0000_000000000000926" (
                apiSchemas = ["MaterialBindingAPI"]
            )
            {
                custom rel material:binding
                prepend rel material:binding = </Instances/mesh_2_1/VisualMaterials/a0000000_0000_0000_0000_000000000000>
            }

            over "a0000000_0000_0000_0000_000000000000927" (
                apiSchemas = ["MaterialBindingAPI"]
            )
            {
                custom rel material:binding
                prepend rel material:binding = </Instances/mesh_2_1/VisualMaterials/a0000000_0000_0000_0000_000000000000>
            }

            over "a0000000_0000_0000_0000_000000000000928" (
                apiSchemas = ["MaterialBindingAPI"]
            )
            {
                custom rel material:binding
                prepend rel material:binding = </Instances/mesh_2_1/VisualMaterials/a0000000_0000_0000_0000_000000000000>
            }

            over "a0000000_0000_0000_0000_000000000000929" (
                apiSchemas = ["MaterialBindingAPI"]
            )
            {
                custom rel material:binding
                prepend rel material:binding = </Instances/mesh_2_1/VisualMaterials/a0000000_0000_0000_0000_000000000000>
            }

            over "a0000000_0000_0000_0000_000000000000930" (
                apiSchemas = ["MaterialBindingAPI"]
            )
            {
                custom rel material:binding
                prepend rel material:binding = </Instances/mesh_2_1/VisualMaterials/a0000000_0000_0000_0000_000000000000>
            }

            over "a0000000_0000_0000_0000_000000000000931" (
                apiSchemas = ["MaterialBindingAPI"]
            )
            {
                custom rel material:binding
                prepend rel material:binding = </Instances/mesh_2_1/VisualMaterials/a0000000_0000_0000_0000_000000000000>
            }

            over "a0000000_0000_0000_0000_000000000000932" (
                apiSchemas = ["MaterialBindingAPI"]
            )
            {
                custom rel material:binding
                prepend rel material:binding = </Instances/mesh_2_1/VisualMaterials/a0000000_0000_0000_0000_000000000000>
            }

            over "Material________0035" (
                apiSchemas = ["MaterialBindingAPI"]
            )
            {
                custom rel material:binding
                prepend rel material:binding = </Instances/mesh_2_1/VisualMaterials/Material________002>
            }

            over "a0000000_0000_0000_0000_000000000000933" (
                apiSchemas = ["MaterialBindingAPI"]
            )
            {
                custom rel material:binding
                prepend rel material:binding = </Instances/mesh_2_1/VisualMaterials/a0000000_0000_0000_0000_000000000000>
            }

            over "a0000000_0000_0000_0000_000000000000934" (
                apiSchemas = ["MaterialBindingAPI"]
            )
            {
                custom rel material:binding
                prepend rel material:binding = </Instances/mesh_2_1/VisualMaterials/a0000000_0000_0000_0000_000000000000>
            }

            over "a0000000_0000_0000_0000_000000000000935" (
                apiSchemas = ["MaterialBindingAPI"]
            )
            {
                custom rel material:binding
                prepend rel material:binding = </Instances/mesh_2_1/VisualMaterials/a0000000_0000_0000_0000_000000000000>
            }

            over "a0000000_0000_0000_0000_000000000000936" (
                apiSchemas = ["MaterialBindingAPI"]
            )
            {
                custom rel material:binding
                prepend rel material:binding = </Instances/mesh_2_1/VisualMaterials/a0000000_0000_0000_0000_000000000000>
            }

            over "a0000000_0000_0000_0000_000000000000937" (
                apiSchemas = ["MaterialBindingAPI"]
            )
            {
                custom rel material:binding
                prepend rel material:binding = </Instances/mesh_2_1/VisualMaterials/a0000000_0000_0000_0000_000000000000>
            }

            over "a0000000_0000_0000_0000_000000000000938" (
                apiSchemas = ["MaterialBindingAPI"]
            )
            {
                custom rel material:binding
                prepend rel material:binding = </Instances/mesh_2_1/VisualMaterials/a0000000_0000_0000_0000_000000000000>
            }

            over "a0000000_0000_0000_0000_000000000000_00227" (
                apiSchemas = ["MaterialBindingAPI"]
            )
            {
                custom rel material:binding
                prepend rel material:binding = </Instances/mesh_2_1/VisualMaterials/a0000000_0000_0000_0000_000000000000_002>
            }

            over "a0000000_0000_0000_0000_000000000000_00228" (
                apiSchemas = ["MaterialBindingAPI"]
            )
            {
                custom rel material:binding
                prepend rel material:binding = </Instances/mesh_2_1/VisualMaterials/a0000000_0000_0000_0000_000000000000_002>
            }

            over "a0000000_0000_0000_0000_000000000000939" (
                apiSchemas = ["MaterialBindingAPI"]
            )
            {
                custom rel material:binding
                prepend rel material:binding = </Instances/mesh_2_1/VisualMaterials/a0000000_0000_0000_0000_000000000000>
            }

            over "a0000000_0000_0000_0000_000000000000940" (
                apiSchemas = ["MaterialBindingAPI"]
            )
            {
                custom rel material:binding
                prepend rel material:binding = </Instances/mesh_2_1/VisualMaterials/a0000000_0000_0000_0000_000000000000>
            }

            over "a0000000_0000_0000_0000_000000000000941" (
                apiSchemas = ["MaterialBindingAPI"]
            )
            {
                custom rel material:binding
                prepend rel material:binding = </Instances/mesh_2_1/VisualMaterials/a0000000_0000_0000_0000_000000000000>
            }

            over "a0000000_0000_0000_0000_000000000000942" (
                apiSchemas = ["MaterialBindingAPI"]
            )
            {
                custom rel material:binding
                prepend rel material:binding = </Instances/mesh_2_1/VisualMaterials/a0000000_0000_0000_0000_000000000000>
            }

            over "a0000000_0000_0000_0000_000000000000943" (
                apiSchemas = ["MaterialBindingAPI"]
            )
            {
                custom rel material:binding
                prepend rel material:binding = </Instances/mesh_2_1/VisualMaterials/a0000000_0000_0000_0000_000000000000>
            }

            over "a0000000_0000_0000_0000_000000000000944" (
                apiSchemas = ["MaterialBindingAPI"]
            )
            {
                custom rel material:binding
                prepend rel material:binding = </Instances/mesh_2_1/VisualMaterials/a0000000_0000_0000_0000_000000000000>
            }

            over "a0000000_0000_0000_0000_000000000000945" (
                apiSchemas = ["MaterialBindingAPI"]
            )
            {
                custom rel material:binding
                prepend rel material:binding = </Instances/mesh_2_1/VisualMaterials/a0000000_0000_0000_0000_000000000000>
            }

            over "a0000000_0000_0000_0000_000000000000946" (
                apiSchemas = ["MaterialBindingAPI"]
            )
            {
                custom rel material:binding
                prepend rel material:binding = </Instances/mesh_2_1/VisualMaterials/a0000000_0000_0000_0000_000000000000>
            }

            over "a0000000_0000_0000_0000_000000000000947" (
                apiSchemas = ["MaterialBindingAPI"]
            )
            {
                custom rel material:binding
                prepend rel material:binding = </Instances/mesh_2_1/VisualMaterials/a0000000_0000_0000_0000_000000000000>
            }

            over "a0000000_0000_0000_0000_000000000000948" (
                apiSchemas = ["MaterialBindingAPI"]
            )
            {
                custom rel material:binding
                prepend rel material:binding = </Instances/mesh_2_1/VisualMaterials/a0000000_0000_0000_0000_000000000000>
            }

            over "a0000000_0000_0000_0000_000000000000949" (
                apiSchemas = ["MaterialBindingAPI"]
            )
            {
                custom rel material:binding
                prepend rel material:binding = </Instances/mesh_2_1/VisualMaterials/a0000000_0000_0000_0000_000000000000>
            }

            over "a0000000_0000_0000_0000_000000000000950" (
                apiSchemas = ["MaterialBindingAPI"]
            )
            {
                custom rel material:binding
                prepend rel material:binding = </Instances/mesh_2_1/VisualMaterials/a0000000_0000_0000_0000_000000000000>
            }

            over "a0000000_0000_0000_0000_000000000000951" (
                apiSchemas = ["MaterialBindingAPI"]
            )
            {
                custom rel material:binding
                prepend rel material:binding = </Instances/mesh_2_1/VisualMaterials/a0000000_0000_0000_0000_000000000000>
            }

            over "a0000000_0000_0000_0000_000000000000952" (
                apiSchemas = ["MaterialBindingAPI"]
            )
            {
                custom rel material:binding
                prepend rel material:binding = </Instances/mesh_2_1/VisualMaterials/a0000000_0000_0000_0000_000000000000>
            }

            over "a0000000_0000_0000_0000_000000000000953" (
                apiSchemas = ["MaterialBindingAPI"]
            )
            {
                custom rel material:binding
                prepend rel material:binding = </Instances/mesh_2_1/VisualMaterials/a0000000_0000_0000_0000_000000000000>
            }

            over "a0000000_0000_0000_0000_000000000000954" (
                apiSchemas = ["MaterialBindingAPI"]
            )
            {
                custom rel material:binding
                prepend rel material:binding = </Instances/mesh_2_1/VisualMaterials/a0000000_0000_0000_0000_000000000000>
            }

            over "a0000000_0000_0000_0000_000000000000955" (
                apiSchemas = ["MaterialBindingAPI"]
            )
            {
                custom rel material:binding
                prepend rel material:binding = </Instances/mesh_2_1/VisualMaterials/a0000000_0000_0000_0000_000000000000>
            }

            over "a0000000_0000_0000_0000_000000000000956" (
                apiSchemas = ["MaterialBindingAPI"]
            )
            {
                custom rel material:binding
                prepend rel material:binding = </Instances/mesh_2_1/VisualMaterials/a0000000_0000_0000_0000_000000000000>
            }

            over "a0000000_0000_0000_0000_000000000000957" (
                apiSchemas = ["MaterialBindingAPI"]
            )
            {
                custom rel material:binding
                prepend rel material:binding = </Instances/mesh_2_1/VisualMaterials/a0000000_0000_0000_0000_000000000000>
            }

            over "a0000000_0000_0000_0000_000000000000958" (
                apiSchemas = ["MaterialBindingAPI"]
            )
            {
                custom rel material:binding
                prepend rel material:binding = </Instances/mesh_2_1/VisualMaterials/a0000000_0000_0000_0000_000000000000>
            }

            over "a0000000_0000_0000_0000_000000000000959" (
                apiSchemas = ["MaterialBindingAPI"]
            )
            {
                custom rel material:binding
                prepend rel material:binding = </Instances/mesh_2_1/VisualMaterials/a0000000_0000_0000_0000_000000000000>
            }

            over "a0000000_0000_0000_0000_000000000000960" (
                apiSchemas = ["MaterialBindingAPI"]
            )
            {
                custom rel material:binding
                prepend rel material:binding = </Instances/mesh_2_1/VisualMaterials/a0000000_0000_0000_0000_000000000000>
            }

            over "a0000000_0000_0000_0000_000000000000961" (
                apiSchemas = ["MaterialBindingAPI"]
            )
            {
                custom rel material:binding
                prepend rel material:binding = </Instances/mesh_2_1/VisualMaterials/a0000000_0000_0000_0000_000000000000>
            }

            over "a0000000_0000_0000_0000_000000000000962" (
                apiSchemas = ["MaterialBindingAPI"]
            )
            {
                custom rel material:binding
                prepend rel material:binding = </Instances/mesh_2_1/VisualMaterials/a0000000_0000_0000_0000_000000000000>
            }

            over "a0000000_0000_0000_0000_000000000000963" (
                apiSchemas = ["MaterialBindingAPI"]
            )
            {
                custom rel material:binding
                prepend rel material:binding = </Instances/mesh_2_1/VisualMaterials/a0000000_0000_0000_0000_000000000000>
            }

            over "a0000000_0000_0000_0000_000000000000964" (
                apiSchemas = ["MaterialBindingAPI"]
            )
            {
                custom rel material:binding
                prepend rel material:binding = </Instances/mesh_2_1/VisualMaterials/a0000000_0000_0000_0000_000000000000>
            }

            over "a0000000_0000_0000_0000_000000000000965" (
                apiSchemas = ["MaterialBindingAPI"]
            )
            {
                custom rel material:binding
                prepend rel material:binding = </Instances/mesh_2_1/VisualMaterials/a0000000_0000_0000_0000_000000000000>
            }

            over "a0000000_0000_0000_0000_000000000000966" (
                apiSchemas = ["MaterialBindingAPI"]
            )
            {
                custom rel material:binding
                prepend rel material:binding = </Instances/mesh_2_1/VisualMaterials/a0000000_0000_0000_0000_000000000000>
            }

            over "a0000000_0000_0000_0000_000000000000967" (
                apiSchemas = ["MaterialBindingAPI"]
            )
            {
                custom rel material:binding
                prepend rel material:binding = </Instances/mesh_2_1/VisualMaterials/a0000000_0000_0000_0000_000000000000>
            }

            over "a0000000_0000_0000_0000_000000000000968" (
                apiSchemas = ["MaterialBindingAPI"]
            )
            {
                custom rel material:binding
                prepend rel material:binding = </Instances/mesh_2_1/VisualMaterials/a0000000_0000_0000_0000_000000000000>
            }

            over "a0000000_0000_0000_0000_000000000000969" (
                apiSchemas = ["MaterialBindingAPI"]
            )
            {
                custom rel material:binding
                prepend rel material:binding = </Instances/mesh_2_1/VisualMaterials/a0000000_0000_0000_0000_000000000000>
            }

            over "a0000000_0000_0000_0000_000000000000970" (
                apiSchemas = ["MaterialBindingAPI"]
            )
            {
                custom rel material:binding
                prepend rel material:binding = </Instances/mesh_2_1/VisualMaterials/a0000000_0000_0000_0000_000000000000>
            }

            over "a0000000_0000_0000_0000_000000000000971" (
                apiSchemas = ["MaterialBindingAPI"]
            )
            {
                custom rel material:binding
                prepend rel material:binding = </Instances/mesh_2_1/VisualMaterials/a0000000_0000_0000_0000_000000000000>
            }

            over "a0000000_0000_0000_0000_000000000000972" (
                apiSchemas = ["MaterialBindingAPI"]
            )
            {
                custom rel material:binding
                prepend rel material:binding = </Instances/mesh_2_1/VisualMaterials/a0000000_0000_0000_0000_000000000000>
            }

            over "a0000000_0000_0000_0000_000000000000973" (
                apiSchemas = ["MaterialBindingAPI"]
            )
            {
                custom rel material:binding
                prepend rel material:binding = </Instances/mesh_2_1/VisualMaterials/a0000000_0000_0000_0000_000000000000>
            }

            over "a0000000_0000_0000_0000_000000000000974" (
                apiSchemas = ["MaterialBindingAPI"]
            )
            {
                custom rel material:binding
                prepend rel material:binding = </Instances/mesh_2_1/VisualMaterials/a0000000_0000_0000_0000_000000000000>
            }

            over "a0000000_0000_0000_0000_000000000000975" (
                apiSchemas = ["MaterialBindingAPI"]
            )
            {
                custom rel material:binding
                prepend rel material:binding = </Instances/mesh_2_1/VisualMaterials/a0000000_0000_0000_0000_000000000000>
            }

            over "a0000000_0000_0000_0000_000000000000976" (
                apiSchemas = ["MaterialBindingAPI"]
            )
            {
                custom rel material:binding
                prepend rel material:binding = </Instances/mesh_2_1/VisualMaterials/a0000000_0000_0000_0000_000000000000>
            }

            over "a0000000_0000_0000_0000_000000000000977" (
                apiSchemas = ["MaterialBindingAPI"]
            )
            {
                custom rel material:binding
                prepend rel material:binding = </Instances/mesh_2_1/VisualMaterials/a0000000_0000_0000_0000_000000000000>
            }

            over "a0000000_0000_0000_0000_000000000000978" (
                apiSchemas = ["MaterialBindingAPI"]
            )
            {
                custom rel material:binding
                prepend rel material:binding = </Instances/mesh_2_1/VisualMaterials/a0000000_0000_0000_0000_000000000000>
            }

            over "a0000000_0000_0000_0000_000000000000979" (
                apiSchemas = ["MaterialBindingAPI"]
            )
            {
                custom rel material:binding
                prepend rel material:binding = </Instances/mesh_2_1/VisualMaterials/a0000000_0000_0000_0000_000000000000>
            }

            over "a0000000_0000_0000_0000_000000000000980" (
                apiSchemas = ["MaterialBindingAPI"]
            )
            {
                custom rel material:binding
                prepend rel material:binding = </Instances/mesh_2_1/VisualMaterials/a0000000_0000_0000_0000_000000000000>
            }

            over "a0000000_0000_0000_0000_000000000000981" (
                apiSchemas = ["MaterialBindingAPI"]
            )
            {
                custom rel material:binding
                prepend rel material:binding = </Instances/mesh_2_1/VisualMaterials/a0000000_0000_0000_0000_000000000000>
            }

            over "a0000000_0000_0000_0000_000000000000982" (
                apiSchemas = ["MaterialBindingAPI"]
            )
            {
                custom rel material:binding
                prepend rel material:binding = </Instances/mesh_2_1/VisualMaterials/a0000000_0000_0000_0000_000000000000>
            }

            over "a0000000_0000_0000_0000_000000000000983" (
                apiSchemas = ["MaterialBindingAPI"]
            )
            {
                custom rel material:binding
                prepend rel material:binding = </Instances/mesh_2_1/VisualMaterials/a0000000_0000_0000_0000_000000000000>
            }

            over "a0000000_0000_0000_0000_000000000000984" (
                apiSchemas = ["MaterialBindingAPI"]
            )
            {
                custom rel material:binding
                prepend rel material:binding = </Instances/mesh_2_1/VisualMaterials/a0000000_0000_0000_0000_000000000000>
            }

            over "a0000000_0000_0000_0000_000000000000985" (
                apiSchemas = ["MaterialBindingAPI"]
            )
            {
                custom rel material:binding
                prepend rel material:binding = </Instances/mesh_2_1/VisualMaterials/a0000000_0000_0000_0000_000000000000>
            }

            over "a0000000_0000_0000_0000_000000000000986" (
                apiSchemas = ["MaterialBindingAPI"]
            )
            {
                custom rel material:binding
                prepend rel material:binding = </Instances/mesh_2_1/VisualMaterials/a0000000_0000_0000_0000_000000000000>
            }

            over "a0000000_0000_0000_0000_000000000000987" (
                apiSchemas = ["MaterialBindingAPI"]
            )
            {
                custom rel material:binding
                prepend rel material:binding = </Instances/mesh_2_1/VisualMaterials/a0000000_0000_0000_0000_000000000000>
            }

            over "a0000000_0000_0000_0000_000000000000988" (
                apiSchemas = ["MaterialBindingAPI"]
            )
            {
                custom rel material:binding
                prepend rel material:binding = </Instances/mesh_2_1/VisualMaterials/a0000000_0000_0000_0000_000000000000>
            }

            over "a0000000_0000_0000_0000_000000000000989" (
                apiSchemas = ["MaterialBindingAPI"]
            )
            {
                custom rel material:binding
                prepend rel material:binding = </Instances/mesh_2_1/VisualMaterials/a0000000_0000_0000_0000_000000000000>
            }

            over "a0000000_0000_0000_0000_000000000000990" (
                apiSchemas = ["MaterialBindingAPI"]
            )
            {
                custom rel material:binding
                prepend rel material:binding = </Instances/mesh_2_1/VisualMaterials/a0000000_0000_0000_0000_000000000000>
            }

            over "a0000000_0000_0000_0000_000000000000991" (
                apiSchemas = ["MaterialBindingAPI"]
            )
            {
                custom rel material:binding
                prepend rel material:binding = </Instances/mesh_2_1/VisualMaterials/a0000000_0000_0000_0000_000000000000>
            }

            over "a0000000_0000_0000_0000_000000000000992" (
                apiSchemas = ["MaterialBindingAPI"]
            )
            {
                custom rel material:binding
                prepend rel material:binding = </Instances/mesh_2_1/VisualMaterials/a0000000_0000_0000_0000_000000000000>
            }

            over "a0000000_0000_0000_0000_000000000000993" (
                apiSchemas = ["MaterialBindingAPI"]
            )
            {
                custom rel material:binding
                prepend rel material:binding = </Instances/mesh_2_1/VisualMaterials/a0000000_0000_0000_0000_000000000000>
            }
        }

        def Scope "VisualMaterials"
        {
            def Material "a0000000_0000_0000_0000_000000000000_002" (
                instanceable = true
                prepend references = @./materials.usda@</Materials/a0000000_0000_0000_0000_000000000000_002>
            )
            {
            }

            def Material "a0000000_0000_0000_0000_000000000000" (
                instanceable = true
                prepend references = @./materials.usda@</Materials/a0000000_0000_0000_0000_000000000000>
            )
            {
            }

            def Material "Material________002" (
                instanceable = true
                prepend references = @./materials.usda@</Materials/Material________002>
            )
            {
            }

            def Material "black_metal" (
                instanceable = true
                prepend references = @./materials.usda@</Materials/black_metal>
            )
            {
            }

            def Material "yin_" (
                instanceable = true
                prepend references = @./materials.usda@</Materials/yin_>
            )
            {
            }
        }
    }

    def Xform "mesh_3" (
        prepend references = @./geometries.usd@</Geometries/mesh_3>
    )
    {
        over "mesh_3"
        {
            over "subset_" (
                apiSchemas = ["MaterialBindingAPI"]
            )
            {
                custom rel material:binding
                prepend rel material:binding = </Instances/mesh_3/VisualMaterials/black_metal>
            }

            over "a0000000_0000_0000_0000_000000000000" (
                apiSchemas = ["MaterialBindingAPI"]
            )
            {
                custom rel material:binding
                prepend rel material:binding = </Instances/mesh_3/VisualMaterials/a0000000_0000_0000_0000_000000000000>
            }

            over "a0000000_0000_0000_0000_0000000000000" (
                apiSchemas = ["MaterialBindingAPI"]
            )
            {
                custom rel material:binding
                prepend rel material:binding = </Instances/mesh_3/VisualMaterials/a0000000_0000_0000_0000_000000000000>
            }

            over "black_metal" (
                apiSchemas = ["MaterialBindingAPI"]
            )
            {
                custom rel material:binding
                prepend rel material:binding = </Instances/mesh_3/VisualMaterials/black_metal>
            }

            over "a0000000_0000_0000_0000_0000000000001" (
                apiSchemas = ["MaterialBindingAPI"]
            )
            {
                custom rel material:binding
                prepend rel material:binding = </Instances/mesh_3/VisualMaterials/a0000000_0000_0000_0000_000000000000>
            }

            over "Material________004" (
                apiSchemas = ["MaterialBindingAPI"]
            )
            {
                custom rel material:binding
                prepend rel material:binding = </Instances/mesh_3/VisualMaterials/Material________002>
            }

            over "a0000000_0000_0000_0000_0000000000002" (
                apiSchemas = ["MaterialBindingAPI"]
            )
            {
                custom rel material:binding
                prepend rel material:binding = </Instances/mesh_3/VisualMaterials/a0000000_0000_0000_0000_000000000000>
            }

            over "a0000000_0000_0000_0000_0000000000003" (
                apiSchemas = ["MaterialBindingAPI"]
            )
            {
                custom rel material:binding
                prepend rel material:binding = </Instances/mesh_3/VisualMaterials/a0000000_0000_0000_0000_000000000000>
            }

            over "a0000000_0000_0000_0000_0000000000004" (
                apiSchemas = ["MaterialBindingAPI"]
            )
            {
                custom rel material:binding
                prepend rel material:binding = </Instances/mesh_3/VisualMaterials/a0000000_0000_0000_0000_000000000000>
            }

            over "a0000000_0000_0000_0000_0000000000005" (
                apiSchemas = ["MaterialBindingAPI"]
            )
            {
                custom rel material:binding
                prepend rel material:binding = </Instances/mesh_3/VisualMaterials/a0000000_0000_0000_0000_000000000000>
            }

            over "black_metal0" (
                apiSchemas = ["MaterialBindingAPI"]
            )
            {
                custom rel material:binding
                prepend rel material:binding = </Instances/mesh_3/VisualMaterials/black_metal>
            }

            over "a0000000_0000_0000_0000_0000000000006" (
                apiSchemas = ["MaterialBindingAPI"]
            )
            {
                custom rel material:binding
                prepend rel material:binding = </Instances/mesh_3/VisualMaterials/a0000000_0000_0000_0000_000000000000>
            }

            over "a0000000_0000_0000_0000_0000000000007" (
                apiSchemas = ["MaterialBindingAPI"]
            )
            {
                custom rel material:binding
                prepend rel material:binding = </Instances/mesh_3/VisualMaterials/a0000000_0000_0000_0000_000000000000>
            }

            over "black_metal1" (
                apiSchemas = ["MaterialBindingAPI"]
            )
            {
                custom rel material:binding
                prepend rel material:binding = </Instances/mesh_3/VisualMaterials/black_metal>
            }

            over "Material________0040" (
                apiSchemas = ["MaterialBindingAPI"]
            )
            {
                custom rel material:binding
                prepend rel material:binding = </Instances/mesh_3/VisualMaterials/Material________002>
            }

            over "black_metal2" (
                apiSchemas = ["MaterialBindingAPI"]
            )
            {
                custom rel material:binding
                prepend rel material:binding = </Instances/mesh_3/VisualMaterials/black_metal>
            }
        }

        def Scope "VisualMaterials"
        {
            def Material "black_metal" (
                instanceable = true
                prepend references = @./materials.usda@</Materials/black_metal>
            )
            {
            }

            def Material "a0000000_0000_0000_0000_000000000000" (
                instanceable = true
                prepend references = @./materials.usda@</Materials/a0000000_0000_0000_0000_000000000000>
            )
            {
            }

            def Material "Material________002" (
                instanceable = true
                prepend references = @./materials.usda@</Materials/Material________002>
            )
            {
            }
        }
    }

    def Xform "mesh_3_1" (
        prepend references = @./geometries.usd@</Geometries/mesh_3>
    )
    {
        over "mesh_3" (
            apiSchemas = ["PhysicsCollisionAPI", "PhysicsMeshCollisionAPI"]
        )
        {
            token physics:approximation = "convexHull"
            uniform token purpose = "guide"

            over "subset_" (
                apiSchemas = ["MaterialBindingAPI"]
            )
            {
                custom rel material:binding
                prepend rel material:binding = </Instances/mesh_3_1/VisualMaterials/black_metal>
            }

            over "a0000000_0000_0000_0000_000000000000" (
                apiSchemas = ["MaterialBindingAPI"]
            )
            {
                custom rel material:binding
                prepend rel material:binding = </Instances/mesh_3_1/VisualMaterials/a0000000_0000_0000_0000_000000000000>
            }

            over "a0000000_0000_0000_0000_0000000000000" (
                apiSchemas = ["MaterialBindingAPI"]
            )
            {
                custom rel material:binding
                prepend rel material:binding = </Instances/mesh_3_1/VisualMaterials/a0000000_0000_0000_0000_000000000000>
            }

            over "black_metal" (
                apiSchemas = ["MaterialBindingAPI"]
            )
            {
                custom rel material:binding
                prepend rel material:binding = </Instances/mesh_3_1/VisualMaterials/black_metal>
            }

            over "a0000000_0000_0000_0000_0000000000001" (
                apiSchemas = ["MaterialBindingAPI"]
            )
            {
                custom rel material:binding
                prepend rel material:binding = </Instances/mesh_3_1/VisualMaterials/a0000000_0000_0000_0000_000000000000>
            }

            over "Material________004" (
                apiSchemas = ["MaterialBindingAPI"]
            )
            {
                custom rel material:binding
                prepend rel material:binding = </Instances/mesh_3_1/VisualMaterials/Material________002>
            }

            over "a0000000_0000_0000_0000_0000000000002" (
                apiSchemas = ["MaterialBindingAPI"]
            )
            {
                custom rel material:binding
                prepend rel material:binding = </Instances/mesh_3_1/VisualMaterials/a0000000_0000_0000_0000_000000000000>
            }

            over "a0000000_0000_0000_0000_0000000000003" (
                apiSchemas = ["MaterialBindingAPI"]
            )
            {
                custom rel material:binding
                prepend rel material:binding = </Instances/mesh_3_1/VisualMaterials/a0000000_0000_0000_0000_000000000000>
            }

            over "a0000000_0000_0000_0000_0000000000004" (
                apiSchemas = ["MaterialBindingAPI"]
            )
            {
                custom rel material:binding
                prepend rel material:binding = </Instances/mesh_3_1/VisualMaterials/a0000000_0000_0000_0000_000000000000>
            }

            over "a0000000_0000_0000_0000_0000000000005" (
                apiSchemas = ["MaterialBindingAPI"]
            )
            {
                custom rel material:binding
                prepend rel material:binding = </Instances/mesh_3_1/VisualMaterials/a0000000_0000_0000_0000_000000000000>
            }

            over "black_metal0" (
                apiSchemas = ["MaterialBindingAPI"]
            )
            {
                custom rel material:binding
                prepend rel material:binding = </Instances/mesh_3_1/VisualMaterials/black_metal>
            }

            over "a0000000_0000_0000_0000_0000000000006" (
                apiSchemas = ["MaterialBindingAPI"]
            )
            {
                custom rel material:binding
                prepend rel material:binding = </Instances/mesh_3_1/VisualMaterials/a0000000_0000_0000_0000_000000000000>
            }

            over "a0000000_0000_0000_0000_0000000000007" (
                apiSchemas = ["MaterialBindingAPI"]
            )
            {
                custom rel material:binding
                prepend rel material:binding = </Instances/mesh_3_1/VisualMaterials/a0000000_0000_0000_0000_000000000000>
            }

            over "black_metal1" (
                apiSchemas = ["MaterialBindingAPI"]
            )
            {
                custom rel material:binding
                prepend rel material:binding = </Instances/mesh_3_1/VisualMaterials/black_metal>
            }

            over "Material________0040" (
                apiSchemas = ["MaterialBindingAPI"]
            )
            {
                custom rel material:binding
                prepend rel material:binding = </Instances/mesh_3_1/VisualMaterials/Material________002>
            }

            over "black_metal2" (
                apiSchemas = ["MaterialBindingAPI"]
            )
            {
                custom rel material:binding
                prepend rel material:binding = </Instances/mesh_3_1/VisualMaterials/black_metal>
            }
        }

        def Scope "VisualMaterials"
        {
            def Material "black_metal" (
                instanceable = true
                prepend references = @./materials.usda@</Materials/black_metal>
            )
            {
            }

            def Material "a0000000_0000_0000_0000_000000000000" (
                instanceable = true
                prepend references = @./materials.usda@</Materials/a0000000_0000_0000_0000_000000000000>
            )
            {
            }

            def Material "Material________002" (
                instanceable = true
                prepend references = @./materials.usda@</Materials/Material________002>
            )
            {
            }
        }
    }

    def Xform "mesh_4" (
        prepend references = @./geometries.usd@</Geometries/mesh_4>
    )
    {
        over "mesh_4"
        {
            over "logo_003" (
                apiSchemas = ["MaterialBindingAPI"]
            )
            {
                custom rel material:binding
                prepend rel material:binding = </Instances/mesh_4/VisualMaterials/logo_003>
            }

            over "a0000000_0000_0000_0000_000000000000_010" (
                apiSchemas = ["MaterialBindingAPI"]
            )
            {
                custom rel material:binding
                prepend rel material:binding = </Instances/mesh_4/VisualMaterials/a0000000_0000_0000_0000_000000000000_010>
            }

            over "a0000000_0000_0000_0000_000000000000_006" (
                apiSchemas = ["MaterialBindingAPI"]
            )
            {
                custom rel material:binding
                prepend rel material:binding = </Instances/mesh_4/VisualMaterials/a0000000_0000_0000_0000_000000000000_002>
            }

            over "Material________006" (
                apiSchemas = ["MaterialBindingAPI"]
            )
            {
                custom rel material:binding
                prepend rel material:binding = </Instances/mesh_4/VisualMaterials/Material________002>
            }

            over "a0000000_0000_0000_0000_000000000000_0060" (
                apiSchemas = ["MaterialBindingAPI"]
            )
            {
                custom rel material:binding
                prepend rel material:binding = </Instances/mesh_4/VisualMaterials/a0000000_0000_0000_0000_000000000000_002>
            }

            over "Material________0060" (
                apiSchemas = ["MaterialBindingAPI"]
            )
            {
                custom rel material:binding
                prepend rel material:binding = </Instances/mesh_4/VisualMaterials/Material________002>
            }

            over "Material________008" (
                apiSchemas = ["MaterialBindingAPI"]
            )
            {
                custom rel material:binding
                prepend rel material:binding = </Instances/mesh_4/VisualMaterials/Material________002>
            }

            over "black_metal" (
                apiSchemas = ["MaterialBindingAPI"]
            )
            {
                custom rel material:binding
                prepend rel material:binding = </Instances/mesh_4/VisualMaterials/black_metal>
            }

            over "Material________005" (
                apiSchemas = ["MaterialBindingAPI"]
            )
            {
                custom rel material:binding
                prepend rel material:binding = </Instances/mesh_4/VisualMaterials/Material________002>
            }

            over "a0000000_0000_0000_0000_000000000000_009" (
                apiSchemas = ["MaterialBindingAPI"]
            )
            {
                custom rel material:binding
                prepend rel material:binding = </Instances/mesh_4/VisualMaterials/a0000000_0000_0000_0000_000000000000_002>
            }

            over "a0000000_0000_0000_0000_000000000000_011" (
                apiSchemas = ["MaterialBindingAPI"]
            )
            {
                custom rel material:binding
                prepend rel material:binding = </Instances/mesh_4/VisualMaterials/a0000000_0000_0000_0000_000000000000>
            }

            over "Material________0050" (
                apiSchemas = ["MaterialBindingAPI"]
            )
            {
                custom rel material:binding
                prepend rel material:binding = </Instances/mesh_4/VisualMaterials/Material________002>
            }

            over "Material________0051" (
                apiSchemas = ["MaterialBindingAPI"]
            )
            {
                custom rel material:binding
                prepend rel material:binding = </Instances/mesh_4/VisualMaterials/Material________002>
            }

            over "logo_002" (
                apiSchemas = ["MaterialBindingAPI"]
            )
            {
                custom rel material:binding
                prepend rel material:binding = </Instances/mesh_4/VisualMaterials/logo_003>
            }

            over "a0000000_0000_0000_0000_000000000000_007" (
                apiSchemas = ["MaterialBindingAPI"]
            )
            {
                custom rel material:binding
                prepend rel material:binding = </Instances/mesh_4/VisualMaterials/a0000000_0000_0000_0000_000000000000_010>
            }

            over "Material________0080" (
                apiSchemas = ["MaterialBindingAPI"]
            )
            {
                custom rel material:binding
                prepend rel material:binding = </Instances/mesh_4/VisualMaterials/Material________002>
            }

            over "Material________0052" (
                apiSchemas = ["MaterialBindingAPI"]
            )
            {
                custom rel material:binding
                prepend rel material:binding = </Instances/mesh_4/VisualMaterials/Material________002>
            }

            over "black_metal0" (
                apiSchemas = ["MaterialBindingAPI"]
            )
            {
                custom rel material:binding
                prepend rel material:binding = </Instances/mesh_4/VisualMaterials/black_metal>
            }

            over "a0000000_0000_0000_0000_000000000000_0061" (
                apiSchemas = ["MaterialBindingAPI"]
            )
            {
                custom rel material:binding
                prepend rel material:binding = </Instances/mesh_4/VisualMaterials/a0000000_0000_0000_0000_000000000000_002>
            }

            over "a0000000_0000_0000_0000_000000000000_0062" (
                apiSchemas = ["MaterialBindingAPI"]
            )
            {
                custom rel material:binding
                prepend rel material:binding = </Instances/mesh_4/VisualMaterials/a0000000_0000_0000_0000_000000000000_002>
            }

            over "a0000000_0000_0000_0000_000000000000_0063" (
                apiSchemas = ["MaterialBindingAPI"]
            )
            {
                custom rel material:binding
                prepend rel material:binding = </Instances/mesh_4/VisualMaterials/a0000000_0000_0000_0000_000000000000_002>
            }

            over "a0000000_0000_0000_0000_000000000000_008" (
                apiSchemas = ["MaterialBindingAPI"]
            )
            {
                custom rel material:binding
                prepend rel material:binding = </Instances/mesh_4/VisualMaterials/a0000000_0000_0000_0000_000000000000>
            }

            over "logo_0020" (
                apiSchemas = ["MaterialBindingAPI"]
            )
            {
                custom rel material:binding
                prepend rel material:binding = </Instances/mesh_4/VisualMaterials/logo_003>
            }

            over "Material________0061" (
                apiSchemas = ["MaterialBindingAPI"]
            )
            {
                custom rel material:binding
                prepend rel material:binding = </Instances/mesh_4/VisualMaterials/Material________002>
            }

            over "a0000000_0000_0000_0000_000000000000_0090" (
                apiSchemas = ["MaterialBindingAPI"]
            )
            {
                custom rel material:binding
                prepend rel material:binding = </Instances/mesh_4/VisualMaterials/a0000000_0000_0000_0000_000000000000_002>
            }

            over "a0000000_0000_0000_0000_000000000000_0091" (
                apiSchemas = ["MaterialBindingAPI"]
            )
            {
                custom rel material:binding
                prepend rel material:binding = </Instances/mesh_4/VisualMaterials/a0000000_0000_0000_0000_000000000000_002>
            }

            over "Material________0053" (
                apiSchemas = ["MaterialBindingAPI"]
            )
            {
                custom rel material:binding
                prepend rel material:binding = </Instances/mesh_4/VisualMaterials/Material________002>
            }

            over "a0000000_0000_0000_0000_000000000000_0064" (
                apiSchemas = ["MaterialBindingAPI"]
            )
            {
                custom rel material:binding
                prepend rel material:binding = </Instances/mesh_4/VisualMaterials/a0000000_0000_0000_0000_000000000000_002>
            }

            over "logo_0030" (
                apiSchemas = ["MaterialBindingAPI"]
            )
            {
                custom rel material:binding
                prepend rel material:binding = </Instances/mesh_4/VisualMaterials/logo_003>
            }

            over "Material________007" (
                apiSchemas = ["MaterialBindingAPI"]
            )
            {
                custom rel material:binding
                prepend rel material:binding = </Instances/mesh_4/VisualMaterials/Material________002>
            }

            over "Material________0062" (
                apiSchemas = ["MaterialBindingAPI"]
            )
            {
                custom rel material:binding
                prepend rel material:binding = </Instances/mesh_4/VisualMaterials/Material________002>
            }

            over "Material________0081" (
                apiSchemas = ["MaterialBindingAPI"]
            )
            {
                custom rel material:binding
                prepend rel material:binding = </Instances/mesh_4/VisualMaterials/Material________002>
            }

            over "Material________0082" (
                apiSchemas = ["MaterialBindingAPI"]
            )
            {
                custom rel material:binding
                prepend rel material:binding = </Instances/mesh_4/VisualMaterials/Material________002>
            }

            over "a0000000_0000_0000_0000_000000000000_0092" (
                apiSchemas = ["MaterialBindingAPI"]
            )
            {
                custom rel material:binding
                prepend rel material:binding = </Instances/mesh_4/VisualMaterials/a0000000_0000_0000_0000_000000000000_002>
            }
        }

        def Scope "VisualMaterials"
        {
            def Material "logo_003" (
                instanceable = true
                prepend references = @./materials.usda@</Materials/logo_003>
            )
            {
            }

            def Material "a0000000_0000_0000_0000_000000000000_010" (
                instanceable = true
                prepend references = @./materials.usda@</Materials/a0000000_0000_0000_0000_000000000000_010>
            )
            {
            }

            def Material "a0000000_0000_0000_0000_000000000000_002" (
                instanceable = true
                prepend references = @./materials.usda@</Materials/a0000000_0000_0000_0000_000000000000_002>
            )
            {
            }

            def Material "Material________002" (
                instanceable = true
                prepend references = @./materials.usda@</Materials/Material________002>
            )
            {
            }

            def Material "black_metal" (
                instanceable = true
                prepend references = @./materials.usda@</Materials/black_metal>
            )
            {
            }

            def Material "a0000000_0000_0000_0000_000000000000" (
                instanceable = true
                prepend references = @./materials.usda@</Materials/a0000000_0000_0000_0000_000000000000>
            )
            {
            }
        }
    }

    def Xform "mesh_4_1" (
        prepend references = @./geometries.usd@</Geometries/mesh_4>
    )
    {
        over "mesh_4" (
            apiSchemas = ["PhysicsCollisionAPI", "PhysicsMeshCollisionAPI"]
        )
        {
            token physics:approximation = "convexHull"
            uniform token purpose = "guide"

            over "logo_003" (
                apiSchemas = ["MaterialBindingAPI"]
            )
            {
                custom rel material:binding
                prepend rel material:binding = </Instances/mesh_4_1/VisualMaterials/logo_003>
            }

            over "a0000000_0000_0000_0000_000000000000_010" (
                apiSchemas = ["MaterialBindingAPI"]
            )
            {
                custom rel material:binding
                prepend rel material:binding = </Instances/mesh_4_1/VisualMaterials/a0000000_0000_0000_0000_000000000000_010>
            }

            over "a0000000_0000_0000_0000_000000000000_006" (
                apiSchemas = ["MaterialBindingAPI"]
            )
            {
                custom rel material:binding
                prepend rel material:binding = </Instances/mesh_4_1/VisualMaterials/a0000000_0000_0000_0000_000000000000_002>
            }

            over "Material________006" (
                apiSchemas = ["MaterialBindingAPI"]
            )
            {
                custom rel material:binding
                prepend rel material:binding = </Instances/mesh_4_1/VisualMaterials/Material________002>
            }

            over "a0000000_0000_0000_0000_000000000000_0060" (
                apiSchemas = ["MaterialBindingAPI"]
            )
            {
                custom rel material:binding
                prepend rel material:binding = </Instances/mesh_4_1/VisualMaterials/a0000000_0000_0000_0000_000000000000_002>
            }

            over "Material________0060" (
                apiSchemas = ["MaterialBindingAPI"]
            )
            {
                custom rel material:binding
                prepend rel material:binding = </Instances/mesh_4_1/VisualMaterials/Material________002>
            }

            over "Material________008" (
                apiSchemas = ["MaterialBindingAPI"]
            )
            {
                custom rel material:binding
                prepend rel material:binding = </Instances/mesh_4_1/VisualMaterials/Material________002>
            }

            over "black_metal" (
                apiSchemas = ["MaterialBindingAPI"]
            )
            {
                custom rel material:binding
                prepend rel material:binding = </Instances/mesh_4_1/VisualMaterials/black_metal>
            }

            over "Material________005" (
                apiSchemas = ["MaterialBindingAPI"]
            )
            {
                custom rel material:binding
                prepend rel material:binding = </Instances/mesh_4_1/VisualMaterials/Material________002>
            }

            over "a0000000_0000_0000_0000_000000000000_009" (
                apiSchemas = ["MaterialBindingAPI"]
            )
            {
                custom rel material:binding
                prepend rel material:binding = </Instances/mesh_4_1/VisualMaterials/a0000000_0000_0000_0000_000000000000_002>
            }

            over "a0000000_0000_0000_0000_000000000000_011" (
                apiSchemas = ["MaterialBindingAPI"]
            )
            {
                custom rel material:binding
                prepend rel material:binding = </Instances/mesh_4_1/VisualMaterials/a0000000_0000_0000_0000_000000000000>
            }

            over "Material________0050" (
                apiSchemas = ["MaterialBindingAPI"]
            )
            {
                custom rel material:binding
                prepend rel material:binding = </Instances/mesh_4_1/VisualMaterials/Material________002>
            }

            over "Material________0051" (
                apiSchemas = ["MaterialBindingAPI"]
            )
            {
                custom rel material:binding
                prepend rel material:binding = </Instances/mesh_4_1/VisualMaterials/Material________002>
            }

            over "logo_002" (
                apiSchemas = ["MaterialBindingAPI"]
            )
            {
                custom rel material:binding
                prepend rel material:binding = </Instances/mesh_4_1/VisualMaterials/logo_003>
            }

            over "a0000000_0000_0000_0000_000000000000_007" (
                apiSchemas = ["MaterialBindingAPI"]
            )
            {
                custom rel material:binding
                prepend rel material:binding = </Instances/mesh_4_1/VisualMaterials/a0000000_0000_0000_0000_000000000000_010>
            }

            over "Material________0080" (
                apiSchemas = ["MaterialBindingAPI"]
            )
            {
                custom rel material:binding
                prepend rel material:binding = </Instances/mesh_4_1/VisualMaterials/Material________002>
            }

            over "Material________0052" (
                apiSchemas = ["MaterialBindingAPI"]
            )
            {
                custom rel material:binding
                prepend rel material:binding = </Instances/mesh_4_1/VisualMaterials/Material________002>
            }

            over "black_metal0" (
                apiSchemas = ["MaterialBindingAPI"]
            )
            {
                custom rel material:binding
                prepend rel material:binding = </Instances/mesh_4_1/VisualMaterials/black_metal>
            }

            over "a0000000_0000_0000_0000_000000000000_0061" (
                apiSchemas = ["MaterialBindingAPI"]
            )
            {
                custom rel material:binding
                prepend rel material:binding = </Instances/mesh_4_1/VisualMaterials/a0000000_0000_0000_0000_000000000000_002>
            }

            over "a0000000_0000_0000_0000_000000000000_0062" (
                apiSchemas = ["MaterialBindingAPI"]
            )
            {
                custom rel material:binding
                prepend rel material:binding = </Instances/mesh_4_1/VisualMaterials/a0000000_0000_0000_0000_000000000000_002>
            }

            over "a0000000_0000_0000_0000_000000000000_0063" (
                apiSchemas = ["MaterialBindingAPI"]
            )
            {
                custom rel material:binding
                prepend rel material:binding = </Instances/mesh_4_1/VisualMaterials/a0000000_0000_0000_0000_000000000000_002>
            }

            over "a0000000_0000_0000_0000_000000000000_008" (
                apiSchemas = ["MaterialBindingAPI"]
            )
            {
                custom rel material:binding
                prepend rel material:binding = </Instances/mesh_4_1/VisualMaterials/a0000000_0000_0000_0000_000000000000>
            }

            over "logo_0020" (
                apiSchemas = ["MaterialBindingAPI"]
            )
            {
                custom rel material:binding
                prepend rel material:binding = </Instances/mesh_4_1/VisualMaterials/logo_003>
            }

            over "Material________0061" (
                apiSchemas = ["MaterialBindingAPI"]
            )
            {
                custom rel material:binding
                prepend rel material:binding = </Instances/mesh_4_1/VisualMaterials/Material________002>
            }

            over "a0000000_0000_0000_0000_000000000000_0090" (
                apiSchemas = ["MaterialBindingAPI"]
            )
            {
                custom rel material:binding
                prepend rel material:binding = </Instances/mesh_4_1/VisualMaterials/a0000000_0000_0000_0000_000000000000_002>
            }

            over "a0000000_0000_0000_0000_000000000000_0091" (
                apiSchemas = ["MaterialBindingAPI"]
            )
            {
                custom rel material:binding
                prepend rel material:binding = </Instances/mesh_4_1/VisualMaterials/a0000000_0000_0000_0000_000000000000_002>
            }

            over "Material________0053" (
                apiSchemas = ["MaterialBindingAPI"]
            )
            {
                custom rel material:binding
                prepend rel material:binding = </Instances/mesh_4_1/VisualMaterials/Material________002>
            }

            over "a0000000_0000_0000_0000_000000000000_0064" (
                apiSchemas = ["MaterialBindingAPI"]
            )
            {
                custom rel material:binding
                prepend rel material:binding = </Instances/mesh_4_1/VisualMaterials/a0000000_0000_0000_0000_000000000000_002>
            }

            over "logo_0030" (
                apiSchemas = ["MaterialBindingAPI"]
            )
            {
                custom rel material:binding
                prepend rel material:binding = </Instances/mesh_4_1/VisualMaterials/logo_003>
            }

            over "Material________007" (
                apiSchemas = ["MaterialBindingAPI"]
            )
            {
                custom rel material:binding
                prepend rel material:binding = </Instances/mesh_4_1/VisualMaterials/Material________002>
            }

            over "Material________0062" (
                apiSchemas = ["MaterialBindingAPI"]
            )
            {
                custom rel material:binding
                prepend rel material:binding = </Instances/mesh_4_1/VisualMaterials/Material________002>
            }

            over "Material________0081" (
                apiSchemas = ["MaterialBindingAPI"]
            )
            {
                custom rel material:binding
                prepend rel material:binding = </Instances/mesh_4_1/VisualMaterials/Material________002>
            }

            over "Material________0082" (
                apiSchemas = ["MaterialBindingAPI"]
            )
            {
                custom rel material:binding
                prepend rel material:binding = </Instances/mesh_4_1/VisualMaterials/Material________002>
            }

            over "a0000000_0000_0000_0000_000000000000_0092" (
                apiSchemas = ["MaterialBindingAPI"]
            )
            {
                custom rel material:binding
                prepend rel material:binding = </Instances/mesh_4_1/VisualMaterials/a0000000_0000_0000_0000_000000000000_002>
            }
        }

        def Scope "VisualMaterials"
        {
            def Material "logo_003" (
                instanceable = true
                prepend references = @./materials.usda@</Materials/logo_003>
            )
            {
            }

            def Material "a0000000_0000_0000_0000_000000000000_010" (
                instanceable = true
                prepend references = @./materials.usda@</Materials/a0000000_0000_0000_0000_000000000000_010>
            )
            {
            }

            def Material "a0000000_0000_0000_0000_000000000000_002" (
                instanceable = true
                prepend references = @./materials.usda@</Materials/a0000000_0000_0000_0000_000000000000_002>
            )
            {
            }

            def Material "Material________002" (
                instanceable = true
                prepend references = @./materials.usda@</Materials/Material________002>
            )
            {
            }

            def Material "black_metal" (
                instanceable = true
                prepend references = @./materials.usda@</Materials/black_metal>
            )
            {
            }

            def Material "a0000000_0000_0000_0000_000000000000" (
                instanceable = true
                prepend references = @./materials.usda@</Materials/a0000000_0000_0000_0000_000000000000>
            )
            {
            }
        }
    }

    def Xform "mesh_5" (
        prepend references = @./geometries.usd@</Geometries/mesh_5>
    )
    {
        over "mesh_5"
        {
            over "subset_" (
                apiSchemas = ["MaterialBindingAPI"]
            )
            {
                custom rel material:binding
                prepend rel material:binding = </Instances/mesh_5/VisualMaterials/Material________002>
            }

            over "black_metal" (
                apiSchemas = ["MaterialBindingAPI"]
            )
            {
                custom rel material:binding
                prepend rel material:binding = </Instances/mesh_5/VisualMaterials/black_metal>
            }

            over "black_metal0" (
                apiSchemas = ["MaterialBindingAPI"]
            )
            {
                custom rel material:binding
                prepend rel material:binding = </Instances/mesh_5/VisualMaterials/black_metal>
            }

            over "yin__001" (
                apiSchemas = ["MaterialBindingAPI"]
            )
            {
                custom rel material:binding
                prepend rel material:binding = </Instances/mesh_5/VisualMaterials/yin_>
            }

            over "black_metal1" (
                apiSchemas = ["MaterialBindingAPI"]
            )
            {
                custom rel material:binding
                prepend rel material:binding = </Instances/mesh_5/VisualMaterials/black_metal>
            }

            over "yin__0010" (
                apiSchemas = ["MaterialBindingAPI"]
            )
            {
                custom rel material:binding
                prepend rel material:binding = </Instances/mesh_5/VisualMaterials/yin_>
            }
        }

        def Scope "VisualMaterials"
        {
            def Material "Material________002" (
                instanceable = true
                prepend references = @./materials.usda@</Materials/Material________002>
            )
            {
            }

            def Material "black_metal" (
                instanceable = true
                prepend references = @./materials.usda@</Materials/black_metal>
            )
            {
            }

            def Material "yin_" (
                instanceable = true
                prepend references = @./materials.usda@</Materials/yin_>
            )
            {
            }
        }
    }

    def Xform "mesh_5_1" (
        prepend references = @./geometries.usd@</Geometries/mesh_5>
    )
    {
        over "mesh_5" (
            apiSchemas = ["PhysicsCollisionAPI", "PhysicsMeshCollisionAPI"]
        )
        {
            token physics:approximation = "convexHull"
            uniform token purpose = "guide"

            over "subset_" (
                apiSchemas = ["MaterialBindingAPI"]
            )
            {
                custom rel material:binding
                prepend rel material:binding = </Instances/mesh_5_1/VisualMaterials/Material________002>
            }

            over "black_metal" (
                apiSchemas = ["MaterialBindingAPI"]
            )
            {
                custom rel material:binding
                prepend rel material:binding = </Instances/mesh_5_1/VisualMaterials/black_metal>
            }

            over "black_metal0" (
                apiSchemas = ["MaterialBindingAPI"]
            )
            {
                custom rel material:binding
                prepend rel material:binding = </Instances/mesh_5_1/VisualMaterials/black_metal>
            }

            over "yin__001" (
                apiSchemas = ["MaterialBindingAPI"]
            )
            {
                custom rel material:binding
                prepend rel material:binding = </Instances/mesh_5_1/VisualMaterials/yin_>
            }

            over "black_metal1" (
                apiSchemas = ["MaterialBindingAPI"]
            )
            {
                custom rel material:binding
                prepend rel material:binding = </Instances/mesh_5_1/VisualMaterials/black_metal>
            }

            over "yin__0010" (
                apiSchemas = ["MaterialBindingAPI"]
            )
            {
                custom rel material:binding
                prepend rel material:binding = </Instances/mesh_5_1/VisualMaterials/yin_>
            }
        }

        def Scope "VisualMaterials"
        {
            def Material "Material________002" (
                instanceable = true
                prepend references = @./materials.usda@</Materials/Material________002>
            )
            {
            }

            def Material "black_metal" (
                instanceable = true
                prepend references = @./materials.usda@</Materials/black_metal>
            )
            {
            }

            def Material "yin_" (
                instanceable = true
                prepend references = @./materials.usda@</Materials/yin_>
            )
            {
            }
        }
    }

    def Xform "mesh_6" (
        prepend references = @./geometries.usd@</Geometries/mesh_6>
    )
    {
        over "mesh_6" (
            apiSchemas = ["MaterialBindingAPI"]
        )
        {
            custom rel material:binding
            prepend rel material:binding = </Instances/mesh_6/VisualMaterials/Material________002>
        }

        def Scope "VisualMaterials"
        {
            def Material "Material________002" (
                instanceable = true
                prepend references = @./materials.usda@</Materials/Material________002>
            )
            {
            }
        }
    }

    def Xform "mesh_6_1" (
        prepend references = @./geometries.usd@</Geometries/mesh_6>
    )
    {
        over "mesh_6" (
            apiSchemas = ["PhysicsCollisionAPI", "PhysicsMeshCollisionAPI", "MaterialBindingAPI"]
        )
        {
            custom rel material:binding
            prepend rel material:binding = </Instances/mesh_6_1/VisualMaterials/Material________002>
            token physics:approximation = "convexHull"
            uniform token purpose = "guide"
        }

        def Scope "VisualMaterials"
        {
            def Material "Material________002" (
                instanceable = true
                prepend references = @./materials.usda@</Materials/Material________002>
            )
            {
            }
        }
    }

    def Xform "mesh_7" (
        prepend references = @./geometries.usd@</Geometries/mesh_7>
    )
    {
        over "mesh_7" (
            apiSchemas = ["MaterialBindingAPI"]
        )
        {
            custom rel material:binding
            prepend rel material:binding = </Instances/mesh_7/VisualMaterials/black_metal>
        }

        def Scope "VisualMaterials"
        {
            def Material "black_metal" (
                instanceable = true
                prepend references = @./materials.usda@</Materials/black_metal>
            )
            {
            }
        }
    }

    def Xform "mesh_7_1" (
        prepend references = @./geometries.usd@</Geometries/mesh_7>
    )
    {
        over "mesh_7" (
            apiSchemas = ["PhysicsCollisionAPI", "PhysicsMeshCollisionAPI", "MaterialBindingAPI"]
        )
        {
            custom rel material:binding
            prepend rel material:binding = </Instances/mesh_7_1/VisualMaterials/black_metal>
            token physics:approximation = "convexHull"
            uniform token purpose = "guide"
        }

        def Scope "VisualMaterials"
        {
            def Material "black_metal" (
                instanceable = true
                prepend references = @./materials.usda@</Materials/black_metal>
            )
            {
            }
        }
    }
}

