#usda 1.0
(
    customLayerData = {
        dictionary cameraSettings = {
            dictionary Front = {
                double3 position = (5, 0, 0)
                double radius = 5
            }
            dictionary Perspective = {
                double3 position = (-0.2535844039571331, -0.37091940199547585, 0.0035247692144627085)
                double3 target = (1.095228673372599, 1.7765380295168005, -0.2981814808851471)
            }
            dictionary Right = {
                double3 position = (0, -5, 0)
                double radius = 5
            }
            dictionary Top = {
                double3 position = (0, 0, 5)
                double radius = 5
            }
            string boundCamera = "/OmniverseKit_Persp"
        }
        dictionary metricsAssembler = {
            dictionary "/root/d435" = {
            }
            dictionary "/root/orbbec_336" = {
            }
            dictionary "/root/orbbec_336L" = {
            }
            int version = 1
        }
        dictionary omni_layer = {
            string authoring_layer = "./right camera support.usda"
            dictionary locked = {
            }
            dictionary muteness = {
            }
        }
        dictionary renderSettings = {
            double "rtx:directLighting:sampledLighting:maxRayUnexposedIntensity" = 6399.9990234375
            double "rtx:indirectDiffuse:maxRayUnexposedIntensity" = 6399.9990234375
            double "rtx:pathtracing:fireflyFilter:maxPerEmissiveUnexposedIntensity" = 3199.99951171875
            double "rtx:pathtracing:fireflyFilter:maxUnexposedIntensityPerSample" = 3199.99951171875
            double "rtx:pathtracing:fireflyFilter:maxUnexposedIntensityPerSampleDiffuse" = 3199.99951171875
            double "rtx:raytracing:inscattering:maxRTSampleUnexposedIntensity" = 204799.96875
            double "rtx:translucency:maxRayUnexposedIntensity" = 19199.998046875
        }
    }
    defaultPrim = "root"
    doc = "Blender v4.5.8 LTS"
    metersPerUnit = 1
    upAxis = "Z"
)

def Xform "root" (
    customData = {
        dictionary Blender = {
            bool generated = 1
        }
    }
)
{
    def Scope "_materials"
    {
        def Material "color_25_003"
        {
            token outputs:surface.connect = </root/_materials/color_25_003/__________BSDF.outputs:surface>
            custom string userProperties:blender:data_name = "color-25.003"

            def Shader "__________BSDF"
            {
                uniform token info:id = "UsdPreviewSurface"
                float inputs:clearcoat = 0
                float inputs:clearcoatRoughness = 0.03
                color3f inputs:diffuseColor = (0.25098, 0.25098, 0.25098)
                float inputs:ior = 1.5
                float inputs:metallic = 0
                float inputs:opacity = 1
                float inputs:roughness = 0.18
                float inputs:specular = 0.5
                token outputs:surface
            }
        }
    }

    def Xform "camera_support"
    {
        custom string userProperties:blender:object_name = "jbaa0200003-1.001"
        float3 xformOp:rotateXYZ = (0, 0, 0)
        float3 xformOp:scale = (0.99999994, 1, 0.99999994)
        double3 xformOp:translate = (-2.4652043427442205e-10, 1.4901161193847656e-8, 6.908779309007431e-11)
        uniform token[] xformOpOrder = ["xformOp:translate", "xformOp:rotateXYZ", "xformOp:scale"]

        def Mesh "Mesh_2_003" (
            active = true
            prepend apiSchemas = ["MaterialBindingAPI"]
        )
        {
            uniform bool doubleSided = 0
            float3[] extent = [(0.031055449, -0.10129914, -0.06398091), (0.04105565, -0.046299145, 0.016019087)]
            int[] faceVertexCounts = [3, 3, 3, 3, 3, 3, 3, 3, 3, 3, 3, 3, 3, 3, 3, 3, 3, 3, 3, 3, 3, 3, 3, 3, 3, 3, 3, 3, 3, 3, 3, 3, 3, 3, 3, 3, 3, 3, 3, 3, 3, 3, 3, 3, 3, 3, 3, 3, 3, 3, 3, 3, 3, 3, 3, 3, 3, 3, 3, 3, 3, 3, 3, 3, 3, 3, 3, 3, 3, 3, 3, 3, 3, 3, 3, 3, 3, 3, 3, 3, 3, 3, 3, 3, 3, 3, 3, 3, 3, 3, 3, 3, 3, 3, 3, 3, 3, 3, 3, 3, 3, 3, 3, 3, 3, 3, 3, 3, 3, 3, 3, 3, 3, 3, 3, 3, 3, 3, 3, 3, 3, 3, 3, 3, 3, 3, 3, 3, 3, 3, 3, 3, 3, 3, 3, 3, 3, 3, 3, 3, 3, 3, 3, 3, 3, 3, 3, 3, 3, 3, 3, 3, 3, 3, 3, 3, 3, 3, 3, 3, 3, 3, 3, 3, 3, 3, 3, 3, 3, 3, 3, 3, 3, 3, 3, 3, 3, 3, 3, 3, 3, 3, 3, 3, 3, 3, 3, 3, 3, 3, 3, 3, 3, 3, 3, 3, 3, 3, 3, 3, 3, 3, 3, 3, 3, 3, 3, 3, 3, 3, 3, 3, 3, 3, 3, 3, 3, 3, 3, 3, 3, 3, 3, 3, 3, 3, 3, 3, 3, 3, 3, 3, 3, 3, 3, 3, 3, 3, 3, 3, 3, 3, 3, 3, 3, 3, 3, 3, 3, 3, 3, 3, 3, 3, 3, 3, 3, 3, 3, 3, 3, 3, 3, 3, 3, 3, 3, 3, 3, 3, 3, 3, 3, 3, 3, 3, 3, 3, 3, 3, 3, 3, 3, 3, 3, 3, 3, 3, 3, 3, 3, 3, 3, 3, 3, 3, 3, 3, 3, 3, 3, 3, 3, 3, 3, 3, 3, 3, 3, 3, 3, 3, 3, 3, 3, 3, 3, 3, 3, 3, 3, 3, 3, 3, 3, 3, 3, 3, 3, 3, 3, 3, 3, 3, 3, 3, 3, 3, 3, 3, 3, 3, 3, 3, 3, 3, 3, 3, 3, 3, 3, 3, 3, 3, 3, 3, 3, 3, 3, 3, 3, 3, 3, 3, 3, 3, 3, 3, 3, 3, 3, 3, 3, 3, 3, 3, 3, 3, 3, 3, 3, 3, 3, 3, 3, 3, 3, 3, 3, 3, 3, 3, 3, 3, 3, 3, 3, 3, 3, 3, 3, 3, 3, 3, 3, 3, 3, 3, 3, 3, 3, 3, 3, 3, 3, 3, 3, 3, 3, 3, 3, 3, 3, 3, 3, 3, 3, 3, 3, 3, 3, 3, 3, 3, 3, 3, 3, 3, 3, 3, 3, 3, 3, 3, 3, 3, 3, 3, 3, 3, 3, 3, 3, 3, 3, 3, 3, 3, 3, 3, 3, 3, 3, 3, 3, 3, 3, 3, 3, 3, 3, 3, 3, 3, 3, 3, 3, 3, 3, 3, 3, 3, 3, 3, 3, 3, 3, 3, 3, 3, 3, 3, 3, 3, 3, 3, 3, 3, 3, 3, 3, 3, 3, 3, 3, 3, 3, 3, 3, 3, 3, 3, 3, 3, 3, 3, 3, 3, 3, 3, 3, 3, 3, 3, 3, 3, 3, 3, 3, 3, 3, 3, 3, 3, 3, 3, 3, 3, 3, 3, 3, 3, 3, 3, 3, 3, 3, 3, 3, 3, 3, 3, 3, 3, 3, 3, 3, 3, 3, 3, 3, 3, 3, 3, 3, 3, 3, 3, 3, 3, 3, 3, 3, 3, 3, 3, 3, 3, 3, 3, 3, 3, 3, 3, 3, 3, 3, 3, 3, 3, 3, 3, 3, 3, 3, 3, 3, 3, 3, 3, 3, 3, 3, 3, 3, 3, 3, 3, 3, 3, 3, 3, 3, 3, 3, 3, 3, 3, 3, 3, 3, 3, 3, 3, 3, 3, 3, 3, 3, 3, 3, 3, 3, 3, 3, 3, 3, 3, 3, 3, 3, 3]
            int[] faceVertexIndices = [0, 1, 2, 3, 4, 5, 6, 7, 8, 9, 10, 11, 12, 13, 14, 15, 16, 17, 18, 19, 20, 21, 22, 23, 24, 25, 26, 27, 28, 29, 30, 31, 32, 33, 34, 35, 36, 37, 38, 39, 40, 41, 42, 43, 44, 45, 46, 47, 48, 49, 50, 51, 52, 53, 54, 55, 56, 57, 58, 59, 60, 61, 62, 63, 64, 65, 66, 67, 68, 69, 70, 71, 72, 73, 74, 75, 76, 77, 78, 79, 80, 81, 82, 83, 84, 85, 86, 87, 88, 89, 90, 91, 92, 93, 94, 95, 96, 97, 98, 99, 100, 101, 102, 103, 104, 105, 106, 107, 108, 109, 110, 111, 112, 113, 114, 115, 116, 117, 118, 119, 120, 121, 122, 123, 124, 125, 126, 127, 128, 129, 130, 131, 132, 133, 134, 135, 136, 137, 138, 139, 140, 141, 142, 143, 144, 145, 146, 147, 148, 149, 150, 151, 152, 153, 154, 155, 156, 157, 158, 159, 160, 161, 162, 163, 164, 165, 166, 167, 168, 169, 170, 171, 172, 173, 174, 175, 176, 177, 178, 179, 180, 181, 182, 183, 184, 185, 186, 187, 188, 189, 190, 191, 192, 193, 194, 195, 196, 197, 198, 199, 200, 201, 202, 203, 204, 205, 206, 207, 208, 209, 210, 211, 212, 213, 214, 215, 216, 217, 218, 219, 220, 221, 222, 223, 224, 225, 226, 227, 228, 229, 230, 231, 232, 233, 234, 235, 236, 237, 238, 239, 240, 241, 242, 243, 244, 245, 246, 247, 248, 249, 250, 251, 252, 253, 254, 255, 256, 257, 258, 259, 260, 261, 262, 263, 264, 265, 266, 267, 268, 269, 270, 271, 272, 273, 274, 275, 276, 277, 278, 279, 280, 281, 282, 283, 284, 285, 286, 287, 288, 289, 290, 291, 292, 293, 294, 295, 296, 297, 298, 299, 300, 301, 302, 303, 304, 305, 306, 307, 308, 309, 310, 311, 312, 313, 314, 315, 316, 317, 318, 319, 320, 321, 322, 323, 324, 325, 326, 327, 328, 329, 330, 331, 332, 333, 334, 335, 336, 337, 338, 339, 340, 341, 342, 343, 344, 345, 346, 347, 348, 349, 350, 351, 352, 353, 354, 355, 356, 357, 358, 359, 360, 361, 362, 363, 364, 365, 366, 367, 368, 369, 370, 371, 372, 373, 374, 375, 376, 377, 378, 379, 380, 381, 382, 383, 384, 385, 386, 387, 388, 389, 390, 391, 392, 393, 394, 395, 396, 397, 398, 399, 400, 401, 402, 403, 404, 405, 406, 407, 408, 409, 410, 411, 412, 413, 414, 415, 416, 417, 418, 419, 420, 421, 422, 423, 424, 425, 426, 427, 428, 429, 430, 431, 432, 433, 434, 435, 436, 437, 438, 439, 440, 441, 442, 443, 444, 445, 446, 447, 448, 449, 450, 451, 452, 453, 454, 455, 456, 457, 458, 459, 460, 461, 462, 463, 464, 465, 466, 467, 468, 469, 470, 471, 472, 473, 474, 475, 476, 477, 478, 479, 480, 481, 482, 483, 484, 485, 486, 487, 488, 489, 490, 491, 492, 493, 494, 495, 496, 497, 498, 499, 500, 501, 502, 503, 504, 505, 506, 507, 508, 509, 510, 511, 512, 513, 514, 515, 516, 517, 518, 519, 520, 521, 522, 523, 524, 525, 526, 527, 528, 529, 530, 531, 532, 533, 534, 535, 536, 537, 538, 539, 540, 541, 542, 543, 544, 545, 546, 547, 548, 549, 550, 551, 552, 553, 554, 555, 556, 557, 558, 559, 560, 561, 562, 563, 564, 565, 566, 567, 568, 569, 570, 571, 572, 573, 574, 575, 576, 577, 578, 579, 580, 581, 582, 583, 584, 585, 586, 587, 588, 589, 590, 591, 592, 593, 594, 595, 596, 597, 598, 599, 600, 601, 602, 603, 604, 605, 606, 607, 608, 609, 610, 611, 612, 613, 614, 615, 616, 617, 618, 619, 620, 621, 622, 623, 624, 625, 626, 627, 628, 629, 630, 631, 632, 633, 634, 635, 636, 637, 638, 639, 640, 641, 642, 643, 644, 645, 646, 647, 648, 649, 650, 651, 652, 653, 654, 655, 656, 657, 658, 659, 660, 661, 662, 663, 664, 665, 666, 667, 668, 669, 670, 671, 672, 673, 674, 675, 676, 677, 678, 679, 680, 681, 682, 683, 684, 685, 686, 687, 688, 689, 690, 691, 692, 693, 694, 695, 696, 697, 698, 699, 700, 701, 702, 703, 704, 705, 706, 707, 708, 709, 710, 711, 712, 713, 714, 715, 716, 717, 718, 719, 720, 721, 722, 723, 724, 725, 726, 727, 728, 729, 730, 731, 732, 733, 734, 735, 736, 737, 738, 739, 740, 741, 742, 743, 744, 745, 746, 747, 748, 749, 750, 751, 752, 753, 754, 755, 756, 757, 758, 759, 760, 761, 762, 763, 764, 765, 766, 767, 768, 769, 770, 771, 772, 773, 774, 775, 776, 777, 778, 779, 780, 781, 782, 783, 784, 785, 786, 787, 788, 789, 790, 791, 792, 793, 794, 795, 796, 797, 798, 799, 800, 801, 802, 803, 804, 805, 806, 807, 808, 809, 810, 811, 812, 813, 814, 815, 816, 817, 818, 819, 820, 821, 822, 823, 824, 825, 826, 827, 828, 829, 830, 831, 832, 833, 834, 835, 836, 837, 838, 839, 840, 841, 842, 843, 844, 845, 846, 847, 848, 849, 850, 851, 852, 853, 854, 855, 856, 857, 858, 859, 860, 861, 862, 863, 864, 865, 866, 867, 868, 869, 870, 871, 872, 873, 874, 875, 876, 877, 878, 879, 880, 881, 882, 883, 884, 885, 886, 887, 888, 889, 890, 891, 892, 893, 894, 895, 896, 897, 898, 899, 900, 901, 902, 903, 904, 905, 906, 907, 908, 909, 910, 911, 912, 913, 914, 915, 916, 917, 918, 919, 920, 921, 922, 923, 924, 925, 926, 927, 928, 929, 930, 931, 932, 933, 934, 935, 936, 937, 938, 939, 940, 941, 942, 943, 944, 945, 946, 947, 948, 949, 950, 951, 952, 953, 954, 955, 956, 957, 958, 959, 960, 961, 962, 963, 964, 965, 966, 967, 968, 969, 970, 971, 972, 973, 974, 975, 976, 977, 978, 979, 980, 981, 982, 983, 984, 985, 986, 987, 988, 989, 990, 991, 992, 993, 994, 995, 996, 997, 998, 999, 1000, 1001, 1002, 1003, 1004, 1005, 1006, 1007, 1008, 1009, 1010, 1011, 1012, 1013, 1014, 1015, 1016, 1017, 1018, 1019, 1020, 1021, 1022, 1023, 1024, 1025, 1026, 1027, 1028, 1029, 1030, 1031, 1032, 1033, 1034, 1035, 1036, 1037, 1038, 1039, 1040, 1041, 1042, 1043, 1044, 1045, 1046, 1047, 1048, 1049, 1050, 1051, 1052, 1053, 1054, 1055, 1056, 1057, 1058, 1059, 1060, 1061, 1062, 1063, 1064, 1065, 1066, 1067, 1068, 1069, 1070, 1071, 1072, 1073, 1074, 1075, 1076, 1077, 1078, 1079, 1080, 1081, 1082, 1083, 1084, 1085, 1086, 1087, 1088, 1089, 1090, 1091, 1092, 1093, 1094, 1095, 1096, 1097, 1098, 1099, 1100, 1101, 1102, 1103, 1104, 1105, 1106, 1107, 1108, 1109, 1110, 1111, 1112, 1113, 1114, 1115, 1116, 1117, 1118, 1119, 1120, 1121, 1122, 1123, 1124, 1125, 1126, 1127, 1128, 1129, 1130, 1131, 1132, 1133, 1134, 1135, 1136, 1137, 1138, 1139, 1140, 1141, 1142, 1143, 1144, 1145, 1146, 1147, 1148, 1149, 1150, 1151, 1152, 1153, 1154, 1155, 1156, 1157, 1158, 1159, 1160, 1161, 1162, 1163, 1164, 1165, 1166, 1167, 1168, 1169, 1170, 1171, 1172, 1173, 1174, 1175, 1176, 1177, 1178, 1179, 1180, 1181, 1182, 1183, 1184, 1185, 1186, 1187, 1188, 1189, 1190, 1191, 1192, 1193, 1194, 1195, 1196, 1197, 1198, 1199, 1200, 1201, 1202, 1203, 1204, 1205, 1206, 1207, 1208, 1209, 1210, 1211, 1212, 1213, 1214, 1215, 1216, 1217, 1218, 1219, 1220, 1221, 1222, 1223, 1224, 1225, 1226, 1227, 1228, 1229, 1230, 1231, 1232, 1233, 1234, 1235, 1236, 1237, 1238, 1239, 1240, 1241, 1242, 1243, 1244, 1245, 1246, 1247, 1248, 1249, 1250, 1251, 1252, 1253, 1254, 1255, 1256, 1257, 1258, 1259, 1260, 1261, 1262, 1263, 1264, 1265, 1266, 1267, 1268, 1269, 1270, 1271, 1272, 1273, 1274, 1275, 1276, 1277, 1278, 1279, 1280, 1281, 1282, 1283, 1284, 1285, 1286, 1287, 1288, 1289, 1290, 1291, 1292, 1293, 1294, 1295, 1296, 1297, 1298, 1299, 1300, 1301, 1302, 1303, 1304, 1305, 1306, 1307, 1308, 1309, 1310, 1311, 1312, 1313, 1314, 1315, 1316, 1317, 1318, 1319, 1320, 1321, 1322, 1323, 1324, 1325, 1326, 1327, 1328, 1329, 1330, 1331, 1332, 1333, 1334, 1335, 1336, 1337, 1338, 1339, 1340, 1341, 1342, 1343, 1344, 1345, 1346, 1347, 1348, 1349, 1350, 1351, 1352, 1353, 1354, 1355, 1356, 1357, 1358, 1359, 1360, 1361, 1362, 1363, 1364, 1365, 1366, 1367, 1368, 1369, 1370, 1371, 1372, 1373, 1374, 1375, 1376, 1377, 1378, 1379, 1380, 1381, 1382, 1383, 1384, 1385, 1386, 1387, 1388, 1389, 1390, 1391, 1392, 1393, 1394, 1395, 1396, 1397, 1398, 1399, 1400, 1401, 1402, 1403, 1404, 1405, 1406, 1407, 1408, 1409, 1410, 1411, 1412, 1413, 1414, 1415, 1416, 1417, 1418, 1419, 1420, 1421, 1422, 1423, 1424, 1425, 1426, 1427, 1428, 1429, 1430, 1431, 1432, 1433, 1434, 1435, 1436, 1437, 1438, 1439, 1440, 1441, 1442, 1443, 1444, 1445, 1446, 1447, 1448, 1449, 1450, 1451, 1452, 1453, 1454, 1455, 1456, 1457, 1458, 1459, 1460, 1461, 1462, 1463, 1464, 1465, 1466, 1467, 1468, 1469, 1470, 1471, 1472, 1473, 1474, 1475, 1476, 1477, 1478, 1479, 1480, 1481, 1482, 1483, 1484, 1485, 1486, 1487, 1488, 1489, 1490, 1491, 1492, 1493, 1494, 1495, 1496, 1497, 1498, 1499, 1500, 1501, 1502, 1503, 1504, 1505, 1506, 1507, 1508, 1509, 1510, 1511, 1512, 1513, 1514, 1515, 1516, 1517, 1518, 1519, 1520, 1521, 1522, 1523, 1524, 1525, 1526, 1527, 1528, 1529, 1530, 1531, 1532, 1533, 1534, 1535, 1536, 1537, 1538, 1539, 1540, 1541, 1542, 1543, 1544, 1545, 1546, 1547, 1548, 1549, 1550, 1551, 1552, 1553, 1554, 1555, 1556, 1557, 1558, 1559, 1560, 1561, 1562, 1563, 1564, 1565, 1566, 1567, 1568, 1569, 1570, 1571, 1572, 1573, 1574, 1575, 1576, 1577, 1578, 1579, 1580, 1581, 1582, 1583, 1584, 1585, 1586, 1587, 1588, 1589, 1590, 1591, 1592, 1593, 1594, 1595, 1596, 1597, 1598, 1599, 1600, 1601, 1602, 1603, 1604, 1605, 1606, 1607, 1608, 1609, 1610, 1611, 1612, 1613, 1614, 1615, 1616, 1617, 1618, 1619, 1620, 1621, 1622, 1623, 1624, 1625, 1626, 1627, 1628, 1629, 1630, 1631, 1632, 1633, 1634, 1635, 1636, 1637, 1638, 1639, 1640, 1641, 1642, 1643, 1644, 1645, 1646, 1647, 1648, 1649, 1650, 1651, 1652, 1653, 1654, 1655, 1656, 1657, 1658, 1659, 1660, 1661, 1662, 1663, 1664, 1665, 1666, 1667, 1668, 1669, 1670, 1671, 1672, 1673, 1674, 1675, 1676, 1677, 1678, 1679, 1680, 1681, 1682, 1683, 1684, 1685, 1686, 1687, 1688, 1689, 1690, 1691, 1692, 1693, 1694, 1695, 1696, 1697, 1698, 1699, 1700, 1701, 1702, 1703, 1704, 1705, 1706, 1707, 1708, 1709, 1710, 1711, 1712, 1713, 1714, 1715, 1716, 1717, 1718, 1719, 1720, 1721, 1722, 1723, 1724, 1725, 1726, 1727, 1728, 1729, 1730, 1731, 1732, 1733, 1734, 1735, 1736, 1737, 1738, 1739, 1740, 1741, 1742, 1743, 1744, 1745, 1746, 1747, 1748, 1749, 1750, 1751, 1752, 1753, 1754, 1755, 1756, 1757, 1758, 1759, 1760, 1761, 1762, 1763, 1764, 1765, 1766, 1767, 1768, 1769, 1770, 1771, 1772, 1773, 1774, 1775, 1776, 1777, 1778, 1779, 1780, 1781, 1782, 1783, 1784, 1785, 1786, 1787, 1788, 1789, 1790, 1791, 1792, 1793, 1794, 1795, 1796, 1797, 1798, 1799, 1800, 1801, 1802, 1803, 1804, 1805, 1806, 1807, 1808, 1809, 1810, 1811, 1812, 1813, 1814, 1815, 1816, 1817, 1818, 1819, 1820, 1821, 1822, 1823, 1824, 1825, 1826, 1827, 1828, 1829, 1830, 1831, 1832, 1833, 1834, 1835, 1836, 1837, 1838, 1839, 1840, 1841, 1842, 1843, 1844, 1845, 1846, 1847, 1848, 1849, 1850, 1851, 1852, 1853, 1854, 1855, 1856, 1857, 1858, 1859, 1860, 1861, 1862, 1863, 1864, 1865, 1866, 1867, 1868, 1869, 1870, 1871, 1872, 1873, 1874, 1875, 1876, 1877, 1878, 1879, 1880, 1881, 1882, 1883, 1884, 1885, 1886, 1887, 1888, 1889, 1890, 1891, 1892, 1893, 1894, 1895, 1896, 1897, 1898, 1899, 1900, 1901, 1902, 1903, 1904, 1905, 1906, 1907, 1908, 1909, 1910, 1911, 1912, 1913, 1914, 1915, 1916, 1917, 1918, 1919, 1920, 1921, 1922, 1923, 1924, 1925]
            rel material:binding = </root/_materials/color_25_003>
            normal3f[] normals = [(-0.000018842518, 1, 0.000052511692), (-0.000023633242, 1.0000001, 0.00005093217), (-0.16980712, 0.8660534, 0.47023094), (-0.1698012, 0.8660504, 0.4702384), (-0.000017918646, 1, 0.000058934093), (-0.16980603, 0.8660503, 0.4702369), (-0.16983953, 0.86599755, 0.47032204), (-0.16984358, 0.86599755, 0.47032073), (-0.29413223, 0.5000484, 0.81451696), (-0.294128, 0.50004345, 0.8145215), (-0.16984098, 0.8659947, 0.47032678), (-0.29413098, 0.5000436, 0.81452036), (-0.2941475, 0.49995402, 0.8145694), (-0.2941504, 0.49995485, 0.81456786), (-0.33964074, 0.000059261918, 0.9405552), (-0.339642, 0.00005275011, 0.94055474), (-0.2941514, 0.49994904, 0.81457096), (-0.33964646, 0.00005310774, 0.9405531), (-0.3396425, -0.000055491924, 0.94055456), (-0.33964697, -0.000054895878, 0.94055295), (-0.29414976, -0.49995095, 0.8145704), (-0.2941469, -0.49995327, 0.8145701), (-0.33964592, -0.00005760789, 0.9405534), (-0.29415005, -0.4999529, 0.8145691), (-0.29413095, -0.5000423, 0.8145213), (-0.29413494, -0.50004154, 0.81452024), (-0.1698393, -0.86599386, 0.4703291), (-0.16983594, -0.8659976, 0.47032303), (-0.29413152, -0.50004846, 0.81451714), (-0.1698409, -0.8659973, 0.47032183), (-0.16980706, -0.8660535, 0.4702307), (-0.16981016, -0.8660537, 0.47022933), (-0.000018775463, -1, 0.000052303076), (-0.0000151619315, -1, 0.000058829784), (-0.16980621, -0.8660513, 0.47023505), (-0.00001810491, -1, 0.00005708635), (0.000019490719, -1, -0.00005143881), (0.000015027821, -1, -0.000052839518), (0.16980503, -0.8660539, -0.47023073), (0.16980958, -0.8660519, -0.4702325), (0.000019684434, -0.9999999, -0.00005491078), (0.16980508, -0.8660521, -0.4702338), (0.16983995, -0.8659968, -0.47032326), (0.16983607, -0.86599696, -0.47032428), (0.2941324, -0.5000475, -0.81451744), (0.29413417, -0.500046, -0.8145176), (0.16983801, -0.8659961, -0.4703251), (0.29413033, -0.5000464, -0.8145188), (0.2941519, -0.4999507, -0.8145698), (0.29414758, -0.49995112, -0.814571), (0.33964527, -0.000055149198, -0.9405536), (0.33964735, -0.000050604343, -0.9405529), (0.29414943, -0.4999473, -0.8145728), (0.33964416, -0.00005109608, -0.94055396), (0.33964527, 0.000051647425, -0.9405536), (0.33964175, 0.00005121529, -0.94055486), (0.29415247, 0.49994773, -0.81457144), (0.2941543, 0.499951, -0.8145687), (0.33964527, 0.000055253506, -0.9405536), (0.2941498, 0.49995103, -0.8145703), (0.29413018, 0.5000465, -0.81451887), (0.2941261, 0.50004673, -0.8145201), (0.16983771, 0.86599636, -0.4703247), (0.16984408, 0.8659963, -0.4703227), (0.29413244, 0.50004655, -0.814518), (0.16984001, 0.8659965, -0.4703239), (0.16980451, 0.8660506, -0.47023702), (0.16980112, 0.8660507, -0.47023797), (0.00001911074, 1, -0.00005799532), (0.000023141503, 1, -0.00005352497), (0.16980517, 0.86605227, -0.47023362), (0.000019788742, 1, -0.000054702163), (0.94055384, 0, 0.33964458), (0.94055384, 0, 0.33964458), (0.94055384, 0, 0.33964458), (0.9405535, 0.0000035930668, 0.33964542), (0.9405535, 0.0000035930668, 0.33964542), (0.9405535, 0.0000035930668, 0.33964542), (0.9405544, 0, 0.339643), (0.9405544, 0, 0.339643), (0.9405544, 0, 0.339643), (0.9405535, 0, 0.33964542), (0.9405535, 0, 0.33964542), (0.9405535, 0, 0.33964542), (0.9405567, 0, 0.33963677), (0.9405567, 0, 0.33963677), (0.9405567, 0, 0.33963677), (0.94055253, 0.000007186195, 0.33964834), (0.94055253, 0.000007186195, 0.33964834), (0.94055253, 0.000007186195, 0.33964834), (0.94055295, 0.0000024498331, 0.3396469), (0.94055295, 0.0000024498331, 0.3396469), (0.94055295, 0.0000024498331, 0.3396469), (0.9405541, 0.000003593069, 0.33964384), (0.9405541, 0.000003593069, 0.33964384), (0.9405541, 0.000003593069, 0.33964384), (0.9405526, -0.0000065328854, 0.33964798), (0.9405526, -0.0000065328854, 0.33964798), (0.9405526, -0.0000065328854, 0.33964798), (0.94055456, 0.0000026947928, 0.3396427), (0.94055456, 0.0000026947928, 0.3396427), (0.94055456, 0.0000026947928, 0.3396427), (0.94055414, 0.0000065328054, 0.3396438), (0.94055414, 0.0000065328054, 0.3396438), (0.94055414, 0.0000065328054, 0.3396438), (0.94055456, 8.9826426e-7, 0.3396427), (0.94055456, 8.9826426e-7, 0.3396427), (0.94055456, 8.9826426e-7, 0.3396427), (0.9405538, -0.000013065776, 0.33964485), (0.9405538, -0.000013065776, 0.33964485), (0.9405538, -0.000013065776, 0.33964485), (0.94055456, 0, 0.3396427), (0.94055456, 0, 0.3396427), (0.94055456, 0, 0.3396427), (0.9405536, -0.000013065785, 0.3396451), (0.9405536, -0.000013065785, 0.3396451), (0.9405536, -0.000013065785, 0.3396451), (0.9405533, 0, 0.33964613), (0.9405533, 0, 0.33964613), (0.9405533, 0, 0.33964613), (0.9405526, 0, 0.33964798), (0.9405526, 0, 0.33964798), (0.9405526, 0, 0.33964798), (0.9405541, 0, 0.33964384), (0.9405541, 0, 0.33964384), (0.9405541, 0, 0.33964384), (0.9405546, -0.0000016332249, 0.33964238), (0.9405546, -0.0000016332249, 0.33964238), (0.9405546, -0.0000016332249, 0.33964238), (0.9405534, 0, 0.3396459), (0.9405534, 0, 0.3396459), (0.9405534, 0, 0.3396459), (0.9405516, -0.0000065328786, 0.3396509), (0.9405516, -0.0000065328786, 0.3396509), (0.9405516, -0.0000065328786, 0.3396509), (0.9405547, 0.0000026947932, 0.3396423), (0.9405547, 0.0000026947932, 0.3396423), (0.9405547, 0.0000026947932, 0.3396423), (0.94055414, 0, 0.3396438), (0.94055414, 0, 0.3396438), (0.94055414, 0, 0.3396438), (0.94055384, 8.982636e-7, 0.3396447), (0.94055384, 8.982636e-7, 0.3396447), (0.94055384, 8.982636e-7, 0.3396447), (-0.2884579, 0.5279915, 0.7987596), (-0.2939395, 0.5012007, 0.813878), (-0.29415506, 0.499954, 0.81456655), (-0.29414394, -0.5000243, 0.81452745), (-0.2940778, -0.50032085, 0.81436926), (-0.16984326, -0.8660129, 0.47029233), (-0.1697778, -0.8660376, 0.47027063), (-0.2940555, -0.5002838, 0.8144002), (-0.24500589, -0.69251037, 0.6785291), (-0.24501675, -0.69255257, 0.67848194), (-0.22503723, -0.74903667, 0.6231391), (-0.16985025, -0.86600703, 0.47030073), (-0.16984415, -0.8660218, 0.47027576), (-0.22501339, -0.74903643, 0.62314796), (-0.17003104, -0.8656995, 0.47080117), (-0.16982444, -0.86604947, 0.4702319), (-0.17000994, -0.8657122, 0.47078562), (-0.000030847266, -1, 0.000046239235), (0.00005541742, -1, 0.000005453825), (-0.16999535, -0.8657158, 0.47078428), (-0.09105598, -0.9633859, 0.2521835), (-0.0000060196035, -1, 0.00006471574), (-0.09104146, -0.9633982, 0.25214157), (-0.000021278858, -0.99999994, 0.000058799982), (-0.294162, 0.49996704, 0.814556), (-0.29388994, 0.5012122, 0.8138887), (-0.33964986, 0.00003962724, 0.9405518), (-0.29389697, 0.5012224, 0.81387997), (-0.33840328, 0.085149735, 0.93714064), (-0.3396622, 0.00001694262, 0.94054735), (-0.33965603, -0.000007376075, 0.94054973), (-0.33843336, 0.08506256, 0.93713784), (-0.33965614, 0.0009724125, 0.9405492), (-0.3396606, -0.00004810095, 0.94054806), (-0.3396467, 0.0009596199, 0.9405526), (-0.2941543, -0.49995998, 0.8145632), (-0.29409367, -0.5000116, 0.81455344), (-0.33963305, 0.00096940994, 0.94055754), (-0.32809225, -0.25838554, 0.9086212), (-0.29414648, -0.4999937, 0.8145453), (-0.3281141, -0.2584568, 0.908593), (-0.29411507, -0.5002729, 0.8143851), (-0.28842327, 0.528057, 0.79872894), (-0.29414532, 0.5000218, 0.8145286), (-0.16982818, 0.866017, 0.47029036), (-0.169808, 0.8660219, 0.47028878), (-0.29440787, 0.50004905, 0.814417), (-0.16983461, 0.8659978, 0.47032335), (-0.170081, 0.86621976, 0.4698252), (-0.17013198, 0.8661801, 0.4698801), (-0.16985597, 0.8665725, 0.46925586), (-0.1695176, 0.86653304, 0.469451), (-0.16951165, 0.866054, 0.47033638), (-7.8976154e-7, 1, 0.000057905912), (-0.16951883, 0.8665358, 0.46944556), (-0.00003107637, 0.99999994, 0.000041157007), (-0.000020965934, 1.0000001, 0.000044432236), (0.00001103431, 1.0000001, -0.000030830503), (0.000024527311, 1, -0.000025987625), (0.09103082, 0.96340615, -0.252115), (0.09107568, 0.9633926, -0.25215077), (0.000041514635, 1.0000001, -0.000058808364), (0.16982314, 0.866034, -0.47026092), (0.29409027, 0.50030255, -0.81437594), (0.24502543, 0.69250476, -0.6785276), (0.2941353, 0.50000525, -0.8145423), (0.29411146, 0.5000272, -0.8145374), (0.24501427, 0.6925191, -0.678517), (0.22505866, 0.748988, -0.6231898), (0.294123, 0.500051, -0.8145187), (0.22503152, 0.7490271, -0.62315285), (0.16986817, 0.865998, -0.47031102), (0.1698077, 0.8660301, -0.47027344), (0.22500592, 0.74905276, -0.6231309), (0.16999236, 0.86571175, -0.47079253), (0.16981055, 0.8660347, -0.47026402), (0.16999383, 0.8657157, -0.47078487), (0.09107511, 0.96338207, -0.25219107), (0.29409456, 0.5002859, -0.81438464), (0.2941372, 0.4999938, -0.8145487), (0.32810146, 0.25844344, -0.9086014), (0.32812998, 0.25841665, -0.90859866), (0.29414526, 0.49998268, -0.8145526), (0.33964723, 0.000029578805, -0.94055295), (0.32810563, 0.25839046, -0.9086148), (0.33963004, 0.000023201108, -0.940559), (0.33964044, -0.000986781, -0.9405548), (0.33965462, -0.0009842515, -0.9405496), (0.3396479, 0.000026784837, -0.94055253), (0.33840775, -0.08506438, -0.9371467), (0.33841062, -0.085121214, -0.9371407), (0.33965677, -0.000044734414, -0.9405495), (0.29415992, -0.49997035, -0.81455487), (0.33839303, -0.08514446, -0.9371449), (0.29413745, -0.4999588, -0.81457), (0.29391062, -0.50120413, -0.81388634), (0.29390475, -0.50118715, -0.81389886), (0.29415473, -0.4999409, -0.8145748), (0.28846204, -0.5279957, -0.79875535), (0.28843576, -0.528077, -0.7987112), (0.29413477, -0.500027, -0.81452924), (0.16984737, -0.8660076, -0.4703007), (0.28841242, -0.52805436, -0.79873455), (0.16984428, -0.8660009, -0.47031415), (0.169827, -0.86602485, -0.4702762), (0.17038578, -0.8637394, -0.47426045), (0.17038828, -0.8638757, -0.47401118), (0.16999228, -0.8643315, -0.473322), (0.16950744, -0.8665321, -0.46945637), (0.17000751, -0.8660531, -0.47015896), (0.000039979815, -1, -0.000045776367), (0.16950259, -0.8665335, -0.46945557), (0.000022217631, -1, -0.000048965216), (0.000024430454, -1, -0.0000484481), (-0.000018715858, 1, 0.00005979836), (-0.000023424625, 1, 0.00005801022), (-0.16980651, 0.86605024, 0.4702369), (-0.16980211, 0.8660562, 0.47022742), (-0.00001848489, 1, 0.00004708767), (-0.16980681, 0.86605626, 0.4702256), (-0.16983773, 0.86600316, 0.47031242), (-0.16984203, 0.866003, 0.4703111), (-0.2941319, 0.5000578, 0.8145113), (-0.29412556, 0.50004315, 0.8145226), (-0.16983865, 0.8659947, 0.47032753), (-0.29412875, 0.50004315, 0.81452143), (-0.2941475, 0.49995402, 0.8145694), (-0.2941504, 0.49995485, 0.81456786), (-0.33964074, 0.000059261918, 0.9405552), (-0.33964294, 0.000053331256, 0.9405545), (-0.29415223, 0.4999495, 0.8145704), (-0.33964744, 0.0000538975, 0.94055283), (-0.3396425, -0.000055491924, 0.94055456), (-0.33964697, -0.000054895878, 0.94055295), (-0.29414976, -0.49995095, 0.8145704), (-0.29414606, -0.49995247, 0.8145708), (-0.33964497, -0.000056773424, 0.9405537), (-0.29414922, -0.49995235, 0.8145698), (-0.2941327, -0.5000462, 0.81451803), (-0.29413643, -0.5000464, 0.8145166), (-0.16984025, -0.8659962, 0.47032404), (-0.16983536, -0.8659955, 0.4703271), (-0.29413033, -0.5000453, 0.8145195), (-0.16984019, -0.86599565, 0.47032523), (-0.1698052, -0.866064, 0.47021186), (-0.1698077, -0.8660652, 0.47020873), (-0.000015765429, -0.99999994, 0.00003029406), (-0.000012721866, -1, 0.000054627657), (-0.16980398, -0.8660539, 0.47023112), (-0.000015594065, -1, 0.000052526593), (0.000016123056, -1, -0.000043705106), (0.000011637807, -1, -0.00004528463), (0.16980208, -0.86605805, -0.4702242), (0.16980758, -0.8660558, -0.47022617), (0.000017262995, -0.99999994, -0.00004762411), (0.16980296, -0.8660559, -0.47022754), (0.16983992, -0.8659968, -0.47032326), (0.16983607, -0.86599696, -0.47032428), (0.2941324, -0.5000475, -0.81451744), (0.29413596, -0.50005186, -0.81451344), (0.1698392, -0.8659991, -0.47031927), (0.29413235, -0.50005114, -0.81451523), (0.29414976, -0.49994934, -0.8145714), (0.29414558, -0.4999491, -0.81457305), (0.33964282, -0.000053212047, -0.9405545), (0.3396458, -0.00004915893, -0.9405533), (0.29414815, -0.49994624, -0.81457376), (0.33964267, -0.000050127506, -0.9405545), (0.33964777, 0.000053614378, -0.94055265), (0.3396442, 0.0000526309, -0.940554), (0.2941546, 0.499949, -0.81456983), (0.2941513, 0.49994928, -0.8145709), (0.3396419, 0.00005313754, -0.9405548), (0.2941469, 0.49994868, -0.81457275), (0.29412815, 0.5000518, -0.81451625), (0.29412383, 0.5000523, -0.81451756), (0.16983491, 0.8659996, -0.47031987), (0.16984431, 0.86600107, -0.47031397), (0.2941336, 0.5000548, -0.81451267), (0.16983986, 0.8660015, -0.4703149), (0.16980462, 0.8660506, -0.47023696), (0.16980112, 0.8660507, -0.47023797), (0.00001911074, 1, -0.00005799532), (0.000023275614, 1, -0.000048175454), (0.16980562, 0.8660547, -0.47022912), (0.000019796193, 1, -0.000049307942), (0.9405516, -0.0000065328786, 0.3396509), (0.9405516, -0.0000065328786, 0.3396509), (0.9405516, -0.0000065328786, 0.3396509), (0.94055456, 0.0000026947928, 0.3396427), (0.94055456, 0.0000026947928, 0.3396427), (0.94055456, 0.0000026947928, 0.3396427), (0.94055516, 0, 0.33964095), (0.94055516, 0, 0.33964095), (0.94055516, 0, 0.33964095), (0.94055307, 8.9826284e-7, 0.33964667), (0.94055307, 8.9826284e-7, 0.33964667), (0.94055307, 8.9826284e-7, 0.33964667), (0.9405548, 0, 0.33964196), (0.9405548, 0, 0.33964196), (0.9405548, 0, 0.33964196), (0.9405528, 0.0000035930914, 0.33964774), (0.9405528, 0.0000035930914, 0.33964774), (0.9405528, 0.0000035930914, 0.33964774), (0.94055235, 0, 0.3396488), (0.94055235, 0, 0.3396488), (0.94055235, 0, 0.3396488), (0.94055426, 0, 0.3396434), (0.94055426, 0, 0.3396434), (0.94055426, 0, 0.3396434), (0.94055414, 0, 0.3396438), (0.94055414, 0, 0.3396438), (0.94055414, 0, 0.3396438), (0.9405535, 0.000007186216, 0.3396457), (0.9405535, 0.000007186216, 0.3396457), (0.9405535, 0.000007186216, 0.3396457), (0.94055283, 0.0000024498327, 0.33964726), (0.94055283, 0.0000024498327, 0.33964726), (0.94055283, 0.0000024498327, 0.33964726), (0.9405524, 0.0000035930627, 0.33964863), (0.9405524, 0.0000035930627, 0.33964863), (0.9405524, 0.0000035930627, 0.33964863), (0.94055516, -0.0000065328127, 0.33964095), (0.94055516, -0.0000065328127, 0.33964095), (0.94055516, -0.0000065328127, 0.33964095), (0.9405537, 0.0000026947905, 0.3396451), (0.9405537, 0.0000026947905, 0.3396451), (0.9405537, 0.0000026947905, 0.3396451), (0.94055307, 0.000006532798, 0.3396467), (0.94055307, 0.000006532798, 0.3396467), (0.94055307, 0.000006532798, 0.3396467), (0.94055426, 8.98264e-7, 0.33964348), (0.94055426, 8.98264e-7, 0.33964348), (0.94055426, 8.98264e-7, 0.33964348), (0.940553, -0.000013065851, 0.3396468), (0.940553, -0.000013065851, 0.3396468), (0.940553, -0.000013065851, 0.3396468), (0.9405552, 0, 0.33964115), (0.9405552, 0, 0.33964115), (0.9405552, 0, 0.33964115), (0.94055516, -0.000013065625, 0.33964095), (0.94055516, -0.000013065625, 0.33964095), (0.94055516, -0.000013065625, 0.33964095), (0.94055474, 0, 0.3396423), (0.94055474, 0, 0.3396423), (0.94055474, 0, 0.3396423), (0.9405516, 0, 0.3396509), (0.9405516, 0, 0.3396509), (0.9405516, 0, 0.3396509), (0.9405555, 0, 0.33963996), (0.9405555, 0, 0.33963996), (0.9405555, 0, 0.33963996), (0.94055533, -0.0000016332261, 0.3396404), (0.94055533, -0.0000016332261, 0.3396404), (0.94055533, -0.0000016332261, 0.3396404), (0.9405528, 0, 0.33964744), (0.9405528, 0, 0.33964744), (0.9405528, 0, 0.33964744), (-0.2884579, 0.5279915, 0.7987596), (-0.2939128, 0.50119936, 0.8138885), (-0.29415506, 0.499954, 0.81456655), (-0.29414055, -0.50001764, 0.8145329), (-0.29407436, -0.50031215, 0.8143759), (-0.16984087, -0.86600876, 0.47030097), (-0.1697752, -0.8660419, 0.47026366), (-0.29405457, -0.5002923, 0.8143952), (-0.24500309, -0.6925169, 0.67852336), (-0.24497478, -0.69251496, 0.6785355), (-0.22500616, -0.74898714, 0.6232099), (-0.16979748, -0.86596966, 0.47038862), (-0.16983649, -0.8660331, 0.47025764), (-0.22500974, -0.74907464, 0.62310344), (-0.17002486, -0.86571, 0.47078425), (-0.16982147, -0.8660502, 0.47023153), (-0.17000726, -0.8657126, 0.47078592), (-0.00002785027, -1, 0.000045965426), (0.00005916506, -1, 0.000014901161), (-0.16999164, -0.8657118, 0.4707929), (-0.09105238, -0.9633838, 0.252193), (2.3562461e-7, -0.99999994, 0.00004647672), (-0.09103549, -0.96340334, 0.25212398), (-0.000015247613, -0.99999994, 0.00004054606), (-0.29416338, 0.4999681, 0.81455487), (-0.2938913, 0.50121295, 0.81388783), (-0.3396514, 0.000040525978, 0.9405514), (-0.29389697, 0.5012224, 0.81387997), (-0.33840328, 0.085149735, 0.93714064), (-0.33965662, 0.00006453693, 0.94054943), (-0.33966503, -0.000005982816, 0.94054645), (-0.33841845, 0.08506023, 0.9371434), (-0.33965316, 0.00097023696, 0.9405502), (-0.3396634, -0.000046119094, 0.9405471), (-0.33964962, 0.00096073747, 0.9405516), (-0.29416353, -0.49995923, 0.8145604), (-0.29409456, -0.50001216, 0.81455284), (-0.33963418, 0.0009689024, 0.9405571), (-0.32809323, -0.2583859, 0.9086208), (-0.294155, -0.50000787, 0.8145337), (-0.32812274, -0.25846934, 0.9085863), (-0.29412353, -0.5002845, 0.81437516), (-0.28842327, 0.528057, 0.79872894), (-0.29414532, 0.5000218, 0.8145286), (-0.16982818, 0.866017, 0.47029036), (-0.16980727, 0.8660204, 0.4702917), (-0.29440674, 0.5000467, 0.81441885), (-0.169834, 0.86599624, 0.47032654), (-0.16996507, 0.86583626, 0.47057366), (-0.17002165, 0.86577255, 0.47067037), (-0.16970642, 0.8662374, 0.4699282), (-0.16951805, 0.86653864, 0.46944064), (-0.16951251, 0.8660588, 0.47032714), (-0.000001180917, 1, 0.000047326088), (-0.16951838, 0.86653316, 0.4694506), (-0.000031225383, 1, 0.000047519803), (-0.000020749867, 1, 0.000050081522), (0.000014189631, 1, -0.00006709993), (0.000027604401, 0.99999994, -0.00006202608), (0.09103327, 0.9633969, -0.25214908), (0.0910737, 0.9633949, -0.25214252), (0.00003989972, 1, -0.000051304698), (0.16982155, 0.8660381, -0.47025397), (0.2940912, 0.5003101, -0.81437105), (0.24503863, 0.6925074, -0.6785202), (0.2941358, 0.5000136, -0.81453705), (0.2941096, 0.50002104, -0.8145418), (0.24501431, 0.69251335, -0.6785228), (0.22504975, 0.74897975, -0.6232029), (0.29412413, 0.5000538, -0.81451654), (0.2250323, 0.7490293, -0.6231497), (0.16986899, 0.86599934, -0.47030795), (0.16980658, 0.86602205, -0.4702889), (0.22500357, 0.7490435, -0.62314314), (0.1699912, 0.8657037, -0.47080803), (0.16980417, 0.86603874, -0.47025886), (0.16998816, 0.86572003, -0.4707789), (0.091073096, 0.9633853, -0.25217956), (0.29409596, 0.50028294, -0.81438595), (0.29413903, 0.4999898, -0.81455046), (0.32810146, 0.25844344, -0.9086014), (0.3281278, 0.25841504, -0.9085999), (0.29414317, 0.49998152, -0.814554), (0.33964497, 0.000027909875, -0.9405538), (0.32810962, 0.258393, -0.9086128), (0.33963415, 0.000025957823, -0.9405576), (0.33964464, -0.0009844422, -0.94055337), (0.33964452, -0.0009891391, -0.94055337), (0.33963782, 0.000021062791, -0.9405563), (0.3383978, -0.08506869, -0.93715), (0.33840686, -0.08511856, -0.93714225), (0.33965266, -0.00004138064, -0.94055086), (0.29415616, -0.49996808, -0.81455743), (0.33839953, -0.08514838, -0.9371422), (0.29414305, -0.49996227, -0.81456584), (0.29391629, -0.5012086, -0.8138815), (0.29386213, -0.5011403, -0.8139432), (0.2941099, -0.49990612, -0.8146123), (0.2884158, -0.5279151, -0.7988254), (0.28843457, -0.5280801, -0.7987095), (0.29413348, -0.5000302, -0.8145276), (0.1698457, -0.8660094, -0.47029784), (0.2884145, -0.5280505, -0.7987364), (0.16984661, -0.8659986, -0.4703176), (0.16982931, -0.8660226, -0.47027978), (0.17018168, -0.8660175, -0.4701616), (0.17027175, -0.8659246, -0.47030008), (0.16995564, -0.86640716, -0.46952498), (0.16950697, -0.86653465, -0.46945196), (0.17000708, -0.8660557, -0.4701543), (0.00003938377, -1, -0.000040650368), (0.1695018, -0.866539, -0.46944553), (0.000020995736, -0.99999994, -0.000037044287), (0.000023074448, -0.99999994, -0.00003618165), (1.1310974e-8, -1, 0.00004826486), (-7.0407987e-7, -1, 0.000048220158), (0, -0.86605716, 0.49994498), (7.1153045e-7, -0.8660573, 0.49994498), (0, -1.0000001, 0.000048428774), (-1.13109815e-8, -0.8660572, 0.49994504), (1.1310987e-8, -0.8659946, 0.5000534), (-7.5250864e-7, -0.86599445, 0.5000536), (0, -0.50004345, 0.86600024), (7.4878335e-7, -0.5000475, 0.8659979), (0, -0.8659967, 0.5000494), (-1.1310987e-8, -0.5000473, 0.86599797), (1.13109815e-8, -0.4999489, 0.8660549), (-7.18981e-7, -0.4999488, 0.8660549), (0, -0.000052928925, 1), (7.18981e-7, -0.00005441904, 1), (0, -0.49995023, 0.8660542), (-1.1310979e-8, -0.00005441904, 1), (1.1310975e-8, 0.000054761767, 1.0000001), (-6.03497e-7, 0.000054731965, 1.0000001), (0, 0.49995053, 0.86605406), (5.9977174e-7, 0.49995193, 0.86605316), (0, 0.000056266785, 1), (-1.1310974e-8, 0.49995187, 0.86605316), (1.1310969e-8, 0.5000434, 0.8660003), (-7.5250864e-7, 0.5000433, 0.8660004), (0, 0.8659946, 0.5000534), (7.4878335e-7, 0.86599684, 0.5000493), (0, 0.5000473, 0.86599797), (-1.1310969e-8, 0.8659967, 0.5000494), (1.1310974e-8, 0.86605364, 0.499951), (-7.227063e-7, 0.86605364, 0.49995106), (0, 0.99999994, 0.000055253506), (7.18981e-7, 1, 0.000055536628), (0, 0.86605364, 0.49995112), (-1.1310984e-8, 1, 0.00005541742), (1.13109815e-8, 1.0000001, -0.00005593896), (-6.891787e-7, 1.0000001, -0.000056013465), (0, 0.86605346, -0.49995154), (6.891787e-7, 0.8660534, -0.49995172), (0, 1.0000001, -0.000056013465), (-1.1310972e-8, 0.86605346, -0.49995166), (1.1310969e-8, 0.86599696, -0.50004923), (-7.18981e-7, 0.865997, -0.50004905), (0, 0.5000476, -0.8659979), (7.5250864e-7, 0.500043, -0.86600053), (0, 0.86599445, -0.5000536), (-1.1310967e-8, 0.50004315, -0.8660004), (1.1310974e-8, 0.499954, -0.86605185), (-6.2584877e-7, 0.49995404, -0.8660519), (0, 0.000058710575, -0.99999994), (6.221235e-7, 0.000056877732, -1), (0, 0.4999524, -0.8660529), (-1.1310975e-8, 0.000056892633, -1), (1.1310981e-8, -0.000056877732, -0.99999994), (-7.4505806e-7, -0.000056907535, -0.99999994), (0, -0.49995238, -0.8660528), (7.4505806e-7, -0.49995068, -0.86605394), (0, -0.00005502999, -1), (-1.1310984e-8, -0.49995077, -0.8660538), (1.1310987e-8, -0.5000477, -0.86599785), (-7.1525574e-7, -0.5000478, -0.8659978), (0, -0.86599696, -0.50004923), (7.5250864e-7, -0.86599433, -0.5000538), (0, -0.50004315, -0.86600035), (-1.13109895e-8, -0.8659944, -0.50005364), (1.13109815e-8, -0.8660569, -0.49994546), (-6.444752e-7, -0.8660569, -0.4999454), (0, -1, -0.000048965216), (6.444752e-7, -1, -0.000048965216), (0, -0.86605686, -0.4999456), (-1.1310974e-8, -1, -0.00004900992), (1.13110055e-8, -1, 0.00006261468), (0.0000221394, -1, 0.00006310642), (0, -0.8660501, 0.49995726), (-0.00002214685, -0.8660538, 0.49995083), (0, -1, 0.0000551641), (-1.13109815e-8, -0.8660538, 0.4999509), (1.1310969e-8, -0.86599874, 0.5000462), (0.00002214685, -0.8659988, 0.500046), (0, -0.50005066, 0.86599624), (-0.00002214685, -0.5000498, 0.86599666), (0, -0.86599815, 0.50004715), (-1.1310984e-8, -0.5000497, 0.86599666), (1.1310974e-8, -0.4999526, 0.86605257), (0.000022143126, -0.49995267, 0.8660525), (0, -0.000057145953, 0.9999998), (-0.0000221394, -0.000054731965, 0.99999994), (0, -0.4999506, 0.8660539), (-1.1310974e-8, -0.00005477667, 0.99999994), (1.1310966e-8, 0.00005288422, 0.99999994), (0.000022150576, 0.000052675605, 0.99999994), (0, 0.49994898, 0.86605483), (-0.000022120774, 0.49995247, 0.8660528), (0, 0.000056952238, 1), (-1.1310974e-8, 0.49995244, 0.86605287), (1.1311009e-8, 0.50005585, 0.86599326), (0.00002214685, 0.5000564, 0.86599296), (0, 0.86600167, 0.50004137), (-0.000022124499, 0.86599505, 0.5000526), (0, 0.50004464, 0.86599964), (-1.1310997e-8, 0.8659953, 0.5000523), (1.1311014e-8, 0.866058, 0.49994344), (0.000022117049, 0.8660583, 0.49994284), (0, 0.9999999, 0.00004670024), (-0.000022150576, 1, 0.000063717365), (0, 0.8660499, 0.49995774), (-1.1311006e-8, 1, 0.00006315112), (1.1310958e-8, -0.99999994, 0.00005182624), (0.00002105534, -0.99999994, 0.000051558018), (0, -0.8660552, 0.4999482), (-0.00002104789, -0.86605215, 0.49995357), (0, -0.99999994, 0.000058084726), (-1.1310974e-8, -0.8660522, 0.49995345), (1.1310966e-8, -0.8659985, 0.5000467), (0.000021122396, -0.8659986, 0.5000466), (0, -0.5000502, 0.86599654), (-0.000021137297, -0.5000425, 0.86600083), (0, -0.8659942, 0.500054), (-1.1310958e-8, -0.5000427, 0.8660008), (1.1310977e-8, -0.49995148, 0.86605346), (0.000021249056, -0.49995148, 0.8660534), (0, -0.000055849552, 1), (-0.000021249056, -0.000055864453, 1), (0, -0.49995148, 0.86605346), (-1.1310979e-8, -0.000055849552, 1), (1.1310979e-8, 0.000055849552, 1), (0.000021249056, 0.000055864453, 1), (0, 0.49995148, 0.86605346), (-0.000021249056, 0.49995148, 0.8660534), (0, 0.000055849552, 1), (-1.1310977e-8, 0.49995148, 0.86605346), (1.1310974e-8, 0.50004643, 0.8659985), (0.000021114945, 0.5000464, 0.8659986), (0, 0.8659963, 0.5000503), (-0.000021122396, 0.86599624, 0.5000504), (0, 0.50004655, 0.86599857), (-1.13109815e-8, 0.8659963, 0.50005037), (1.1311006e-8, 0.86605847, 0.4999426), (0.000021152198, 0.8660587, 0.4999423), (0, 1, 0.000045910478), (-0.000021159649, 0.99999994, 0.000058099627), (0, 0.8660525, 0.4999531), (-1.1310997e-8, 0.99999994, 0.000057816505), (1.1310995e-8, 0.99999994, -0.000057846308), (0.000021278858, 0.99999994, -0.000058084726), (0, 0.86605245, -0.49995312), (-0.000021278858, 0.86605835, -0.49994302), (0, 1, -0.00004673004), (-1.1311006e-8, 0.8660581, -0.49994338), (1.13109815e-8, 0.8659963, -0.50005037), (0.000021122396, 0.86599624, -0.5000504), (0, 0.50004655, -0.86599857), (-0.000021114945, 0.5000464, -0.8659986), (0, 0.8659963, -0.5000503), (-1.1310974e-8, 0.50004643, -0.8659985), (1.1310979e-8, 0.4999529, -0.8660526), (0.000021204352, 0.4999529, -0.86605257), (0, 0.00005750358, -1), (-0.000021211803, 0.000057846308, -1), (0, 0.4999532, -0.8660524), (-1.1310979e-8, 0.000057831407, -1), (1.1310977e-8, -0.00005750358, -1), (0.000021196902, -0.00005750358, -1), (0, -0.4999529, -0.8660526), (-0.000021204352, -0.49995318, -0.8660524), (0, -0.000057831407, -1), (-1.1310977e-8, -0.4999532, -0.8660524), (1.1310958e-8, -0.5000427, -0.8660008), (0.000021137297, -0.5000425, -0.86600083), (0, -0.8659942, -0.500054), (-0.000021122396, -0.8659986, -0.5000466), (0, -0.5000502, -0.86599654), (-1.1310966e-8, -0.8659985, -0.5000467), (1.1310975e-8, -0.8660522, -0.4999535), (0.000021196902, -0.8660522, -0.4999535), (0, -1, -0.000058159232), (-0.000021196902, -0.99999994, -0.000052422285), (0, -0.86605483, -0.4999489), (-1.1310959e-8, -1, -0.000052660704), (1, 0, 0), (1, 0, 0), (1, 0, 0), (1, 0, 0), (1, 0, 0), (1, 0, 0), (1, 0, 0), (1, 0, 0), (1, 0, 0), (1, 0, 0), (1, 0, 0), (1, 0, 0), (1, -0.0000010779185, 0), (1, -0.0000010779185, 0), (1, -0.0000010779185, 0), (0.99999994, 0, 0), (0.99999994, 0, 0), (0.99999994, 0, 0), (1, 0, 0), (1, 0, 0), (1, 0, 0), (1, -0.0000012935054, 0), (1, -0.0000012935054, 0), (1, -0.0000012935054, 0), (1, 0, 0), (1, 0, 0), (1, 0, 0), (1, -0.0000012935054, 0), (1, -0.0000012935054, 0), (1, -0.0000012935054, 0), (1, 0.000008623356, 0), (1, 0.000008623356, 0), (1, 0.000008623356, 0), (1, -0.0000025870042, 0), (1, -0.0000025870042, 0), (1, -0.0000025870042, 0), (1, 0, 0), (1, 0, 0), (1, 0, 0), (1, 0, 0), (1, 0, 0), (1, 0, 0), (1, 0, 0), (1, 0, 0), (1, 0, 0), (1, 0, 0), (1, 0, 0), (1, 0, 0), (0.99999994, 0.000001077923, 0), (0.99999994, 0.000001077923, 0), (0.99999994, 0.000001077923, 0), (1, 0, 0), (1, 0, 0), (1, 0, 0), (1, 0, 0), (1, 0, 0), (1, 0, 0), (1, 0, 0), (1, 0, 0), (1, 0, 0), (1, 0, 0), (1, 0, 0), (1, 0, 0), (0.99999994, 0, 0), (0.99999994, 0, 0), (0.99999994, 0, 0), (0.99999994, 0, 0), (0.99999994, 0, 0), (0.99999994, 0, 0), (0.99999994, -0.0000025870074, 0), (0.99999994, -0.0000025870074, 0), (0.99999994, -0.0000025870074, 0), (1.13110055e-8, 1, -0.00006261468), (0.0000221394, 1, -0.00006310642), (0, 0.8660501, -0.49995726), (-0.000022150576, 0.8660581, -0.49994332), (0, 0.99999994, -0.00004722178), (-1.1311012e-8, 0.8660578, -0.4999439), (1.1310992e-8, 0.86599463, -0.5000534), (0.000022239983, 0.8659945, -0.50005364), (0, 0.5000436, -0.8660003), (-0.000022239983, 0.5000535, -0.8659945), (0, 0.866, -0.500044), (-1.1311006e-8, 0.5000531, -0.86599475), (1.1310974e-8, 0.4999526, -0.86605257), (0.000022143126, 0.49995267, -0.8660525), (0, 0.000057145953, -0.9999998), (-0.00002214685, 0.000052407384, -0.99999994), (0, 0.4999488, -0.8660549), (-1.1310966e-8, 0.0000526011, -0.99999994), (1.1310974e-8, -0.00005502999, -0.99999994), (0.0000221394, -0.000054985285, -0.99999994), (0, -0.4999508, -0.8660538), (-0.000022120774, -0.49995247, -0.8660528), (0, -0.000056952238, -1), (-1.1310974e-8, -0.49995244, -0.86605287), (1.1310987e-8, -0.5000485, -0.86599725), (0.000022239983, -0.5000487, -0.86599714), (0, -0.86599743, -0.5000482), (-0.000022236258, -0.8659972, -0.5000488), (0, -0.500048, -0.86599773), (-1.1310972e-8, -0.8659972, -0.50004894), (1.1310984e-8, -0.86605406, -0.49995044), (0.00002214685, -0.8660542, -0.4999503), (0, -1, -0.000054642558), (-0.000022150576, -1, -0.000063717365), (0, -0.8660499, -0.49995774), (-1.1311006e-8, -1, -0.00006315112), (1.13110055e-8, -1, 0.00006261468), (0.0000221394, -1, 0.00006310642), (0, -0.8660501, 0.49995726), (-0.00002214685, -0.8660538, 0.49995083), (0, -1, 0.0000551641), (-1.13109815e-8, -0.8660538, 0.4999509), (1.1310969e-8, -0.86599874, 0.5000462), (0.00002214685, -0.8659988, 0.500046), (0, -0.50005066, 0.86599624), (-0.00002214685, -0.5000498, 0.86599666), (0, -0.86599815, 0.50004715), (-1.1310984e-8, -0.5000497, 0.86599666), (1.1310974e-8, -0.4999526, 0.86605257), (0.000022143126, -0.49995267, 0.8660525), (0, -0.000057145953, 0.9999998), (-0.0000221394, -0.000054731965, 0.99999994), (0, -0.4999506, 0.8660539), (-1.1310974e-8, -0.00005477667, 0.99999994), (1.1310966e-8, 0.00005288422, 0.99999994), (0.000022150576, 0.000052675605, 0.99999994), (0, 0.49994898, 0.86605483), (-0.000022120774, 0.49995247, 0.8660528), (0, 0.000056952238, 1), (-1.1310974e-8, 0.49995244, 0.86605287), (1.1311009e-8, 0.50005585, 0.86599326), (0.00002214685, 0.5000564, 0.86599296), (0, 0.86600167, 0.50004137), (-0.000022124499, 0.86599505, 0.5000526), (0, 0.50004464, 0.86599964), (-1.1310997e-8, 0.8659953, 0.5000523), (1.1311014e-8, 0.866058, 0.49994344), (0.000022117049, 0.8660583, 0.49994284), (0, 0.9999999, 0.00004670024), (-0.000022150576, 1, 0.000063717365), (0, 0.8660499, 0.49995774), (-1.1311006e-8, 1, 0.00006315112), (1.1310958e-8, -1, 0.000052273273), (0.000021196902, -1, 0.000052019954), (0, -0.86605513, 0.49994856), (-0.000021196902, -0.86605203, 0.49995393), (0, -1, 0.00005851686), (-1.1310974e-8, -0.86605203, 0.49995387), (1.1310965e-8, -0.8659993, 0.50004506), (0.000020995736, -0.8659994, 0.500045), (0, -0.50005156, 0.8659956), (-0.000020988286, -0.50004345, 0.8660002), (0, -0.86599475, 0.5000529), (-1.13109575e-8, -0.5000437, 0.86600006), (1.1310979e-8, -0.4999529, 0.8660526), (0.000021204352, -0.4999529, 0.86605257), (0, -0.00005750358, 1), (-0.000021211803, -0.000057846308, 1), (0, -0.4999532, 0.8660524), (-1.1310979e-8, -0.000057831407, 1), (1.1310977e-8, 0.00005750358, 1), (0.000021196902, 0.00005750358, 1), (0, 0.4999529, 0.8660526), (-0.000021204352, 0.49995318, 0.8660524), (0, 0.000057831407, 1), (-1.1310977e-8, 0.4999532, 0.8660524), (1.1310975e-8, 0.5000479, 0.8659977), (0.000020995736, 0.5000479, 0.8659977), (0, 0.86599714, 0.5000489), (-0.000020995736, 0.86599684, 0.5000495), (0, 0.5000475, 0.8659979), (-1.13109815e-8, 0.8659969, 0.5000494), (1.1311008e-8, 0.8660583, 0.49994302), (0.000021286309, 0.86605847, 0.49994266), (0, 0.99999994, 0.000046372414), (-0.000021271408, 1, 0.00005850196), (0, 0.8660523, 0.49995345), (-1.1310995e-8, 1, 0.00005827844), (1.1310995e-8, 0.99999994, -0.000057846308), (0.000021278858, 0.99999994, -0.000058084726), (0, 0.86605245, -0.49995312), (-0.000021278858, 0.86605835, -0.49994302), (0, 1, -0.00004673004), (-1.1311006e-8, 0.8660581, -0.49994338), (1.1310981e-8, 0.86599714, -0.5000489), (0.000020995736, 0.86599714, -0.50004894), (0, 0.5000479, -0.8659977), (-0.000020995736, 0.50004745, -0.865998), (0, 0.8659969, -0.5000493), (-1.1310974e-8, 0.5000475, -0.86599797), (1.1310978e-8, 0.49994975, -0.8660544), (0.000021278858, 0.49994975, -0.8660544), (0, 0.000053837895, -1), (-0.000021278858, 0.000054180622, -1), (0, 0.49995005, -0.86605424), (-1.1310979e-8, 0.000054195523, -1), (1.1310978e-8, -0.000053837895, -1), (0.000021278858, -0.000053837895, -1), (0, -0.49994975, -0.8660544), (-0.000021271408, -0.49995005, -0.8660543), (0, -0.000054195523, -1), (-1.1310977e-8, -0.49995005, -0.8660543), (1.1310959e-8, -0.5000443, -0.86599994), (0.000021003187, -0.50004405, -0.86600006), (0, -0.86599517, -0.5000525), (-0.000020995736, -0.8659991, -0.5000455), (0, -0.5000511, -0.8659959), (-1.1310966e-8, -0.865999, -0.5000456), (1.1310975e-8, -0.8660522, -0.4999535), (0.000021196902, -0.8660522, -0.4999535), (0, -1, -0.000058159232), (-0.000021196902, -0.99999994, -0.000052422285), (0, -0.86605483, -0.4999489), (-1.1310959e-8, -1, -0.000052660704), (1, -0.000008623365, 0), (1, -0.000008623365, 0), (1, -0.000008623365, 0), (1, 0, 0), (1, 0, 0), (1, 0, 0), (1, 0, 0), (1, 0, 0), (1, 0, 0), (1, 0, 0), (1, 0, 0), (1, 0, 0), (0.99999994, 0, 0), (0.99999994, 0, 0), (0.99999994, 0, 0), (1, 0, 0), (1, 0, 0), (1, 0, 0), (1, -0.0000013474009, 0), (1, -0.0000013474009, 0), (1, -0.0000013474009, 0), (1, 0, 0), (1, 0, 0), (1, 0, 0), (1, 0, 0), (1, 0, 0), (1, 0, 0), (1, 0, 0), (1, 0, 0), (1, 0, 0), (0.99999994, 0, 0), (0.99999994, 0, 0), (0.99999994, 0, 0), (0.99999994, 0, 0), (0.99999994, 0, 0), (0.99999994, 0, 0), (1, 0.000008623363, 0), (1, 0.000008623363, 0), (1, 0.000008623363, 0), (1, 0, 0), (1, 0, 0), (1, 0, 0), (1, 0, 0), (1, 0, 0), (1, 0, 0), (0.99999994, 0, 0), (0.99999994, 0, 0), (0.99999994, 0, 0), (1, 0, 0), (1, 0, 0), (1, 0, 0), (1, 0, 0), (1, 0, 0), (1, 0, 0), (1, 0.0000013474009, 0), (1, 0.0000013474009, 0), (1, 0.0000013474009, 0), (1, 0, 0), (1, 0, 0), (1, 0, 0), (1, 0, 0), (1, 0, 0), (1, 0, 0), (1, 0, 0), (1, 0, 0), (1, 0, 0), (1, 0.000008623375, 0), (1, 0.000008623375, 0), (1, 0.000008623375, 0), (1, -0.0000025870108, 0), (1, -0.0000025870108, 0), (1, -0.0000025870108, 0), (1.13110055e-8, 1, -0.00006261468), (0.0000221394, 1, -0.00006310642), (0, 0.8660501, -0.49995726), (-0.000022150576, 0.8660581, -0.49994332), (0, 0.99999994, -0.00004722178), (-1.1311012e-8, 0.8660578, -0.4999439), (1.1310991e-8, 0.8659959, -0.5000514), (0.000022124499, 0.86599576, -0.5000516), (0, 0.50004566, -0.8659991), (-0.00002214685, 0.5000552, -0.8659935), (0, 0.86600107, -0.5000422), (-1.1311006e-8, 0.5000548, -0.86599374), (1.1310974e-8, 0.4999526, -0.86605257), (0.000022143126, 0.49995267, -0.8660525), (0, 0.000057145953, -0.9999998), (-0.00002214685, 0.000052407384, -0.99999994), (0, 0.4999488, -0.8660549), (-1.1310966e-8, 0.0000526011, -0.99999994), (1.1310974e-8, -0.00005502999, -0.99999994), (0.0000221394, -0.000054985285, -0.99999994), (0, -0.4999508, -0.8660538), (-0.000022120774, -0.49995247, -0.8660528), (0, -0.000056952238, -1), (-1.1310974e-8, -0.49995244, -0.86605287), (1.1310989e-8, -0.50005066, -0.8659962), (0.000022143126, -0.5000509, -0.86599606), (0, -0.86599874, -0.50004625), (-0.000022143126, -0.86599815, -0.5000471), (0, -0.5000497, -0.86599666), (-1.1310972e-8, -0.86599815, -0.50004715), (1.1310984e-8, -0.86605406, -0.49995044), (0.00002214685, -0.8660542, -0.4999503), (0, -1, -0.000054642558), (-0.000022150576, -1, -0.000063717365), (0, -0.8660499, -0.49995774), (-1.1311006e-8, -1, -0.00006315112), (0, 0, 1), (0, 0, 1), (0, 0, 1), (0, 0, 1), (0, 0, 1), (0, 0, 1), (0, 0, 1), (0, 0, 1), (0, 0, 1), (0.0000036590388, 1, 0.000041291118), (0.000009317721, 1, 0.00004130602), (-0.000007789582, 0.92389584, 0.3826441), (0.000007785857, 1.0000001, 0.00004117191), (-0.0000036590388, 0.9238959, 0.382644), (-0.000009317721, 0.9238959, 0.38264397), (0.0000036357885, 0.92386466, 0.38271928), (0.00006544736, 0.9238647, 0.3827191), (-0.000007748604, 0.7071388, 0.7070747), (0.0000077448785, 0.92386156, 0.38272703), (-0.000003635788, 0.707133, 0.70708066), (-0.000009317731, 0.7071328, 0.7070808), (0.0000036357867, 0.707077, 0.7071365), (0.000009317717, 0.70707697, 0.7071366), (-0.000007748604, 0.3827219, 0.9238636), (0.000007748604, 0.70707947, 0.7071341), (-0.000003635787, 0.3827252, 0.9238623), (-0.000009317717, 0.3827253, 0.9238622), (0.000003635787, 0.3826434, 0.92389613), (0.00000931772, 0.38264337, 0.92389613), (-0.000007782131, 0.000040516257, 1.0000001), (0.000007782131, 0.38264436, 0.9238958), (-0.0000036590386, 0.00004155934, 1), (-0.000009317721, 0.00004155934, 1), (0, 1, 0), (0, 1, 0), (0, 1, 0), (0, 1, 0), (0, 1, 0), (0, 1, 0), (-5.375863e-9, 0.9999999, 0.000018626451), (5.401671e-7, 0.99999994, 0.000018693507), (0, 0.9697446, 0.24412137), (-5.438924e-7, 0.9697454, 0.24411863), (0, 1, 0.000015765429), (5.3758598e-9, 0.9697454, 0.24411863), (-5.3758615e-9, 0.9697372, 0.24415119), (5.476177e-7, 0.96973723, 0.24415123), (0, 0.8808038, 0.47348148), (-5.476177e-7, 0.8808052, 0.4734789), (0, 0.9697379, 0.24414837), (5.3758615e-9, 0.88080513, 0.4734789), (-5.375855e-9, 0.88079053, 0.47350624), (5.5879354e-7, 0.8807906, 0.47350618), (0, 0.7385614, 0.6741862), (-5.5134296e-7, 0.7385585, 0.6741895), (0, 0.88078845, 0.4735101), (5.375855e-9, 0.73855853, 0.67418945), (-5.3758598e-9, 0.73853827, 0.6742116), (5.1409006e-7, 0.73853827, 0.6742116), (0, 0.5516196, 0.83409584), (-5.1036477e-7, 0.55162007, 0.83409554), (0, 0.7385386, 0.6742112), (5.3758584e-9, 0.55162, 0.83409554), (-5.3758584e-9, 0.55159235, 0.83411384), (5.9232116e-7, 0.55159235, 0.83411384), (0, 0.33129627, 0.94352674), (-5.9604645e-7, 0.3312961, 0.9435268), (0, 0.5515922, 0.8341139), (5.3758593e-9, 0.3312961, 0.9435268), (-5.3758584e-9, 0.3312669, 0.9435372), (5.1781535e-7, 0.33126688, 0.9435372), (0, 0.09092526, 0.9958578), (-5.2154064e-7, 0.09092482, 0.9958578), (0, 0.3312665, 0.94353724), (5.3758584e-9, 0.09092482, 0.9958577), (0.0000010442097, 0.09093347, 0.99585694), (-0.000008784809, 0.09093347, 0.99585694), (0.0000031329691, 0.44480067, 0.8956295), (-0.0000031329691, 0.09093347, 0.99585694), (-0.0000010442099, 0.44480067, 0.8956296), (0.000008784811, 0.44480067, 0.8956296), (0.0000010442099, 0.4448434, 0.89560837), (-0.000008784812, 0.4448434, 0.89560837), (0.0000031292439, 0.7385329, 0.67421734), (-0.0000031329691, 0.44484442, 0.8956078), (-0.0000010442099, 0.73853374, 0.6742165), (0.000008784811, 0.73853374, 0.6742165), (0.0000010442097, 0.738566, 0.6741812), (-0.000008784809, 0.738566, 0.6741812), (0.000003118068, 0.9323407, 0.36158103), (-0.0000031217933, 0.73856574, 0.6741815), (-0.0000010442097, 0.93234056, 0.3615814), (0.000008784809, 0.93234056, 0.3615814), (0.0000010442099, 0.93235683, 0.3615393), (-0.000008784815, 0.9323568, 0.36153936), (0.000003118068, 0.99999994, 0.000026017427), (-0.0000031106174, 0.93235785, 0.3615368), (-0.0000010442099, 1, 0.000023305416), (0.000008784813, 1, 0.000023260713), (-0.000008720555, 0.86605823, -0.49994317), (-0.000018246472, 0.86512023, -0.50156474), (-0.00002546236, 1, -0.0000539778), (-0.0000044703484, 1, -0.000022947788), (0.0000059604645, 0.86511, -0.5015824), (0.000012533739, 0.9780421, -0.2084073), (-7.357448e-8, 1, 0.000003784895), (0.000009577721, 0.97805804, -0.20833291), (4.4493746e-7, 1, 0.0000039711595), (0.000011761004, 0.49995065, -0.8660538), (-0.00001242011, 0.000054895878, -0.99999994), (0.0000028088689, 0.000054895878, -0.99999994), (0.000003490597, 0.000042665983, -1.0000001), (0.000016244128, 0.41558075, -0.9095563), (0.00001411885, 0.4999708, -0.8660423), (-0.000017464161, 0.50004417, -0.86599994), (0.000010192394, 0.41565168, -0.90952396), (-0.000011276412, 0.49770534, -0.86734617), (-0.000028134527, 0.50003135, -0.8660072), (0.0000034347177, 0.4977029, -0.86734754), (-0.000019996427, 0.86600417, -0.50003666), (5.364418e-7, 0.86601436, -0.5000191), (0.000016603619, 0.49768052, -0.86736035), (0.0000046435744, 0.7912108, -0.6115435), (-0.000020224601, 0.8660506, -0.4999563), (-0.000006016344, 0.7912635, -0.61147535), (3.0989986e-7, 0.86510086, -0.50159794), (0, 1, 0), (0, 1, 0), (0, 1, 0), (0, 1, 0), (0, 1, 0), (0, 1, 0), (0, 1, 0), (0, 1, 0), (0, 1, 0), (0, 1, 0), (0, 1, 0), (0, 1, 0), (-1, 0.00002580711, 0), (-1, 0.00002580711, 0), (-1, 0.00002580711, 0), (-1, 0, 0), (-1, 0, 0), (-1, 0, 0), (-1, 0, 0), (-1, 0, 0), (-1, 0, 0), (-1, 0, 0), (-1, 0, 0), (-1, 0, 0), (-1, 8.582247e-7, 0), (-1, 8.582247e-7, 0), (-1, 8.582247e-7, 0), (-1, -0.0000031854818, 0), (-1, -0.0000031854818, 0), (-1, -0.0000031854818, 0), (-1, 0, 0), (-1, 0, 0), (-1, 0, 0), (-1, 7.402648e-7, 0), (-1, 7.402648e-7, 0), (-1, 7.402648e-7, 0), (-1, -2.790367e-7, 0), (-1, -2.790367e-7, 0), (-1, -2.790367e-7, 0), (-1, 7.532385e-7, 0), (-1, 7.532385e-7, 0), (-1, 7.532385e-7, 0), (-1, -0.0000018150962, 0), (-1, -0.0000018150962, 0), (-1, -0.0000018150962, 0), (-1, 6.2705243e-7, 0), (-1, 6.2705243e-7, 0), (-1, 6.2705243e-7, 0), (-1, 0, 0), (-1, 0, 0), (-1, 0, 0), (-1, 0, 0), (-1, 0, 0), (-1, 0, 0), (-1, 0, 0), (-1, 0, 0), (-1, 0, 0), (-1, 0, 0), (-1, 0, 0), (-1, 0, 0), (-1, -0.0000013710694, 0), (-1, -0.0000013710694, 0), (-1, -0.0000013710694, 0), (-1, 8.9093805e-7, 0), (-1, 8.9093805e-7, 0), (-1, 8.9093805e-7, 0), (-1, 0, 0), (-1, 0, 0), (-1, 0, 0), (-1, 0.000002438605, 0), (-1, 0.000002438605, 0), (-1, 0.000002438605, 0), (-1, 0, 0), (-1, 0, 0), (-1, 0, 0), (-1, 0, 0), (-1, 0, 0), (-1, 0, 0), (-1, -0.0000022949246, 0), (-1, -0.0000022949246, 0), (-1, -0.0000022949246, 0), (-1, 0, 0), (-1, 0, 0), (-1, 0, 0), (-1, -0.0000042171882, 0), (-1, -0.0000042171882, 0), (-1, -0.0000042171882, 0), (-1, 0, 0), (-1, 0, 0), (-1, 0, 0), (-0.99999994, 0, 0), (-0.99999994, 0, 0), (-0.99999994, 0, 0), (-1, 0, 0), (-1, 0, 0), (-1, 0, 0), (-1, 4.5960803e-7, 0), (-1, 4.5960803e-7, 0), (-1, 4.5960803e-7, 0), (-1, 0, 0), (-1, 0, 0), (-1, 0, 0), (-1, 0, 0), (-1, 0, 0), (-1, 0, 0), (-0.99999994, 0, 0), (-0.99999994, 0, 0), (-0.99999994, 0, 0), (-0.99999994, 3.936225e-7, 0), (-0.99999994, 3.936225e-7, 0), (-0.99999994, 3.936225e-7, 0), (-1, 0, 0), (-1, 0, 0), (-1, 0, 0), (-1, 0, 0), (-1, 0, 0), (-1, 0, 0), (-0.99999994, 0, 0), (-0.99999994, 0, 0), (-0.99999994, 0, 0), (-1, 0, 0), (-1, 0, 0), (-1, 0, 0), (-1, -4.4786816e-8, 0), (-1, -4.4786816e-8, 0), (-1, -4.4786816e-8, 0), (-0.99999994, 0.0000062928007, 0), (-0.99999994, 0.0000062928007, 0), (-0.99999994, 0.0000062928007, 0), (-0.99999994, 0, 0), (-0.99999994, 0, 0), (-0.99999994, 0, 0), (-1, 0, 0), (-1, 0, 0), (-1, 0, 0), (-1, -7.90762e-7, 0), (-1, -7.90762e-7, 0), (-1, -7.90762e-7, 0), (-1, -2.216851e-7, 0), (-1, -2.216851e-7, 0), (-1, -2.216851e-7, 0), (-1, 0, 0), (-1, 0, 0), (-1, 0, 0), (-1, 0, 0), (-1, 0, 0), (-1, 0, 0), (-1, 0.000002844675, 0), (-1, 0.000002844675, 0), (-1, 0.000002844675, 0), (-0.99999994, -0.0000015053287, 0), (-0.99999994, -0.0000015053287, 0), (-0.99999994, -0.0000015053287, 0), (-1, 0, 0), (-1, 0, 0), (-1, 0, 0), (-1, 7.9786946e-7, 0), (-1, 7.9786946e-7, 0), (-1, 7.9786946e-7, 0), (-1, 0, 0), (-1, 0, 0), (-1, 0, 0), (-1, 0, 0), (-1, 0, 0), (-1, 0, 0), (-1, 0, 0), (-1, 0, 0), (-1, 0, 0), (-1, 0, 0), (-1, 0, 0), (-1, 0, 0), (-1, 0, 0), (-1, 0, 0), (-1, 0, 0), (-1, 0, 0), (-1, 0, 0), (-1, 0, 0), (-1, 0, 0), (-1, 0, 0), (-1, 0, 0), (-1, -5.691188e-7, 0), (-1, -5.691188e-7, 0), (-1, -5.691188e-7, 0), (-1, 0.0000022914337, 0), (-1, 0.0000022914337, 0), (-1, 0.0000022914337, 0), (-1, -0.0000040321816, 0), (-1, -0.0000040321816, 0), (-1, -0.0000040321816, 0), (-0.99999994, 0, 0), (-0.99999994, 0, 0), (-0.99999994, 0, 0), (-1, -9.289321e-7, 0), (-1, -9.289321e-7, 0), (-1, -9.289321e-7, 0), (-1, 3.3019015e-7, 0), (-1, 3.3019015e-7, 0), (-1, 3.3019015e-7, 0), (0.00001895149, -0.00005246699, 0.99999994), (0.00008682667, -0.000052392483, 0.9999999), (-0.0000019818544, -0.49994844, 0.8660551), (0.0000019855797, -0.000056892633, 1), (-0.000018982337, -0.4999522, 0.86605304), (-0.00001236151, -0.49995238, 0.8660529), (0.000019013185, -0.5000475, 0.8659979), (0.000012361504, -0.50004745, 0.8659979), (-0.0000021234155, -0.86599684, 0.50004935), (0.0000021271408, -0.5000478, 0.8659978), (-0.000019013181, -0.865997, 0.50004905), (-0.00008682661, -0.86599696, 0.5000491), (0.000018951494, -0.8660498, 0.49995756), (0.000012361534, -0.86604947, 0.49995816), (-0.0000019744039, -0.99999994, 0.00006362796), (0.0000019781291, -0.8660576, 0.4999444), (-0.000018951494, -1, 0.00004810095), (-0.000012361523, -1, 0.000047698617), (1, 0, 0), (1, 0, 0), (1, 0, 0), (1, 0.000030169907, -0.0001077684), (1, 0.000030169907, -0.0001077684), (1, 0.000030169907, -0.0001077684), (1, 0.000103320024, 0.00008108505), (1, 0.000103320024, 0.00008108505), (1, 0.000103320024, 0.00008108505), (0.9999999, 0.000029579634, -0.0000119841425), (0.99999994, 0.000029504765, -0.000012088334), (0.99999994, 0.000029552146, -0.000012001954), (1, 0.000085519765, -0.00005427429), (1, 0.000085519765, -0.00005427429), (1, 0.000085519765, -0.00005427429), (1, -0.00001980449, -0.000049344053), (1, -0.00001980449, -0.000049344053), (1, -0.00001980449, -0.000049344053), (1, -0.00003854946, -0.000009519721), (1, -0.00003854946, -0.000009519721), (1, -0.00003854946, -0.000009519721), (1, -0.000018653163, -0.000017357632), (1, -0.000018653163, -0.000017357632), (1, -0.000018653163, -0.000017357632), (1, 0.000125328, -0.000052051717), (1, 0.000125328, -0.000052051717), (1, 0.000125328, -0.000052051717), (1, 5.558304e-7, 0), (1, 5.558304e-7, 0), (1, 5.558304e-7, 0), (1, 0.000113974726, -0.00002227134), (1, 0.000113974726, -0.00002227134), (1, 0.000113974726, -0.00002227134), (0.99999994, -0.00003331612, 0), (0.99999994, -0.00003331612, 0), (0.99999994, -0.00003331612, 0), (0.99999994, 0, 0), (0.99999994, 0, 0), (0.99999994, 0, 0), (1, -0.000060731585, 0.00022914376), (1, -0.00006073725, 0.00022914268), (1, -0.000060750244, 0.00022913907), (1, 0.00003334583, -0.00003550388), (1, 0.00003319845, -0.000035458477), (1, 0.00003297464, -0.000035569537), (0.9999991, 0.0013401161, -0.00019619334), (0.99999905, 0.0013623722, -0.00020381808), (0.999999, 0.0013840161, -0.0002548471), (1, -3.93414e-7, 0), (1, -3.93414e-7, 0), (1, -3.93414e-7, 0), (1, 0, 0), (1, 0, 0), (1, 0, 0), (1, 0, 0), (1, 0, 0), (1, 0, 0), (0.99999994, 0.000014348129, 0.00003801188), (0.99999994, 0.000014348129, 0.00003801188), (0.99999994, 0.000014348129, 0.00003801188), (1, 0.000010317788, 0), (1, 0.000010317788, 0), (1, 0.000010317788, 0), (1, 0.000007879691, 0.000017587876), (1, 0.000007879691, 0.000017587876), (1, 0.000007879691, 0.000017587876), (1, 0, -0.0000012753915), (1, 0, -0.0000012753915), (1, 0, -0.0000012753915), (1, -0.000030442865, 0.0000068299782), (1, -0.000030442865, 0.0000068299782), (1, -0.000030442865, 0.0000068299782), (0.99999994, -0.00003241282, 0.000011488258), (0.99999994, -0.00003241282, 0.000011488258), (0.99999994, -0.00003241282, 0.000011488258), (1, -0.00006463497, -0.000025624415), (1, -0.00006463497, -0.000025624415), (1, -0.00006463497, -0.000025624415), (1, 0.000021130927, 0.0000059282816), (1, 0.000021130927, 0.0000059282816), (1, 0.000021130927, 0.0000059282816), (1, -0.000013970162, -0.000007883129), (1, -0.000013970162, -0.000007883129), (1, -0.000013970162, -0.000007883129), (1, -0.00003980447, -0.000021147487), (1, -0.00003980447, -0.000021147487), (1, -0.00003980447, -0.000021147487), (0.9999908, 0.004264381, -0.0001644101), (0.9999911, 0.004182145, -0.00017177314), (0.9999913, 0.0041511133, -0.00008474663), (1, -0.000002215302, 0), (1, -0.000002215302, 0), (1, -0.000002215302, 0), (1, 0, 0), (1, 0, 0), (1, 0, 0), (1, 0, 0), (1, 0, 0), (1, 0, 0), (1, 0.00006256974, 0.000015597292), (1, 0.00006256974, 0.000015597292), (1, 0.00006256974, 0.000015597292), (1, 0, 0), (1, 0, 0), (1, 0, 0), (1, 2.9973697e-7, 0), (1, 2.9973697e-7, 0), (1, 2.9973697e-7, 0), (1, 0, 0), (1, 0, 0), (1, 0, 0), (1, -5.898253e-7, 0), (1, -5.898253e-7, 0), (1, -5.898253e-7, 0), (1, 0, 0), (1, 0, 0), (1, 0, 0), (1, 0.00000214613, 0), (1, 0.00000214613, 0), (1, 0.00000214613, 0), (1, -0.0000017234108, 0), (1, -0.0000017234108, 0), (1, -0.0000017234108, 0), (1, 0, 0), (1, 0, 0), (1, 0, 0), (1, 0.0000027165868, 0), (1, 0.0000027165868, 0), (1, 0.0000027165868, 0), (1, -5.023165e-7, 0), (1, -5.023165e-7, 0), (1, -5.023165e-7, 0), (1, -0.0000026924126, 0), (1, -0.0000026924126, 0), (1, -0.0000026924126, 0), (1, 8.8710357e-7, 0), (1, 8.8710357e-7, 0), (1, 8.8710357e-7, 0), (1, 5.267893e-7, 0), (1, 5.267893e-7, 0), (1, 5.267893e-7, 0), (1, 0, 0), (1, 0, 0), (1, 0, 0), (1, 0, 0), (1, 0, 0), (1, 0, 0), (1, -4.1622772e-7, 0), (1, -4.1622772e-7, 0), (1, -4.1622772e-7, 0), (1, 0, 0), (1, 0, 0), (1, 0, 0), (1, 2.865291e-7, 0), (1, 2.865291e-7, 0), (1, 2.865291e-7, 0), (1, 2.9859984e-7, 0), (1, 2.9859984e-7, 0), (1, 2.9859984e-7, 0), (1, 0, 0), (1, 0, 0), (1, 0, 0), (1, -5.580117e-7, 0), (1, -5.580117e-7, 0), (1, -5.580117e-7, 0), (1, 0.000003598313, 0), (1, 0.000003598313, 0), (1, 0.000003598313, 0), (1, -0.000038535458, 0), (1, -0.000038535458, 0), (1, -0.000038535458, 0), (1, 0.0000023818966, 0), (1, 0.0000023818966, 0), (1, 0.0000023818966, 0), (1, 0, 0), (1, 0, 0), (1, 0, 0), (1, -0.000001962584, 0), (1, -0.000001962584, 0), (1, -0.000001962584, 0), (1, -2.3561736e-7, 0), (1, -2.3561736e-7, 0), (1, -2.3561736e-7, 0), (1, 0.0000010422866, 0), (1, 0.0000010422866, 0), (1, 0.0000010422866, 0), (0.99999994, 0, 0), (0.99999994, 0, 0), (0.99999994, 0, 0), (1, 0, 0), (1, 0, 0), (1, 0, 0), (1, 0, 0), (1, 0, 0), (1, 0, 0), (1, 0, 0), (1, 0, 0), (1, 0, 0), (1, 0, 0), (1, 0, 0), (1, 0, 0), (1, 0, 0), (1, 0, 0), (1, 0, 0), (1, -6.415932e-7, 0), (1, -6.415932e-7, 0), (1, -6.415932e-7, 0), (1, 0, 0), (1, 0, 0), (1, 0, 0), (1, 0, 0), (1, 0, 0), (1, 0, 0), (1, 0, 0), (1, 0, 0), (1, 0, 0), (1, 0, 0), (1, 0, 0), (1, 0, 0), (1, 0, 0), (1, 0, 0), (1, 0, 0), (1, 0, 0), (1, 0, 0), (1, 0, 0), (1, 6.2244686e-7, 0), (1, 6.2244686e-7, 0), (1, 6.2244686e-7, 0), (1, 0.0000018193837, 0), (1, 0.0000018193837, 0), (1, 0.0000018193837, 0), (1, 0, 0), (1, 0, 0), (1, 0, 0), (1, -4.5702313e-7, 0), (1, -4.5702313e-7, 0), (1, -4.5702313e-7, 0), (1, 0, 0), (1, 0, 0), (1, 0, 0), (1, 0, 0), (1, 0, 0), (1, 0, 0), (0.99999994, 0, 0), (0.99999994, 0, 0), (0.99999994, 0, 0), (0.99999994, 0, 0), (0.99999994, 0, 0), (0.99999994, 0, 0), (1, 0, 0), (1, 0, 0), (1, 0, 0), (1, 5.5799836e-7, 0), (1, 5.5799836e-7, 0), (1, 5.5799836e-7, 0), (0.99999994, 0, 0), (0.99999994, 0, 0), (0.99999994, 0, 0), (0.99999994, 0, 0), (0.99999994, 0, 0), (0.99999994, 0, 0), (1, 0.000008479876, 0), (1, 0.000008479876, 0), (1, 0.000008479876, 0), (1, 0, 0), (1, 0, 0), (1, 0, 0), (1, 0, 0), (1, 0, 0), (1, 0, 0), (1, 0, 0), (1, 0, 0), (1, 0, 0), (1, 0, 0), (1, 0, 0), (1, 0, 0), (1, -6.422929e-7, 0), (1, -6.422929e-7, 0), (1, -6.422929e-7, 0), (1, 0, 0), (1, 0, 0), (1, 0, 0), (1, 0, 0), (1, 0, 0), (1, 0, 0), (1, -0.0000019517518, 0), (1, -0.0000019517518, 0), (1, -0.0000019517518, 0), (1, 0, 0), (1, 0, 0), (1, 0, 0), (0.99999994, 0.00011340744, -0.00008699953), (0.99999994, 0.00011340744, -0.00008699953), (0.99999994, 0.00011340744, -0.00008699953), (1, 0.000080017606, -0.000019616564), (1, 0.000080061174, -0.000019401166), (1, 0.00008002878, -0.00001956959), (1, 0.000090188456, -0.00004937249), (1, 0.000090188456, -0.00004937249), (1, 0.000090188456, -0.00004937249), (1, -0.000052375675, -0.000027685584), (1, -0.000052375675, -0.000027685584), (1, -0.000052375675, -0.000027685584), (1, 0, -0.000020560936), (1, 0, -0.000020560936), (1, 0, -0.000020560936), (0.99999994, 0.000015237369, -0.0000032645185), (1, 0.000015230151, -0.000003316556), (0.99999994, 0.000015398022, -0.0000032165553), (1, 0.000042063977, -0.00009748634), (1, 0.000042063977, -0.00009748634), (1, 0.000042063977, -0.00009748634), (1, -0.000012186205, 0), (1, -0.000012186205, 0), (1, -0.000012186205, 0), (0.9999819, 0.006008379, -0.00009780936), (0.99998134, 0.0061028674, -0.00018385798), (0.999981, 0.0061505213, -0.00024693087), (1, -0.00000209481, 0), (1, -0.00000209481, 0), (1, -0.00000209481, 0), (1, 0, 0), (1, 0, 0), (1, 0, 0), (1, 0, 0), (1, 0, 0), (1, 0, 0), (1, 0.000049400136, 0.000016851274), (1, 0.000049400136, 0.000016851274), (1, 0.000049400136, 0.000016851274), (1, -0.000018509949, -0.000050318344), (1, -0.000018509949, -0.000050318344), (1, -0.000018509949, -0.000050318344), (1, 0.0000100898, 0.000018449697), (1, 0.0000100898, 0.000018449697), (1, 0.0000100898, 0.000018449697), (1, -0.0000066709863, -0.000018131903), (1, -0.0000066709863, -0.000018131903), (1, -0.0000066709863, -0.000018131903), (1, 0, 0), (1, 0, 0), (1, 0, 0), (1, -0.000046304645, 0.000033629138), (1, -0.000046304645, 0.000033629138), (1, -0.000046304645, 0.000033629138), (1, 0.00012701008, -0.000085220345), (1, 0.00012701008, -0.000085220345), (1, 0.00012701008, -0.000085220345), (1, 0, 0), (1, 0, 0), (1, 0, 0), (1, 0.000016261678, 0.000006635902), (1, 0.000016261678, 0.000006635902), (1, 0.000016261678, 0.000006635902), (1, 0, -5.882567e-7), (1, 0, -5.882567e-7), (1, 0, -5.882567e-7), (1, -0.000012898566, -0.0000068853924), (1, -0.000012898566, -0.0000068853924), (1, -0.000012898566, -0.0000068853924), (1, 0, 0), (1, 0, 0), (1, 0, 0), (0.99999994, -0.000031958312, -0.00001112135), (0.99999994, -0.000031958312, -0.00001112135), (0.99999994, -0.000031958312, -0.00001112135), (1, 0, 0.0000029566274), (1, 0, 0.0000029566274), (1, 0, 0.0000029566274), (1, 0.0001105982, 0.000027506754), (1, 0.0001105982, 0.000027506754), (1, 0.0001105982, 0.000027506754), (1, 0.0001587019, 0.00004365387), (1, 0.0001587019, 0.00004365387), (1, 0.0001587019, 0.00004365387), (0.9999998, 0.000043645967, -0.0004299467), (0.9999998, 0.0000134035945, -0.00044614077), (0.9999999, 0.000067224726, -0.000425715), (1, 0.000001305598, 0), (1, 0.000001305598, 0), (1, 0.000001305598, 0), (1, 0, 0), (1, 0, 0), (1, 0, 0), (1, 0, 0), (1, 0, 0), (1, 0, 0), (1, 0.0000179113, 0.000038590097), (1, 0.0000179113, 0.000038590097), (1, 0.0000179113, 0.000038590097), (0, 0, -1), (0, 0, -1), (0, 0, -1), (-0.0000027152253, 0, -1), (-0.0000027152253, 0, -1), (-0.0000027152253, 0, -1), (0, 0, -0.99999994), (0, 0, -0.99999994), (0, 0, -0.99999994), (-0.94055, 0.00007633501, -0.33965528), (-0.94055, 0.00007633501, -0.33965528), (-0.94055, 0.00007633501, -0.33965528), (-0.9405564, 0, -0.33963755), (-0.9405564, 0, -0.33963755), (-0.9405564, 0, -0.33963755), (-0.9405536, 0, -0.33964506), (-0.9405536, 0, -0.33964506), (-0.9405536, 0, -0.33964506), (-0.9405549, -8.3882935e-7, -0.33964187), (-0.9405549, -8.3882935e-7, -0.33964187), (-0.9405549, -8.3882935e-7, -0.33964187), (-0.94055367, -0.000009556433, -0.33964518), (-0.94055367, -0.000009556433, -0.33964518), (-0.94055367, -0.000009556433, -0.33964518), (-0.94055736, 0.000010917107, -0.33963516), (-0.94055736, 0.000010917107, -0.33963516), (-0.94055736, 0.000010917107, -0.33963516), (-0.94055265, -0.000022160337, -0.33964798), (-0.94055265, -0.000022160337, -0.33964798), (-0.94055265, -0.000022160337, -0.33964798), (-0.94055337, -0.000007826303, -0.3396459), (-0.94055337, -0.000007826303, -0.3396459), (-0.94055337, -0.000007826303, -0.3396459), (-0.94055307, 0.00001938665, -0.33964667), (-0.94055307, 0.00001938665, -0.33964667), (-0.94055307, 0.00001938665, -0.33964667), (-0.940554, -0.0000016342531, -0.33964407), (-0.940554, -0.0000016342531, -0.33964407), (-0.940554, -0.0000016342531, -0.33964407), (-0.94055057, -0.0000069727225, -0.33965352), (-0.94055057, -0.0000069727225, -0.33965352), (-0.94055057, -0.0000069727225, -0.33965352), (-0.94055307, 0.0000040903037, -0.33964655), (-0.94055307, 0.0000040903037, -0.33964655), (-0.94055307, 0.0000040903037, -0.33964655), (-0.94055504, 0.000006460695, -0.3396411), (-0.94055504, 0.000006460695, -0.3396411), (-0.94055504, 0.000006460695, -0.3396411), (-0.94056195, -0.000026120746, -0.339622), (-0.94056195, -0.00002610177, -0.33962196), (-0.94056195, -0.0000261612, -0.33962205), (-0.940545, 0.00007200574, -0.33966908), (-0.940545, 0.00007200574, -0.33966908), (-0.940545, 0.00007200574, -0.33966908), (-0.9405518, 0.000009556438, -0.33965015), (-0.9405518, 0.000009556438, -0.33965015), (-0.9405518, 0.000009556438, -0.33965015), (-0.9405542, 0.000009272848, -0.33964354), (-0.9405542, 0.000009272848, -0.33964354), (-0.9405542, 0.000009272848, -0.33964354), (-0.94047374, 0.000045052926, -0.33986637), (-0.94047374, 0.000045025256, -0.33986637), (-0.9404738, 0.00004504587, -0.33986637), (-0.94055295, 0, -0.3396469), (-0.94055295, 0, -0.3396469), (-0.94055295, 0, -0.3396469), (-0.94055384, 0.000006972747, -0.3396447), (-0.94055384, 0.000006972747, -0.3396447), (-0.94055384, 0.000006972747, -0.3396447), (-0.9405538, 0.0000021790086, -0.3396448), (-0.9405538, 0.0000021790086, -0.3396448), (-0.9405538, 0.0000021790086, -0.3396448), (-0.9405534, -0.000009418909, -0.33964586), (-0.9405534, -0.000009418909, -0.33964586), (-0.9405534, -0.000009418909, -0.33964586), (-0.94054097, -0.00005522866, -0.3396802), (-0.94054097, -0.00005522866, -0.3396802), (-0.94054097, -0.00005522866, -0.3396802), (-0.94055104, 0.0000046958053, -0.3396523), (-0.94055104, 0.0000046958053, -0.3396523), (-0.94055104, 0.0000046958053, -0.3396523), (-0.9405837, 0.0001248508, -0.339562), (-0.9405837, 0.0001248508, -0.339562), (-0.9405837, 0.0001248508, -0.339562), (-0.9405522, -0.000010047966, -0.33964926), (-0.9405522, -0.000010047966, -0.33964926), (-0.9405522, -0.000010047966, -0.33964926), (-0.9405524, -0.000023860533, -0.33964872), (-0.9405524, -0.000023860533, -0.33964872), (-0.9405524, -0.000023860533, -0.33964872), (-0.94055426, 0.000006847972, -0.3396435), (-0.94055426, 0.000006847972, -0.3396435), (-0.94055426, 0.000006847972, -0.3396435), (-0.94055396, -0.00001059723, -0.33964425), (-0.94055396, -0.00001059723, -0.33964425), (-0.94055396, -0.00001059723, -0.33964425), (-0.940557, -2.9751808e-7, -0.33963594), (-0.940557, -2.9751808e-7, -0.33963594), (-0.940557, -2.9751808e-7, -0.33963594), (-0.9405541, 2.1149594e-7, -0.33964399), (-0.9405541, 2.1149594e-7, -0.33964399), (-0.9405541, 2.1149594e-7, -0.33964399), (-0.9405533, -5.863097e-7, -0.33964628), (-0.9405533, -5.863097e-7, -0.33964628), (-0.9405533, -5.863097e-7, -0.33964628), (-0.9405527, 3.0831245e-7, -0.33964768), (-0.9405527, 3.0831245e-7, -0.33964768), (-0.9405527, 3.0831245e-7, -0.33964768), (-0.9405538, 0, -0.33964488), (-0.9405538, 0, -0.33964488), (-0.9405538, 0, -0.33964488), (-0.9405539, 0, -0.33964464), (-0.9405539, 0, -0.33964464), (-0.9405539, 0, -0.33964464), (-0.94055027, 4.1109115e-7, -0.3396546), (-0.94055027, 4.1109115e-7, -0.3396546), (-0.94055027, 4.1109115e-7, -0.3396546), (-0.9405557, -1.0069469e-7, -0.33963957), (-0.9405557, -1.0069469e-7, -0.33963957), (-0.9405557, -1.0069469e-7, -0.33963957), (-0.94055367, 0, -0.33964506), (-0.94055367, 0, -0.33964506), (-0.94055367, 0, -0.33964506), (-0.94055367, 0.0000014713823, -0.3396453), (-0.94055367, 0.0000014713823, -0.3396453), (-0.94055367, 0.0000014713823, -0.3396453), (-0.94055396, 0, -0.3396444), (-0.94055396, 0, -0.3396444), (-0.94055396, 0, -0.3396444), (-0.9405549, -0.000014913166, -0.3396418), (-0.9405549, -0.000014913166, -0.3396418), (-0.9405549, -0.000014913166, -0.3396418), (-0.9405544, 0.000010597235, -0.33964306), (-0.9405544, 0.000010597235, -0.33964306), (-0.9405544, 0.000010597235, -0.33964306), (0.000003745572, -0.000032953918, -1), (0.0000045802444, -0.000032909214, -1.0000001), (-0.000003824476, -0.16807039, -0.98577505), (0.000004044734, -0.16813296, -0.9857643), (0.000008568168, -0.000055664612, -1.0000001), (0.000004798174, -0.4999472, -0.86605597), (0.000008825213, -0.16817604, -0.98575705), (-0.000004440417, -0.4999737, -0.8660406), (-0.000006299466, -0.501597, -0.8651015), (-0.000011910986, -0.5016138, -0.8650916), (-0.000014403835, -0.49998957, -0.8660314), (-0.0000128299, -0.5654068, -0.82481223), (-0.0000057583675, -0.56548595, -0.8247578), (-0.000009035692, -0.5000325, -0.8660066), (0.000013105571, -0.8660109, -0.5000248), (2.9802322e-7, -0.5654482, -0.8247838), (-0.000017076145, -0.8659941, -0.50005424), (-0.000024776906, -0.86697614, -0.49834964), (-0.000008659836, -0.8669842, -0.49833566), (0.000010638498, -0.86600065, -0.5000428), (0.000002399087, -0.88772285, -0.46037817), (0.0000118734315, -0.8877635, -0.46029997), (0.0000024973415, -0.8660432, -0.4999692), (0.000012509525, -0.99999994, -0.000019088387), (-0.000003091991, -0.8877566, -0.4603133), (0.000004726371, -1, -0.000019282103), (-0.000006519258, -0.99999994, -0.000019136816), (0, -1, 0), (0, -1, 0), (0, -1, 0), (0, -1, 0), (0, -1, 0), (0, -1, 0), (0, -1, 0), (0, -1, 0), (0, -1, 0), (0, -1, 0), (0, -1, 0), (0, -1, 0)] (
                interpolation = "faceVarying"
            )
            point3f[] points = [(0.03430545, -0.052949145, -0.05498091), (0.038349833, -0.052949145, -0.05352044), (0.03458566, -0.052728087, -0.055756867), (0.03458566, -0.052728087, -0.055756867), (0.038349833, -0.052949145, -0.05352044), (0.038630042, -0.052728087, -0.054296397), (0.03458566, -0.052728087, -0.055756867), (0.038630042, -0.052728087, -0.054296397), (0.034790784, -0.052124143, -0.056324907), (0.034790784, -0.052124143, -0.056324907), (0.038630042, -0.052728087, -0.054296397), (0.038835164, -0.052124143, -0.054864436), (0.034790784, -0.052124143, -0.056324907), (0.038835164, -0.052124143, -0.054864436), (0.034865864, -0.05129914, -0.056532826), (0.034865864, -0.05129914, -0.056532826), (0.038835164, -0.052124143, -0.054864436), (0.038910247, -0.05129914, -0.055072352), (0.034865864, -0.05129914, -0.056532826), (0.038910247, -0.05129914, -0.055072352), (0.034790784, -0.050474137, -0.056324907), (0.034790784, -0.050474137, -0.056324907), (0.038910247, -0.05129914, -0.055072352), (0.038835164, -0.050474137, -0.054864436), (0.034790784, -0.050474137, -0.056324907), (0.038835164, -0.050474137, -0.054864436), (0.03458566, -0.049870193, -0.055756867), (0.03458566, -0.049870193, -0.055756867), (0.038835164, -0.050474137, -0.054864436), (0.038630042, -0.049870193, -0.054296397), (0.03458566, -0.049870193, -0.055756867), (0.038630042, -0.049870193, -0.054296397), (0.03430545, -0.049649134, -0.05498091), (0.03430545, -0.049649134, -0.05498091), (0.038630042, -0.049870193, -0.054296397), (0.038349833, -0.049649134, -0.05352044), (0.03430545, -0.049649134, -0.05498091), (0.038349833, -0.049649134, -0.05352044), (0.034025244, -0.049870193, -0.054204952), (0.034025244, -0.049870193, -0.054204952), (0.038349833, -0.049649134, -0.05352044), (0.03806963, -0.049870193, -0.05274448), (0.034025244, -0.049870193, -0.054204952), (0.03806963, -0.049870193, -0.05274448), (0.03382012, -0.050474137, -0.053636912), (0.03382012, -0.050474137, -0.053636912), (0.03806963, -0.049870193, -0.05274448), (0.037864503, -0.050474137, -0.052176442), (0.03382012, -0.050474137, -0.053636912), (0.037864503, -0.050474137, -0.052176442), (0.03374504, -0.05129914, -0.053428996), (0.03374504, -0.05129914, -0.053428996), (0.037864503, -0.050474137, -0.052176442), (0.03778942, -0.05129914, -0.051968526), (0.03374504, -0.05129914, -0.053428996), (0.03778942, -0.05129914, -0.051968526), (0.03382012, -0.052124143, -0.053636912), (0.03382012, -0.052124143, -0.053636912), (0.03778942, -0.05129914, -0.051968526), (0.037864503, -0.052124143, -0.052176442), (0.03382012, -0.052124143, -0.053636912), (0.037864503, -0.052124143, -0.052176442), (0.034025244, -0.052728087, -0.054204952), (0.034025244, -0.052728087, -0.054204952), (0.037864503, -0.052124143, -0.052176442), (0.03806963, -0.052728087, -0.05274448), (0.034025244, -0.052728087, -0.054204952), (0.03806963, -0.052728087, -0.05274448), (0.03430545, -0.052949145, -0.05498091), (0.03430545, -0.052949145, -0.05498091), (0.03806963, -0.052728087, -0.05274448), (0.038349833, -0.052949145, -0.05352044), (0.038835164, -0.050474137, -0.054864436), (0.039232258, -0.049799144, -0.05596407), (0.038630042, -0.049870193, -0.054296397), (0.038630042, -0.049870193, -0.054296397), (0.039232258, -0.049799144, -0.05596407), (0.0388593, -0.048701063, -0.05493127), (0.038630042, -0.049870193, -0.054296397), (0.0388593, -0.048701063, -0.05493127), (0.038349833, -0.049649134, -0.05352044), (0.038349833, -0.049649134, -0.05352044), (0.0388593, -0.048701063, -0.05493127), (0.038349833, -0.048299134, -0.05352044), (0.038349833, -0.049649134, -0.05352044), (0.038349833, -0.048299134, -0.05352044), (0.03806963, -0.049870193, -0.05274448), (0.03806963, -0.049870193, -0.05274448), (0.038349833, -0.048299134, -0.05352044), (0.037840366, -0.048701063, -0.05210961), (0.03806963, -0.049870193, -0.05274448), (0.037840366, -0.048701063, -0.05210961), (0.037864503, -0.050474137, -0.052176442), (0.037864503, -0.050474137, -0.052176442), (0.037840366, -0.048701063, -0.05210961), (0.037467413, -0.049799144, -0.05107681), (0.037864503, -0.050474137, -0.052176442), (0.037467413, -0.049799144, -0.05107681), (0.03778942, -0.05129914, -0.051968526), (0.03778942, -0.05129914, -0.051968526), (0.037467413, -0.049799144, -0.05107681), (0.0373309, -0.05129914, -0.050698776), (0.03778942, -0.05129914, -0.051968526), (0.0373309, -0.05129914, -0.050698776), (0.037864503, -0.052124143, -0.052176442), (0.037864503, -0.052124143, -0.052176442), (0.0373309, -0.05129914, -0.050698776), (0.037467413, -0.052799135, -0.05107681), (0.037864503, -0.052124143, -0.052176442), (0.037467413, -0.052799135, -0.05107681), (0.03806963, -0.052728087, -0.05274448), (0.03806963, -0.052728087, -0.05274448), (0.037467413, -0.052799135, -0.05107681), (0.037840366, -0.053897217, -0.05210961), (0.03806963, -0.052728087, -0.05274448), (0.037840366, -0.053897217, -0.05210961), (0.038349833, -0.052949145, -0.05352044), (0.038349833, -0.052949145, -0.05352044), (0.037840366, -0.053897217, -0.05210961), (0.038349833, -0.05429914, -0.05352044), (0.038349833, -0.052949145, -0.05352044), (0.038349833, -0.05429914, -0.05352044), (0.038630042, -0.052728087, -0.054296397), (0.038630042, -0.052728087, -0.054296397), (0.038349833, -0.05429914, -0.05352044), (0.0388593, -0.053897217, -0.05493127), (0.038630042, -0.052728087, -0.054296397), (0.0388593, -0.053897217, -0.05493127), (0.038835164, -0.052124143, -0.054864436), (0.038835164, -0.052124143, -0.054864436), (0.0388593, -0.053897217, -0.05493127), (0.039232258, -0.052799135, -0.05596407), (0.038835164, -0.052124143, -0.054864436), (0.039232258, -0.052799135, -0.05596407), (0.038910247, -0.05129914, -0.055072352), (0.038910247, -0.05129914, -0.055072352), (0.039232258, -0.052799135, -0.05596407), (0.039368767, -0.05129914, -0.056342103), (0.038910247, -0.05129914, -0.055072352), (0.039368767, -0.05129914, -0.056342103), (0.038835164, -0.050474137, -0.054864436), (0.038835164, -0.050474137, -0.054864436), (0.039368767, -0.05129914, -0.056342103), (0.039232258, -0.049799144, -0.05596407), (0.04105565, -0.052883223, -0.05525204), (0.04105563, -0.0527924, -0.055284128), (0.039232258, -0.052799135, -0.05596407), (0.039232258, -0.049799144, -0.05596407), (0.041055463, -0.049845517, -0.055218212), (0.0388593, -0.048701063, -0.05493127), (0.0388593, -0.048701063, -0.05493127), (0.041055463, -0.049845517, -0.055218212), (0.041055452, -0.04922153, -0.054844335), (0.041055452, -0.04922153, -0.054844335), (0.04105551, -0.04905206, -0.054656632), (0.0388593, -0.048701063, -0.05493127), (0.0388593, -0.048701063, -0.05493127), (0.04105551, -0.04905206, -0.054656632), (0.041055486, -0.048767418, -0.05409979), (0.0388593, -0.048701063, -0.05493127), (0.041055486, -0.048767418, -0.05409979), (0.038349833, -0.048299134, -0.05352044), (0.038349833, -0.048299134, -0.05352044), (0.041055486, -0.048767418, -0.05409979), (0.04105545, -0.04840897, -0.053398542), (0.038349833, -0.048299134, -0.05352044), (0.04105545, -0.04840897, -0.053398542), (0.041055452, -0.048299134, -0.052543413), (0.039232258, -0.052799135, -0.05596407), (0.04105563, -0.0527924, -0.055284128), (0.039368767, -0.05129914, -0.056342103), (0.04105563, -0.0527924, -0.055284128), (0.04105541, -0.051554427, -0.055721465), (0.039368767, -0.05129914, -0.056342103), (0.039368767, -0.05129914, -0.056342103), (0.04105541, -0.051554427, -0.055721465), (0.041055426, -0.051302075, -0.055697765), (0.039368767, -0.05129914, -0.056342103), (0.041055426, -0.051302075, -0.055697765), (0.039232258, -0.049799144, -0.05596407), (0.039232258, -0.049799144, -0.05596407), (0.041055426, -0.051302075, -0.055697765), (0.04105547, -0.050523907, -0.05562468), (0.039232258, -0.049799144, -0.05596407), (0.04105547, -0.050523907, -0.05562468), (0.041055463, -0.049845517, -0.055218212), (0.04105565, -0.052883223, -0.05525204), (0.039232258, -0.052799135, -0.05596407), (0.041055605, -0.053896703, -0.05413764), (0.041055605, -0.053896703, -0.05413764), (0.039232258, -0.052799135, -0.05596407), (0.0388593, -0.053897217, -0.05493127), (0.041055605, -0.053896703, -0.05413764), (0.0388593, -0.053897217, -0.05493127), (0.041055605, -0.053898677, -0.05413547), (0.041055605, -0.053898677, -0.05413547), (0.0388593, -0.053897217, -0.05493127), (0.038349833, -0.05429914, -0.05352044), (0.041055605, -0.053898677, -0.05413547), (0.038349833, -0.05429914, -0.05352044), (0.041055452, -0.05429914, -0.052543413), (0.041055452, -0.05429914, -0.052543413), (0.038349833, -0.05429914, -0.05352044), (0.041055456, -0.054189317, -0.05168828), (0.041055456, -0.054189317, -0.05168828), (0.038349833, -0.05429914, -0.05352044), (0.037840366, -0.053897217, -0.05210961), (0.04105544, -0.052752763, -0.04986861), (0.041055452, -0.05337675, -0.050242487), (0.037467413, -0.052799135, -0.05107681), (0.037467413, -0.052799135, -0.05107681), (0.041055452, -0.05337675, -0.050242487), (0.041055392, -0.05354622, -0.05043019), (0.037467413, -0.052799135, -0.05107681), (0.041055392, -0.05354622, -0.05043019), (0.037840366, -0.053897217, -0.05210961), (0.037840366, -0.053897217, -0.05210961), (0.041055392, -0.05354622, -0.05043019), (0.04105542, -0.053830862, -0.05098703), (0.037840366, -0.053897217, -0.05210961), (0.04105542, -0.053830862, -0.05098703), (0.041055456, -0.054189317, -0.05168828), (0.04105544, -0.052752763, -0.04986861), (0.037467413, -0.052799135, -0.05107681), (0.041055433, -0.052074373, -0.049462143), (0.041055433, -0.052074373, -0.049462143), (0.037467413, -0.052799135, -0.05107681), (0.0373309, -0.05129914, -0.050698776), (0.041055433, -0.052074373, -0.049462143), (0.0373309, -0.05129914, -0.050698776), (0.04105548, -0.051296204, -0.049389057), (0.04105548, -0.051296204, -0.049389057), (0.0373309, -0.05129914, -0.050698776), (0.041055493, -0.051043853, -0.049365357), (0.041055493, -0.051043853, -0.049365357), (0.0373309, -0.05129914, -0.050698776), (0.037467413, -0.049799144, -0.05107681), (0.041055493, -0.051043853, -0.049365357), (0.037467413, -0.049799144, -0.05107681), (0.041055273, -0.04980588, -0.049802694), (0.041055273, -0.04980588, -0.049802694), (0.037467413, -0.049799144, -0.05107681), (0.041055255, -0.049715057, -0.04983478), (0.041055255, -0.049715057, -0.04983478), (0.037467413, -0.049799144, -0.05107681), (0.037840366, -0.048701063, -0.05210961), (0.041055255, -0.049715057, -0.04983478), (0.037840366, -0.048701063, -0.05210961), (0.0410553, -0.048701584, -0.050949182), (0.0410553, -0.048701584, -0.050949182), (0.037840366, -0.048701063, -0.05210961), (0.0410553, -0.048699602, -0.05095135), (0.0410553, -0.048699602, -0.05095135), (0.037840366, -0.048701063, -0.05210961), (0.038349833, -0.048299134, -0.05352044), (0.0410553, -0.048699602, -0.05095135), (0.038349833, -0.048299134, -0.05352044), (0.041055452, -0.048299134, -0.052543413), (0.03430545, -0.09794914, -0.05498091), (0.038349833, -0.09794914, -0.05352044), (0.03458566, -0.09772808, -0.055756867), (0.03458566, -0.09772808, -0.055756867), (0.038349833, -0.09794914, -0.05352044), (0.038630042, -0.09772808, -0.054296397), (0.03458566, -0.09772808, -0.055756867), (0.038630042, -0.09772808, -0.054296397), (0.034790784, -0.097124144, -0.056324907), (0.034790784, -0.097124144, -0.056324907), (0.038630042, -0.09772808, -0.054296397), (0.038835164, -0.097124144, -0.054864436), (0.034790784, -0.097124144, -0.056324907), (0.038835164, -0.097124144, -0.054864436), (0.034865864, -0.09629914, -0.056532826), (0.034865864, -0.09629914, -0.056532826), (0.038835164, -0.097124144, -0.054864436), (0.038910247, -0.09629914, -0.055072352), (0.034865864, -0.09629914, -0.056532826), (0.038910247, -0.09629914, -0.055072352), (0.034790784, -0.09547414, -0.056324907), (0.034790784, -0.09547414, -0.056324907), (0.038910247, -0.09629914, -0.055072352), (0.038835164, -0.09547414, -0.054864436), (0.034790784, -0.09547414, -0.056324907), (0.038835164, -0.09547414, -0.054864436), (0.03458566, -0.094870195, -0.055756867), (0.03458566, -0.094870195, -0.055756867), (0.038835164, -0.09547414, -0.054864436), (0.038630042, -0.094870195, -0.054296397), (0.03458566, -0.094870195, -0.055756867), (0.038630042, -0.094870195, -0.054296397), (0.03430545, -0.09464914, -0.05498091), (0.03430545, -0.09464914, -0.05498091), (0.038630042, -0.094870195, -0.054296397), (0.038349833, -0.09464914, -0.05352044), (0.03430545, -0.09464914, -0.05498091), (0.038349833, -0.09464914, -0.05352044), (0.034025244, -0.094870195, -0.054204952), (0.034025244, -0.094870195, -0.054204952), (0.038349833, -0.09464914, -0.05352044), (0.03806963, -0.094870195, -0.05274448), (0.034025244, -0.094870195, -0.054204952), (0.03806963, -0.094870195, -0.05274448), (0.03382012, -0.09547414, -0.053636912), (0.03382012, -0.09547414, -0.053636912), (0.03806963, -0.094870195, -0.05274448), (0.037864503, -0.09547414, -0.052176442), (0.03382012, -0.09547414, -0.053636912), (0.037864503, -0.09547414, -0.052176442), (0.03374504, -0.09629914, -0.053428996), (0.03374504, -0.09629914, -0.053428996), (0.037864503, -0.09547414, -0.052176442), (0.03778942, -0.09629914, -0.051968526), (0.03374504, -0.09629914, -0.053428996), (0.03778942, -0.09629914, -0.051968526), (0.03382012, -0.097124144, -0.053636912), (0.03382012, -0.097124144, -0.053636912), (0.03778942, -0.09629914, -0.051968526), (0.037864503, -0.097124144, -0.052176442), (0.03382012, -0.097124144, -0.053636912), (0.037864503, -0.097124144, -0.052176442), (0.034025244, -0.09772808, -0.054204952), (0.034025244, -0.09772808, -0.054204952), (0.037864503, -0.097124144, -0.052176442), (0.03806963, -0.09772808, -0.05274448), (0.034025244, -0.09772808, -0.054204952), (0.03806963, -0.09772808, -0.05274448), (0.03430545, -0.09794914, -0.05498091), (0.03430545, -0.09794914, -0.05498091), (0.03806963, -0.09772808, -0.05274448), (0.038349833, -0.09794914, -0.05352044), (0.038835164, -0.097124144, -0.054864436), (0.039232258, -0.09779914, -0.05596407), (0.038910247, -0.09629914, -0.055072352), (0.038910247, -0.09629914, -0.055072352), (0.039232258, -0.09779914, -0.05596407), (0.039368767, -0.09629914, -0.056342103), (0.038910247, -0.09629914, -0.055072352), (0.039368767, -0.09629914, -0.056342103), (0.038835164, -0.09547414, -0.054864436), (0.038835164, -0.09547414, -0.054864436), (0.039368767, -0.09629914, -0.056342103), (0.039232258, -0.09479914, -0.05596407), (0.038835164, -0.09547414, -0.054864436), (0.039232258, -0.09479914, -0.05596407), (0.038630042, -0.094870195, -0.054296397), (0.038630042, -0.094870195, -0.054296397), (0.039232258, -0.09479914, -0.05596407), (0.0388593, -0.093701065, -0.05493127), (0.038630042, -0.094870195, -0.054296397), (0.0388593, -0.093701065, -0.05493127), (0.038349833, -0.09464914, -0.05352044), (0.038349833, -0.09464914, -0.05352044), (0.0388593, -0.093701065, -0.05493127), (0.038349833, -0.09329914, -0.05352044), (0.038349833, -0.09464914, -0.05352044), (0.038349833, -0.09329914, -0.05352044), (0.03806963, -0.094870195, -0.05274448), (0.03806963, -0.094870195, -0.05274448), (0.038349833, -0.09329914, -0.05352044), (0.037840366, -0.093701065, -0.05210961), (0.03806963, -0.094870195, -0.05274448), (0.037840366, -0.093701065, -0.05210961), (0.037864503, -0.09547414, -0.052176442), (0.037864503, -0.09547414, -0.052176442), (0.037840366, -0.093701065, -0.05210961), (0.037467413, -0.09479914, -0.05107681), (0.037864503, -0.09547414, -0.052176442), (0.037467413, -0.09479914, -0.05107681), (0.03778942, -0.09629914, -0.051968526), (0.03778942, -0.09629914, -0.051968526), (0.037467413, -0.09479914, -0.05107681), (0.0373309, -0.09629914, -0.050698776), (0.03778942, -0.09629914, -0.051968526), (0.0373309, -0.09629914, -0.050698776), (0.037864503, -0.097124144, -0.052176442), (0.037864503, -0.097124144, -0.052176442), (0.0373309, -0.09629914, -0.050698776), (0.037467413, -0.09779914, -0.05107681), (0.037864503, -0.097124144, -0.052176442), (0.037467413, -0.09779914, -0.05107681), (0.03806963, -0.09772808, -0.05274448), (0.03806963, -0.09772808, -0.05274448), (0.037467413, -0.09779914, -0.05107681), (0.037840366, -0.09889722, -0.05210961), (0.03806963, -0.09772808, -0.05274448), (0.037840366, -0.09889722, -0.05210961), (0.038349833, -0.09794914, -0.05352044), (0.038349833, -0.09794914, -0.05352044), (0.037840366, -0.09889722, -0.05210961), (0.038349833, -0.09929914, -0.05352044), (0.038349833, -0.09794914, -0.05352044), (0.038349833, -0.09929914, -0.05352044), (0.038630042, -0.09772808, -0.054296397), (0.038630042, -0.09772808, -0.054296397), (0.038349833, -0.09929914, -0.05352044), (0.0388593, -0.09889722, -0.05493127), (0.038630042, -0.09772808, -0.054296397), (0.0388593, -0.09889722, -0.05493127), (0.038835164, -0.097124144, -0.054864436), (0.038835164, -0.097124144, -0.054864436), (0.0388593, -0.09889722, -0.05493127), (0.039232258, -0.09779914, -0.05596407), (0.04105565, -0.097883224, -0.05525204), (0.04105563, -0.0977924, -0.055284128), (0.039232258, -0.09779914, -0.05596407), (0.039232258, -0.09479914, -0.05596407), (0.041055463, -0.09484552, -0.055218212), (0.0388593, -0.093701065, -0.05493127), (0.0388593, -0.093701065, -0.05493127), (0.041055463, -0.09484552, -0.055218212), (0.041055452, -0.094221525, -0.054844335), (0.041055452, -0.094221525, -0.054844335), (0.04105551, -0.09405206, -0.054656632), (0.0388593, -0.093701065, -0.05493127), (0.0388593, -0.093701065, -0.05493127), (0.04105551, -0.09405206, -0.054656632), (0.041055486, -0.09376742, -0.05409979), (0.0388593, -0.093701065, -0.05493127), (0.041055486, -0.09376742, -0.05409979), (0.038349833, -0.09329914, -0.05352044), (0.038349833, -0.09329914, -0.05352044), (0.041055486, -0.09376742, -0.05409979), (0.04105545, -0.093408965, -0.053398542), (0.038349833, -0.09329914, -0.05352044), (0.04105545, -0.093408965, -0.053398542), (0.041055452, -0.09329914, -0.052543413), (0.039232258, -0.09779914, -0.05596407), (0.04105563, -0.0977924, -0.055284128), (0.039368767, -0.09629914, -0.056342103), (0.04105563, -0.0977924, -0.055284128), (0.04105541, -0.09655443, -0.055721465), (0.039368767, -0.09629914, -0.056342103), (0.039368767, -0.09629914, -0.056342103), (0.04105541, -0.09655443, -0.055721465), (0.041055426, -0.09630207, -0.055697765), (0.039368767, -0.09629914, -0.056342103), (0.041055426, -0.09630207, -0.055697765), (0.039232258, -0.09479914, -0.05596407), (0.039232258, -0.09479914, -0.05596407), (0.041055426, -0.09630207, -0.055697765), (0.04105547, -0.0955239, -0.05562468), (0.039232258, -0.09479914, -0.05596407), (0.04105547, -0.0955239, -0.05562468), (0.041055463, -0.09484552, -0.055218212), (0.04105565, -0.097883224, -0.05525204), (0.039232258, -0.09779914, -0.05596407), (0.041055605, -0.098896705, -0.05413764), (0.041055605, -0.098896705, -0.05413764), (0.039232258, -0.09779914, -0.05596407), (0.0388593, -0.09889722, -0.05493127), (0.041055605, -0.098896705, -0.05413764), (0.0388593, -0.09889722, -0.05493127), (0.041055605, -0.09889868, -0.05413547), (0.041055605, -0.09889868, -0.05413547), (0.0388593, -0.09889722, -0.05493127), (0.038349833, -0.09929914, -0.05352044), (0.041055605, -0.09889868, -0.05413547), (0.038349833, -0.09929914, -0.05352044), (0.041055452, -0.09929914, -0.052543413), (0.041055452, -0.09929914, -0.052543413), (0.038349833, -0.09929914, -0.05352044), (0.041055456, -0.09918931, -0.05168828), (0.041055456, -0.09918931, -0.05168828), (0.038349833, -0.09929914, -0.05352044), (0.037840366, -0.09889722, -0.05210961), (0.04105544, -0.097752765, -0.04986861), (0.041055452, -0.09837675, -0.050242487), (0.037467413, -0.09779914, -0.05107681), (0.037467413, -0.09779914, -0.05107681), (0.041055452, -0.09837675, -0.050242487), (0.041055392, -0.09854622, -0.05043019), (0.037467413, -0.09779914, -0.05107681), (0.041055392, -0.09854622, -0.05043019), (0.037840366, -0.09889722, -0.05210961), (0.037840366, -0.09889722, -0.05210961), (0.041055392, -0.09854622, -0.05043019), (0.04105542, -0.098830864, -0.05098703), (0.037840366, -0.09889722, -0.05210961), (0.04105542, -0.098830864, -0.05098703), (0.041055456, -0.09918931, -0.05168828), (0.04105544, -0.097752765, -0.04986861), (0.037467413, -0.09779914, -0.05107681), (0.041055433, -0.097074375, -0.049462143), (0.041055433, -0.097074375, -0.049462143), (0.037467413, -0.09779914, -0.05107681), (0.0373309, -0.09629914, -0.050698776), (0.041055433, -0.097074375, -0.049462143), (0.0373309, -0.09629914, -0.050698776), (0.04105548, -0.09629621, -0.049389057), (0.04105548, -0.09629621, -0.049389057), (0.0373309, -0.09629914, -0.050698776), (0.041055493, -0.096043855, -0.049365357), (0.041055493, -0.096043855, -0.049365357), (0.0373309, -0.09629914, -0.050698776), (0.037467413, -0.09479914, -0.05107681), (0.041055493, -0.096043855, -0.049365357), (0.037467413, -0.09479914, -0.05107681), (0.041055273, -0.09480588, -0.049802694), (0.041055273, -0.09480588, -0.049802694), (0.037467413, -0.09479914, -0.05107681), (0.041055255, -0.09471506, -0.04983478), (0.041055255, -0.09471506, -0.04983478), (0.037467413, -0.09479914, -0.05107681), (0.037840366, -0.093701065, -0.05210961), (0.041055255, -0.09471506, -0.04983478), (0.037840366, -0.093701065, -0.05210961), (0.0410553, -0.09370158, -0.050949182), (0.0410553, -0.09370158, -0.050949182), (0.037840366, -0.093701065, -0.05210961), (0.0410553, -0.093699604, -0.05095135), (0.0410553, -0.093699604, -0.05095135), (0.037840366, -0.093701065, -0.05210961), (0.038349833, -0.09329914, -0.05352044), (0.0410553, -0.093699604, -0.05095135), (0.038349833, -0.09329914, -0.05352044), (0.041055452, -0.09329914, -0.052543413), (0.041055452, -0.053299144, -0.03398091), (0.031055449, -0.053299144, -0.03398091), (0.041055452, -0.053701058, -0.035480913), (0.041055452, -0.053701058, -0.035480913), (0.031055449, -0.053299144, -0.03398091), (0.031055449, -0.053701058, -0.035480913), (0.041055452, -0.053701058, -0.035480913), (0.031055449, -0.053701058, -0.035480913), (0.041055452, -0.05479914, -0.036578987), (0.041055452, -0.05479914, -0.036578987), (0.031055449, -0.053701058, -0.035480913), (0.031055449, -0.05479914, -0.036578987), (0.041055452, -0.05479914, -0.036578987), (0.031055449, -0.05479914, -0.036578987), (0.041055452, -0.056299143, -0.03698091), (0.041055452, -0.056299143, -0.03698091), (0.031055449, -0.05479914, -0.036578987), (0.031055449, -0.056299143, -0.03698091), (0.041055452, -0.056299143, -0.03698091), (0.031055449, -0.056299143, -0.03698091), (0.041055452, -0.057799138, -0.036578987), (0.041055452, -0.057799138, -0.036578987), (0.031055449, -0.056299143, -0.03698091), (0.031055449, -0.057799138, -0.036578987), (0.041055452, -0.057799138, -0.036578987), (0.031055449, -0.057799138, -0.036578987), (0.041055452, -0.05889722, -0.035480913), (0.041055452, -0.05889722, -0.035480913), (0.031055449, -0.057799138, -0.036578987), (0.031055449, -0.05889722, -0.035480913), (0.041055452, -0.05889722, -0.035480913), (0.031055449, -0.05889722, -0.035480913), (0.041055452, -0.05929914, -0.03398091), (0.041055452, -0.05929914, -0.03398091), (0.031055449, -0.05889722, -0.035480913), (0.031055449, -0.05929914, -0.03398091), (0.041055452, -0.05929914, -0.03398091), (0.031055449, -0.05929914, -0.03398091), (0.041055452, -0.05889722, -0.03248091), (0.041055452, -0.05889722, -0.03248091), (0.031055449, -0.05929914, -0.03398091), (0.031055449, -0.05889722, -0.03248091), (0.041055452, -0.05889722, -0.03248091), (0.031055449, -0.05889722, -0.03248091), (0.041055452, -0.057799138, -0.031382836), (0.041055452, -0.057799138, -0.031382836), (0.031055449, -0.05889722, -0.03248091), (0.031055449, -0.057799138, -0.031382836), (0.041055452, -0.057799138, -0.031382836), (0.031055449, -0.057799138, -0.031382836), (0.041055452, -0.056299143, -0.030980911), (0.041055452, -0.056299143, -0.030980911), (0.031055449, -0.057799138, -0.031382836), (0.031055449, -0.056299143, -0.030980911), (0.041055452, -0.056299143, -0.030980911), (0.031055449, -0.056299143, -0.030980911), (0.041055452, -0.05479914, -0.031382836), (0.041055452, -0.05479914, -0.031382836), (0.031055449, -0.056299143, -0.030980911), (0.031055449, -0.05479914, -0.031382836), (0.041055452, -0.05479914, -0.031382836), (0.031055449, -0.05479914, -0.031382836), (0.041055452, -0.053701058, -0.03248091), (0.041055452, -0.053701058, -0.03248091), (0.031055449, -0.05479914, -0.031382836), (0.031055449, -0.053701058, -0.03248091), (0.041055452, -0.053701058, -0.03248091), (0.031055449, -0.053701058, -0.03248091), (0.041055452, -0.053299144, -0.03398091), (0.041055452, -0.053299144, -0.03398091), (0.031055449, -0.053701058, -0.03248091), (0.031055449, -0.053299144, -0.03398091), (0.03655545, -0.08704914, -0.0099809095), (0.031055449, -0.08704914, -0.0099809095), (0.03655545, -0.087350585, -0.01110591), (0.03655545, -0.087350585, -0.01110591), (0.031055449, -0.08704914, -0.0099809095), (0.031055449, -0.087350585, -0.01110591), (0.03655545, -0.087350585, -0.01110591), (0.031055449, -0.087350585, -0.01110591), (0.03655545, -0.08817414, -0.011929467), (0.03655545, -0.08817414, -0.011929467), (0.031055449, -0.087350585, -0.01110591), (0.031055449, -0.08817414, -0.011929467), (0.03655545, -0.08817414, -0.011929467), (0.031055449, -0.08817414, -0.011929467), (0.03655545, -0.08929914, -0.01223091), (0.03655545, -0.08929914, -0.01223091), (0.031055449, -0.08817414, -0.011929467), (0.031055449, -0.08929914, -0.01223091), (0.03655545, -0.08929914, -0.01223091), (0.031055449, -0.08929914, -0.01223091), (0.03655545, -0.09042414, -0.011929467), (0.03655545, -0.09042414, -0.011929467), (0.031055449, -0.08929914, -0.01223091), (0.031055449, -0.09042414, -0.011929467), (0.03655545, -0.09042414, -0.011929467), (0.031055449, -0.09042414, -0.011929467), (0.03655545, -0.0912477, -0.01110591), (0.03655545, -0.0912477, -0.01110591), (0.031055449, -0.09042414, -0.011929467), (0.031055449, -0.0912477, -0.01110591), (0.03655545, -0.0912477, -0.01110591), (0.031055449, -0.0912477, -0.01110591), (0.03655545, -0.09154914, -0.0099809095), (0.03655545, -0.09154914, -0.0099809095), (0.031055449, -0.0912477, -0.01110591), (0.031055449, -0.09154914, -0.0099809095), (0.041055452, -0.08554914, -0.0099809095), (0.03655545, -0.08554914, -0.0099809095), (0.041055452, -0.086051546, -0.011855911), (0.041055452, -0.086051546, -0.011855911), (0.03655545, -0.08554914, -0.0099809095), (0.03655545, -0.086051546, -0.011855911), (0.041055452, -0.086051546, -0.011855911), (0.03655545, -0.086051546, -0.011855911), (0.041055452, -0.087424144, -0.013228506), (0.041055452, -0.087424144, -0.013228506), (0.03655545, -0.086051546, -0.011855911), (0.03655545, -0.087424144, -0.013228506), (0.041055452, -0.087424144, -0.013228506), (0.03655545, -0.087424144, -0.013228506), (0.041055452, -0.08929914, -0.01373091), (0.041055452, -0.08929914, -0.01373091), (0.03655545, -0.087424144, -0.013228506), (0.03655545, -0.08929914, -0.01373091), (0.041055452, -0.08929914, -0.01373091), (0.03655545, -0.08929914, -0.01373091), (0.041055452, -0.09117414, -0.013228506), (0.041055452, -0.09117414, -0.013228506), (0.03655545, -0.08929914, -0.01373091), (0.03655545, -0.09117414, -0.013228506), (0.041055452, -0.09117414, -0.013228506), (0.03655545, -0.09117414, -0.013228506), (0.041055452, -0.09254674, -0.011855911), (0.041055452, -0.09254674, -0.011855911), (0.03655545, -0.09117414, -0.013228506), (0.03655545, -0.09254674, -0.011855911), (0.041055452, -0.09254674, -0.011855911), (0.03655545, -0.09254674, -0.011855911), (0.041055452, -0.09304914, -0.0099809095), (0.041055452, -0.09304914, -0.0099809095), (0.03655545, -0.09254674, -0.011855911), (0.03655545, -0.09304914, -0.0099809095), (0.041055452, -0.09304914, -0.0099809095), (0.03655545, -0.09304914, -0.0099809095), (0.041055452, -0.09254674, -0.008105911), (0.041055452, -0.09254674, -0.008105911), (0.03655545, -0.09304914, -0.0099809095), (0.03655545, -0.09254674, -0.008105911), (0.041055452, -0.09254674, -0.008105911), (0.03655545, -0.09254674, -0.008105911), (0.041055452, -0.09117414, -0.0067333174), (0.041055452, -0.09117414, -0.0067333174), (0.03655545, -0.09254674, -0.008105911), (0.03655545, -0.09117414, -0.0067333174), (0.041055452, -0.09117414, -0.0067333174), (0.03655545, -0.09117414, -0.0067333174), (0.041055452, -0.08929914, -0.00623091), (0.041055452, -0.08929914, -0.00623091), (0.03655545, -0.09117414, -0.0067333174), (0.03655545, -0.08929914, -0.00623091), (0.041055452, -0.08929914, -0.00623091), (0.03655545, -0.08929914, -0.00623091), (0.041055452, -0.087424144, -0.0067333174), (0.041055452, -0.087424144, -0.0067333174), (0.03655545, -0.08929914, -0.00623091), (0.03655545, -0.087424144, -0.0067333174), (0.041055452, -0.087424144, -0.0067333174), (0.03655545, -0.087424144, -0.0067333174), (0.041055452, -0.086051546, -0.008105911), (0.041055452, -0.086051546, -0.008105911), (0.03655545, -0.087424144, -0.0067333174), (0.03655545, -0.086051546, -0.008105911), (0.041055452, -0.086051546, -0.008105911), (0.03655545, -0.086051546, -0.008105911), (0.041055452, -0.08554914, -0.0099809095), (0.041055452, -0.08554914, -0.0099809095), (0.03655545, -0.086051546, -0.008105911), (0.03655545, -0.08554914, -0.0099809095), (0.03655545, -0.0912477, -0.008855909), (0.03655545, -0.09254674, -0.008105911), (0.03655545, -0.09154914, -0.0099809095), (0.03655545, -0.09154914, -0.0099809095), (0.03655545, -0.09254674, -0.008105911), (0.03655545, -0.09304914, -0.0099809095), (0.03655545, -0.09154914, -0.0099809095), (0.03655545, -0.09304914, -0.0099809095), (0.03655545, -0.0912477, -0.01110591), (0.03655545, -0.0912477, -0.01110591), (0.03655545, -0.09304914, -0.0099809095), (0.03655545, -0.09254674, -0.011855911), (0.03655545, -0.0912477, -0.01110591), (0.03655545, -0.09254674, -0.011855911), (0.03655545, -0.09042414, -0.011929467), (0.03655545, -0.09042414, -0.011929467), (0.03655545, -0.09254674, -0.011855911), (0.03655545, -0.09117414, -0.013228506), (0.03655545, -0.09042414, -0.011929467), (0.03655545, -0.09117414, -0.013228506), (0.03655545, -0.08929914, -0.01223091), (0.03655545, -0.08929914, -0.01223091), (0.03655545, -0.09117414, -0.013228506), (0.03655545, -0.08929914, -0.01373091), (0.03655545, -0.08929914, -0.01223091), (0.03655545, -0.08929914, -0.01373091), (0.03655545, -0.08817414, -0.011929467), (0.03655545, -0.08817414, -0.011929467), (0.03655545, -0.08929914, -0.01373091), (0.03655545, -0.087424144, -0.013228506), (0.03655545, -0.08817414, -0.011929467), (0.03655545, -0.087424144, -0.013228506), (0.03655545, -0.087350585, -0.01110591), (0.03655545, -0.087350585, -0.01110591), (0.03655545, -0.087424144, -0.013228506), (0.03655545, -0.086051546, -0.011855911), (0.03655545, -0.087350585, -0.01110591), (0.03655545, -0.086051546, -0.011855911), (0.03655545, -0.08704914, -0.0099809095), (0.03655545, -0.08704914, -0.0099809095), (0.03655545, -0.086051546, -0.011855911), (0.03655545, -0.08554914, -0.0099809095), (0.03655545, -0.08704914, -0.0099809095), (0.03655545, -0.08554914, -0.0099809095), (0.03655545, -0.087350585, -0.008855909), (0.03655545, -0.087350585, -0.008855909), (0.03655545, -0.08554914, -0.0099809095), (0.03655545, -0.086051546, -0.008105911), (0.03655545, -0.087350585, -0.008855909), (0.03655545, -0.086051546, -0.008105911), (0.03655545, -0.08817414, -0.008032355), (0.03655545, -0.08817414, -0.008032355), (0.03655545, -0.086051546, -0.008105911), (0.03655545, -0.087424144, -0.0067333174), (0.03655545, -0.08817414, -0.008032355), (0.03655545, -0.087424144, -0.0067333174), (0.03655545, -0.08929914, -0.007730913), (0.03655545, -0.08929914, -0.007730913), (0.03655545, -0.087424144, -0.0067333174), (0.03655545, -0.08929914, -0.00623091), (0.03655545, -0.08929914, -0.007730913), (0.03655545, -0.08929914, -0.00623091), (0.03655545, -0.09042414, -0.008032355), (0.03655545, -0.09042414, -0.008032355), (0.03655545, -0.08929914, -0.00623091), (0.03655545, -0.09117414, -0.0067333174), (0.03655545, -0.09042414, -0.008032355), (0.03655545, -0.09117414, -0.0067333174), (0.03655545, -0.0912477, -0.008855909), (0.03655545, -0.0912477, -0.008855909), (0.03655545, -0.09117414, -0.0067333174), (0.03655545, -0.09254674, -0.008105911), (0.03655545, -0.09154914, -0.0099809095), (0.031055449, -0.09154914, -0.0099809095), (0.03655545, -0.0912477, -0.008855909), (0.03655545, -0.0912477, -0.008855909), (0.031055449, -0.09154914, -0.0099809095), (0.031055449, -0.0912477, -0.008855909), (0.03655545, -0.0912477, -0.008855909), (0.031055449, -0.0912477, -0.008855909), (0.03655545, -0.09042414, -0.008032355), (0.03655545, -0.09042414, -0.008032355), (0.031055449, -0.0912477, -0.008855909), (0.031055449, -0.09042414, -0.008032355), (0.03655545, -0.09042414, -0.008032355), (0.031055449, -0.09042414, -0.008032355), (0.03655545, -0.08929914, -0.007730913), (0.03655545, -0.08929914, -0.007730913), (0.031055449, -0.09042414, -0.008032355), (0.031055449, -0.08929914, -0.007730913), (0.03655545, -0.08929914, -0.007730913), (0.031055449, -0.08929914, -0.007730913), (0.03655545, -0.08817414, -0.008032355), (0.03655545, -0.08817414, -0.008032355), (0.031055449, -0.08929914, -0.007730913), (0.031055449, -0.08817414, -0.008032355), (0.03655545, -0.08817414, -0.008032355), (0.031055449, -0.08817414, -0.008032355), (0.03655545, -0.087350585, -0.008855909), (0.03655545, -0.087350585, -0.008855909), (0.031055449, -0.08817414, -0.008032355), (0.031055449, -0.087350585, -0.008855909), (0.03655545, -0.087350585, -0.008855909), (0.031055449, -0.087350585, -0.008855909), (0.03655545, -0.08704914, -0.0099809095), (0.03655545, -0.08704914, -0.0099809095), (0.031055449, -0.087350585, -0.008855909), (0.031055449, -0.08704914, -0.0099809095), (0.03655545, -0.08704914, 0.01001909), (0.031055449, -0.08704914, 0.01001909), (0.03655545, -0.087350585, 0.00889409), (0.03655545, -0.087350585, 0.00889409), (0.031055449, -0.08704914, 0.01001909), (0.031055449, -0.087350585, 0.00889409), (0.03655545, -0.087350585, 0.00889409), (0.031055449, -0.087350585, 0.00889409), (0.03655545, -0.08817414, 0.008070532), (0.03655545, -0.08817414, 0.008070532), (0.031055449, -0.087350585, 0.00889409), (0.031055449, -0.08817414, 0.008070532), (0.03655545, -0.08817414, 0.008070532), (0.031055449, -0.08817414, 0.008070532), (0.03655545, -0.08929914, 0.0077690887), (0.03655545, -0.08929914, 0.0077690887), (0.031055449, -0.08817414, 0.008070532), (0.031055449, -0.08929914, 0.0077690887), (0.03655545, -0.08929914, 0.0077690887), (0.031055449, -0.08929914, 0.0077690887), (0.03655545, -0.09042414, 0.008070532), (0.03655545, -0.09042414, 0.008070532), (0.031055449, -0.08929914, 0.0077690887), (0.031055449, -0.09042414, 0.008070532), (0.03655545, -0.09042414, 0.008070532), (0.031055449, -0.09042414, 0.008070532), (0.03655545, -0.0912477, 0.00889409), (0.03655545, -0.0912477, 0.00889409), (0.031055449, -0.09042414, 0.008070532), (0.031055449, -0.0912477, 0.00889409), (0.03655545, -0.0912477, 0.00889409), (0.031055449, -0.0912477, 0.00889409), (0.03655545, -0.09154914, 0.01001909), (0.03655545, -0.09154914, 0.01001909), (0.031055449, -0.0912477, 0.00889409), (0.031055449, -0.09154914, 0.01001909), (0.041055452, -0.08554914, 0.01001909), (0.03655545, -0.08554914, 0.01001909), (0.041055452, -0.086051546, 0.008144092), (0.041055452, -0.086051546, 0.008144092), (0.03655545, -0.08554914, 0.01001909), (0.03655545, -0.086051546, 0.008144092), (0.041055452, -0.086051546, 0.008144092), (0.03655545, -0.086051546, 0.008144092), (0.041055452, -0.087424144, 0.0067714932), (0.041055452, -0.087424144, 0.0067714932), (0.03655545, -0.086051546, 0.008144092), (0.03655545, -0.087424144, 0.0067714932), (0.041055452, -0.087424144, 0.0067714932), (0.03655545, -0.087424144, 0.0067714932), (0.041055452, -0.08929914, 0.0062690857), (0.041055452, -0.08929914, 0.0062690857), (0.03655545, -0.087424144, 0.0067714932), (0.03655545, -0.08929914, 0.0062690857), (0.041055452, -0.08929914, 0.0062690857), (0.03655545, -0.08929914, 0.0062690857), (0.041055452, -0.09117414, 0.0067714932), (0.041055452, -0.09117414, 0.0067714932), (0.03655545, -0.08929914, 0.0062690857), (0.03655545, -0.09117414, 0.0067714932), (0.041055452, -0.09117414, 0.0067714932), (0.03655545, -0.09117414, 0.0067714932), (0.041055452, -0.09254674, 0.008144092), (0.041055452, -0.09254674, 0.008144092), (0.03655545, -0.09117414, 0.0067714932), (0.03655545, -0.09254674, 0.008144092), (0.041055452, -0.09254674, 0.008144092), (0.03655545, -0.09254674, 0.008144092), (0.041055452, -0.09304914, 0.01001909), (0.041055452, -0.09304914, 0.01001909), (0.03655545, -0.09254674, 0.008144092), (0.03655545, -0.09304914, 0.01001909), (0.041055452, -0.09304914, 0.01001909), (0.03655545, -0.09304914, 0.01001909), (0.041055452, -0.09254674, 0.011894088), (0.041055452, -0.09254674, 0.011894088), (0.03655545, -0.09304914, 0.01001909), (0.03655545, -0.09254674, 0.011894088), (0.041055452, -0.09254674, 0.011894088), (0.03655545, -0.09254674, 0.011894088), (0.041055452, -0.09117414, 0.013266686), (0.041055452, -0.09117414, 0.013266686), (0.03655545, -0.09254674, 0.011894088), (0.03655545, -0.09117414, 0.013266686), (0.041055452, -0.09117414, 0.013266686), (0.03655545, -0.09117414, 0.013266686), (0.041055452, -0.08929914, 0.013769086), (0.041055452, -0.08929914, 0.013769086), (0.03655545, -0.09117414, 0.013266686), (0.03655545, -0.08929914, 0.013769086), (0.041055452, -0.08929914, 0.013769086), (0.03655545, -0.08929914, 0.013769086), (0.041055452, -0.087424144, 0.013266686), (0.041055452, -0.087424144, 0.013266686), (0.03655545, -0.08929914, 0.013769086), (0.03655545, -0.087424144, 0.013266686), (0.041055452, -0.087424144, 0.013266686), (0.03655545, -0.087424144, 0.013266686), (0.041055452, -0.086051546, 0.011894088), (0.041055452, -0.086051546, 0.011894088), (0.03655545, -0.087424144, 0.013266686), (0.03655545, -0.086051546, 0.011894088), (0.041055452, -0.086051546, 0.011894088), (0.03655545, -0.086051546, 0.011894088), (0.041055452, -0.08554914, 0.01001909), (0.041055452, -0.08554914, 0.01001909), (0.03655545, -0.086051546, 0.011894088), (0.03655545, -0.08554914, 0.01001909), (0.03655545, -0.09042414, 0.011967648), (0.03655545, -0.09117414, 0.013266686), (0.03655545, -0.0912477, 0.01114409), (0.03655545, -0.0912477, 0.01114409), (0.03655545, -0.09117414, 0.013266686), (0.03655545, -0.09254674, 0.011894088), (0.03655545, -0.0912477, 0.01114409), (0.03655545, -0.09254674, 0.011894088), (0.03655545, -0.09154914, 0.01001909), (0.03655545, -0.09154914, 0.01001909), (0.03655545, -0.09254674, 0.011894088), (0.03655545, -0.09304914, 0.01001909), (0.03655545, -0.09154914, 0.01001909), (0.03655545, -0.09304914, 0.01001909), (0.03655545, -0.0912477, 0.00889409), (0.03655545, -0.0912477, 0.00889409), (0.03655545, -0.09304914, 0.01001909), (0.03655545, -0.09254674, 0.008144092), (0.03655545, -0.0912477, 0.00889409), (0.03655545, -0.09254674, 0.008144092), (0.03655545, -0.09042414, 0.008070532), (0.03655545, -0.09042414, 0.008070532), (0.03655545, -0.09254674, 0.008144092), (0.03655545, -0.09117414, 0.0067714932), (0.03655545, -0.09042414, 0.008070532), (0.03655545, -0.09117414, 0.0067714932), (0.03655545, -0.08929914, 0.0077690887), (0.03655545, -0.08929914, 0.0077690887), (0.03655545, -0.09117414, 0.0067714932), (0.03655545, -0.08929914, 0.0062690857), (0.03655545, -0.08929914, 0.0077690887), (0.03655545, -0.08929914, 0.0062690857), (0.03655545, -0.08817414, 0.008070532), (0.03655545, -0.08817414, 0.008070532), (0.03655545, -0.08929914, 0.0062690857), (0.03655545, -0.087424144, 0.0067714932), (0.03655545, -0.08817414, 0.008070532), (0.03655545, -0.087424144, 0.0067714932), (0.03655545, -0.087350585, 0.00889409), (0.03655545, -0.087350585, 0.00889409), (0.03655545, -0.087424144, 0.0067714932), (0.03655545, -0.086051546, 0.008144092), (0.03655545, -0.087350585, 0.00889409), (0.03655545, -0.086051546, 0.008144092), (0.03655545, -0.08704914, 0.01001909), (0.03655545, -0.08704914, 0.01001909), (0.03655545, -0.086051546, 0.008144092), (0.03655545, -0.08554914, 0.01001909), (0.03655545, -0.08704914, 0.01001909), (0.03655545, -0.08554914, 0.01001909), (0.03655545, -0.087350585, 0.01114409), (0.03655545, -0.087350585, 0.01114409), (0.03655545, -0.08554914, 0.01001909), (0.03655545, -0.086051546, 0.011894088), (0.03655545, -0.087350585, 0.01114409), (0.03655545, -0.086051546, 0.011894088), (0.03655545, -0.08817414, 0.011967648), (0.03655545, -0.08817414, 0.011967648), (0.03655545, -0.086051546, 0.011894088), (0.03655545, -0.087424144, 0.013266686), (0.03655545, -0.08817414, 0.011967648), (0.03655545, -0.087424144, 0.013266686), (0.03655545, -0.08929914, 0.012269091), (0.03655545, -0.08929914, 0.012269091), (0.03655545, -0.087424144, 0.013266686), (0.03655545, -0.08929914, 0.013769086), (0.03655545, -0.08929914, 0.012269091), (0.03655545, -0.08929914, 0.013769086), (0.03655545, -0.09042414, 0.011967648), (0.03655545, -0.09042414, 0.011967648), (0.03655545, -0.08929914, 0.013769086), (0.03655545, -0.09117414, 0.013266686), (0.03655545, -0.09154914, 0.01001909), (0.031055449, -0.09154914, 0.01001909), (0.03655545, -0.0912477, 0.01114409), (0.03655545, -0.0912477, 0.01114409), (0.031055449, -0.09154914, 0.01001909), (0.031055449, -0.0912477, 0.01114409), (0.03655545, -0.0912477, 0.01114409), (0.031055449, -0.0912477, 0.01114409), (0.03655545, -0.09042414, 0.011967648), (0.03655545, -0.09042414, 0.011967648), (0.031055449, -0.0912477, 0.01114409), (0.031055449, -0.09042414, 0.011967648), (0.03655545, -0.09042414, 0.011967648), (0.031055449, -0.09042414, 0.011967648), (0.03655545, -0.08929914, 0.012269091), (0.03655545, -0.08929914, 0.012269091), (0.031055449, -0.09042414, 0.011967648), (0.031055449, -0.08929914, 0.012269091), (0.03655545, -0.08929914, 0.012269091), (0.031055449, -0.08929914, 0.012269091), (0.03655545, -0.08817414, 0.011967648), (0.03655545, -0.08817414, 0.011967648), (0.031055449, -0.08929914, 0.012269091), (0.031055449, -0.08817414, 0.011967648), (0.03655545, -0.08817414, 0.011967648), (0.031055449, -0.08817414, 0.011967648), (0.03655545, -0.087350585, 0.01114409), (0.03655545, -0.087350585, 0.01114409), (0.031055449, -0.08817414, 0.011967648), (0.031055449, -0.087350585, 0.01114409), (0.03655545, -0.087350585, 0.01114409), (0.031055449, -0.087350585, 0.01114409), (0.03655545, -0.08704914, 0.01001909), (0.03655545, -0.08704914, 0.01001909), (0.031055449, -0.087350585, 0.01114409), (0.031055449, -0.08704914, 0.01001909), (0.041055452, -0.07229914, 0.016019087), (0.031055449, -0.07229914, 0.016019087), (0.041055452, -0.07242414, 0.016019087), (0.041055452, -0.07242414, 0.016019087), (0.031055449, -0.07229914, 0.016019087), (0.031055449, -0.09829914, 0.016019087), (0.041055452, -0.07242414, 0.016019087), (0.031055449, -0.09829914, 0.016019087), (0.041055452, -0.09829914, 0.016019087), (0.041055452, -0.06629914, 0.01001909), (0.031055449, -0.06629914, 0.01001909), (0.031055449, -0.06675586, 0.012315188), (0.041055452, -0.06629914, 0.01001909), (0.031055449, -0.06675586, 0.012315188), (0.041055452, -0.06675586, 0.012315188), (0.041055452, -0.06675586, 0.012315188), (0.031055449, -0.06675586, 0.012315188), (0.031055449, -0.0680565, 0.014261726), (0.041055452, -0.06675586, 0.012315188), (0.031055449, -0.0680565, 0.014261726), (0.041055452, -0.0680565, 0.014261726), (0.041055452, -0.0680565, 0.014261726), (0.031055449, -0.0680565, 0.014261726), (0.031055449, -0.07000304, 0.015562367), (0.041055452, -0.0680565, 0.014261726), (0.031055449, -0.07000304, 0.015562367), (0.041055452, -0.07000304, 0.015562367), (0.041055452, -0.07000304, 0.015562367), (0.031055449, -0.07000304, 0.015562367), (0.031055449, -0.07229914, 0.016019087), (0.041055452, -0.07000304, 0.015562367), (0.031055449, -0.07229914, 0.016019087), (0.041055452, -0.07229914, 0.016019087), (0.031055449, -0.06629914, -0.0099809095), (0.031055449, -0.06629914, 0.01001909), (0.041055452, -0.06629914, -0.0099809095), (0.041055452, -0.06629914, -0.0099809095), (0.031055449, -0.06629914, 0.01001909), (0.041055452, -0.06629914, 0.01001909), (0.031055449, -0.06629914, -0.0099809095), (0.041055452, -0.06629914, -0.0099809095), (0.031055449, -0.065815, -0.013887059), (0.031055449, -0.065815, -0.013887059), (0.041055452, -0.06629914, -0.0099809095), (0.041055452, -0.065815, -0.013887059), (0.031055449, -0.065815, -0.013887059), (0.041055452, -0.065815, -0.013887059), (0.031055449, -0.06439189, -0.01755682), (0.031055449, -0.06439189, -0.01755682), (0.041055452, -0.065815, -0.013887059), (0.041055452, -0.06439189, -0.01755682), (0.031055449, -0.06439189, -0.01755682), (0.041055452, -0.06439189, -0.01755682), (0.031055449, -0.062115923, -0.02076811), (0.031055449, -0.062115923, -0.02076811), (0.041055452, -0.06439189, -0.01755682), (0.041055452, -0.062115923, -0.02076811), (0.031055449, -0.062115923, -0.02076811), (0.041055452, -0.062115923, -0.02076811), (0.031055449, -0.059124842, -0.023326587), (0.031055449, -0.059124842, -0.023326587), (0.041055452, -0.062115923, -0.02076811), (0.041055452, -0.059124842, -0.023326587), (0.031055449, -0.059124842, -0.023326587), (0.041055452, -0.059124842, -0.023326587), (0.031055449, -0.055599645, -0.025077421), (0.031055449, -0.055599645, -0.025077421), (0.041055452, -0.059124842, -0.023326587), (0.041055452, -0.055599645, -0.025077421), (0.031055449, -0.055599645, -0.025077421), (0.041055452, -0.055599645, -0.025077421), (0.031055449, -0.051753685, -0.025914658), (0.031055449, -0.051753685, -0.025914658), (0.041055452, -0.055599645, -0.025077421), (0.041055452, -0.051753685, -0.025914658), (0.031055449, -0.051753685, -0.025914658), (0.041055452, -0.051753685, -0.025914658), (0.041055452, -0.04963021, -0.026516099), (0.031055449, -0.051753685, -0.025914658), (0.041055452, -0.04963021, -0.026516099), (0.031055449, -0.04963021, -0.026516099), (0.031055449, -0.04963021, -0.026516099), (0.041055452, -0.04963021, -0.026516099), (0.041055452, -0.04786785, -0.027844615), (0.031055449, -0.04963021, -0.026516099), (0.041055452, -0.04786785, -0.027844615), (0.031055449, -0.04786785, -0.027844615), (0.031055449, -0.04786785, -0.027844615), (0.041055452, -0.04786785, -0.027844615), (0.041055452, -0.046705052, -0.029720455), (0.031055449, -0.04786785, -0.027844615), (0.041055452, -0.046705052, -0.029720455), (0.031055449, -0.046705052, -0.029720455), (0.031055449, -0.046705052, -0.029720455), (0.041055452, -0.046705052, -0.029720455), (0.041055452, -0.046299145, -0.031889815), (0.031055449, -0.046705052, -0.029720455), (0.041055452, -0.046299145, -0.031889815), (0.031055449, -0.046299145, -0.031889815), (0.041055452, -0.04670106, -0.062480908), (0.037004232, -0.046758085, -0.062454287), (0.041055452, -0.046299145, -0.060980912), (0.041055452, -0.046299145, -0.060980912), (0.037004232, -0.046758085, -0.062454287), (0.03669803, -0.046364978, -0.06160595), (0.041055452, -0.046299145, -0.060980912), (0.03669803, -0.046364978, -0.06160595), (0.03647212, -0.046299145, -0.060980912), (0.041055452, -0.04779914, -0.063578986), (0.041055452, -0.049299136, -0.06398091), (0.037555452, -0.049299136, -0.06398091), (0.037555452, -0.049299136, -0.06398091), (0.037457477, -0.048052296, -0.06370953), (0.041055452, -0.04779914, -0.063578986), (0.041055452, -0.04779914, -0.063578986), (0.037457477, -0.048052296, -0.06370953), (0.037394717, -0.04783328, -0.06353575), (0.041055452, -0.04779914, -0.063578986), (0.037394717, -0.04783328, -0.06353575), (0.041055452, -0.04670106, -0.062480908), (0.041055452, -0.04670106, -0.062480908), (0.037394717, -0.04783328, -0.06353575), (0.0371346, -0.04692544, -0.06281546), (0.041055452, -0.04670106, -0.062480908), (0.0371346, -0.04692544, -0.06281546), (0.037004232, -0.046758085, -0.062454287), (0.041055452, -0.046299145, -0.060980912), (0.03647212, -0.046299145, -0.060980912), (0.041055452, -0.046299145, -0.04316442), (0.041055452, -0.046299145, -0.04316442), (0.03647212, -0.046299145, -0.060980912), (0.031055449, -0.046299145, -0.04598091), (0.041055452, -0.046299145, -0.04316442), (0.031055449, -0.046299145, -0.04598091), (0.041055452, -0.046299145, -0.031889815), (0.041055452, -0.046299145, -0.031889815), (0.031055449, -0.046299145, -0.04598091), (0.031055449, -0.046299145, -0.031889815), (0.031055449, -0.08929914, 0.0077690887), (0.031055449, -0.08704914, -0.0099809095), (0.031055449, -0.087350585, -0.008855909), (0.031055449, -0.056299143, -0.03698091), (0.031055449, -0.046299145, -0.04598091), (0.031055449, -0.057799138, -0.036578987), (0.031055449, -0.057799138, -0.036578987), (0.031055449, -0.046299145, -0.04598091), (0.031055449, -0.10129914, -0.04598091), (0.031055449, -0.057799138, -0.036578987), (0.031055449, -0.10129914, -0.04598091), (0.031055449, -0.05889722, -0.035480913), (0.031055449, -0.05889722, -0.035480913), (0.031055449, -0.10129914, -0.04598091), (0.031055449, -0.05929914, -0.03398091), (0.031055449, -0.05479914, -0.031382836), (0.031055449, -0.056299143, -0.030980911), (0.031055449, -0.055599645, -0.025077421), (0.031055449, -0.056299143, -0.03698091), (0.031055449, -0.05479914, -0.036578987), (0.031055449, -0.046299145, -0.04598091), (0.031055449, -0.046299145, -0.04598091), (0.031055449, -0.05479914, -0.036578987), (0.031055449, -0.053701058, -0.035480913), (0.031055449, -0.046299145, -0.04598091), (0.031055449, -0.053701058, -0.035480913), (0.031055449, -0.046299145, -0.031889815), (0.031055449, -0.046299145, -0.031889815), (0.031055449, -0.053701058, -0.035480913), (0.031055449, -0.053299144, -0.03398091), (0.031055449, -0.046299145, -0.031889815), (0.031055449, -0.053299144, -0.03398091), (0.031055449, -0.046705052, -0.029720455), (0.031055449, -0.046705052, -0.029720455), (0.031055449, -0.053299144, -0.03398091), (0.031055449, -0.053701058, -0.03248091), (0.031055449, -0.0680565, 0.014261726), (0.031055449, -0.06675586, 0.012315188), (0.031055449, -0.06629914, 0.01001909), (0.031055449, -0.055599645, -0.025077421), (0.031055449, -0.051753685, -0.025914658), (0.031055449, -0.05479914, -0.031382836), (0.031055449, -0.05479914, -0.031382836), (0.031055449, -0.051753685, -0.025914658), (0.031055449, -0.04963021, -0.026516099), (0.031055449, -0.05479914, -0.031382836), (0.031055449, -0.04963021, -0.026516099), (0.031055449, -0.053701058, -0.03248091), (0.031055449, -0.053701058, -0.03248091), (0.031055449, -0.04963021, -0.026516099), (0.031055449, -0.04786785, -0.027844615), (0.031055449, -0.053701058, -0.03248091), (0.031055449, -0.04786785, -0.027844615), (0.031055449, -0.046705052, -0.029720455), (0.031055449, -0.09042414, -0.008032355), (0.031055449, -0.0912477, -0.008855909), (0.031055449, -0.10129914, 0.013019089), (0.031055449, -0.10129914, 0.013019089), (0.031055449, -0.0912477, -0.008855909), (0.031055449, -0.09154914, -0.0099809095), (0.031055449, -0.10129914, 0.013019089), (0.031055449, -0.09154914, -0.0099809095), (0.031055449, -0.10129914, -0.04598091), (0.031055449, -0.087350585, -0.008855909), (0.031055449, -0.08817414, -0.008032355), (0.031055449, -0.08929914, 0.0077690887), (0.031055449, -0.08929914, 0.0077690887), (0.031055449, -0.08817414, -0.008032355), (0.031055449, -0.08929914, -0.007730913), (0.031055449, -0.08929914, 0.0077690887), (0.031055449, -0.08929914, -0.007730913), (0.031055449, -0.09042414, 0.008070532), (0.031055449, -0.09042414, 0.008070532), (0.031055449, -0.08929914, -0.007730913), (0.031055449, -0.09042414, -0.008032355), (0.031055449, -0.09042414, 0.008070532), (0.031055449, -0.09042414, -0.008032355), (0.031055449, -0.0912477, 0.00889409), (0.031055449, -0.0912477, 0.00889409), (0.031055449, -0.09042414, -0.008032355), (0.031055449, -0.10129914, 0.013019089), (0.031055449, -0.0912477, 0.00889409), (0.031055449, -0.10129914, 0.013019089), (0.031055449, -0.09154914, 0.01001909), (0.031055449, -0.09154914, 0.01001909), (0.031055449, -0.10129914, 0.013019089), (0.031055449, -0.100897215, 0.014519092), (0.031055449, -0.09154914, 0.01001909), (0.031055449, -0.100897215, 0.014519092), (0.031055449, -0.0912477, 0.01114409), (0.031055449, -0.0912477, 0.01114409), (0.031055449, -0.100897215, 0.014519092), (0.031055449, -0.09979914, 0.015617166), (0.031055449, -0.0912477, 0.01114409), (0.031055449, -0.09979914, 0.015617166), (0.031055449, -0.09042414, 0.011967648), (0.031055449, -0.09042414, 0.011967648), (0.031055449, -0.09979914, 0.015617166), (0.031055449, -0.09829914, 0.016019087), (0.031055449, -0.09042414, 0.011967648), (0.031055449, -0.09829914, 0.016019087), (0.031055449, -0.08929914, 0.012269091), (0.031055449, -0.08929914, 0.012269091), (0.031055449, -0.09829914, 0.016019087), (0.031055449, -0.07229914, 0.016019087), (0.031055449, -0.08929914, 0.012269091), (0.031055449, -0.07229914, 0.016019087), (0.031055449, -0.08817414, 0.011967648), (0.031055449, -0.05889722, -0.03248091), (0.031055449, -0.05929914, -0.03398091), (0.031055449, -0.09042414, -0.011929467), (0.031055449, -0.09042414, -0.011929467), (0.031055449, -0.05929914, -0.03398091), (0.031055449, -0.10129914, -0.04598091), (0.031055449, -0.09042414, -0.011929467), (0.031055449, -0.10129914, -0.04598091), (0.031055449, -0.0912477, -0.01110591), (0.031055449, -0.0912477, -0.01110591), (0.031055449, -0.10129914, -0.04598091), (0.031055449, -0.09154914, -0.0099809095), (0.031055449, -0.07000304, 0.015562367), (0.031055449, -0.08704914, 0.01001909), (0.031055449, -0.07229914, 0.016019087), (0.031055449, -0.07229914, 0.016019087), (0.031055449, -0.08704914, 0.01001909), (0.031055449, -0.087350585, 0.01114409), (0.031055449, -0.07229914, 0.016019087), (0.031055449, -0.087350585, 0.01114409), (0.031055449, -0.08817414, 0.011967648), (0.031055449, -0.08929914, 0.0077690887), (0.031055449, -0.08817414, 0.008070532), (0.031055449, -0.08704914, -0.0099809095), (0.031055449, -0.08704914, -0.0099809095), (0.031055449, -0.08817414, 0.008070532), (0.031055449, -0.056299143, -0.030980911), (0.031055449, -0.08704914, -0.0099809095), (0.031055449, -0.056299143, -0.030980911), (0.031055449, -0.087350585, -0.01110591), (0.031055449, -0.087350585, -0.01110591), (0.031055449, -0.056299143, -0.030980911), (0.031055449, -0.057799138, -0.031382836), (0.031055449, -0.087350585, -0.01110591), (0.031055449, -0.057799138, -0.031382836), (0.031055449, -0.08817414, -0.011929467), (0.031055449, -0.08817414, -0.011929467), (0.031055449, -0.057799138, -0.031382836), (0.031055449, -0.05889722, -0.03248091), (0.031055449, -0.08817414, -0.011929467), (0.031055449, -0.05889722, -0.03248091), (0.031055449, -0.08929914, -0.01223091), (0.031055449, -0.08929914, -0.01223091), (0.031055449, -0.05889722, -0.03248091), (0.031055449, -0.09042414, -0.011929467), (0.031055449, -0.07000304, 0.015562367), (0.031055449, -0.0680565, 0.014261726), (0.031055449, -0.08704914, 0.01001909), (0.031055449, -0.08704914, 0.01001909), (0.031055449, -0.0680565, 0.014261726), (0.031055449, -0.06629914, 0.01001909), (0.031055449, -0.08704914, 0.01001909), (0.031055449, -0.06629914, 0.01001909), (0.031055449, -0.087350585, 0.00889409), (0.031055449, -0.087350585, 0.00889409), (0.031055449, -0.06629914, 0.01001909), (0.031055449, -0.06629914, -0.0099809095), (0.031055449, -0.087350585, 0.00889409), (0.031055449, -0.06629914, -0.0099809095), (0.031055449, -0.08817414, 0.008070532), (0.031055449, -0.08817414, 0.008070532), (0.031055449, -0.06629914, -0.0099809095), (0.031055449, -0.065815, -0.013887059), (0.031055449, -0.065815, -0.013887059), (0.031055449, -0.06439189, -0.01755682), (0.031055449, -0.08817414, 0.008070532), (0.031055449, -0.08817414, 0.008070532), (0.031055449, -0.06439189, -0.01755682), (0.031055449, -0.062115923, -0.02076811), (0.031055449, -0.08817414, 0.008070532), (0.031055449, -0.062115923, -0.02076811), (0.031055449, -0.056299143, -0.030980911), (0.031055449, -0.056299143, -0.030980911), (0.031055449, -0.062115923, -0.02076811), (0.031055449, -0.059124842, -0.023326587), (0.031055449, -0.056299143, -0.030980911), (0.031055449, -0.059124842, -0.023326587), (0.031055449, -0.055599645, -0.025077421), (0.041055452, -0.09829914, 0.016019087), (0.031055449, -0.09829914, 0.016019087), (0.031055449, -0.09979914, 0.015617166), (0.041055452, -0.09829914, 0.016019087), (0.031055449, -0.09979914, 0.015617166), (0.041055452, -0.09979914, 0.015617166), (0.041055452, -0.09979914, 0.015617166), (0.031055449, -0.09979914, 0.015617166), (0.031055449, -0.100897215, 0.014519092), (0.041055452, -0.09979914, 0.015617166), (0.031055449, -0.100897215, 0.014519092), (0.041055452, -0.100897215, 0.014519092), (0.041055452, -0.100897215, 0.014519092), (0.031055449, -0.100897215, 0.014519092), (0.031055449, -0.10129914, 0.013019089), (0.041055452, -0.100897215, 0.014519092), (0.031055449, -0.10129914, 0.013019089), (0.041055452, -0.10129914, 0.013019089), (0.041055452, -0.086051546, -0.008105911), (0.041055452, -0.08554914, -0.0099809095), (0.041055452, -0.07242414, 0.016019087), (0.041055452, -0.07242414, -0.04316442), (0.041055452, -0.09471542, -0.04983532), (0.0410553, -0.09370158, -0.050949182), (0.04105548, -0.09629621, -0.049389057), (0.041055452, -0.09604384, -0.04936524), (0.041055452, -0.10129914, -0.04316442), (0.04105563, -0.0977924, -0.055284128), (0.041055452, -0.09788287, -0.055251498), (0.041055452, -0.10129914, -0.060980912), (0.041055452, -0.10129914, -0.060980912), (0.041055452, -0.09788287, -0.055251498), (0.041055605, -0.098896705, -0.05413764), (0.041055486, -0.09376742, -0.05409979), (0.041055452, -0.094052255, -0.054656465), (0.041055452, -0.07242414, -0.06398091), (0.041055452, -0.10129914, -0.060980912), (0.041055452, -0.100897215, -0.062480908), (0.04105563, -0.0977924, -0.055284128), (0.04105563, -0.0977924, -0.055284128), (0.041055452, -0.100897215, -0.062480908), (0.041055452, -0.09979914, -0.063578986), (0.04105563, -0.0977924, -0.055284128), (0.041055452, -0.09979914, -0.063578986), (0.041055452, -0.096554436, -0.055721585), (0.041055452, -0.096554436, -0.055721585), (0.041055452, -0.09979914, -0.063578986), (0.041055452, -0.09829914, -0.06398091), (0.041055452, -0.096554436, -0.055721585), (0.041055452, -0.09829914, -0.06398091), (0.041055426, -0.09630207, -0.055697765), (0.041055452, -0.09854602, -0.050430357), (0.041055452, -0.09837675, -0.050242487), (0.041055452, -0.10129914, -0.04316442), (0.041055452, -0.10129914, -0.04316442), (0.041055452, -0.09604384, -0.04936524), (0.041055452, -0.07242414, -0.04316442), (0.041055452, -0.07242414, -0.04316442), (0.041055452, -0.09604384, -0.04936524), (0.041055273, -0.09480588, -0.049802694), (0.041055452, -0.07242414, -0.04316442), (0.041055273, -0.09480588, -0.049802694), (0.041055452, -0.09471542, -0.04983532), (0.0410553, -0.09370158, -0.050949182), (0.041055452, -0.093700394, -0.050951775), (0.041055452, -0.07242414, -0.04316442), (0.041055452, -0.07242414, -0.04316442), (0.041055452, -0.093700394, -0.050951775), (0.041055452, -0.09329914, -0.052543413), (0.041055452, -0.07242414, -0.04316442), (0.041055452, -0.09329914, -0.052543413), (0.041055452, -0.07242414, -0.06398091), (0.041055452, -0.07242414, -0.06398091), (0.041055452, -0.09329914, -0.052543413), (0.041055452, -0.093408935, -0.053398553), (0.041055452, -0.07242414, -0.06398091), (0.041055452, -0.093408935, -0.053398553), (0.041055486, -0.09376742, -0.05409979), (0.041055452, -0.094052255, -0.054656465), (0.041055452, -0.094221525, -0.054844335), (0.041055452, -0.07242414, -0.06398091), (0.041055452, -0.07242414, -0.06398091), (0.041055452, -0.094221525, -0.054844335), (0.041055463, -0.09484552, -0.055218212), (0.041055452, -0.07242414, -0.06398091), (0.041055463, -0.09484552, -0.055218212), (0.041055452, -0.09829914, -0.06398091), (0.041055452, -0.09829914, -0.06398091), (0.041055463, -0.09484552, -0.055218212), (0.041055452, -0.09552392, -0.055624623), (0.041055452, -0.09829914, -0.06398091), (0.041055452, -0.09552392, -0.055624623), (0.041055426, -0.09630207, -0.055697765), (0.041055452, -0.09854602, -0.050430357), (0.041055452, -0.10129914, -0.04316442), (0.04105542, -0.098830864, -0.05098703), (0.041055452, -0.09837675, -0.050242487), (0.04105544, -0.097752765, -0.04986861), (0.041055452, -0.10129914, -0.04316442), (0.041055452, -0.10129914, -0.04316442), (0.04105544, -0.097752765, -0.04986861), (0.041055452, -0.09707436, -0.0494622), (0.041055452, -0.10129914, -0.04316442), (0.041055452, -0.09707436, -0.0494622), (0.04105548, -0.09629621, -0.049389057), (0.041055605, -0.098896705, -0.05413764), (0.041055452, -0.09889789, -0.054135043), (0.041055452, -0.10129914, -0.060980912), (0.041055452, -0.10129914, -0.060980912), (0.041055452, -0.09889789, -0.054135043), (0.041055452, -0.09929914, -0.052543413), (0.041055452, -0.10129914, -0.060980912), (0.041055452, -0.09929914, -0.052543413), (0.041055452, -0.10129914, -0.04316442), (0.041055452, -0.10129914, -0.04316442), (0.041055452, -0.09929914, -0.052543413), (0.041055452, -0.09918935, -0.051688273), (0.041055452, -0.10129914, -0.04316442), (0.041055452, -0.09918935, -0.051688273), (0.04105542, -0.098830864, -0.05098703), (0.041055452, -0.087424144, 0.0067714932), (0.041055452, -0.08929914, 0.0062690857), (0.041055452, -0.08929914, -0.00623091), (0.041055452, -0.07242414, 0.016019087), (0.041055452, -0.08554914, -0.0099809095), (0.041055452, -0.07242414, -0.04316442), (0.041055452, -0.08554914, -0.0099809095), (0.041055452, -0.086051546, -0.011855911), (0.041055452, -0.07242414, -0.04316442), (0.041055452, -0.07242414, -0.04316442), (0.041055452, -0.086051546, -0.011855911), (0.041055452, -0.087424144, -0.013228506), (0.041055452, -0.07242414, -0.04316442), (0.041055452, -0.087424144, -0.013228506), (0.041055452, -0.10129914, -0.04316442), (0.041055452, -0.10129914, -0.04316442), (0.041055452, -0.087424144, -0.013228506), (0.041055452, -0.08929914, -0.01373091), (0.041055452, -0.10129914, -0.04316442), (0.041055452, -0.08929914, -0.01373091), (0.041055452, -0.09117414, -0.013228506), (0.041055452, -0.09117414, -0.013228506), (0.041055452, -0.09254674, -0.011855911), (0.041055452, -0.10129914, -0.04316442), (0.041055452, -0.10129914, -0.04316442), (0.041055452, -0.09254674, -0.011855911), (0.041055452, -0.09304914, -0.0099809095), (0.041055452, -0.10129914, -0.04316442), (0.041055452, -0.09304914, -0.0099809095), (0.041055452, -0.10129914, 0.013019089), (0.041055452, -0.10129914, 0.013019089), (0.041055452, -0.09304914, -0.0099809095), (0.041055452, -0.09254674, -0.008105911), (0.041055452, -0.10129914, 0.013019089), (0.041055452, -0.09254674, -0.008105911), (0.041055452, -0.09117414, -0.0067333174), (0.041055452, -0.07242414, 0.016019087), (0.041055452, -0.086051546, 0.011894088), (0.041055452, -0.08554914, 0.01001909), (0.041055452, -0.08929914, -0.00623091), (0.041055452, -0.08929914, 0.0062690857), (0.041055452, -0.09117414, -0.0067333174), (0.041055452, -0.09254674, 0.011894088), (0.041055452, -0.09117414, 0.013266686), (0.041055452, -0.09829914, 0.016019087), (0.041055452, -0.09829914, 0.016019087), (0.041055452, -0.09117414, 0.013266686), (0.041055452, -0.08929914, 0.013769086), (0.041055452, -0.09829914, 0.016019087), (0.041055452, -0.08929914, 0.013769086), (0.041055452, -0.07242414, 0.016019087), (0.041055452, -0.07242414, 0.016019087), (0.041055452, -0.08929914, 0.013769086), (0.041055452, -0.087424144, 0.013266686), (0.041055452, -0.07242414, 0.016019087), (0.041055452, -0.087424144, 0.013266686), (0.041055452, -0.086051546, 0.011894088), (0.041055452, -0.086051546, -0.008105911), (0.041055452, -0.07242414, 0.016019087), (0.041055452, -0.087424144, -0.0067333174), (0.041055452, -0.087424144, -0.0067333174), (0.041055452, -0.07242414, 0.016019087), (0.041055452, -0.08554914, 0.01001909), (0.041055452, -0.087424144, -0.0067333174), (0.041055452, -0.08554914, 0.01001909), (0.041055452, -0.08929914, -0.00623091), (0.041055452, -0.08929914, -0.00623091), (0.041055452, -0.08554914, 0.01001909), (0.041055452, -0.086051546, 0.008144092), (0.041055452, -0.08929914, -0.00623091), (0.041055452, -0.086051546, 0.008144092), (0.041055452, -0.087424144, 0.0067714932), (0.041055452, -0.08929914, 0.0062690857), (0.041055452, -0.09117414, 0.0067714932), (0.041055452, -0.09117414, -0.0067333174), (0.041055452, -0.09117414, -0.0067333174), (0.041055452, -0.09117414, 0.0067714932), (0.041055452, -0.09254674, 0.008144092), (0.041055452, -0.09117414, -0.0067333174), (0.041055452, -0.09254674, 0.008144092), (0.041055452, -0.10129914, 0.013019089), (0.041055452, -0.10129914, 0.013019089), (0.041055452, -0.09254674, 0.008144092), (0.041055452, -0.09304914, 0.01001909), (0.041055452, -0.10129914, 0.013019089), (0.041055452, -0.09304914, 0.01001909), (0.041055452, -0.100897215, 0.014519092), (0.041055452, -0.100897215, 0.014519092), (0.041055452, -0.09304914, 0.01001909), (0.041055452, -0.09254674, 0.011894088), (0.041055452, -0.100897215, 0.014519092), (0.041055452, -0.09254674, 0.011894088), (0.041055452, -0.09979914, 0.015617166), (0.041055452, -0.09979914, 0.015617166), (0.041055452, -0.09254674, 0.011894088), (0.041055452, -0.09829914, 0.016019087), (0.041055452, -0.053701058, -0.035480913), (0.041055452, -0.046299145, -0.04316442), (0.041055452, -0.053299144, -0.03398091), (0.041055452, -0.053299144, -0.03398091), (0.041055452, -0.046299145, -0.04316442), (0.041055452, -0.046299145, -0.031889815), (0.041055452, -0.053299144, -0.03398091), (0.041055452, -0.046299145, -0.031889815), (0.041055452, -0.053701058, -0.03248091), (0.041055452, -0.053701058, -0.03248091), (0.041055452, -0.046299145, -0.031889815), (0.041055452, -0.046705052, -0.029720455), (0.041055452, -0.057799138, -0.036578987), (0.041055452, -0.07242414, -0.04316442), (0.041055452, -0.056299143, -0.03698091), (0.041055452, -0.056299143, -0.03698091), (0.041055452, -0.07242414, -0.04316442), (0.041055452, -0.046299145, -0.04316442), (0.041055452, -0.056299143, -0.03698091), (0.041055452, -0.046299145, -0.04316442), (0.041055452, -0.05479914, -0.036578987), (0.041055452, -0.05479914, -0.036578987), (0.041055452, -0.046299145, -0.04316442), (0.041055452, -0.053701058, -0.035480913), (0.041055452, -0.057799138, -0.036578987), (0.041055452, -0.05889722, -0.035480913), (0.041055452, -0.07242414, -0.04316442), (0.041055452, -0.07242414, -0.04316442), (0.041055452, -0.05889722, -0.035480913), (0.041055452, -0.05929914, -0.03398091), (0.041055452, -0.07242414, -0.04316442), (0.041055452, -0.05929914, -0.03398091), (0.041055452, -0.05889722, -0.03248091), (0.041055452, -0.046705052, -0.029720455), (0.041055452, -0.04786785, -0.027844615), (0.041055452, -0.053701058, -0.03248091), (0.041055452, -0.053701058, -0.03248091), (0.041055452, -0.04786785, -0.027844615), (0.041055452, -0.04963021, -0.026516099), (0.041055452, -0.053701058, -0.03248091), (0.041055452, -0.04963021, -0.026516099), (0.041055452, -0.05479914, -0.031382836), (0.041055452, -0.05479914, -0.031382836), (0.041055452, -0.04963021, -0.026516099), (0.041055452, -0.051753685, -0.025914658), (0.041055452, -0.05479914, -0.031382836), (0.041055452, -0.051753685, -0.025914658), (0.041055452, -0.056299143, -0.030980911), (0.041055452, -0.056299143, -0.030980911), (0.041055452, -0.051753685, -0.025914658), (0.041055452, -0.055599645, -0.025077421), (0.041055452, -0.056299143, -0.030980911), (0.041055452, -0.055599645, -0.025077421), (0.041055452, -0.057799138, -0.031382836), (0.041055452, -0.057799138, -0.031382836), (0.041055452, -0.055599645, -0.025077421), (0.041055452, -0.059124842, -0.023326587), (0.041055452, -0.06629914, 0.01001909), (0.041055452, -0.06675586, 0.012315188), (0.041055452, -0.0680565, 0.014261726), (0.041055452, -0.059124842, -0.023326587), (0.041055452, -0.062115923, -0.02076811), (0.041055452, -0.057799138, -0.031382836), (0.041055452, -0.057799138, -0.031382836), (0.041055452, -0.062115923, -0.02076811), (0.041055452, -0.06439189, -0.01755682), (0.041055452, -0.057799138, -0.031382836), (0.041055452, -0.06439189, -0.01755682), (0.041055452, -0.05889722, -0.03248091), (0.041055452, -0.05889722, -0.03248091), (0.041055452, -0.06439189, -0.01755682), (0.041055452, -0.065815, -0.013887059), (0.041055452, -0.05889722, -0.03248091), (0.041055452, -0.065815, -0.013887059), (0.041055452, -0.07242414, -0.04316442), (0.041055452, -0.07242414, -0.04316442), (0.041055452, -0.065815, -0.013887059), (0.041055452, -0.06629914, -0.0099809095), (0.041055452, -0.07242414, -0.04316442), (0.041055452, -0.06629914, -0.0099809095), (0.041055452, -0.07242414, 0.016019087), (0.041055452, -0.07242414, 0.016019087), (0.041055452, -0.06629914, -0.0099809095), (0.041055452, -0.06629914, 0.01001909), (0.041055452, -0.07242414, 0.016019087), (0.041055452, -0.06629914, 0.01001909), (0.041055452, -0.07229914, 0.016019087), (0.041055452, -0.07229914, 0.016019087), (0.041055452, -0.06629914, 0.01001909), (0.041055452, -0.0680565, 0.014261726), (0.041055452, -0.07229914, 0.016019087), (0.041055452, -0.0680565, 0.014261726), (0.041055452, -0.07000304, 0.015562367), (0.041055452, -0.05104384, -0.04936524), (0.041055273, -0.04980588, -0.049802694), (0.041055452, -0.046299145, -0.04316442), (0.041055452, -0.046299145, -0.04316442), (0.041055273, -0.04980588, -0.049802694), (0.041055452, -0.049715415, -0.04983532), (0.041055452, -0.046299145, -0.04316442), (0.041055452, -0.049715415, -0.04983532), (0.0410553, -0.048701584, -0.050949182), (0.041055486, -0.048767418, -0.05409979), (0.041055452, -0.049052253, -0.054656465), (0.041055452, -0.046299145, -0.060980912), (0.041055452, -0.049299136, -0.06398091), (0.04105563, -0.0527924, -0.055284128), (0.041055452, -0.07242414, -0.06398091), (0.041055452, -0.07242414, -0.06398091), (0.04105563, -0.0527924, -0.055284128), (0.041055452, -0.052882865, -0.055251498), (0.041055452, -0.07242414, -0.06398091), (0.041055452, -0.052882865, -0.055251498), (0.041055605, -0.053896703, -0.05413764), (0.041055452, -0.053546026, -0.050430357), (0.041055452, -0.05337675, -0.050242487), (0.041055452, -0.07242414, -0.04316442), (0.0410553, -0.048701584, -0.050949182), (0.041055452, -0.048700392, -0.050951775), (0.041055452, -0.046299145, -0.04316442), (0.041055452, -0.046299145, -0.04316442), (0.041055452, -0.048700392, -0.050951775), (0.041055452, -0.048299134, -0.052543413), (0.041055452, -0.046299145, -0.04316442), (0.041055452, -0.048299134, -0.052543413), (0.041055452, -0.046299145, -0.060980912), (0.041055452, -0.046299145, -0.060980912), (0.041055452, -0.048299134, -0.052543413), (0.041055452, -0.048408926, -0.053398553), (0.041055452, -0.046299145, -0.060980912), (0.041055452, -0.048408926, -0.053398553), (0.041055486, -0.048767418, -0.05409979), (0.041055452, -0.053546026, -0.050430357), (0.041055452, -0.07242414, -0.04316442), (0.04105542, -0.053830862, -0.05098703), (0.041055452, -0.05337675, -0.050242487), (0.04105544, -0.052752763, -0.04986861), (0.041055452, -0.07242414, -0.04316442), (0.041055452, -0.07242414, -0.04316442), (0.04105544, -0.052752763, -0.04986861), (0.041055452, -0.052074358, -0.0494622), (0.041055452, -0.07242414, -0.04316442), (0.041055452, -0.052074358, -0.0494622), (0.041055452, -0.046299145, -0.04316442), (0.041055452, -0.046299145, -0.04316442), (0.041055452, -0.052074358, -0.0494622), (0.04105548, -0.051296204, -0.049389057), (0.041055452, -0.046299145, -0.04316442), (0.04105548, -0.051296204, -0.049389057), (0.041055452, -0.05104384, -0.04936524), (0.041055452, -0.049052253, -0.054656465), (0.041055452, -0.04922153, -0.054844335), (0.041055452, -0.046299145, -0.060980912), (0.041055452, -0.046299145, -0.060980912), (0.041055452, -0.04922153, -0.054844335), (0.041055463, -0.049845517, -0.055218212), (0.041055452, -0.046299145, -0.060980912), (0.041055463, -0.049845517, -0.055218212), (0.041055452, -0.04670106, -0.062480908), (0.041055452, -0.04670106, -0.062480908), (0.041055463, -0.049845517, -0.055218212), (0.041055452, -0.05052392, -0.055624623), (0.041055452, -0.04670106, -0.062480908), (0.041055452, -0.05052392, -0.055624623), (0.041055452, -0.04779914, -0.063578986), (0.041055452, -0.04779914, -0.063578986), (0.041055452, -0.05052392, -0.055624623), (0.041055426, -0.051302075, -0.055697765), (0.041055452, -0.04779914, -0.063578986), (0.041055426, -0.051302075, -0.055697765), (0.041055452, -0.049299136, -0.06398091), (0.041055452, -0.049299136, -0.06398091), (0.041055426, -0.051302075, -0.055697765), (0.041055452, -0.05155444, -0.055721585), (0.041055452, -0.049299136, -0.06398091), (0.041055452, -0.05155444, -0.055721585), (0.04105563, -0.0527924, -0.055284128), (0.041055605, -0.053896703, -0.05413764), (0.041055452, -0.053897887, -0.054135043), (0.041055452, -0.07242414, -0.06398091), (0.041055452, -0.07242414, -0.06398091), (0.041055452, -0.053897887, -0.054135043), (0.041055452, -0.05429914, -0.052543413), (0.041055452, -0.07242414, -0.06398091), (0.041055452, -0.05429914, -0.052543413), (0.041055452, -0.07242414, -0.04316442), (0.041055452, -0.07242414, -0.04316442), (0.041055452, -0.05429914, -0.052543413), (0.041055452, -0.054189347, -0.051688273), (0.041055452, -0.07242414, -0.04316442), (0.041055452, -0.054189347, -0.051688273), (0.04105542, -0.053830862, -0.05098703), (0.041055452, -0.09829914, -0.06398091), (0.037555452, -0.09829914, -0.06398091), (0.041055452, -0.07242414, -0.06398091), (0.041055452, -0.07242414, -0.06398091), (0.037555452, -0.09829914, -0.06398091), (0.037555452, -0.049299136, -0.06398091), (0.041055452, -0.07242414, -0.06398091), (0.037555452, -0.049299136, -0.06398091), (0.041055452, -0.049299136, -0.06398091), (0.034865864, -0.09629914, -0.056532826), (0.037396636, -0.09978374, -0.06354106), (0.037365437, -0.09999505, -0.0634547), (0.03458566, -0.052728087, -0.055756867), (0.034790784, -0.052124143, -0.056324907), (0.037555452, -0.049299136, -0.06398091), (0.034865864, -0.09629914, -0.056532826), (0.037365437, -0.09999505, -0.0634547), (0.034790784, -0.097124144, -0.056324907), (0.03458566, -0.094870195, -0.055756867), (0.03374504, -0.05129914, -0.053428996), (0.03382012, -0.052124143, -0.053636912), (0.034790784, -0.09547414, -0.056324907), (0.037555452, -0.09829914, -0.06398091), (0.034865864, -0.09629914, -0.056532826), (0.034865864, -0.09629914, -0.056532826), (0.037555452, -0.09829914, -0.06398091), (0.037541114, -0.098803975, -0.0639412), (0.034865864, -0.09629914, -0.056532826), (0.037541114, -0.098803975, -0.0639412), (0.037396636, -0.09978374, -0.06354106), (0.03382012, -0.097124144, -0.053636912), (0.034025244, -0.09772808, -0.054204952), (0.031055449, -0.10129914, -0.04598091), (0.031055449, -0.10129914, -0.04598091), (0.034025244, -0.09772808, -0.054204952), (0.03430545, -0.09794914, -0.05498091), (0.031055449, -0.10129914, -0.04598091), (0.03430545, -0.09794914, -0.05498091), (0.03647212, -0.10129914, -0.060980912), (0.03647212, -0.10129914, -0.060980912), (0.03430545, -0.09794914, -0.05498091), (0.03458566, -0.09772808, -0.055756867), (0.03647212, -0.10129914, -0.060980912), (0.03458566, -0.09772808, -0.055756867), (0.03697074, -0.10096195, -0.0623617), (0.03697074, -0.10096195, -0.0623617), (0.03458566, -0.09772808, -0.055756867), (0.034790784, -0.097124144, -0.056324907), (0.03697074, -0.10096195, -0.0623617), (0.034790784, -0.097124144, -0.056324907), (0.03700655, -0.10087464, -0.062461127), (0.03700655, -0.10087464, -0.062461127), (0.034790784, -0.097124144, -0.056324907), (0.037365437, -0.09999505, -0.0634547), (0.034790784, -0.052124143, -0.056324907), (0.034865864, -0.05129914, -0.056532826), (0.037555452, -0.049299136, -0.06398091), (0.037555452, -0.049299136, -0.06398091), (0.034865864, -0.05129914, -0.056532826), (0.037394717, -0.04783328, -0.06353575), (0.037555452, -0.049299136, -0.06398091), (0.037394717, -0.04783328, -0.06353575), (0.037457477, -0.04805228, -0.06370959), (0.034790784, -0.050474137, -0.056324907), (0.03458566, -0.049870193, -0.055756867), (0.03647212, -0.046299145, -0.060980912), (0.03647212, -0.046299145, -0.060980912), (0.03458566, -0.049870193, -0.055756867), (0.03430545, -0.049649134, -0.05498091), (0.03647212, -0.046299145, -0.060980912), (0.03430545, -0.049649134, -0.05498091), (0.031055449, -0.046299145, -0.04598091), (0.03647212, -0.046299145, -0.060980912), (0.03669803, -0.04636237, -0.061606504), (0.034790784, -0.050474137, -0.056324907), (0.034790784, -0.050474137, -0.056324907), (0.03669803, -0.04636237, -0.061606504), (0.037004232, -0.046758085, -0.062454287), (0.034790784, -0.050474137, -0.056324907), (0.037004232, -0.046758085, -0.062454287), (0.034865864, -0.05129914, -0.056532826), (0.034865864, -0.05129914, -0.056532826), (0.037004232, -0.046758085, -0.062454287), (0.0371346, -0.04692544, -0.062815465), (0.034865864, -0.05129914, -0.056532826), (0.0371346, -0.04692544, -0.062815465), (0.037394717, -0.04783328, -0.06353575), (0.03430545, -0.049649134, -0.05498091), (0.034025244, -0.049870193, -0.054204952), (0.031055449, -0.046299145, -0.04598091), (0.031055449, -0.046299145, -0.04598091), (0.034025244, -0.049870193, -0.054204952), (0.03382012, -0.050474137, -0.053636912), (0.031055449, -0.046299145, -0.04598091), (0.03382012, -0.050474137, -0.053636912), (0.03374504, -0.05129914, -0.053428996), (0.03382012, -0.052124143, -0.053636912), (0.034025244, -0.052728087, -0.054204952), (0.03458566, -0.094870195, -0.055756867), (0.03458566, -0.094870195, -0.055756867), (0.034025244, -0.052728087, -0.054204952), (0.03430545, -0.052949145, -0.05498091), (0.03458566, -0.094870195, -0.055756867), (0.03430545, -0.052949145, -0.05498091), (0.034790784, -0.09547414, -0.056324907), (0.034790784, -0.09547414, -0.056324907), (0.03430545, -0.052949145, -0.05498091), (0.03458566, -0.052728087, -0.055756867), (0.034790784, -0.09547414, -0.056324907), (0.03458566, -0.052728087, -0.055756867), (0.037555452, -0.09829914, -0.06398091), (0.037555452, -0.09829914, -0.06398091), (0.03458566, -0.052728087, -0.055756867), (0.037555452, -0.049299136, -0.06398091), (0.03458566, -0.094870195, -0.055756867), (0.03430545, -0.09464914, -0.05498091), (0.03374504, -0.05129914, -0.053428996), (0.03374504, -0.05129914, -0.053428996), (0.03430545, -0.09464914, -0.05498091), (0.034025244, -0.094870195, -0.054204952), (0.03374504, -0.05129914, -0.053428996), (0.034025244, -0.094870195, -0.054204952), (0.031055449, -0.046299145, -0.04598091), (0.031055449, -0.046299145, -0.04598091), (0.034025244, -0.094870195, -0.054204952), (0.03382012, -0.09547414, -0.053636912), (0.031055449, -0.046299145, -0.04598091), (0.03382012, -0.09547414, -0.053636912), (0.031055449, -0.10129914, -0.04598091), (0.031055449, -0.10129914, -0.04598091), (0.03382012, -0.09547414, -0.053636912), (0.03374504, -0.09629914, -0.053428996), (0.031055449, -0.10129914, -0.04598091), (0.03374504, -0.09629914, -0.053428996), (0.03382012, -0.097124144, -0.053636912), (0.037555452, -0.09829914, -0.06398091), (0.041055452, -0.09829914, -0.06398091), (0.037541114, -0.09880346, -0.063938215), (0.037541114, -0.09880346, -0.063938215), (0.041055452, -0.09829914, -0.06398091), (0.041055452, -0.09979914, -0.063578986), (0.037541114, -0.09880346, -0.063938215), (0.041055452, -0.09979914, -0.063578986), (0.037396636, -0.09978374, -0.06354106), (0.037396636, -0.09978374, -0.06354106), (0.041055452, -0.09979914, -0.063578986), (0.037365437, -0.09999544, -0.06345528), (0.037365437, -0.09999544, -0.06345528), (0.041055452, -0.09979914, -0.063578986), (0.041055452, -0.100897215, -0.062480908), (0.037365437, -0.09999544, -0.06345528), (0.041055452, -0.100897215, -0.062480908), (0.03700655, -0.10087464, -0.062461127), (0.03700655, -0.10087464, -0.062461127), (0.041055452, -0.100897215, -0.062480908), (0.03697074, -0.10096237, -0.062361922), (0.03697074, -0.10096237, -0.062361922), (0.041055452, -0.100897215, -0.062480908), (0.041055452, -0.10129914, -0.060980912), (0.03697074, -0.10096237, -0.062361922), (0.041055452, -0.10129914, -0.060980912), (0.03647212, -0.10129914, -0.060980912), (0.041055452, -0.10129914, 0.013019089), (0.031055449, -0.10129914, 0.013019089), (0.041055452, -0.10129914, -0.04316442), (0.041055452, -0.10129914, -0.04316442), (0.031055449, -0.10129914, 0.013019089), (0.031055449, -0.10129914, -0.04598091), (0.041055452, -0.10129914, -0.04316442), (0.031055449, -0.10129914, -0.04598091), (0.041055452, -0.10129914, -0.060980912), (0.041055452, -0.10129914, -0.060980912), (0.031055449, -0.10129914, -0.04598091), (0.03647212, -0.10129914, -0.060980912)]
            texCoord2f[] primvars:st = [(-0.00675, 0.991), (-0.0027056183, 0.9895395), (-0.006469793, 0.99177593), (-0.006469793, 0.99177593), (-0.0027056183, 0.9895395), (-0.0024254115, 0.9903155), (-0.006469793, 0.99177593), (-0.0024254115, 0.9903155), (0.006264668, 0.978325), (0.006264668, 0.978325), (-0.0024254115, 0.9903155), (0.002220286, 0.978325), (0.006264668, 0.978325), (0.002220286, 0.978325), (0.0061895866, 0.9775), (0.0061895866, 0.9775), (0.002220286, 0.978325), (0.002145205, 0.9775), (0.0061895866, 0.9775), (0.002145205, 0.9775), (0.006264668, 0.976675), (0.006264668, 0.976675), (0.002145205, 0.9775), (0.002220286, 0.976675), (0.006264668, 0.976675), (0.002220286, 0.976675), (-0.006469793, 1.008224), (-0.006469793, 1.008224), (0.002220286, 0.976675), (-0.0024254115, 1.0096846), (-0.006469793, 1.008224), (-0.0024254115, 1.0096846), (-0.00675, 1.009), (-0.00675, 1.009), (-0.0024254115, 1.0096846), (-0.0027056183, 1.0104605), (-0.00675, 1.009), (-0.0027056183, 1.0104605), (-0.0070302067, 1.009776), (-0.0070302067, 1.009776), (-0.0027056183, 1.0104605), (-0.0029858248, 1.0112364), (-0.0070302067, 1.009776), (-0.0029858248, 1.0112364), (-0.0072353324, 0.976675), (-0.0072353324, 0.976675), (-0.0029858248, 1.0112364), (-0.0031909505, 0.976675), (-0.0072353324, 0.976675), (-0.0031909505, 0.976675), (-0.0073104133, 0.9775), (-0.0073104133, 0.9775), (-0.0031909505, 0.976675), (-0.0032660316, 0.9775), (-0.0073104133, 0.9775), (-0.0032660316, 0.9775), (-0.0072353324, 0.978325), (-0.0072353324, 0.978325), (-0.0032660316, 0.9775), (-0.0031909505, 0.978325), (-0.0072353324, 0.978325), (-0.0031909505, 0.978325), (-0.0070302067, 0.99022406), (-0.0070302067, 0.99022406), (-0.0031909505, 0.978325), (-0.0029858248, 0.9887636), (-0.0070302067, 0.99022406), (-0.0029858248, 0.9887636), (-0.00675, 0.991), (-0.00675, 0.991), (-0.0029858248, 0.9887636), (-0.0027056183, 0.9895395), (0.009116475, 0.976675), (0.008016841, 0.976), (0.009684514, 0.97607106), (0.009684514, 0.97607106), (0.008016841, 0.976), (0.00904964, 0.9749019), (0.009684514, 0.97607106), (0.00904964, 0.9749019), (0.010460471, 0.97585), (0.010460471, 0.97585), (0.00904964, 0.9749019), (0.010460471, 0.9745), (0.010460471, 0.97585), (0.010460471, 0.9745), (0.011236428, 0.97607106), (0.011236428, 0.97607106), (0.010460471, 0.9745), (0.0118713025, 0.9749019), (0.011236428, 0.97607106), (0.0118713025, 0.9749019), (0.011804468, 0.976675), (0.011804468, 0.976675), (0.0118713025, 0.9749019), (0.012904102, 0.976), (0.011804468, 0.976675), (0.012904102, 0.976), (0.012012385, 0.9775), (0.012012385, 0.9775), (0.012904102, 0.976), (0.013282133, 0.9775), (0.012012385, 0.9775), (0.013282133, 0.9775), (0.011804468, 0.978325), (0.011804468, 0.978325), (0.013282133, 0.9775), (0.012904102, 0.979), (0.011804468, 0.978325), (0.012904102, 0.979), (0.011236428, 0.9789289), (0.011236428, 0.9789289), (0.012904102, 0.979), (0.0118713025, 0.98009807), (0.011236428, 0.9789289), (0.0118713025, 0.98009807), (0.010460471, 0.97915), (0.010460471, 0.97915), (0.0118713025, 0.98009807), (0.010460471, 0.9805), (0.010460471, 0.97915), (0.010460471, 0.9805), (0.009684514, 0.9789289), (0.009684514, 0.9789289), (0.010460471, 0.9805), (0.00904964, 0.98009807), (0.009684514, 0.9789289), (0.00904964, 0.98009807), (0.009116475, 0.978325), (0.009116475, 0.978325), (0.00904964, 0.98009807), (0.008016841, 0.979), (0.009116475, 0.978325), (0.008016841, 0.979), (0.008908558, 0.9775), (0.008908558, 0.9775), (0.008016841, 0.979), (0.0076388093, 0.9775), (0.008908558, 0.9775), (0.0076388093, 0.9775), (0.009116475, 0.976675), (0.009116475, 0.976675), (0.0076388093, 0.9775), (0.008016841, 0.976), (-1.9611879e-7, 0.9790841), (-1.7984247e-7, 0.97899324), (0.0018231961, 0.979), (0.0018231961, 0.976), (-9.66943e-9, 0.9760464), (-0.0021961515, 1.0090497), (-0.0021961515, 1.0090497), (-9.66943e-9, 0.9760464), (8.107824e-11, 1.0091366), (8.107824e-11, 1.0091366), (5.975629e-8, 1.0093243), (-0.0021961515, 1.0090497), (-0.0021961515, 1.0090497), (5.975629e-8, 1.0093243), (3.1938235e-8, 1.0098811), (-0.0021961515, 1.0090497), (3.1938235e-8, 1.0098811), (-0.0027056183, 1.0104605), (-0.0027056183, 1.0104605), (3.1938235e-8, 1.0098811), (-3.0939833e-9, 1.0105823), (-0.0027056183, 1.0104605), (-3.0939833e-9, 1.0105823), (0, 1.0114375), (0.0018231961, 0.979), (-1.7984247e-7, 0.97899324), (0.0016866848, 0.9775), (-1.7984247e-7, 0.97899324), (4.2016016e-8, 0.9777553), (0.0016866848, 0.9775), (0.0016866848, 0.9775), (4.2016016e-8, 0.9777553), (2.6806404e-8, 0.97750294), (0.0016866848, 0.9775), (2.6806404e-8, 0.97750294), (0.0018231961, 0.976), (0.0018231961, 0.976), (2.6806404e-8, 0.97750294), (-2.0093534e-8, 0.97672474), (0.0018231961, 0.976), (-2.0093534e-8, 0.97672474), (-9.66943e-9, 0.9760464), (-1.9611879e-7, 0.9790841), (0.0018231961, 0.979), (1.5374579e-7, 0.9901567), (1.5374579e-7, 0.9901567), (0.0018231961, 0.979), (-0.0021961515, 0.99095035), (1.5374579e-7, 0.9901567), (-0.0021961515, 0.99095035), (1.5366335e-7, 0.99015456), (1.5366335e-7, 0.99015456), (-0.0021961515, 0.99095035), (-0.0027056183, 0.9895395), (1.5366335e-7, 0.99015456), (-0.0027056183, 0.9895395), (0, 0.9885625), (0, 0.9885625), (-0.0027056183, 0.9895395), (3.0939833e-9, 0.9877074), (3.0939833e-9, 0.9877074), (-0.0027056183, 0.9895395), (-0.003215085, 0.9881287), (-9.66943e-9, 0.9789536), (-8.107825e-11, 0.98626155), (-0.0035880404, 0.979), (-0.0035880404, 0.979), (-8.107825e-11, 0.98626155), (-5.975629e-8, 0.9864493), (-0.0035880404, 0.979), (-5.975629e-8, 0.9864493), (-0.003215085, 0.9881287), (-0.003215085, 0.9881287), (-5.975629e-8, 0.9864493), (-3.1938235e-8, 0.9870061), (-0.003215085, 0.9881287), (-3.1938235e-8, 0.9870061), (3.0939833e-9, 0.9877074), (-9.66943e-9, 0.9789536), (-0.0035880404, 0.979), (-2.0093534e-8, 0.97827524), (-2.0093534e-8, 0.97827524), (-0.0035880404, 0.979), (-0.0037245515, 0.9775), (-2.0093534e-8, 0.97827524), (-0.0037245515, 0.9775), (2.6806404e-8, 0.9774971), (2.6806404e-8, 0.9774971), (-0.0037245515, 0.9775), (4.2016016e-8, 0.97724473), (4.2016016e-8, 0.97724473), (-0.0037245515, 0.9775), (-0.0035880404, 0.976), (4.2016016e-8, 0.97724473), (-0.0035880404, 0.976), (-1.7984247e-7, 0.97600675), (-1.7984247e-7, 0.97600675), (-0.0035880404, 0.976), (-1.9611879e-7, 0.9759159), (-1.9611879e-7, 0.9759159), (-0.0035880404, 0.976), (-0.003215085, 1.0118713), (-1.9611879e-7, 0.9759159), (-0.003215085, 1.0118713), (-1.5374579e-7, 1.0130317), (-1.5374579e-7, 1.0130317), (-0.003215085, 1.0118713), (-1.5366335e-7, 1.0130296), (-1.5366335e-7, 1.0130296), (-0.003215085, 1.0118713), (-0.0027056183, 1.0104605), (-1.5366335e-7, 1.0130296), (-0.0027056183, 1.0104605), (0, 1.0114375), (-0.00675, 0.991), (-0.0027056183, 0.9895395), (-0.006469793, 0.99177593), (-0.006469793, 0.99177593), (-0.0027056183, 0.9895395), (-0.0024254115, 0.9903155), (-0.006469793, 0.99177593), (-0.0024254115, 0.9903155), (0.006264668, 1.023325), (0.006264668, 1.023325), (-0.0024254115, 0.9903155), (0.002220286, 1.023325), (0.006264668, 1.023325), (0.002220286, 1.023325), (0.0061895866, 1.0225), (0.0061895866, 1.0225), (0.002220286, 1.023325), (0.002145205, 1.0225), (0.0061895866, 1.0225), (0.002145205, 1.0225), (0.006264668, 1.021675), (0.006264668, 1.021675), (0.002145205, 1.0225), (0.002220286, 1.021675), (0.006264668, 1.021675), (0.002220286, 1.021675), (-0.006469793, 1.008224), (-0.006469793, 1.008224), (0.002220286, 1.021675), (-0.0024254115, 1.0096846), (-0.006469793, 1.008224), (-0.0024254115, 1.0096846), (-0.00675, 1.009), (-0.00675, 1.009), (-0.0024254115, 1.0096846), (-0.0027056183, 1.0104605), (-0.00675, 1.009), (-0.0027056183, 1.0104605), (-0.0070302067, 1.009776), (-0.0070302067, 1.009776), (-0.0027056183, 1.0104605), (-0.0029858248, 1.0112364), (-0.0070302067, 1.009776), (-0.0029858248, 1.0112364), (-0.0072353324, 1.021675), (-0.0072353324, 1.021675), (-0.0029858248, 1.0112364), (-0.0031909505, 1.021675), (-0.0072353324, 1.021675), (-0.0031909505, 1.021675), (-0.0073104133, 1.0225), (-0.0073104133, 1.0225), (-0.0031909505, 1.021675), (-0.0032660316, 1.0225), (-0.0073104133, 1.0225), (-0.0032660316, 1.0225), (-0.0072353324, 1.023325), (-0.0072353324, 1.023325), (-0.0032660316, 1.0225), (-0.0031909505, 1.023325), (-0.0072353324, 1.023325), (-0.0031909505, 1.023325), (-0.0070302067, 0.99022406), (-0.0070302067, 0.99022406), (-0.0031909505, 1.023325), (-0.0029858248, 0.9887636), (-0.0070302067, 0.99022406), (-0.0029858248, 0.9887636), (-0.00675, 0.991), (-0.00675, 0.991), (-0.0029858248, 0.9887636), (-0.0027056183, 0.9895395), (0.009116475, 1.023325), (0.008016841, 1.024), (0.008908558, 1.0225), (0.008908558, 1.0225), (0.008016841, 1.024), (0.0076388093, 1.0225), (0.008908558, 1.0225), (0.0076388093, 1.0225), (0.009116475, 1.021675), (0.009116475, 1.021675), (0.0076388093, 1.0225), (0.008016841, 1.021), (0.009116475, 1.021675), (0.008016841, 1.021), (0.009684514, 1.0210711), (0.009684514, 1.0210711), (0.008016841, 1.021), (0.00904964, 1.0199019), (0.009684514, 1.0210711), (0.00904964, 1.0199019), (0.010460471, 1.02085), (0.010460471, 1.02085), (0.00904964, 1.0199019), (0.010460471, 1.0195), (0.010460471, 1.02085), (0.010460471, 1.0195), (0.011236428, 1.0210711), (0.011236428, 1.0210711), (0.010460471, 1.0195), (0.0118713025, 1.0199019), (0.011236428, 1.0210711), (0.0118713025, 1.0199019), (0.011804468, 1.021675), (0.011804468, 1.021675), (0.0118713025, 1.0199019), (0.012904102, 1.021), (0.011804468, 1.021675), (0.012904102, 1.021), (0.012012385, 1.0225), (0.012012385, 1.0225), (0.012904102, 1.021), (0.013282133, 1.0225), (0.012012385, 1.0225), (0.013282133, 1.0225), (0.011804468, 1.023325), (0.011804468, 1.023325), (0.013282133, 1.0225), (0.012904102, 1.024), (0.011804468, 1.023325), (0.012904102, 1.024), (0.011236428, 1.023929), (0.011236428, 1.023929), (0.012904102, 1.024), (0.0118713025, 1.0250981), (0.011236428, 1.023929), (0.0118713025, 1.0250981), (0.010460471, 1.02415), (0.010460471, 1.02415), (0.0118713025, 1.0250981), (0.010460471, 1.0255), (0.010460471, 1.02415), (0.010460471, 1.0255), (0.009684514, 1.023929), (0.009684514, 1.023929), (0.010460471, 1.0255), (0.00904964, 1.0250981), (0.009684514, 1.023929), (0.00904964, 1.0250981), (0.009116475, 1.023325), (0.009116475, 1.023325), (0.00904964, 1.0250981), (0.008016841, 1.024), (-1.9611879e-7, 1.0240841), (-1.7984247e-7, 1.0239933), (0.0018231961, 1.024), (0.0018231961, 1.021), (-9.66943e-9, 1.0210464), (-0.0021961515, 1.0090497), (-0.0021961515, 1.0090497), (-9.66943e-9, 1.0210464), (8.107824e-11, 1.0091366), (8.107824e-11, 1.0091366), (5.975629e-8, 1.0093243), (-0.0021961515, 1.0090497), (-0.0021961515, 1.0090497), (5.975629e-8, 1.0093243), (3.1938235e-8, 1.0098811), (-0.0021961515, 1.0090497), (3.1938235e-8, 1.0098811), (-0.0027056183, 1.0104605), (-0.0027056183, 1.0104605), (3.1938235e-8, 1.0098811), (-3.0939833e-9, 1.0105823), (-0.0027056183, 1.0104605), (-3.0939833e-9, 1.0105823), (0, 1.0114375), (0.0018231961, 1.024), (-1.7984247e-7, 1.0239933), (0.0016866848, 1.0225), (-1.7984247e-7, 1.0239933), (4.2016016e-8, 1.0227553), (0.0016866848, 1.0225), (0.0016866848, 1.0225), (4.2016016e-8, 1.0227553), (2.6806404e-8, 1.0225029), (0.0016866848, 1.0225), (2.6806404e-8, 1.0225029), (0.0018231961, 1.021), (0.0018231961, 1.021), (2.6806404e-8, 1.0225029), (-2.0093534e-8, 1.0217248), (0.0018231961, 1.021), (-2.0093534e-8, 1.0217248), (-9.66943e-9, 1.0210464), (-1.9611879e-7, 1.0240841), (0.0018231961, 1.024), (1.5374579e-7, 0.9901567), (1.5374579e-7, 0.9901567), (0.0018231961, 1.024), (-0.0021961515, 0.99095035), (1.5374579e-7, 0.9901567), (-0.0021961515, 0.99095035), (1.5366335e-7, 0.99015456), (1.5366335e-7, 0.99015456), (-0.0021961515, 0.99095035), (-0.0027056183, 0.9895395), (1.5366335e-7, 0.99015456), (-0.0027056183, 0.9895395), (0, 0.9885625), (0, 0.9885625), (-0.0027056183, 0.9895395), (3.0939833e-9, 0.9877074), (3.0939833e-9, 0.9877074), (-0.0027056183, 0.9895395), (-0.003215085, 0.9881287), (-9.66943e-9, 1.0239537), (-8.107825e-11, 0.98626155), (-0.0035880404, 1.024), (-0.0035880404, 1.024), (-8.107825e-11, 0.98626155), (-5.975629e-8, 0.9864493), (-0.0035880404, 1.024), (-5.975629e-8, 0.9864493), (-0.003215085, 0.9881287), (-0.003215085, 0.9881287), (-5.975629e-8, 0.9864493), (-3.1938235e-8, 0.9870061), (-0.003215085, 0.9881287), (-3.1938235e-8, 0.9870061), (3.0939833e-9, 0.9877074), (-9.66943e-9, 1.0239537), (-0.0035880404, 1.024), (-2.0093534e-8, 1.0232753), (-2.0093534e-8, 1.0232753), (-0.0035880404, 1.024), (-0.0037245515, 1.0225), (-2.0093534e-8, 1.0232753), (-0.0037245515, 1.0225), (2.6806404e-8, 1.022497), (2.6806404e-8, 1.022497), (-0.0037245515, 1.0225), (4.2016016e-8, 1.0222447), (4.2016016e-8, 1.0222447), (-0.0037245515, 1.0225), (-0.0035880404, 1.021), (4.2016016e-8, 1.0222447), (-0.0035880404, 1.021), (-1.7984247e-7, 1.0210067), (-1.7984247e-7, 1.0210067), (-0.0035880404, 1.021), (-1.9611879e-7, 1.0209159), (-1.9611879e-7, 1.0209159), (-0.0035880404, 1.021), (-0.003215085, 1.0118713), (-1.9611879e-7, 1.0209159), (-0.003215085, 1.0118713), (-1.5374579e-7, 1.0130317), (-1.5374579e-7, 1.0130317), (-0.003215085, 1.0118713), (-1.5366335e-7, 1.0130296), (-1.5366335e-7, 1.0130296), (-0.003215085, 1.0118713), (-0.0027056183, 1.0104605), (-1.5366335e-7, 1.0130296), (-0.0027056183, 1.0104605), (0, 1.0114375), (0, 1.03), (-0.01, 1.03), (0, 1.0285), (0, 1.0285), (-0.01, 1.03), (-0.01, 1.0285), (0, 1.0285), (-0.01, 1.0285), (0, 0.981), (0, 0.981), (-0.01, 1.0285), (0.01, 0.981), (0, 0.981), (0.01, 0.981), (0, 0.9825), (0, 0.9825), (0.01, 0.981), (0.01, 0.9825), (0, 0.9825), (0.01, 0.9825), (0, 0.984), (0, 0.984), (0.01, 0.9825), (0.01, 0.984), (0, 0.984), (0.01, 0.984), (0, 0.9715), (0, 0.9715), (0.01, 0.984), (-0.01, 0.9715), (0, 0.9715), (-0.01, 0.9715), (0, 0.97), (0, 0.97), (-0.01, 0.9715), (-0.01, 0.97), (0, 0.97), (-0.01, 0.97), (0, 0.9685), (0, 0.9685), (-0.01, 0.97), (-0.01, 0.9685), (0, 0.9685), (-0.01, 0.9685), (0, 0.984), (0, 0.984), (-0.01, 0.9685), (-0.01, 0.984), (0, 0.984), (-0.01, 0.984), (0, 0.9825), (0, 0.9825), (-0.01, 0.984), (-0.01, 0.9825), (0, 0.9825), (-0.01, 0.9825), (0, 0.981), (0, 0.981), (-0.01, 0.9825), (-0.01, 0.981), (0, 0.981), (-0.01, 0.981), (0, 1.0315), (0, 1.0315), (-0.01, 0.981), (-0.01, 1.0315), (0, 1.0315), (-0.01, 1.0315), (0, 1.03), (0, 1.03), (-0.01, 1.0315), (-0.01, 1.03), (-0.0045, 1.054), (-0.01, 1.054), (-0.0045, 1.052875), (-0.0045, 1.052875), (-0.01, 1.054), (-0.01, 1.052875), (-0.0045, 1.052875), (-0.01, 1.052875), (0.0045, 1.014375), (0.0045, 1.014375), (-0.01, 1.052875), (0.01, 1.014375), (0.0045, 1.014375), (0.01, 1.014375), (0.0045, 1.0155), (0.0045, 1.0155), (0.01, 1.014375), (0.01, 1.0155), (0.0045, 1.0155), (0.01, 1.0155), (0.0045, 1.016625), (0.0045, 1.016625), (0.01, 1.0155), (0.01, 1.016625), (0.0045, 1.016625), (0.01, 1.016625), (-0.0045, 0.947125), (-0.0045, 0.947125), (0.01, 1.016625), (-0.01, 0.947125), (-0.0045, 0.947125), (-0.01, 0.947125), (-0.0045, 0.946), (-0.0045, 0.946), (-0.01, 0.947125), (-0.01, 0.946), (0, 1.054), (-0.0045, 1.054), (0, 1.052125), (0, 1.052125), (-0.0045, 1.054), (-0.0045, 1.052125), (0, 1.052125), (-0.0045, 1.052125), (-0, 1.013625), (-0, 1.013625), (-0.0045, 1.052125), (0.0045, 1.013625), (-0, 1.013625), (0.0045, 1.013625), (-0, 1.0155), (-0, 1.0155), (0.0045, 1.013625), (0.0045, 1.0155), (-0, 1.0155), (0.0045, 1.0155), (-0, 1.017375), (-0, 1.017375), (0.0045, 1.0155), (0.0045, 1.017375), (-0, 1.017375), (0.0045, 1.017375), (0, 0.947875), (0, 0.947875), (0.0045, 1.017375), (-0.0045, 0.947875), (0, 0.947875), (-0.0045, 0.947875), (0, 0.946), (0, 0.946), (-0.0045, 0.947875), (-0.0045, 0.946), (0, 0.946), (-0.0045, 0.946), (0, 0.944125), (0, 0.944125), (-0.0045, 0.946), (-0.0045, 0.944125), (0, 0.944125), (-0.0045, 0.944125), (0, 1.017375), (0, 1.017375), (-0.0045, 0.944125), (-0.0045, 1.017375), (0, 1.017375), (-0.0045, 1.017375), (0, 1.0155), (0, 1.0155), (-0.0045, 1.017375), (-0.0045, 1.0155), (0, 1.0155), (-0.0045, 1.0155), (0, 1.013625), (0, 1.013625), (-0.0045, 1.0155), (-0.0045, 1.013625), (0, 1.013625), (-0.0045, 1.013625), (0, 1.055875), (0, 1.055875), (-0.0045, 1.013625), (-0.0045, 1.055875), (0, 1.055875), (-0.0045, 1.055875), (0, 1.054), (0, 1.054), (-0.0045, 1.055875), (-0.0045, 1.054), (0.055125, 1.0174485), (0.055875, 1.0187476), (0.054, 1.01775), (0.054, 1.01775), (0.055875, 1.0187476), (0.054, 1.01925), (0.054, 1.01775), (0.054, 1.01925), (0.052875, 1.0174485), (0.052875, 1.0174485), (0.054, 1.01925), (0.052125, 1.0187476), (0.052875, 1.0174485), (0.052125, 1.0187476), (0.052051444, 1.016625), (0.052051444, 1.016625), (0.052125, 1.0187476), (0.050752405, 1.017375), (0.052051444, 1.016625), (0.050752405, 1.017375), (0.05175, 1.0155), (0.05175, 1.0155), (0.050752405, 1.017375), (0.05025, 1.0155), (0.05175, 1.0155), (0.05025, 1.0155), (0.052051444, 1.014375), (0.052051444, 1.014375), (0.05025, 1.0155), (0.050752405, 1.013625), (0.052051444, 1.014375), (0.050752405, 1.013625), (0.052875, 1.0135515), (0.052875, 1.0135515), (0.050752405, 1.013625), (0.052125, 1.0122524), (0.052875, 1.0135515), (0.052125, 1.0122524), (0.054, 1.01325), (0.054, 1.01325), (0.052125, 1.0122524), (0.054, 1.01175), (0.054, 1.01325), (0.054, 1.01175), (0.055125, 1.0135515), (0.055125, 1.0135515), (0.054, 1.01175), (0.055875, 1.0122524), (0.055125, 1.0135515), (0.055875, 1.0122524), (0.055948555, 1.014375), (0.055948555, 1.014375), (0.055875, 1.0122524), (0.057247594, 1.013625), (0.055948555, 1.014375), (0.057247594, 1.013625), (0.05625, 1.0155), (0.05625, 1.0155), (0.057247594, 1.013625), (0.05775, 1.0155), (0.05625, 1.0155), (0.05775, 1.0155), (0.055948555, 1.016625), (0.055948555, 1.016625), (0.05775, 1.0155), (0.057247594, 1.017375), (0.055948555, 1.016625), (0.057247594, 1.017375), (0.055125, 1.0174485), (0.055125, 1.0174485), (0.057247594, 1.017375), (0.055875, 1.0187476), (-0.0045, 0.946), (-0.01, 0.946), (-0.0045, 0.944875), (-0.0045, 0.944875), (-0.01, 0.946), (-0.01, 0.944875), (-0.0045, 0.944875), (-0.01, 0.944875), (-0.0045, 1.016625), (-0.0045, 1.016625), (-0.01, 0.944875), (-0.01, 1.016625), (-0.0045, 1.016625), (-0.01, 1.016625), (-0.0045, 1.0155), (-0.0045, 1.0155), (-0.01, 1.016625), (-0.01, 1.0155), (-0.0045, 1.0155), (-0.01, 1.0155), (-0.0045, 1.014375), (-0.0045, 1.014375), (-0.01, 1.0155), (-0.01, 1.014375), (-0.0045, 1.014375), (-0.01, 1.014375), (-0.0045, 1.055125), (-0.0045, 1.055125), (-0.01, 1.014375), (-0.01, 1.055125), (-0.0045, 1.055125), (-0.01, 1.055125), (-0.0045, 1.054), (-0.0045, 1.054), (-0.01, 1.055125), (-0.01, 1.054), (-0.0045, 1.074), (-0.01, 1.074), (-0.0045, 1.072875), (-0.0045, 1.072875), (-0.01, 1.074), (-0.01, 1.072875), (-0.0045, 1.072875), (-0.01, 1.072875), (0.0045, 1.014375), (0.0045, 1.014375), (-0.01, 1.072875), (0.01, 1.014375), (0.0045, 1.014375), (0.01, 1.014375), (0.0045, 1.0155), (0.0045, 1.0155), (0.01, 1.014375), (0.01, 1.0155), (0.0045, 1.0155), (0.01, 1.0155), (0.0045, 1.016625), (0.0045, 1.016625), (0.01, 1.0155), (0.01, 1.016625), (0.0045, 1.016625), (0.01, 1.016625), (-0.0045, 0.927125), (-0.0045, 0.927125), (0.01, 1.016625), (-0.01, 0.927125), (-0.0045, 0.927125), (-0.01, 0.927125), (-0.0045, 0.926), (-0.0045, 0.926), (-0.01, 0.927125), (-0.01, 0.926), (0, 1.074), (-0.0045, 1.074), (0, 1.072125), (0, 1.072125), (-0.0045, 1.074), (-0.0045, 1.072125), (0, 1.072125), (-0.0045, 1.072125), (-0, 1.013625), (-0, 1.013625), (-0.0045, 1.072125), (0.0045, 1.013625), (-0, 1.013625), (0.0045, 1.013625), (-0, 1.0155), (-0, 1.0155), (0.0045, 1.013625), (0.0045, 1.0155), (-0, 1.0155), (0.0045, 1.0155), (-0, 1.017375), (-0, 1.017375), (0.0045, 1.0155), (0.0045, 1.017375), (-0, 1.017375), (0.0045, 1.017375), (0, 0.927875), (0, 0.927875), (0.0045, 1.017375), (-0.0045, 0.927875), (0, 0.927875), (-0.0045, 0.927875), (0, 0.926), (0, 0.926), (-0.0045, 0.927875), (-0.0045, 0.926), (0, 0.926), (-0.0045, 0.926), (0, 0.924125), (0, 0.924125), (-0.0045, 0.926), (-0.0045, 0.924125), (0, 0.924125), (-0.0045, 0.924125), (0, 1.017375), (0, 1.017375), (-0.0045, 0.924125), (-0.0045, 1.017375), (0, 1.017375), (-0.0045, 1.017375), (0, 1.0155), (0, 1.0155), (-0.0045, 1.017375), (-0.0045, 1.0155), (0, 1.0155), (-0.0045, 1.0155), (0, 1.013625), (0, 1.013625), (-0.0045, 1.0155), (-0.0045, 1.013625), (0, 1.013625), (-0.0045, 1.013625), (0, 1.075875), (0, 1.075875), (-0.0045, 1.013625), (-0.0045, 1.075875), (0, 1.075875), (-0.0045, 1.075875), (0, 1.074), (0, 1.074), (-0.0045, 1.075875), (-0.0045, 1.074), (0.07594856, 1.016625), (0.0772476, 1.017375), (0.075125, 1.0174485), (0.075125, 1.0174485), (0.0772476, 1.017375), (0.075875, 1.0187476), (0.075125, 1.0174485), (0.075875, 1.0187476), (0.074, 1.01775), (0.074, 1.01775), (0.075875, 1.0187476), (0.074, 1.01925), (0.074, 1.01775), (0.074, 1.01925), (0.072875, 1.0174485), (0.072875, 1.0174485), (0.074, 1.01925), (0.072125, 1.0187476), (0.072875, 1.0174485), (0.072125, 1.0187476), (0.07205144, 1.016625), (0.07205144, 1.016625), (0.072125, 1.0187476), (0.070752405, 1.017375), (0.07205144, 1.016625), (0.070752405, 1.017375), (0.07175, 1.0155), (0.07175, 1.0155), (0.070752405, 1.017375), (0.07025, 1.0155), (0.07175, 1.0155), (0.07025, 1.0155), (0.07205144, 1.014375), (0.07205144, 1.014375), (0.07025, 1.0155), (0.070752405, 1.013625), (0.07205144, 1.014375), (0.070752405, 1.013625), (0.072875, 1.0135515), (0.072875, 1.0135515), (0.070752405, 1.013625), (0.072125, 1.0122524), (0.072875, 1.0135515), (0.072125, 1.0122524), (0.074, 1.01325), (0.074, 1.01325), (0.072125, 1.0122524), (0.074, 1.01175), (0.074, 1.01325), (0.074, 1.01175), (0.075125, 1.0135515), (0.075125, 1.0135515), (0.074, 1.01175), (0.075875, 1.0122524), (0.075125, 1.0135515), (0.075875, 1.0122524), (0.07594856, 1.014375), (0.07594856, 1.014375), (0.075875, 1.0122524), (0.0772476, 1.013625), (0.07594856, 1.014375), (0.0772476, 1.013625), (0.07625, 1.0155), (0.07625, 1.0155), (0.0772476, 1.013625), (0.07775, 1.0155), (0.07625, 1.0155), (0.07775, 1.0155), (0.07594856, 1.016625), (0.07594856, 1.016625), (0.07775, 1.0155), (0.0772476, 1.017375), (-0.0045, 0.926), (-0.01, 0.926), (-0.0045, 0.924875), (-0.0045, 0.924875), (-0.01, 0.926), (-0.01, 0.924875), (-0.0045, 0.924875), (-0.01, 0.924875), (-0.0045, 1.016625), (-0.0045, 1.016625), (-0.01, 0.924875), (-0.01, 1.016625), (-0.0045, 1.016625), (-0.01, 1.016625), (-0.0045, 1.0155), (-0.0045, 1.0155), (-0.01, 1.016625), (-0.01, 1.0155), (-0.0045, 1.0155), (-0.01, 1.0155), (-0.0045, 1.014375), (-0.0045, 1.014375), (-0.01, 1.0155), (-0.01, 1.014375), (-0.0045, 1.014375), (-0.01, 1.014375), (-0.0045, 1.075125), (-0.0045, 1.075125), (-0.01, 1.014375), (-0.01, 1.075125), (-0.0045, 1.075125), (-0.01, 1.075125), (-0.0045, 1.074), (-0.0045, 1.074), (-0.01, 1.075125), (-0.01, 1.074), (0, 0.9985), (0.01, 0.9985), (0, 0.998625), (0, 0.998625), (0.01, 0.9985), (0.01, 1.0245), (0, 0.998625), (0.01, 1.0245), (-0, 1.0245), (0, 0.926), (-0.01, 0.926), (-0.01, 0.9237039), (0, 0.926), (-0.01, 0.9237039), (0, 0.9237039), (0, 0.9237039), (-0.01, 0.9237039), (-0.01, 0.92175734), (0, 0.9237039), (-0.01, 0.92175734), (0, 0.92175734), (0, 0.92175734), (-0.01, 0.92175734), (0.01, 0.9962039), (0, 0.92175734), (0.01, 0.9962039), (0, 0.9962039), (0, 0.9962039), (0.01, 0.9962039), (0.01, 0.9985), (0, 0.9962039), (0.01, 0.9985), (0, 0.9985), (-0.01, 0.946), (-0.01, 0.926), (0, 0.946), (0, 0.946), (-0.01, 0.926), (0, 0.926), (-0.01, 0.946), (0, 0.946), (-0.01, 0.9499062), (-0.01, 0.9499062), (0, 0.946), (0, 0.9499062), (-0.01, 0.9499062), (0, 0.9499062), (-0.01, 0.9535759), (-0.01, 0.9535759), (0, 0.9499062), (0, 0.9535759), (-0.01, 0.9535759), (0, 0.9535759), (-0.01, 0.9567872), (-0.01, 0.9567872), (0, 0.9535759), (0, 0.9567872), (-0.01, 0.9567872), (0, 0.9567872), (0.01, 0.9853257), (0.01, 0.9853257), (0, 0.9567872), (0, 0.9853257), (0.01, 0.9853257), (0, 0.9853257), (0.01, 0.9818005), (0.01, 0.9818005), (0, 0.9853257), (0, 0.9818005), (0.01, 0.9818005), (0, 0.9818005), (0.01, 0.97795457), (0.01, 0.97795457), (0, 0.9818005), (0, 0.97795457), (0.01, 0.97795457), (0, 0.97795457), (0, 0.9758311), (0.01, 0.97795457), (0, 0.9758311), (0.01, 0.9758311), (0.01, 0.9758311), (0, 0.9758311), (0, 0.96386373), (0.01, 0.9758311), (0, 0.96386373), (-0.01, 0.96386373), (-0.01, 0.96386373), (0, 0.96386373), (0, 0.96573955), (-0.01, 0.96386373), (0, 0.96573955), (-0.01, 0.96573955), (-0.01, 0.96573955), (0, 0.96573955), (0, 0.9679089), (-0.01, 0.96573955), (0, 0.9679089), (-0.01, 0.9679089), (0, 0.9985), (-0.004051219, 0.9984734), (0, 0.997), (0, 0.997), (-0.004051219, 0.9984734), (-0.0043574246, 0.99762505), (0, 0.997), (-0.0043574246, 0.99762505), (-0.004583333, 0.997), (0, 0.974), (0, 0.9755), (-0.0035, 0.9755), (-0.0035, 0.9755), (-0.003597976, 0.9742532), (0, 0.974), (0, 0.974), (-0.003597976, 0.9742532), (-0.003660733, 0.97403413), (0, 0.974), (-0.003660733, 0.97403413), (0, 0.9985), (0, 0.9985), (-0.003660733, 0.97403413), (-0.0039208545, 0.99883455), (0, 0.9985), (-0.0039208545, 0.99883455), (-0.004051219, 0.9984734), (0, 0.997), (-0.004583333, 0.997), (0, 0.9791835), (0, 0.9791835), (-0.004583333, 0.997), (-0.01, 0.982), (0, 0.9791835), (-0.01, 0.982), (0, 0.9679089), (0, 0.9679089), (-0.01, 0.982), (-0.01, 0.9679089), (-0.07175, 1.0155), (-0.054, 1.01325), (-0.055125, 1.0135515), (-0.027, 0.9825), (-0.018, 0.9725), (-0.027401924, 0.984), (-0.027401924, 0.984), (-0.018, 0.9725), (-0.018, 1.0275), (-0.027401924, 0.984), (-0.018, 1.0275), (-0.0285, 0.98509806), (-0.0285, 0.98509806), (-0.018, 1.0275), (-0.03, 0.9855), (-0.032598075, 0.981), (-0.033, 0.9825), (-0.03890349, 0.9818005), (-0.027, 0.9825), (-0.027401924, 0.981), (-0.018, 0.9725), (-0.018, 0.9725), (-0.027401924, 0.981), (-0.0285, 0.9799019), (-0.018, 0.9725), (-0.0285, 0.9799019), (-0.032091096, 0.9725), (-0.032091096, 0.9725), (-0.0285, 0.9799019), (-0.03, 0.9795), (-0.032091096, 0.9725), (-0.03, 0.9795), (-0.034260456, 0.97290593), (-0.034260456, 0.97290593), (-0.03, 0.9795), (-0.0315, 0.9799019), (-0.07824264, 0.99425733), (-0.0762961, 0.9929567), (-0.074, 0.9925), (-0.03890349, 0.9818005), (-0.038066253, 0.97795457), (-0.032598075, 0.981), (-0.032598075, 0.981), (-0.038066253, 0.97795457), (-0.037464812, 0.9758311), (-0.032598075, 0.981), (-0.037464812, 0.9758311), (-0.0315, 0.9799019), (-0.0315, 0.9799019), (-0.037464812, 0.9758311), (-0.036136296, 0.9740687), (-0.0315, 0.9799019), (-0.036136296, 0.9740687), (-0.034260456, 0.97290593), (-0.055948555, 1.016625), (-0.055125, 1.0174485), (-0.077, 1.0275), (-0.077, 1.0275), (-0.055125, 1.0174485), (-0.054, 1.01775), (-0.077, 1.0275), (-0.054, 1.01775), (-0.018, 1.0275), (-0.055125, 1.0135515), (-0.055948555, 1.014375), (-0.07175, 1.0155), (-0.07175, 1.0155), (-0.055948555, 1.014375), (-0.05625, 1.0155), (-0.07175, 1.0155), (-0.05625, 1.0155), (-0.07205144, 1.016625), (-0.07205144, 1.016625), (-0.05625, 1.0155), (-0.055948555, 1.016625), (-0.07205144, 1.016625), (-0.055948555, 1.016625), (-0.072875, 1.0174485), (-0.072875, 1.0174485), (-0.055948555, 1.016625), (-0.077, 1.0275), (-0.072875, 1.0174485), (-0.077, 1.0275), (-0.074, 1.01775), (-0.074, 1.01775), (-0.077, 1.0275), (-0.0785, 1.0270981), (-0.074, 1.01775), (-0.0785, 1.0270981), (-0.075125, 1.0174485), (-0.075125, 1.0174485), (-0.0785, 1.0270981), (-0.07959808, 1.026), (-0.075125, 1.0174485), (-0.07959808, 1.026), (-0.07594856, 1.016625), (-0.07594856, 1.016625), (-0.07959808, 1.026), (-0.08, 1.0245), (-0.07594856, 1.016625), (-0.08, 1.0245), (-0.07625, 1.0155), (-0.07625, 1.0155), (-0.08, 1.0245), (-0.08, 0.9985), (-0.07625, 1.0155), (-0.08, 0.9985), (-0.07594856, 1.014375), (-0.0315, 0.98509806), (-0.03, 0.9855), (-0.052051444, 1.016625), (-0.052051444, 1.016625), (-0.03, 0.9855), (-0.018, 1.0275), (-0.052051444, 1.016625), (-0.018, 1.0275), (-0.052875, 1.0174485), (-0.052875, 1.0174485), (-0.018, 1.0275), (-0.054, 1.01775), (-0.07954328, 0.9962039), (-0.074, 1.01325), (-0.08, 0.9985), (-0.08, 0.9985), (-0.074, 1.01325), (-0.075125, 1.0135515), (-0.08, 0.9985), (-0.075125, 1.0135515), (-0.07594856, 1.014375), (-0.07175, 1.0155), (-0.07205144, 1.014375), (-0.054, 1.01325), (-0.054, 1.01325), (-0.07205144, 1.014375), (-0.033, 0.9825), (-0.054, 1.01325), (-0.033, 0.9825), (-0.052875, 1.0135515), (-0.052875, 1.0135515), (-0.033, 0.9825), (-0.032598075, 0.984), (-0.052875, 1.0135515), (-0.032598075, 0.984), (-0.052051444, 1.014375), (-0.052051444, 1.014375), (-0.032598075, 0.984), (-0.0315, 0.98509806), (-0.052051444, 1.014375), (-0.0315, 0.98509806), (-0.05175, 1.0155), (-0.05175, 1.0155), (-0.0315, 0.98509806), (-0.052051444, 1.016625), (-0.07954328, 0.9962039), (-0.07824264, 0.99425733), (-0.074, 1.01325), (-0.074, 1.01325), (-0.07824264, 0.99425733), (-0.074, 0.9925), (-0.074, 1.01325), (-0.074, 0.9925), (-0.072875, 1.0135515), (-0.072875, 1.0135515), (-0.074, 0.9925), (-0.054, 0.9925), (-0.072875, 1.0135515), (-0.054, 0.9925), (-0.07205144, 1.014375), (-0.07205144, 1.014375), (-0.054, 0.9925), (-0.050093852, 0.99201584), (-0.050093852, 0.99201584), (-0.04642409, 0.9905928), (-0.07205144, 1.014375), (-0.07205144, 1.014375), (-0.04642409, 0.9905928), (-0.0432128, 0.9883168), (-0.07205144, 1.014375), (-0.0432128, 0.9883168), (-0.033, 0.9825), (-0.033, 0.9825), (-0.0432128, 0.9883168), (-0.040654324, 0.9853257), (-0.033, 0.9825), (-0.040654324, 0.9853257), (-0.03890349, 0.9818005), (-0, 1.0245), (0.01, 1.0245), (0.01, 1.026), (-0, 1.0245), (0.01, 1.026), (-0, 1.026), (-0, 1.026), (0.01, 1.026), (-0.01, 1.0785), (-0, 1.026), (-0.01, 1.0785), (0, 1.0785), (0, 1.0785), (-0.01, 1.0785), (-0.01, 1.077), (0, 1.0785), (-0.01, 1.077), (0, 1.077), (0.055875, 1.0122524), (0.054, 1.01175), (0.08, 0.998625), (0.020816492, 0.998625), (0.0141455885, 1.0209162), (0.013031728, 1.0199025), (0.014591853, 1.022497), (0.014615672, 1.0222447), (0.020816492, 1.0275), (0.008696783, 1.0239933), (0.008729411, 1.0240837), (0.003, 1.0275), (0.003, 1.0275), (0.008729411, 1.0240837), (0.009843272, 1.0250976), (0.00988112, 1.0199683), (0.009324445, 1.0202531), (0, 0.998625), (0.003, 1.0275), (0.0015, 1.0270981), (0.008696783, 1.0239933), (0.008696783, 1.0239933), (0.0015, 1.0270981), (0.00040192378, 1.026), (0.008696783, 1.0239933), (0.00040192378, 1.026), (0.008259328, 1.0227553), (0.008259328, 1.0227553), (0.00040192378, 1.026), (0, 1.0245), (0.008259328, 1.0227553), (0, 1.0245), (0.008283147, 1.0225029), (0.013550554, 1.0247469), (0.0137384245, 1.0245776), (0.020816492, 1.0275), (0.020816492, 1.0275), (0.014615672, 1.0222447), (0.020816492, 0.998625), (0.020816492, 0.998625), (0.014615672, 1.0222447), (0.014178216, 1.0210067), (0.020816492, 0.998625), (0.014178216, 1.0210067), (0.0141455885, 1.0209162), (0.013031728, 1.0199025), (0.013029134, 1.0199013), (0.020816492, 0.998625), (0.020816492, 0.998625), (0.013029134, 1.0199013), (0.0114375, 1.0195), (0.020816492, 0.998625), (0.0114375, 1.0195), (0, 0.998625), (0, 0.998625), (0.0114375, 1.0195), (0.0105823595, 1.0196098), (0, 0.998625), (0.0105823595, 1.0196098), (0.00988112, 1.0199683), (0.009324445, 1.0202531), (0.009136575, 1.0204223), (0, 0.998625), (0, 0.998625), (0.009136575, 1.0204223), (0.008762699, 1.0210464), (0, 0.998625), (0.008762699, 1.0210464), (0, 1.0245), (0, 1.0245), (0.008762699, 1.0210464), (0.008356289, 1.0217248), (0, 1.0245), (0.008356289, 1.0217248), (0.008283147, 1.0225029), (0.013550554, 1.0247469), (0.020816492, 1.0275), (0.01299388, 1.0250317), (0.0137384245, 1.0245776), (0.014112301, 1.0239537), (0.020816492, 1.0275), (0.020816492, 1.0275), (0.014112301, 1.0239537), (0.014518711, 1.0232753), (0.020816492, 1.0275), (0.014518711, 1.0232753), (0.014591853, 1.022497), (0.009843272, 1.0250976), (0.009845866, 1.0250988), (0.003, 1.0275), (0.003, 1.0275), (0.009845866, 1.0250988), (0.0114375, 1.0255), (0.003, 1.0275), (0.0114375, 1.0255), (0.020816492, 1.0275), (0.020816492, 1.0275), (0.0114375, 1.0255), (0.01229264, 1.0253901), (0.020816492, 1.0275), (0.01229264, 1.0253901), (0.01299388, 1.0250317), (0.070752405, 1.013625), (0.07025, 1.0155), (0.05775, 1.0155), (0.08, 0.998625), (0.054, 1.01175), (0.020816492, 0.998625), (0.054, 1.01175), (0.052125, 1.0122524), (0.020816492, 0.998625), (0.020816492, 0.998625), (0.052125, 1.0122524), (0.050752405, 1.013625), (0.020816492, 0.998625), (0.050752405, 1.013625), (0.020816492, 1.0275), (0.020816492, 1.0275), (0.050752405, 1.013625), (0.05025, 1.0155), (0.020816492, 1.0275), (0.05025, 1.0155), (0.050752405, 1.017375), (0.050752405, 1.017375), (0.052125, 1.0187476), (0.020816492, 1.0275), (0.020816492, 1.0275), (0.052125, 1.0187476), (0.054, 1.01925), (0.020816492, 1.0275), (0.054, 1.01925), (0.077, 1.0275), (0.077, 1.0275), (0.054, 1.01925), (0.055875, 1.0187476), (0.077, 1.0275), (0.055875, 1.0187476), (0.057247594, 1.017375), (0.08, 0.998625), (0.075875, 1.0122524), (0.074, 1.01175), (0.05775, 1.0155), (0.07025, 1.0155), (0.057247594, 1.017375), (0.075875, 1.0187476), (0.0772476, 1.017375), (0.08, 1.0245), (0.08, 1.0245), (0.0772476, 1.017375), (0.07775, 1.0155), (0.08, 1.0245), (0.07775, 1.0155), (0.08, 0.998625), (0.08, 0.998625), (0.07775, 1.0155), (0.0772476, 1.013625), (0.08, 0.998625), (0.0772476, 1.013625), (0.075875, 1.0122524), (0.055875, 1.0122524), (0.08, 0.998625), (0.057247594, 1.013625), (0.057247594, 1.013625), (0.08, 0.998625), (0.074, 1.01175), (0.057247594, 1.013625), (0.074, 1.01175), (0.05775, 1.0155), (0.05775, 1.0155), (0.074, 1.01175), (0.072125, 1.0122524), (0.05775, 1.0155), (0.072125, 1.0122524), (0.070752405, 1.013625), (0.07025, 1.0155), (0.070752405, 1.017375), (0.057247594, 1.017375), (0.057247594, 1.017375), (0.070752405, 1.017375), (0.072125, 1.0187476), (0.057247594, 1.017375), (0.072125, 1.0187476), (0.077, 1.0275), (0.077, 1.0275), (0.072125, 1.0187476), (0.074, 1.01925), (0.077, 1.0275), (0.074, 1.01925), (0.0785, 1.0270981), (0.0785, 1.0270981), (0.074, 1.01925), (0.075875, 1.0187476), (0.0785, 1.0270981), (0.075875, 1.0187476), (0.07959808, 1.026), (0.07959808, 1.026), (0.075875, 1.0187476), (0.08, 1.0245), (0.0285, 0.9799019), (0.020816492, 0.9725), (0.03, 0.9795), (0.03, 0.9795), (0.020816492, 0.9725), (0.032091096, 0.9725), (0.03, 0.9795), (0.032091096, 0.9725), (0.0315, 0.9799019), (0.0315, 0.9799019), (0.032091096, 0.9725), (0.034260456, 0.97290593), (0.027401924, 0.984), (0.020816492, 0.998625), (0.027, 0.9825), (0.027, 0.9825), (0.020816492, 0.998625), (0.020816492, 0.9725), (0.027, 0.9825), (0.020816492, 0.9725), (0.027401924, 0.981), (0.027401924, 0.981), (0.020816492, 0.9725), (0.0285, 0.9799019), (0.027401924, 0.984), (0.0285, 0.98509806), (0.020816492, 0.998625), (0.020816492, 0.998625), (0.0285, 0.98509806), (0.03, 0.9855), (0.020816492, 0.998625), (0.03, 0.9855), (0.0315, 0.98509806), (0.034260456, 0.97290593), (0.036136296, 0.9740687), (0.0315, 0.9799019), (0.0315, 0.9799019), (0.036136296, 0.9740687), (0.037464812, 0.9758311), (0.0315, 0.9799019), (0.037464812, 0.9758311), (0.032598075, 0.981), (0.032598075, 0.981), (0.037464812, 0.9758311), (0.038066253, 0.97795457), (0.032598075, 0.981), (0.038066253, 0.97795457), (0.033, 0.9825), (0.033, 0.9825), (0.038066253, 0.97795457), (0.03890349, 0.9818005), (0.033, 0.9825), (0.03890349, 0.9818005), (0.032598075, 0.984), (0.032598075, 0.984), (0.03890349, 0.9818005), (0.040654324, 0.9853257), (0.074, 0.9925), (0.0762961, 0.9929567), (0.07824264, 0.99425733), (0.040654324, 0.9853257), (0.0432128, 0.9883168), (0.032598075, 0.984), (0.032598075, 0.984), (0.0432128, 0.9883168), (0.04642409, 0.9905928), (0.032598075, 0.984), (0.04642409, 0.9905928), (0.0315, 0.98509806), (0.0315, 0.98509806), (0.04642409, 0.9905928), (0.050093852, 0.99201584), (0.0315, 0.98509806), (0.050093852, 0.99201584), (0.020816492, 0.998625), (0.020816492, 0.998625), (0.050093852, 0.99201584), (0.054, 0.9925), (0.020816492, 0.998625), (0.054, 0.9925), (0.08, 0.998625), (0.08, 0.998625), (0.054, 0.9925), (0.074, 0.9925), (0.08, 0.998625), (0.074, 0.9925), (0.08, 0.9985), (0.08, 0.9985), (0.074, 0.9925), (0.07824264, 0.99425733), (0.08, 0.9985), (0.07824264, 0.99425733), (0.07954328, 0.9962039), (0.014615672, 0.9772447), (0.014178216, 0.97600675), (0.020816492, 0.9725), (0.020816492, 0.9725), (0.014178216, 0.97600675), (0.0141455885, 0.97591627), (0.020816492, 0.9725), (0.0141455885, 0.97591627), (0.013031728, 0.97490245), (0.00988112, 0.97496825), (0.009324445, 0.9752531), (0.003, 0.9725), (0, 0.9755), (0.008696783, 0.97899324), (0, 0.998625), (0, 0.998625), (0.008696783, 0.97899324), (0.008729411, 0.9790837), (0, 0.998625), (0.008729411, 0.9790837), (0.009843272, 0.9800976), (0.013550554, 0.9797469), (0.0137384245, 0.9795776), (0.020816492, 0.998625), (0.013031728, 0.97490245), (0.013029134, 0.97490126), (0.020816492, 0.9725), (0.020816492, 0.9725), (0.013029134, 0.97490126), (0.0114375, 0.9745), (0.020816492, 0.9725), (0.0114375, 0.9745), (0.003, 0.9725), (0.003, 0.9725), (0.0114375, 0.9745), (0.0105823595, 0.9746098), (0.003, 0.9725), (0.0105823595, 0.9746098), (0.00988112, 0.97496825), (0.013550554, 0.9797469), (0.020816492, 0.998625), (0.01299388, 0.9800317), (0.0137384245, 0.9795776), (0.014112301, 0.9789536), (0.020816492, 0.998625), (0.020816492, 0.998625), (0.014112301, 0.9789536), (0.014518711, 0.97827524), (0.020816492, 0.998625), (0.014518711, 0.97827524), (0.020816492, 0.9725), (0.020816492, 0.9725), (0.014518711, 0.97827524), (0.014591853, 0.9774971), (0.020816492, 0.9725), (0.014591853, 0.9774971), (0.014615672, 0.9772447), (0.009324445, 0.9752531), (0.009136575, 0.9754224), (0.003, 0.9725), (0.003, 0.9725), (0.009136575, 0.9754224), (0.008762699, 0.9760464), (0.003, 0.9725), (0.008762699, 0.9760464), (0.0015, 0.97290194), (0.0015, 0.97290194), (0.008762699, 0.9760464), (0.008356289, 0.9767248), (0.0015, 0.97290194), (0.008356289, 0.9767248), (0.00040192378, 0.974), (0.00040192378, 0.974), (0.008356289, 0.9767248), (0.008283147, 0.97750294), (0.00040192378, 0.974), (0.008283147, 0.97750294), (0, 0.9755), (0, 0.9755), (0.008283147, 0.97750294), (0.008259328, 0.9777553), (0, 0.9755), (0.008259328, 0.9777553), (0.008696783, 0.97899324), (0.009843272, 0.9800976), (0.009845866, 0.9800987), (0, 0.998625), (0, 0.998625), (0.009845866, 0.9800987), (0.0114375, 0.9805), (0, 0.998625), (0.0114375, 0.9805), (0.020816492, 0.998625), (0.020816492, 0.998625), (0.0114375, 0.9805), (0.01229264, 0.9803902), (0.020816492, 0.998625), (0.01229264, 0.9803902), (0.01299388, 0.9800317), (0, 1.0245), (-0.0035, 1.0245), (0, 0.998625), (0, 0.998625), (-0.0035, 1.0245), (-0.0035, 0.9755), (0, 0.998625), (-0.0035, 0.9755), (0, 0.9755), (-0.007448086, 1.0225), (-0.0004398483, 1.0259846), (-0.0005262014, 1.0261959), (-0.008224043, 0.9789289), (-0.007656003, 0.978325), (0, 0.9755), (-0.007448086, 1.0225), (-0.0005262014, 1.0261959), (-0.007656003, 1.023325), (-0.008224043, 1.0210711), (-0.010551914, 0.9775), (-0.010343997, 0.978325), (-0.007656003, 1.021675), (0, 1.0245), (-0.007448086, 1.0225), (-0.007448086, 1.0225), (0, 1.0245), (-0.0000397015, 1.0250049), (-0.007448086, 1.0225), (-0.0000397015, 1.0250049), (-0.0004398483, 1.0259846), (-0.010343997, 1.023325), (-0.009775957, 1.023929), (-0.018, 1.0275), (-0.018, 1.0275), (-0.009775957, 1.023929), (-0.009, 1.02415), (-0.018, 1.0275), (-0.009, 1.02415), (-0.003, 1.0275), (-0.003, 1.0275), (-0.009, 1.02415), (-0.008224043, 1.023929), (-0.003, 1.0275), (-0.008224043, 1.023929), (-0.0016192104, 1.0271628), (-0.0016192104, 1.0271628), (-0.008224043, 1.023929), (-0.007656003, 1.023325), (-0.0016192104, 1.0271628), (-0.007656003, 1.023325), (-0.0015197833, 1.0270755), (-0.0015197833, 1.0270755), (-0.007656003, 1.023325), (-0.0005262014, 1.0261959), (-0.007656003, 0.978325), (-0.007448086, 0.9775), (0, 0.9755), (0, 0.9755), (-0.007448086, 0.9775), (-0.00044515525, 0.97403413), (0, 0.9755), (-0.00044515525, 0.97403413), (-0.00027131822, 0.9742531), (-0.007656003, 0.976675), (-0.008224043, 0.97607106), (-0.003, 0.9725), (-0.003, 0.9725), (-0.008224043, 0.97607106), (-0.009, 0.97585), (-0.003, 0.9725), (-0.009, 0.97585), (-0.018, 0.9725), (-0.003, 0.9725), (-0.0023744064, 0.9725632), (-0.007656003, 0.976675), (-0.007656003, 0.976675), (-0.0023744064, 0.9725632), (-0.001526623, 0.9729589), (-0.007656003, 0.976675), (-0.001526623, 0.9729589), (-0.007448086, 0.9775), (-0.007448086, 0.9775), (-0.001526623, 0.9729589), (-0.0011654428, 0.9731263), (-0.007448086, 0.9775), (-0.0011654428, 0.9731263), (-0.00044515525, 0.97403413), (-0.009, 0.97585), (-0.009775957, 0.97607106), (-0.018, 0.9725), (-0.018, 0.9725), (-0.009775957, 0.97607106), (-0.010343997, 0.976675), (-0.018, 0.9725), (-0.010343997, 0.976675), (-0.010551914, 0.9775), (-0.010343997, 0.978325), (-0.009775957, 0.9789289), (-0.008224043, 1.0210711), (-0.008224043, 1.0210711), (-0.009775957, 0.9789289), (-0.009, 0.97915), (-0.008224043, 1.0210711), (-0.009, 0.97915), (-0.007656003, 1.021675), (-0.007656003, 1.021675), (-0.009, 0.97915), (-0.008224043, 0.9789289), (-0.007656003, 1.021675), (-0.008224043, 0.9789289), (0, 1.0245), (0, 1.0245), (-0.008224043, 0.9789289), (0, 0.9755), (-0.008224043, 1.0210711), (-0.009, 1.02085), (-0.010551914, 0.9775), (-0.010551914, 0.9775), (-0.009, 1.02085), (-0.009775957, 1.0210711), (-0.010551914, 0.9775), (-0.009775957, 1.0210711), (-0.018, 0.9725), (-0.018, 0.9725), (-0.009775957, 1.0210711), (-0.010343997, 1.021675), (-0.018, 0.9725), (-0.010343997, 1.021675), (-0.018, 1.0275), (-0.018, 1.0275), (-0.010343997, 1.021675), (-0.010551914, 1.0225), (-0.018, 1.0275), (-0.010551914, 1.0225), (-0.010343997, 1.023325), (-0.0035, 1.0245), (0, 1.0245), (-0.0035143367, 1.0250043), (-0.0035143367, 1.0250043), (0, 1.0245), (0, 1.026), (-0.0035143367, 1.0250043), (0, 1.026), (-0.0036588148, 1.0259846), (-0.0036588148, 1.0259846), (0, 1.026), (-0.0036900172, 1.0261964), (-0.0036900172, 1.0261964), (0, 1.026), (0, 1.0015), (-0.0036900172, 1.0261964), (0, 1.0015), (-0.004048902, 1.0015198), (-0.004048902, 1.0015198), (0, 1.0015), (-0.0040847147, 1.001619), (-0.0040847147, 1.001619), (0, 1.0015), (0, 1.003), (-0.0040847147, 1.001619), (0, 1.003), (-0.004583333, 1.003), (0, 1.077), (-0.01, 1.077), (0, 1.0208164), (0, 1.0208164), (-0.01, 1.077), (-0.01, 1.018), (0, 1.0208164), (-0.01, 1.018), (0, 1.003), (0, 1.003), (-0.01, 1.018), (-0.004583333, 1.003)] (
                interpolation = "faceVarying"
            )
            uniform token subdivisionScheme = "none"
            custom string userProperties:blender:data_name = "Mesh_2.003"
            token visibility = "inherited"
            double3 xformOp:rotateZYX
            double3 xformOp:scale = (1, -1, 1)
            double3 xformOp:translate
            uniform token[] xformOpOrder = ["xformOp:translate", "xformOp:rotateZYX", "xformOp:scale"]
        }

        def "orbbec_336" (
            delete payload = @../../../../robots/sensors/orbbec_336.usd@
            prepend payload = @../../../../../../sensors/orbbec_336.usd@
        )
        {
            quatf xformOp:orient = (-0.17364818, -7.0934966e-17, -0.9848077, 7.1865227e-17)
            double xformOp:rotateX:unitsResolve = 90
            float3 xformOp:scale = (1, 1, 1)
            double3 xformOp:translate = (0.010121999999999477, 0.04893497740081479, -0.06378153439448217)
            uniform token[] xformOpOrder = ["xformOp:translate", "xformOp:orient", "xformOp:scale", "xformOp:rotateX:unitsResolve"]

            over "node_36"
            {
                quatf xformOp:orient = (0.70710677, -0.70710677, 0, 0)
                float3 xformOp:scale = (1, 1, 1)
                double3 xformOp:translate = (0, 0, 0)
                uniform token[] xformOpOrder = ["xformOp:translate", "xformOp:orient", "xformOp:scale"]
            }
        }
    }
}

def "Render" (
    hide_in_stage_window = true
    no_delete = true
)
{
    def "OmniverseKit"
    {
        def "HydraTextures" (
            hide_in_stage_window = true
            no_delete = true
        )
        {
            def RenderProduct "omni_kit_widget_viewport_ViewportTexture_0" (
                prepend apiSchemas = ["OmniRtxSettingsCommonAdvancedAPI_1", "OmniRtxSettingsRtAdvancedAPI_1", "OmniRtxSettingsPtAdvancedAPI_1", "OmniRtxPostColorGradingAPI_1", "OmniRtxPostChromaticAberrationAPI_1", "OmniRtxPostBloomPhysicalAPI_1", "OmniRtxPostMatteObjectAPI_1", "OmniRtxPostCompositingAPI_1", "OmniRtxPostDofAPI_1", "OmniRtxPostMotionBlurAPI_1", "OmniRtxPostTvNoiseAPI_1", "OmniRtxPostTonemapIrayReinhardAPI_1", "OmniRtxPostDebugSettingsAPI_1", "OmniRtxDebugSettingsAPI_1"]
                hide_in_stage_window = true
                no_delete = true
            )
            {
                rel camera = </OmniverseKit_Persp>
                token omni:rtx:ambientOcclusion:denoiserMode = "none"
                token omni:rtx:background:source:texture:textureMode = "repeatMirrored"
                token omni:rtx:background:source:type = "domeLight"
                bool omni:rtx:debug:view:pixelDebug:enableFixedTextPos = 1
                token omni:rtx:directLighting:sampledLighting:denoisingTechnique = "None"
                bool omni:rtx:dlss:frameGeneration = 0
                float3 omni:rtx:domeLight:rotationAxis = (0, 0, 1)
                bool omni:rtx:indirectDiffuse:denoiser:enabled = 0
                bool omni:rtx:material:db:syncLoads = 1
                token omni:rtx:post:dlss:execMode = "performance"
                bool omni:rtx:post:registeredCompositing:invertColorCorrection = 1
                bool omni:rtx:post:registeredCompositing:invertToneMap = 1
                bool omni:rtx:pt:adaptiveSampling:filterError = 0
                uint omni:rtx:pt:adaptiveSampling:fixedSppIterations = 2
                float omni:rtx:pt:fireflyFilter:maxPerEmissiveUnexposedIntensity = 3199.9995
                float omni:rtx:pt:fireflyFilter:maxUnexposedIntensityPerSample = 3199.9995
                float omni:rtx:pt:fireflyFilter:maxUnexposedIntensityPerSampleDiffuse = 3199.9995
                uint omni:rtx:pt:maxSamplesPerLaunch = 2073600
                uint omni:rtx:pt:mgpu:maxPixelsPerRegionExponent = 12
                bool omni:rtx:reflections:denoiser:enabled = 0
                token omni:rtx:rendermode = "RealTimePathTracing"
                color3f omni:rtx:rt:ambientLight:color = (0.1, 0.1, 0.1)
                bool omni:rtx:rt:demoire = 0
                float omni:rtx:rt:directLighting:maxRayUnexposedIntensity = 6399.999
                float omni:rtx:rt:indirectdiffuse:maxRayUnexposedIntensity = 6399.999
                float omni:rtx:rt:inscattering:maxRTSampleUnexposedIntensity = 204799.97
                bool omni:rtx:rt:lightcache:spatialCache:dontResolveConflicts = 1
                float omni:rtx:rt:refractions:maxRayUnexposedIntensity = 19199.998
                int omni:rtx:rt:sss:samples = 1
                uint omni:rtx:rtpt:maxVolumeBounces = 15
                float omni:rtx:rtpt:modulatingRoughnessThreshold = 0.08
                bool omni:rtx:scene:hydra:materialSyncLoads = 1
                bool omni:rtx:scene:hydra:mdlMaterialWarmup = 1
                bool omni:rtx:scene:useViewLightingMode = 1
                token omni:rtx:wireframe:mode
                rel orderedVars = </Render/Vars/LdrColor>
                custom bool overrideClipRange = 0
                uniform int2 resolution = (1280, 720)
            }
        }
    }

    def RenderSettings "OmniverseGlobalRenderSettings" (
        prepend apiSchemas = ["OmniRtxSettingsGlobalRtAdvancedAPI_1", "OmniRtxSettingsGlobalPtAdvancedAPI_1"]
        no_delete = true
    )
    {
        rel products = </Render/OmniverseKit/HydraTextures/omni_kit_widget_viewport_ViewportTexture_0>
    }

    def "Vars"
    {
        def RenderVar "LdrColor" (
            hide_in_stage_window = true
            no_delete = true
        )
        {
            uniform string sourceName = "LdrColor"
        }
    }
}

over "OmniverseKit_Persp" (
    prepend apiSchemas = ["OmniRtxCameraAutoExposureAPI_1", "OmniRtxCameraExposureAPI_1"]
    customData = {
        dictionary omni = {
            dictionary kit = {
                bool hide_in_stage_window = 1
                bool no_delete = 1
            }
        }
    }
    hide_in_stage_window = true
    kind = "component"
    no_delete = true
)
{
    float2 clippingRange = (0.01, 10000000)
    float exposure:fStop = 5
    float exposure:responsivity = 1.1026709
    float exposure:time = 0.02
    float focalLength = 18.147562
    float focusDistance = 400
    custom uniform vector3d omni:kit:centerOfInterest = (0, 0, -2.5538004618768033)
    float3 xformOp:rotateXYZ = (83.215225, -2.7034714e-13, -32.132835)
    float3 xformOp:scale = (1, 1, 1)
    double3 xformOp:translate = (-0.2535844039571331, -0.37091940199547585, 0.0035247692144627085)
    uniform token[] xformOpOrder = ["xformOp:translate", "xformOp:rotateXYZ", "xformOp:scale"]
}

over "OmniverseKit_Front" (
    customData = {
        dictionary omni = {
            dictionary kit = {
                bool hide_in_stage_window = 1
                bool no_delete = 1
            }
        }
    }
    hide_in_stage_window = true
    kind = "component"
    no_delete = true
)
{
    float2 clippingRange = (1, 10000000)
    float horizontalAperture = 50
    custom uniform vector3d omni:kit:centerOfInterest = (0, 0, -5)
    token projection = "orthographic"
    float verticalAperture = 50
    float3 xformOp:rotateXYZ = (90, -1.2722219e-14, 90)
    float3 xformOp:scale = (1, 1, 1)
    double3 xformOp:translate = (5, 0, 0)
    uniform token[] xformOpOrder = ["xformOp:translate", "xformOp:rotateXYZ", "xformOp:scale"]
}

over "OmniverseKit_Right" (
    customData = {
        dictionary omni = {
            dictionary kit = {
                bool hide_in_stage_window = 1
                bool no_delete = 1
            }
        }
    }
    hide_in_stage_window = true
    kind = "component"
    no_delete = true
)
{
    float2 clippingRange = (1, 10000000)
    float horizontalAperture = 50
    custom uniform vector3d omni:kit:centerOfInterest = (0, 0, -5)
    token projection = "orthographic"
    float verticalAperture = 50
    float3 xformOp:rotateXYZ = (90, -1.41245e-30, 1.2722219e-14)
    float3 xformOp:scale = (1, 1, 1)
    double3 xformOp:translate = (0, -5, 0)
    uniform token[] xformOpOrder = ["xformOp:translate", "xformOp:rotateXYZ", "xformOp:scale"]
}

over "OmniverseKit_Top" (
    customData = {
        dictionary omni = {
            dictionary kit = {
                bool hide_in_stage_window = 1
                bool no_delete = 1
            }
        }
    }
    hide_in_stage_window = true
    kind = "component"
    no_delete = true
)
{
    float2 clippingRange = (1, 10000000)
    float horizontalAperture = 50
    custom uniform vector3d omni:kit:centerOfInterest = (0, 0, -5)
    token projection = "orthographic"
    float verticalAperture = 50
    float3 xformOp:rotateXYZ = (-1.2722219e-14, -7.016709e-15, -90)
    float3 xformOp:scale = (1, 1, 1)
    double3 xformOp:translate = (0, 0, 5)
    uniform token[] xformOpOrder = ["xformOp:translate", "xformOp:rotateXYZ", "xformOp:scale"]
}

